v001,v002,v003,v004,v005,v006,v007,v008,v009,v010,v011,v012,v013,v014,v015,v016,v017,v018,v019,v020,v021,v022,v023,v024,v025,v026,v027,v028,v029,v030,v031,v032,v033,v034,v035,v036,v037,v038,v039,v040,v041,v042,v043,v044,v045,v046,v047,v048,v049,v050,v051,v052,v053,v054,v055,v056,v057,v058,v059,v060,v061,v062,v063,v064,v065,v066,v067,v068,v069,v070,v071,v072,v073,v074,v075,v076,v077,v078,v079,v080,v081,v082,v083,v084,v085,v086,v087,v088,v089,v090,v091,v092,v093,v094,v095,v096,v097,v098,v099,v100,v101,v102,v103,v104,v105,v106,v107,v108,v109,v110,v111,v112,v113,v114,v115,v116,v117,v118,v119,v120,v121,v122,v123,v124,v125,v126,v127,v128,v129,v130,v131,v132,v133,v134,v135,v136,v137,v138,v139,v140,v141,v142,v143,v144,v145,v146,v147,v148,v149,v150,v151,v152,v153,v154,v155,v156,v157,v158,v159,v160,v161,v162,v163,v164,v165,v166,v167,v168,v169,v170,v171,v172,v173,v174,v175,v176,v177,v178,v179,v180,alvo
-0.4209,1.19454,0.53603,-0.57431,-0.56443,-0.82039,0.40224,1.22186,0.16431,0.15177,0.64025,-1.7091,-0.76373,-0.973,1.23925,-1.05889,-0.2706,0.23774,-0.76858,-1.87292,-0.95178,-0.11372,0.88254,-0.33352,-0.76513,-1.41378,1.63452,0.07434,0.61405,0.52436,0.26638,0.17932,-0.15053,-0.66478,0.58848,-2.88306,-0.38945,-1.28429,-0.76795,-0.34149,-0.9181,-0.29018,-0.24164,-0.44871,1.08032,1.62201,-0.78775,0.80215,-0.56661,0.93013,-0.79751,-0.07658,0.76907,0.76685,-1.59045,-0.75947,-0.5509,-1.60653,-1.80174,1.10341,-0.72068,-0.54238,1.31695,-1.34621,0.62023,-0.34859,-0.52924,-0.54334,0.93383,1.64386,-1.74004,0.60036,0.20754,0.56345,0.94602,0.68555,0.19518,1.41888,0.41787,-0.84436,0.25147,-0.12364,-0.30647,-0.20538,1.59132,0.42319,1.14152,-0.5505,-0.2459,-0.36978,-0.19249,0.40598,1.2091,1.05333,1.30132,-0.40441,0.67032,-0.08489,0.13719,-0.33167,0.33278,-0.29136,-1.77119,1.06565,0.15471,2.07525,0.06631,0.23942,-1.24008,1.27246,-2.23782,1.5739,0.53299,-2.17975,0.83879,0.0205,-0.7644,0.01393,-0.04314,-0.03733,1.78351,0.74478,-0.04318,0.21122,0.17573,0.12129,-1.60131,1.15978,0.99084,2.89823,-0.01135,-0.3287,-1.37761,-1.02527,0.81118,-1.36397,-1.68051,-0.38633,-0.66716,1.27397,-1.31851,0.60083,-1.17517,-1.68265,-0.63031,-0.03158,-1.27424,-1.08759,0.68948,-1.07051,-0.41539,-2.4526,-0.06098,-0.48572,0.02804,0.73906,-0.04925,-1.15116,0.93864,-0.08206,0.81051,-0.06625,-0.09085,0.78489,-1.63365,-1.38521,0.58125,-0.7867,-0.37165,0.31813,0.28895,0.81263,-2.1371,-1.48194,1.21767,0.40813,-0.61332,1.08565,0.32406,1.01572,0
-0.38452,0.97601,1.36987,2.50917,1.57342,-0.59223,0.17065,1.41802,-1.38902,-0.45832,-0.57507,0.6926,-1.15029,-0.21099,0.77819,1.33064,-0.1119,-1.70936,1.05767,-0.74169,0.28786,0.82747,1.5754,-0.69485,0.10324,-0.84155,-1.02199,-1.16643,1.34017,0.2125,-1.06281,-0.77932,0.48793,-2.42347,1.46087,-0.14772,0.8745,-1.10733,1.4981,-0.89794,-0.58409,0.97516,-1.29345,-0.50335,1.20886,-1.84856,1.3341,-1.02806,0.41886,1.30867,-0.84462,0.1853,2.17519,-0.06114,0.59784,1.15469,0.45703,0.98948,-1.59836,-1.21389,0.69589,0.0733,-0.08642,-0.71588,1.2752,1.10414,-1.91744,1.18049,-0.30064,0.22239,-0.53596,-0.35399,-1.40756,0.67784,1.87892,-1.25086,-0.4531,0.11229,1.26462,-0.75355,-0.49099,-2.47365,-1.01822,0.37403,1.21848,-0.42781,-1.09898,-0.48504,1.04235,0.89813,-0.2972,-0.54952,0.15426,-0.48694,-0.47478,0.13998,-0.65857,1.6572,0.24735,0.0037,0.14929,-0.1628,0.91909,0.13442,-0.53872,-0.19134,2.03956,1.09137,0.20293,1.27759,-0.11725,1.45827,-1.36409,-0.12645,-0.17172,1.10835,1.36309,-0.04468,-0.7713,-0.06822,0.12727,1.74281,-0.90289,0.12561,-0.05528,-0.34863,0.07188,0.74801,0.59539,-0.72721,0.89212,-1.51694,0.37153,-0.92091,-0.07203,-1.35843,1.39376,-0.39774,0.16068,1.16454,0.72269,0.33576,1.81624,2.06206,-0.58482,-0.43982,0.80408,0.21945,0.16298,-0.71278,1.44492,-0.51028,-0.41647,0.10517,-1.49244,0.20557,0.49221,1.20356,0.05442,-1.66398,2.38541,0.59292,0.59775,1.74206,0.33269,-0.6493,0.65619,-0.77962,-0.44698,1.88706,1.14686,0.37482,-0.48516,0.09934,0.24588,-1.80047,1.29232,-0.22642,-1.20775,0.47645,0
-0.09637,-1.55765,-0.44944,0.70316,-0.03507,0.46674,0.52933,-0.21208,0.89094,0.43505,-0.38594,-0.42135,0.97278,0.09124,-0.37705,0.71071,-0.56768,1.34236,-2.32022,-0.51486,1.55879,0.32788,-0.71006,-1.32858,-0.20112,1.02799,-0.88178,-0.34624,0.97518,-0.66471,-0.69141,-1.9131,1.77709,1.08195,0.61166,-0.62848,0.46537,-1.29674,-0.51529,1.3601,0.17265,-1.30881,0.05952,-0.17395,-0.03919,0.78897,0.52422,0.36824,-0.91841,0.93526,-1.36845,-1.07375,0.05956,-0.93164,-0.2647,0.12687,-1.20663,-0.05497,0.44985,1.20604,-0.29757,-0.91612,-1.52123,-0.91204,-1.07485,-0.33331,0.17089,-0.2266,0.63893,-0.97888,-1.29977,-0.15945,-0.26935,0.48997,-0.3577,-1.69941,0.07965,0.80539,-0.93869,-1.752,-1.06164,-0.92958,0.31671,-0.43727,-0.70989,-0.92046,-0.05082,0.27569,-0.62932,0.64147,1.5113,-0.66321,-2.54318,-0.04529,0.18211,0.23015,0.81824,1.28292,0.79408,-1.17694,-1.27536,-0.27328,0.29694,0.29358,-1.14473,1.73281,1.10674,-1.07595,-0.01768,0.2573,-1.57786,0.36565,-0.32346,-0.74864,0.61672,-1.69722,-1.20308,1.06151,0.19074,-0.44341,0.86796,0.65827,0.18465,0.16098,1.66247,-0.31529,-0.45266,-0.08088,0.31775,-0.33377,0.46976,0.44311,-0.10667,0.27345,0.16543,0.64291,0.99107,-1.15734,-0.58483,0.85106,-0.72606,0.96937,0.98919,-0.9686,-0.71106,1.81611,0.70616,-0.11901,1.34284,0.36515,-0.2735,-0.69096,0.59762,-0.45427,1.36678,-0.24768,-1.41912,0.45494,0.39824,0.48144,-1.09734,-0.58409,-0.30678,0.55249,0.86071,-0.53908,0.03643,-0.19022,-1.28325,0.46737,0.13966,-1.05751,-1.93549,-0.17549,0.37491,0.97572,-0.50073,-1.9195,-0.91554,-1.45971,0
-0.85077,-1.70003,-0.49165,0.07755,0.47989,-0.48184,-1.27222,0.79446,-0.87028,0.1546,-0.8232,0.50904,0.40592,-1.30202,1.09715,-1.78216,-0.2445,-1.03315,0.10728,-0.93877,-0.27424,0.11536,-0.80261,0.99949,-0.02243,-0.41064,0.08637,1.12997,0.39718,-1.67159,0.074,1.82229,-0.0816,-0.06573,-0.6872,-0.76689,-0.00124,0.63455,0.32908,0.85387,1.11013,0.36794,-0.00493,1.67397,0.71362,0.50897,-0.93879,-1.48773,-0.08456,0.44599,1.13827,0.44657,-1.35377,0.60018,-1.21958,2.21309,-0.0567,-1.70017,2.56301,-0.22341,2.43003,1.16939,-2.40356,-0.05737,-0.74931,-1.0224,-0.99099,0.83521,-1.20027,-0.42548,-1.55078,1.51164,-1.39459,-0.16485,-0.92052,0.99688,-0.48255,-0.4509,0.08807,1.57354,0.47482,-0.09327,-1.7601,0.86062,0.29845,-0.69936,-0.19937,0.42391,0.00948,-1.28959,0.2726,-0.95149,-1.47928,1.04574,0.85089,0.93683,-0.3529,0.36488,0.21803,-1.66962,-0.07108,-1.51495,-0.05992,0.58395,-0.5889,-0.47866,0.41327,-0.82811,-0.525,1.85585,-0.17109,-0.57328,1.32135,-0.47387,-0.92768,-1.41717,1.6362,-0.4101,0.03968,-1.08033,0.78339,-0.01164,-0.71101,-1.62966,1.06457,-1.00635,0.64868,-0.39952,-1.47209,0.68219,-1.89123,-0.71187,1.13481,1.88032,0.45229,-0.46345,-1.17651,-0.07579,-0.42437,-0.40121,-0.15358,1.21671,0.11951,0.1597,0.11412,1.89673,-0.75748,0.23634,-0.16548,-0.04673,-0.62409,0.48391,-1.01536,-0.91278,-0.29156,1.32079,-0.44956,1.11321,-0.1007,-0.01348,0.79003,0.02317,0.186,0.53993,1.78609,-0.1489,-1.11335,-0.91593,-0.95788,0.26695,0.7601,0.55261,1.07597,0.21473,-0.88149,-0.2106,0.29116,-1.35715,-1.98705,-0.88032,0
1.38702,0.91956,-0.78845,1.67737,-1.59341,-1.54099,-0.11751,0.10532,-0.51642,0.5218,0.72291,0.11265,0.2396,0.68954,1.40668,0.86517,-0.34867,-2.19011,0.25809,1.61132,0.14428,-0.34265,-1.61506,-0.5497,1.17176,0.11879,0.41197,-0.08865,2.31006,0.27566,-0.2069,-0.43218,-0.77992,-0.18089,-0.02608,2.0751,1.55781,-0.94019,-0.8116,0.62778,-1.26963,-1.06607,-1.39782,0.2333,-0.5755,0.4445,0.11266,-0.66042,1.09061,0.27023,0.23184,1.07039,-1.4748,-0.79787,-1.80624,0.63496,-0.52896,-1.90829,0.45617,0.42942,0.10321,1.14023,0.99573,-0.80856,1.54093,1.37401,-0.29013,-1.04064,-1.15208,-0.34803,1.11461,-0.33111,-0.40213,-0.41038,-0.13967,-0.04354,-1.89214,1.21625,-0.13126,-1.16558,-0.05963,-0.84823,1.84148,-0.44132,0.86367,-0.90282,-0.32027,-0.25144,-1.10379,0.37663,-0.11377,-0.6186,0.00625,2.40781,-0.76758,0.68069,1.35936,-1.04097,-0.71746,-0.50044,0.76232,0.7955,0.73578,-0.30896,-0.22966,-0.43,-0.85826,0.03754,-0.2868,-0.96452,-1.58782,-0.83793,-0.34825,-0.15119,0.60301,0.05233,-1.92507,-2.42425,1.01374,0.32673,1.29027,-0.64253,1.01872,-0.64381,1.39731,-0.30753,-0.33683,0.11857,0.57904,0.02255,0.86486,-1.24691,-0.70115,-0.18598,1.47511,0.33214,-0.00908,0.01773,1.40353,0.32798,-0.43389,0.69184,-1.3239,-0.07735,-0.7556,0.04171,-0.90943,-0.60333,-0.31827,-1.14749,-0.27597,-0.57994,0.56186,0.4303,0.2889,0.00029,0.02561,-1.40591,-0.573,0.47698,0.78505,2.12322,-0.34433,-1.03319,-0.47453,0.7774,-1.03321,0.53646,-1.84232,-1.15592,0.13703,-1.50391,-0.47267,0.29341,0.23152,0.57171,0.9917,-1.15484,-0.25368,0.05353,0
1.02771,0.07734,0.30531,0.41194,0.37843,0.61753,0.04322,0.63538,2.48514,0.46754,0.54399,0.51931,0.22591,1.00758,0.15669,-0.46319,0.54947,-1.03393,0.26017,0.94864,-1.32171,1.38518,0.12028,1.12318,-0.25994,0.0981,-0.82583,0.03882,1.01359,2.76099,-1.18668,0.39416,0.62779,-0.31203,0.94029,-0.89139,0.39204,0.66126,1.76141,-0.4975,-1.24739,-0.56908,-1.33261,0.9929,-2.04789,-0.36622,-2.67634,-0.06236,0.01981,-0.3283,1.05132,0.71599,-1.01372,0.23882,0.82726,-1.50137,0.76329,-1.28938,-0.32058,0.26914,1.8714,-1.8889,0.39465,-1.41161,0.34896,-0.01887,1.68279,-0.53719,0.23534,-0.90684,1.13829,0.81131,0.26147,-0.92296,1.55233,-0.733,-0.03344,-1.6354,1.30418,-0.1489,0.10593,-0.47174,1.15816,-0.01191,0.24937,0.96792,-0.32262,0.0361,-1.7456,-0.81018,0.99843,2.45848,-0.35301,-0.22495,0.98916,0.06892,1.26975,0.42209,-0.06951,-0.70604,1.56261,1.18503,0.34789,-0.24309,-2.68035,-0.84787,-0.32487,0.05335,1.6269,0.43647,-0.61824,-0.68817,0.19067,-0.88886,-1.98067,1.04498,0.66011,-0.01245,-0.5791,-0.41161,0.31659,-1.45483,1.56665,0.59,-0.36561,-0.24997,-0.08661,-1.24858,-0.37736,0.55186,1.52993,-0.56102,-0.05316,-0.99016,-1.28878,0.11324,-1.77569,1.07717,-0.67737,1.0292,-0.69322,-0.7371,0.43223,-2.61405,-1.32991,1.95478,-2.2944,1.87217,0.51359,-0.38681,-2.46737,0.65551,1.03389,-0.82935,0.39275,1.56309,0.26998,1.95953,-0.24092,-0.13088,-1.36594,-0.58035,-0.02848,-0.0779,0.70561,0.74219,-1.32446,2.63721,-1.31074,-0.12998,-2.77719,0.91016,-1.63225,0.33017,-0.28503,0.71012,0.95749,-1.23649,0.01651,-0.25532,0
0.37505,1.20983,-2.17575,1.1874,-0.5324,0.7589,0.4388,0.19814,1.77125,1.57523,2.68747,-1.21681,0.04516,0.65106,-1.24979,0.9923,-0.18158,-0.0254,0.99452,0.94758,-1.07102,0.3143,1.49499,-0.94161,1.50955,-1.60732,2.82235,-0.4387,0.14361,-1.1773,-0.14772,1.95768,-0.39919,1.29011,0.0299,0.24327,-0.17089,-0.25787,0.40652,-1.03384,-0.26564,-1.73132,0.02057,0.41358,0.56122,0.81749,1.10075,0.85144,-1.16126,0.63362,-1.37148,1.13477,-0.77353,0.83777,-0.21009,-1.16453,-0.82961,-0.96371,0.00747,-2.26471,-0.63202,-0.90938,0.28396,0.92169,0.27964,-1.22353,-0.13462,1.02216,-0.91786,0.67566,0.31647,-0.95835,1.21211,0.0948,0.57616,1.30727,0.19022,-0.442,0.10898,0.53789,0.40601,-0.4158,-1.04589,-0.50393,1.0393,-0.64165,0.42782,1.11789,-0.04658,-0.81041,0.7576,0.39089,-0.71336,-0.38187,-2.42766,-0.62717,0.26107,-1.12643,-1.28469,1.23905,-0.01015,-0.18777,0.18284,0.60785,2.0828,-0.18901,-0.10349,-0.01619,0.7207,0.72632,1.00861,-0.65511,-0.63436,0.4943,1.53301,-0.29901,1.16689,-1.58252,1.21608,-0.59024,-0.91246,-1.5877,-0.66249,-0.60538,-0.87002,0.06495,1.93624,-0.19663,-1.71407,-1.53047,2.11435,-0.30069,1.90003,0.09196,-0.97867,-1.20446,1.07349,0.34445,-1.29728,0.72548,0.2627,-0.11295,-1.132,-0.20147,-0.09962,0.32146,0.02357,-1.67149,-0.79675,-0.53234,0.04516,0.76385,0.57402,-0.22174,-1.89395,0.49178,-0.80967,-0.15024,-0.33863,0.43728,-1.49608,-1.31603,-1.21952,-1.81055,-0.50967,-1.97198,-0.52797,1.05042,1.73142,0.36044,0.07793,-0.14326,-2.02704,1.10655,0.005,-0.15266,-1.60434,0.65276,-0.05503,-0.02687,1
0.31212,1.07288,-1.08905,-0.27462,-0.00374,0.27532,0.19971,1.22977,0.17059,0.45531,1.61362,-0.10167,0.24554,0.67293,0.59783,-0.0186,1.41292,-0.85025,-0.50986,1.11646,0.60541,-0.24421,1.33221,1.32918,0.18297,-0.30143,0.86074,-0.87949,-0.57877,0.00209,2.38591,0.4681,-0.60238,1.33718,0.55297,1.17579,0.53621,0.47045,0.48759,1.4541,0.99062,-1.41105,0.02093,0.08233,-0.8643,0.33915,-1.71969,0.09146,1.01004,1.23123,0.87095,-0.56042,-0.61136,-0.19446,-1.06175,0.1911,1.25148,-0.14813,-0.00203,0.58721,0.02934,-0.35354,-1.3072,1.92633,0.8256,-1.22571,0.70435,-1.07267,-1.52829,0.21196,-0.0242,0.33855,0.18905,0.67945,-2.45946,-0.00299,2.40472,0.04548,-0.78498,-1.99621,-0.20509,-0.27869,1.06827,-0.78786,0.91392,-1.12224,-0.32186,1.35096,0.63814,0.35412,0.13027,-0.24669,0.32183,0.67746,1.35011,-1.00481,0.55238,-1.47858,0.58009,0.25416,-0.52491,-0.3786,1.49123,-0.19282,-1.68004,-0.56036,0.45265,-0.54864,0.69096,0.12624,0.72602,1.04965,-0.444,0.25563,-1.77017,1.87355,0.29191,-0.577,-2.23163,-0.34228,-1.42715,-0.28302,-0.07802,-1.09853,0.26546,-0.08475,-1.41174,0.22909,0.51851,-0.77547,1.28558,0.07067,-2.24668,0.72584,-1.09347,1.00727,0.21928,-1.20129,2.71538,0.76364,1.15709,-0.29822,-1.31906,-2.31921,2.80745,-0.37919,-0.29152,0.09811,-0.61472,0.18507,-0.70374,1.91862,0.04373,-0.05963,1.19802,0.19749,-1.33089,0.15025,0.59732,0.25022,0.66415,0.72043,-1.19254,1.58012,-1.77359,0.6179,-0.16699,-1.60417,0.5883,0.74248,-0.84613,-1.26791,0.02179,-1.38076,1.55543,-0.50991,-0.03036,0.15375,-1.33269,0.75835,0
0.68991,0.61021,2.50689,-1.49353,0.16567,-1.23161,1.18229,-1.17018,0.9502,-0.12079,0.36019,0.07781,-0.935,-1.97445,0.6908,-1.40876,1.64143,1.20546,-1.09839,-0.0585,1.12254,0.87188,2.15215,-2.33753,0.74326,-1.5182,0.33788,0.13167,-0.65496,-1.81582,-0.32173,0.05416,0.28073,0.29722,0.16448,-0.23542,0.13263,1.44269,0.0727,-1.225,1.3338,-0.5933,0.15612,1.06465,-0.38906,1.59017,-0.63731,0.09931,-1.03977,2.54793,1.19584,0.87787,-0.19094,-0.07587,0.13495,-0.33234,-1.19152,0.25065,-1.15064,-0.09927,0.40464,1.30667,-0.12311,0.07855,0.10405,1.07786,-0.42716,-0.05126,0.27056,-2.13549,-0.15301,-1.1876,0.86398,-0.16913,1.14451,0.12536,0.25382,0.00998,0.22185,-0.42479,-1.28634,0.39333,-0.13971,-0.32864,0.81918,-1.36754,0.22664,-0.20518,0.85153,0.25543,-2.01178,0.27888,-1.08522,0.37186,-1.35797,0.91689,0.82095,-0.5063,-0.63743,-1.0307,0.51046,-1.4658,0.9239,-0.59836,-0.56558,0.13116,1.63889,-0.92139,1.14653,2.49889,1.06625,-0.69111,-2.76999,1.78906,-0.56599,-0.65428,-1.54788,0.78768,0.00233,0.87722,1.08365,-0.82705,0.83251,-0.16322,-0.06666,-1.13957,0.71993,-0.73855,-1.63232,0.18838,-0.35306,0.0468,0.69033,-0.1433,-1.25553,0.30805,-0.44134,-1.36232,1.24724,0.45102,1.82108,-1.95023,0.79668,-0.41236,-0.16944,1.0889,-0.44431,-0.85293,0.12496,-1.70526,-0.67738,-0.79751,0.4128,0.21146,-1.10423,-0.254,0.03041,0.2741,-0.76263,0.36823,1.63763,2.08545,-0.24127,-0.05764,-1.32726,0.34798,0.52288,1.10893,0.4832,1.18877,-0.31289,0.23074,0.03356,-0.68164,2.03423,1.00754,-0.21877,1.35974,-0.24787,-1.53613,1
-0.20388,-2.23645,2.20472,0.40569,-0.90461,-0.62885,0.34631,0.07451,-1.17313,-0.68923,0.23138,-0.04043,0.89039,1.00237,1.05848,-1.331,1.38073,2.22907,-1.71767,1.69353,1.38423,-0.47957,0.75917,-0.59168,1.56844,-1.41912,0.47227,1.80434,-1.02128,-0.72949,-1.16087,2.99432,-0.76804,1.01695,1.89074,-1.02189,1.31213,-0.4964,-0.65294,0.00485,-0.92942,-0.24494,-0.15124,1.67741,-1.50324,-1.13429,-0.00401,0.31596,0.46452,0.24878,-0.28841,1.04217,-0.6773,1.25308,-0.20562,0.59385,-1.65078,-0.1971,-0.46546,1.2822,0.59252,1.11891,0.21885,-1.98032,0.36019,1.62436,0.07255,-0.1956,-0.71473,-1.20773,0.26606,-0.84863,1.82423,-2.17992,1.40416,0.13822,-1.5919,-0.44079,0.04177,-1.19002,1.10254,0.60562,0.70997,-0.20507,-0.75553,-0.42207,-0.12827,-0.36042,-0.05808,-1.62691,-0.75066,-0.0185,1.62303,1.14806,0.50221,0.72141,0.78759,-0.53784,-0.23452,0.82264,-2.57203,1.11325,-0.49747,0.50339,1.3726,2.01012,0.74902,-1.27148,-1.01294,-0.15171,-0.60217,-0.58848,1.7793,1.49025,0.0491,0.53432,-1.81168,0.6419,-0.40738,-1.43718,0.27811,-0.40965,0.88211,1.73725,1.08805,-0.42976,0.7257,-1.75457,0.13329,1.16057,-1.15334,-0.60986,-1.21372,0.02764,-0.23843,-0.74582,1.97655,0.04482,0.08956,0.58261,-0.99803,1.45047,-0.57997,1.18964,-0.03374,0.30481,-1.38021,-1.18039,0.31455,-0.46701,0.2749,0.43467,0.47916,-0.50289,-1.85482,1.47111,-1.35657,-0.44939,-1.56828,0.20197,1.74762,0.46827,-0.54853,0.36092,2.66108,-0.55626,-0.56838,0.50508,1.6691,-0.21032,-0.39612,-0.68702,-2.04971,-0.69322,-0.02878,0.62792,0.44548,0.16087,-0.83851,-0.28442,0
-0.08046,0.48123,-0.48448,0.04834,-0.19002,-1.84769,-1.01596,-0.77361,1.11287,0.81688,0.09976,0.07762,-1.16696,0.67571,0.3192,-0.6399,0.63119,-1.01187,-1.0338,0.18491,-1.55149,-0.77685,0.42881,-0.1253,1.91422,-1.08796,-0.76959,-0.8366,0.7132,0.0372,0.28932,1.85043,0.36111,1.30623,-1.19084,-0.14565,-0.60776,1.72916,-0.32201,0.46968,1.23926,-1.09209,0.26382,0.05917,1.08406,0.70933,1.13226,1.68674,0.8886,2.88303,-0.62923,0.43958,0.60333,-0.72539,0.41025,0.0283,0.60123,-1.86346,0.79538,-0.30202,-1.23741,1.24358,0.30801,-1.42839,0.60075,-0.67453,-0.09996,0.1583,0.65594,-0.00288,0.34733,-0.18111,-0.06432,-1.14892,0.62919,-0.03774,0.71508,-1.17242,-0.16108,0.80979,1.57554,0.60461,0.86168,0.40955,-0.82972,-0.7649,-1.64742,-0.30218,-0.11529,0.09015,0.17748,0.95195,0.76238,0.42976,-1.25377,0.96871,-2.01931,0.1754,0.86875,2.20557,-1.24081,-0.1462,0.04257,-1.84441,2.70048,-0.96345,-1.06185,2.42991,0.542,1.94811,0.66506,0.46719,1.34759,1.16364,-0.8679,-0.11117,1.7842,-0.38388,0.37981,-0.22764,1.03356,0.36813,1.79598,-0.01501,0.82995,-1.02273,-1.37606,-0.85465,-0.33807,0.70035,0.00081,-0.50516,-1.34462,1.97117,-1.11106,0.36301,-0.13671,-0.8209,-0.79635,-0.26398,0.24491,0.26755,-1.52256,-0.98876,-0.47946,-0.28542,-0.00029,-0.98037,-0.96978,-0.55253,0.85512,0.45465,0.06224,-0.76678,-0.17973,-0.40954,0.2815,0.31035,-0.31761,-0.47385,0.25824,0.31422,1.36738,-1.07589,1.12534,0.79177,0.43584,-1.53453,-1.2923,1.56249,-0.16452,1.31875,1.366,-1.7474,-0.27109,0.91588,-0.42991,-1.56192,0.46639,1.3123,0
-0.30455,-1.06096,-0.90914,-0.50938,0.10123,-0.64909,1.27396,0.02094,-0.6346,0.07582,0.4989,-0.36954,0.19929,0.5708,0.06851,-0.59085,-1.04514,-0.41817,-0.26523,2.12283,1.06047,-1.12878,-0.48079,0.9342,-2.34847,-0.3245,-0.87084,-0.55419,-2.79916,1.41453,1.97619,-0.18725,1.20612,-0.34702,1.22731,0.18357,-2.50152,-1.91264,0.47527,0.00026,0.26765,0.10039,0.12456,-0.57442,-1.73955,-0.02329,-1.16297,-0.97473,0.88955,-0.22256,0.62094,-0.77432,-0.29243,-0.41125,-0.62277,-1.26357,-0.61466,1.10617,1.27198,1.97437,-1.51604,-0.56779,-0.32931,0.12243,1.51359,-0.6739,-0.08951,-1.1381,0.91674,-0.41194,-0.52247,0.3861,-1.50414,-1.35618,-1.91847,0.93839,0.48704,-1.39496,-0.43553,1.15235,-0.84695,-1.59189,0.33966,1.03292,0.0591,0.96781,0.48565,0.02128,0.6382,0.10638,-0.08039,-0.79994,2.21016,1.21119,0.35799,-0.3417,0.17444,0.39916,0.25078,-0.91289,-2.20463,-0.63541,0.12007,0.55791,-0.87382,-0.43279,-1.50799,0.64047,0.53569,0.66847,-0.14808,-0.73971,-0.19219,-0.61901,-0.24129,-1.44656,-0.25831,-0.22424,0.17405,-1.49666,0.00168,0.68302,1.17606,-0.74042,1.40392,0.02374,0.23201,0.33729,2.23892,0.37768,0.02753,0.43177,0.7786,-0.12776,-0.64491,-1.04103,0.71682,-0.69854,1.15731,-0.34092,1.43762,0.04603,-0.02834,0.1447,-0.77128,0.989,0.45613,0.21557,-0.00168,1.03801,0.96037,-1.18053,-1.05184,0.68664,-1.06402,0.51781,-0.38195,-1.38083,0.53968,-0.34775,0.03448,0.73724,-1.79616,0.44267,0.78203,-0.68603,-0.52083,0.34536,1.10835,0.26135,0.06603,-0.29803,0.79411,-0.73881,-0.12623,-2.16189,-0.58512,-0.99842,-1.09167,0.52305,0
0.55501,0.21476,-1.12759,-0.18645,-0.83583,0.61668,0.16948,-1.33257,1.16209,1.06067,0.71102,-0.68114,-1.16544,-1.5685,-0.77379,0.81621,0.38423,-1.51711,-0.87019,0.87513,3.01175,-0.68878,-1.16021,-1.28783,1.24315,-0.19443,0.42455,0.40427,-0.66062,-0.93706,0.59199,-0.52056,-0.54006,0.39591,0.1423,-1.07607,-0.80566,1.10177,0.26808,-1.16119,-0.69438,1.16078,0.31521,-0.24781,-1.17082,-0.81529,1.47734,1.50604,0.71771,0.79982,1.18668,2.46354,-0.57227,0.17961,1.15355,-0.07715,0.98481,-0.15203,0.07873,-0.98502,2.26631,0.97686,0.30745,-0.13475,-0.62836,1.58,-1.0293,0.34235,-0.88317,-0.72064,-2.13896,-0.33513,0.35006,0.11314,0.13829,0.85512,0.89807,0.76623,-0.65585,-0.93605,-0.2557,1.16317,-0.36845,0.01036,1.052,-0.41356,0.55997,0.97393,-0.67405,-0.1274,1.29042,1.02232,-0.46154,-1.01125,0.47411,-0.26491,-0.45337,0.23237,-0.50759,1.03429,-0.58188,1.68452,1.9195,-0.52441,-0.32523,-1.78255,-0.72055,0.21579,-1.29289,-1.37754,0.7682,0.17587,-0.12322,-0.06971,2.66147,2.77431,0.11889,-1.05688,0.22094,0.93458,0.19243,0.90823,-1.36665,0.53555,-1.92275,-2.5268,-0.9436,-0.07013,1.444,1.03647,-0.37751,0.25942,1.36704,1.43185,-0.96162,1.14765,-1.37464,-1.93312,1.3638,-0.04938,0.51095,1.76146,-1.024,1.3775,-0.09303,-0.14577,-1.00641,-1.0177,-0.21159,-1.68155,1.34755,-0.83413,-0.08655,-1.30527,1.23543,-1.29387,1.05664,-0.17226,1.37905,-0.34818,-1.12543,-0.47413,-1.03176,-0.45477,0.63931,0.34094,-2.40337,-1.11481,0.42577,-0.48212,0.34288,-1.30363,0.67111,0.50997,1.44022,-0.05039,-0.34825,-0.07251,1.22098,-0.42036,1
-1.15721,0.60264,-2.34914,0.40683,-0.04618,-0.39703,-0.39395,1.47979,0.72166,-0.86759,-1.52796,-1.00335,-1.90234,-1.48211,-0.47805,-0.10236,1.97702,0.49136,-0.40167,-0.19838,-1.2653,0.14065,-0.63396,1.12572,0.50218,-1.14809,0.1406,-0.85003,0.50649,-0.22397,-2.0017,0.31877,-0.02004,-0.04604,-0.27434,-0.27123,-0.22891,1.50837,-0.00795,1.60225,0.91513,0.72561,-1.40139,0.49664,0.40635,-0.15492,1.10605,1.54162,-0.0341,0.27325,0.51413,1.04492,-1.21373,-1.35525,1.40441,-0.50346,-1.48676,1.00348,1.52965,0.05207,-0.81782,-0.56187,0.2211,-1.3372,0.43941,-0.41088,-1.24363,1.45059,0.98634,0.19299,0.8558,-0.19925,0.8993,0.73988,-0.70791,1.7601,2.53333,0.36842,0.48297,-0.21594,0.66709,0.10361,-3.3618,-1.00357,0.23342,-1.03666,1.47706,-2.87277,-0.92308,0.173,0.38202,0.7932,0.6726,-0.53645,1.90814,-0.33098,-0.5427,0.58238,-1.42173,-1.79457,-1.32994,0.48937,0.04922,-0.18488,1.04478,1.42976,0.3637,-0.09028,1.31901,0.53766,0.69677,0.14488,-0.18896,0.84039,-0.5402,-1.15181,-0.06989,0.20261,1.24913,-1.18236,1.16593,0.08978,1.1263,0.59589,-0.90958,1.67736,-0.43975,0.38549,-0.71034,0.01264,0.18425,-0.83623,0.41054,-1.03993,0.88812,1.92627,1.34613,-1.22226,1.06431,0.2531,1.51919,-0.01279,-1.94076,0.96789,1.06113,-1.52795,-0.26015,0.05237,-0.26226,-0.48173,-0.73392,-0.7268,2.08422,0.3948,1.02533,-1.19306,0.49127,-0.15148,0.29967,-0.75378,0.14636,-1.44434,1.32359,-0.58123,-0.1051,-0.67856,0.00947,0.27791,-0.84466,1.06748,0.41441,1.75045,1.61339,0.23501,-0.91008,1.32549,-2.0632,-0.50873,-2.0063,0.73519,1
0.94723,-0.12067,-0.97538,-0.30631,1.27474,-0.1802,0.05991,-0.48066,2.29745,-1.36224,-0.06111,0.46225,0.97632,-1.44803,-0.01902,0.28119,-1.43903,0.57915,1.56549,0.10977,0.22718,-0.19474,-0.92117,-1.00046,-1.14289,-0.62258,-1.03009,-0.6706,-0.70294,-0.24655,-2.20369,0.20031,0.05722,1.42026,1.30081,0.71457,-1.07422,-0.04692,-1.91132,-0.32528,-0.37326,1.51149,0.46724,0.05519,-0.86791,-0.85045,-1.16322,0.73296,-0.69719,0.59039,0.06777,0.37585,0.30507,0.17421,0.3083,1.25161,0.28048,-1.90171,0.39418,0.47394,0.82776,0.83776,-0.19818,-1.17084,-0.07205,1.18841,0.06793,-0.56419,-0.81788,-1.62883,0.49877,-0.68641,0.28859,1.71846,-0.18139,1.87415,-0.64358,-0.00818,1.64592,0.11212,-0.31521,-1.56108,0.7345,0.95581,-0.06441,1.92753,-0.06685,-0.80465,1.57074,-0.39045,-1.42655,0.73227,-1.09491,-0.27961,-0.63607,-2.40709,-0.55962,0.67577,-0.47544,-0.92604,-1.25476,1.12374,-1.16316,2.26729,-0.54808,-0.09524,1.13357,-0.24416,0.25478,-1.79434,-0.75467,1.17149,0.84475,-0.17879,-0.43507,1.53881,-0.74451,-1.34554,2.07222,-0.82518,-1.34405,-1.51066,2.18217,-0.94089,0.10029,0.74901,-1.20649,-0.48229,0.78939,0.81298,0.23051,-2.41369,0.51091,-1.99307,1.01075,0.67673,1.09634,-0.20053,1.64265,-0.18951,1.45474,-1.02988,-0.35207,-0.28164,2.37187,-0.37158,-0.12812,-1.55461,-0.4243,0.69207,-0.76387,0.3494,-0.22183,0.46839,-0.36668,0.35869,-0.4408,1.6,-0.59765,-0.35234,1.62057,0.57585,0.10141,0.93856,0.16473,-1.48862,0.23858,-0.40107,-1.34787,0.83455,-0.66797,0.49357,1.57448,-1.30004,0.14723,-0.29335,0.20627,1.58444,0.492,0.43411,1
0.10565,-1.82313,-1.71937,0.06159,0.51173,-0.0664,-0.79702,-0.94981,1.3048,0.37697,-1.27732,-1.49934,-0.90527,-2.51891,0.85751,1.33856,-0.27087,-1.77576,0.47417,-1.26607,1.00271,1.05775,-1.34743,-1.29767,0.12018,-0.86764,0.99296,0.47011,-0.33384,-0.69456,-1.05748,0.82512,1.67041,-0.0657,0.47256,-0.53619,-0.21416,-2.18227,0.75156,1.65549,0.50585,0.37206,1.28634,0.70984,2.03583,0.36818,-1.55185,0.07999,0.46622,-0.44808,0.75991,0.31863,0.62172,1.39058,0.75906,-1.74316,-0.37637,-0.13745,-1.29956,0.93457,-0.689,0.17804,1.88843,0.5223,0.55898,0.25033,-0.549,0.97333,0.12251,-0.58743,-1.52306,-1.36834,0.41978,0.81657,-0.33235,-2.11415,-0.39231,-0.83724,-0.3383,2.33085,-0.33739,-0.69481,1.1133,-1.02833,-0.47496,1.49124,-1.53296,-0.50931,-0.50039,0.43307,0.89698,1.42884,1.72586,-1.55435,-1.5964,-0.82394,0.42666,0.91386,-0.38974,0.0794,0.47869,-1.2344,-0.24883,-0.9591,0.11013,-0.01894,-0.08642,-0.80115,0.29312,-1.21988,0.53236,-2.10115,-0.19723,0.08929,0.24366,-0.12671,0.41599,1.94684,-0.08073,1.52963,-0.02724,1.72376,-0.76223,-1.03683,-0.85369,-0.4875,0.80689,0.20484,0.29472,0.54291,0.26292,0.56252,-0.13514,-0.48356,2.75843,-0.20408,-0.49397,0.77529,-0.93344,-0.09056,-2.12904,0.3576,1.64885,2.28558,-0.2895,-0.94998,0.13665,0.16018,0.04271,2.08698,-0.7748,-0.95144,0.49458,-1.74092,1.56955,1.71657,-1.01605,0.08036,-1.38188,-0.83523,0.20621,0.79517,0.59107,0.22811,-0.94338,1.917,1.25615,0.25499,-1.20974,-1.12539,1.14737,0.12868,1.25955,1.56791,-2.49469,2.24982,0.18739,-0.43238,-0.1535,1.28841,0
-1.1272,-2.29309,1.3847,-0.29898,-0.41396,-0.46537,-2.18633,0.00893,-0.03732,0.5287,0.51421,-0.71153,-0.17163,1.23113,2.99103,1.03016,1.08575,0.37781,0.00618,0.34709,-1.22413,1.64242,0.4119,0.52935,-1.04487,-1.24839,-0.3077,-0.19829,-0.08977,-0.86019,-0.91733,0.14023,1.47447,1.14755,-0.8555,0.8816,0.57443,-1.40018,0.80421,0.17843,0.76563,-1.09984,-0.1298,-0.09739,-0.37393,-0.08076,1.55402,-0.43028,0.46196,-0.62213,-0.77918,0.83792,0.40282,0.74318,-0.39267,0.4453,0.91853,-1.27064,-1.4147,-0.33685,2.06711,-1.09791,1.35318,0.0096,0.36646,-0.64522,-0.90838,0.38962,1.24331,0.06573,0.34215,-0.06725,0.6234,-0.70733,-0.27244,0.62647,-1.19001,-0.26492,0.81401,-1.05324,1.46894,0.62229,0.30564,1.01694,-1.62578,0.07348,-1.84116,-0.76292,-0.71304,0.40756,-1.10839,-0.43436,0.00598,-1.59795,1.39376,0.38592,-0.30835,2.23209,-0.00298,-0.53528,1.41877,-0.85005,0.72208,0.51532,1.98469,-0.41244,0.13008,-0.8489,1.18593,0.26221,-0.81951,1.72125,0.69062,-0.75903,-0.74079,-1.12608,-0.53628,-0.44453,-0.11726,1.1577,-0.50135,-0.11101,0.92632,0.45973,0.18662,0.91378,0.69048,-0.02062,-0.5446,-1.74672,-1.26767,0.48596,0.04334,1.2571,0.6072,-0.33253,0.64528,0.13059,-0.75107,-1.19369,3.10278,-0.01682,0.22863,0.48755,0.80664,0.78858,-1.55787,-0.50136,-0.60774,-0.67621,0.65106,-0.10128,0.86661,0.5847,-1.63641,-1.42774,0.3425,-2.30741,-1.87221,1.45015,-0.49645,3.44087,0.46283,-0.32985,1.65831,0.48774,1.22422,-1.46659,-0.75005,1.59951,1.31198,0.64736,-2.75854,1.54453,-1.19044,-0.21468,1.22762,-1.0259,-1.74836,-0.24284,1
-1.44779,0.5321,1.6652,0.72344,-1.01306,-0.21206,0.64374,-0.10573,-0.35319,0.82876,0.55076,0.36863,-0.33253,1.91679,0.47877,-0.08709,0.9108,-0.48302,0.28395,-0.14437,2.7051,0.24393,0.10056,-0.29779,-1.54688,-0.87115,0.02159,-0.63464,0.60918,-0.10258,-1.12083,-1.5144,1.75431,0.2362,-2.42483,-0.13465,0.94979,0.11998,0.67191,-1.11395,-1.66803,-1.47348,-0.11492,0.26751,-1.62435,0.14886,0.20315,-0.60875,-0.51114,-0.33702,1.66602,0.74065,1.58361,0.06206,1.22411,1.2173,1.01734,0.15002,-0.2116,-0.15817,-0.55773,0.18925,-1.16383,0.35621,-1.07756,0.3744,0.6495,1.5746,-1.50342,-1.03841,1.84123,-1.3271,-0.45005,1.24229,-0.03425,0.04342,-0.60965,-0.65569,-0.90616,-0.03925,-0.95035,0.48981,-0.36917,0.31225,-0.48587,-0.0715,0.49289,-1.21114,0.76192,-0.46057,-1.66272,-0.65203,-1.10181,0.13691,-1.74752,0.62092,0.14228,0.89973,2.71802,0.26188,-0.99644,-1.58991,-0.84174,-0.42535,-0.10526,0.019,1.08223,1.27326,2.95343,1.23996,0.45344,-0.4835,0.5487,-0.49146,1.13385,0.27991,-0.53903,-0.34747,1.08558,1.49966,0.60551,0.61854,0.74368,0.88461,-0.66208,0.78791,-0.28718,-0.03922,-1.44575,1.33502,-0.04132,0.6319,-0.65435,0.7537,-0.06229,1.1093,-0.38024,-0.09341,1.42855,-1.87736,-1.54884,-1.18938,0.60753,0.46466,0.98025,0.79916,0.34102,0.72375,1.14862,1.68311,-0.39688,0.33206,-0.09375,1.2148,-1.38757,1.69566,-1.10293,-1.09442,0.09943,-0.37569,-0.2983,-0.7938,-0.51668,-0.33896,-0.04065,-0.27757,2.79633,0.45076,0.48693,1.73786,-1.20671,-0.50041,0.89234,-0.2908,0.42912,-0.34368,1.14756,1.06709,0.5455,0.43744,0
-1.20868,-0.38824,0.86153,-0.37652,-0.68373,0.16019,-1.46885,0.28112,1.35332,2.07716,-0.81188,-1.5364,-1.13799,-0.43849,1.28464,-0.53153,-0.56637,-1.31691,-1.2778,0.12328,-0.89297,-0.32913,0.12745,0.29965,1.45619,1.41525,1.23941,0.74858,1.3651,-1.57839,-1.10796,-1.88207,-0.85487,-0.13249,0.13439,0.19502,0.08336,1.06895,0.59299,1.07725,0.57524,0.18839,1.33114,-0.73647,1.3518,-0.28627,0.21531,-2.42432,0.34673,-0.11723,0.76944,0.93835,0.18699,0.64962,-1.26293,-0.95748,1.07539,1.48315,0.14357,0.8529,0.71073,-0.49123,0.80478,1.12944,-0.66688,-0.73228,0.26994,0.24299,-1.40331,0.53698,-0.04113,-0.90513,0.46095,1.2974,-1.2317,0.82939,-1.74842,-0.71049,2.42446,-0.43434,1.8896,-0.58615,-1.77097,-0.81416,2.16926,-1.57983,-0.42611,-0.82418,0.66641,-1.60032,-1.20115,0.5384,0.74161,0.43429,-0.10671,-0.19927,0.10021,0.11776,0.86117,-0.46859,0.86612,0.51345,1.21362,0.44585,-0.95998,-0.58707,-0.68344,-1.17944,0.21678,-1.21843,0.36554,1.24145,1.78053,0.67125,0.23822,-0.38278,-1.13074,-0.92701,0.00173,-1.90517,0.30356,0.30213,2.45005,-2.34618,0.37437,-0.71981,1.11428,1.40054,-0.99638,-0.60167,-1.42382,0.95104,-0.95532,-0.81939,0.14286,1.61333,0.65472,0.59827,-1.30551,1.83553,-1.11457,-0.59018,0.88465,0.06917,-1.6672,-0.20756,-0.60332,1.2415,0.36108,1.00752,-0.82516,0.04705,-1.1414,1.0923,-0.86606,0.86828,0.69384,-2.31552,1.50676,-0.31137,-1.20386,0.34798,-2.40233,-1.61607,0.16734,-0.00659,2.22907,0.23796,0.18114,-0.49082,0.39295,-0.04429,1.10379,-0.16662,-0.48233,-0.0893,-2.40165,-0.57994,-1.33069,-1.26923,0
0.29323,1.00853,-0.00743,-0.62758,0.30447,0.45417,1.59592,-0.08787,0.45234,0.31773,0.21926,0.04473,-0.90061,-0.23002,0.25982,1.8531,-2.56514,0.13879,0.6295,0.39535,1.94555,-1.87082,0.94977,-0.22421,-1.11858,-2.24751,-0.68482,0.72314,0.18132,0.32656,-1.19754,1.02772,-0.56137,0.98741,-1.9076,-0.69893,-1.29756,-1.64613,0.49089,-1.77716,-0.19494,0.59116,-0.21795,-0.12875,1.1936,-0.14692,0.86989,0.46578,-1.46949,0.70172,-1.148,0.64235,0.27066,-0.73308,0.20443,-0.56271,-0.17585,0.56239,-2.6371,-0.41296,-0.70429,0.70225,0.6363,-0.05636,-0.27591,1.15733,-0.89322,-0.03984,0.63683,-0.25879,-0.98595,-1.24733,1.33341,0.20807,0.16176,-1.19086,-0.19777,0.20317,1.18675,1.10319,-0.4024,1.20206,0.65927,0.4765,-1.42256,1.97895,-0.63518,-0.10032,-0.98149,-0.59622,0.02057,-0.07001,-0.19592,1.74293,0.68547,-2.00828,-0.57677,-1.37329,-0.52166,-1.43689,-0.37398,-1.3455,-0.0882,-0.37407,0.10918,-0.6585,-0.19674,1.79394,-0.13873,0.68252,0.99471,-0.28531,2.26414,0.20177,-0.56178,-0.39253,-1.13393,-1.87916,0.97744,-0.34873,0.67703,0.41892,1.25578,1.91644,-0.26704,-1.85975,-0.79582,-1.13676,1.94997,-0.24562,0.56758,0.94078,-1.02875,-0.27445,0.19358,-1.14223,-0.50366,-1.48936,0.49555,0.70717,0.59719,-0.55026,0.09872,-0.21539,2.68436,0.02481,-1.05504,2.43323,-1.06989,0.9049,-0.30751,1.4231,-1.99015,-0.57109,0.06078,1.55063,-1.05104,0.04012,0.24604,-0.06576,-1.24083,-1.41803,2.03116,-0.01354,-1.48231,-0.38435,0.68494,2.25088,0.70125,0.03741,-1.63661,1.68838,0.10497,-2.14035,-0.15356,0.08482,0.95178,0.54114,0.17705,-1.29402,1
-1.28724,3.26557,0.1112,-0.1738,-0.21954,-0.86218,1.17608,-0.42612,-2.18973,0.10907,-0.91514,-0.68152,1.40441,-0.21611,1.77916,-0.22478,-0.36185,0.56423,-0.43321,0.6356,-0.61729,-0.40335,-1.30419,0.04009,1.68506,1.64236,1.79148,-0.45895,-1.90539,1.53344,1.29673,1.06133,1.37792,0.75,0.04026,0.16071,0.58869,-0.68272,0.34779,-0.29895,-0.33345,-0.60643,-1.55894,-1.65496,0.74283,0.44335,0.03357,1.06613,0.3593,-1.25223,-1.41626,0.34763,0.44657,1.412,0.12733,-1.84458,-0.26273,-0.52328,1.68062,-1.98,0.88904,-2.3194,-0.53061,-1.05212,0.14464,0.03209,1.51424,1.1536,-0.47858,-0.25609,-1.65048,-0.75704,1.67801,-1.01593,-1.27192,2.38628,-0.55338,1.85682,-0.8299,0.04129,0.56133,1.33633,0.03548,-1.18626,-0.16116,-1.31615,-2.36719,0.79826,1.00779,-1.2223,-0.2821,-0.89352,1.46014,-1.53193,-0.56352,-0.50607,-0.40572,0.9072,0.98967,-0.62019,-1.05831,-0.80544,1.70431,0.1255,-0.13618,1.55243,1.27231,-0.74373,-1.50854,2.13869,0.00333,-1.11999,0.77208,-0.78319,0.64286,-1.75804,1.14118,2.08841,-1.04752,0.15606,1.29963,-0.66741,-0.76256,1.55389,1.20771,-0.94759,-0.82685,0.40879,-0.9113,-2.16409,-1.19346,-1.08364,-1.01908,-0.65147,0.92889,-0.5346,1.60695,1.69202,0.31355,-1.23365,-1.22021,0.90957,-1.11879,-1.88567,-1.45562,0.80156,-0.64895,1.52454,-0.72467,0.90586,0.50249,-0.26965,0.7717,0.89087,0.50594,1.37004,-0.23768,0.91098,0.23696,-0.00163,1.70099,0.02856,-1.12087,0.9024,-0.81058,1.41103,-0.05902,0.70508,0.6499,-1.97629,-0.55853,-0.21608,1.27977,0.72967,0.44255,0.45612,-0.27154,-0.56787,-1.36864,0.62416,0
-0.13081,-0.26888,1.22328,0.61536,-1.17824,1.00462,0.03023,0.31353,1.0316,-0.1158,-0.29537,0.14495,-1.59652,0.99135,1.19941,2.21226,-0.4508,-0.36076,-0.76764,1.52973,0.28081,-0.07384,-0.30877,-1.30713,-0.05202,-0.14114,0.5906,0.80461,-0.92186,-0.5796,-1.03731,2.03577,0.79726,-0.26308,-0.42246,-2.16362,0.41275,1.07983,0.3943,1.17964,-0.13705,0.39465,0.2665,-0.24461,-0.69213,2.06353,-0.74955,-0.43488,1.78647,-1.53313,-1.89034,0.86468,0.40276,0.57473,0.16852,-0.39357,0.0188,0.28963,-1.74992,-2.01618,0.11092,-0.85276,0.62335,-0.11141,0.42702,-1.16924,1.0279,-0.95309,-0.0032,0.28622,-0.27626,-0.84574,-0.05912,-0.21269,0.63269,-0.70796,0.79516,0.46887,-0.66698,-0.37306,-0.9239,-1.34246,-0.12316,-0.17978,-0.01929,0.16912,0.63959,0.62906,0.21813,-0.43526,0.8796,-1.17819,0.18995,0.85633,-0.97761,0.0287,0.03004,-2.22523,-0.05549,-0.42495,0.13615,-0.37,-0.30757,0.94998,-1.34986,-0.23802,-0.06207,0.93856,-0.90235,-0.0584,2.05403,0.26783,0.96661,0.96945,0.75788,1.10624,-1.1163,0.68947,0.15823,2.86378,0.57371,1.46612,1.72066,0.57623,1.57894,-0.21969,0.37681,-0.92453,-0.16455,-0.86083,-0.27597,0.54319,-0.59363,0.92889,0.29057,-0.19453,-0.47123,-1.13696,-0.21748,-0.20182,-0.74678,1.39148,1.84644,-1.06767,-1.72898,-2.15009,1.04421,0.07988,1.21588,1.67107,-1.75823,-0.25807,-0.96418,-0.58905,-0.32875,-1.09952,-0.01847,0.06596,1.08678,1.25947,0.02901,0.03603,-1.83103,0.04192,0.32493,1.75416,0.03892,-1.01445,-0.32367,0.5464,-0.32679,-0.80574,1.76125,1.26467,-0.51053,-0.78135,1.08154,-1.77242,-1.234,0.20906,1
-0.53102,-0.82794,-1.68857,0.45899,-0.25082,-1.55823,-0.54085,-0.59776,0.10178,-0.95806,0.53931,-0.77668,0.27046,1.15747,0.49055,-0.56772,-0.07361,2.21904,1.19252,-0.11305,1.20458,0.06383,-1.33814,0.92265,0.40904,2.30443,0.16846,-1.00283,-0.24436,-0.45349,0.95689,-2.21367,0.73688,-0.45773,0.19731,1.21539,1.98312,1.23711,0.77679,-0.62838,-0.45365,0.30271,0.30973,0.64579,-1.02658,0.16806,-0.28964,0.58241,-0.03484,0.77431,0.37904,0.74561,0.2753,-0.34308,-0.15421,-0.67965,-0.0559,-0.30356,-0.68474,0.44923,0.15772,0.42142,-0.93282,-0.5836,-1.28247,-1.15072,-0.35623,-0.02739,0.51271,-0.0156,0.68072,0.30289,-0.28397,0.58036,0.74097,-0.16007,-1.07606,-1.59674,-1.10778,-1.31992,0.60523,-0.45645,0.63582,0.30098,-2.37266,0.67364,-0.55742,-0.65079,-0.39174,-2.03069,-0.44173,-2.41134,-1.45246,0.57731,2.40583,0.30925,0.7768,1.61222,-0.85046,-0.82821,0.5181,0.49418,-0.57497,-0.61436,-1.76593,-0.01151,-0.51515,-1.86701,-1.82666,-0.65434,-0.0264,1.99574,-0.75632,-0.66388,0.19766,1.41349,-2.36451,0.99864,-0.97017,-1.12914,1.87077,0.86986,-1.24395,0.79915,0.35668,-0.48851,0.15504,2.85771,-0.54916,-0.17179,0.87285,-0.63311,-0.44478,-0.01902,-0.40997,1.39979,-0.031,-0.08223,0.30473,0.89737,-0.2083,-0.16521,-0.57386,-1.86618,0.25023,1.11065,-0.31807,0.27904,-0.20542,0.65057,1.56919,-0.26479,0.98277,-0.5242,-0.90717,0.75495,-0.15675,0.94434,-1.56889,-1.81466,-0.1571,-0.40368,-0.27131,-0.73242,2.67975,1.15095,-3.95753,0.45298,-0.11079,-0.67268,-0.49703,-1.07229,0.29562,1.31905,0.32019,-0.70951,0.6143,-0.27263,-2.00906,0.31403,1
-0.62491,0.40233,-0.00815,0.14771,-0.42004,0.91394,-0.46087,1.46388,-0.063,-0.01295,1.15595,0.78666,0.03953,-0.4676,0.55083,-0.001,0.20876,-0.92562,0.06049,0.23685,-0.47832,0.12626,0.11372,0.84119,-0.68647,-0.27759,0.1239,-0.88414,-1.07446,1.05303,0.72995,1.51636,-0.06351,-0.44224,0.278,1.48828,0.62035,0.83787,-0.40662,-0.60059,-0.82947,-0.22448,-2.04797,-1.68889,1.45523,0.17935,-2.25307,-0.99745,-0.60292,1.45718,1.53965,-1.32717,-0.60395,0.52464,0.02529,-0.277,-0.41598,-0.51196,-0.18805,0.42095,-1.09083,-1.86498,-0.73751,-0.74858,0.01426,-0.40418,0.40692,-1.163,-0.92596,0.03493,-0.41502,0.16597,0.33979,-0.84967,1.31282,0.10234,-0.78342,1.39511,0.69904,1.25249,0.5432,0.03142,-1.26867,0.84651,0.24206,0.72582,-0.7775,-0.45794,0.73902,-0.03106,-0.94016,-0.24036,0.49154,-0.36481,0.22402,0.4924,0.94793,0.13829,0.69722,1.02758,0.85579,-1.24296,0.96027,1.57582,0.81294,-0.23801,0.10013,0.08007,-2.37807,1.37478,-0.39313,1.05941,-0.72518,0.30478,0.63701,-0.95026,1.15216,0.07016,-0.55753,-1.25887,0.45518,0.98995,1.31593,0.36698,-0.31276,-1.18026,-0.02541,-1.45547,-0.52571,1.09092,-2.69355,-0.24071,-1.03091,0.33543,-1.32272,0.0083,-0.31195,0.52284,0.69039,1.37977,-0.97286,0.5147,-1.49755,2.11271,1.24185,0.93342,-0.26451,-2.33925,0.15254,-1.16426,-1.65155,-1.00129,1.26961,-0.87958,1.916,0.04332,0.64189,-0.44141,1.05109,-1.26342,0.48379,-1.99991,1.71767,1.2911,0.97743,0.66515,-0.12642,0.26684,0.87339,-3.04977,0.27648,0.82263,-1.50882,0.5079,0.94803,-0.35168,0.49465,-0.2015,0.48227,0.10917,1
-0.44956,0.23657,0.19069,-0.05943,1.76504,-0.3573,0.67498,-0.61987,-0.23381,-0.79013,-0.58494,-0.88873,-0.17821,2.02594,0.68668,2.46757,-0.83669,1.5083,2.1819,0.56682,0.5579,0.09581,-0.48504,1.66172,0.13614,0.63786,-0.99629,0.26177,1.25953,0.43746,0.71447,0.18604,-1.39053,-0.21929,0.46314,-0.27853,-1.33858,-0.4247,0.43489,-1.28744,0.57046,0.52845,0.4168,0.46664,-0.13065,0.62372,0.36645,-0.44676,-1.1018,0.07489,-1.22845,1.09696,0.44448,-1.0574,-0.77662,0.48577,0.1215,-0.31215,1.80583,-1.6416,-0.73829,-0.57374,0.51126,-1.08041,-1.32373,-0.04355,-0.61485,0.07013,0.86545,0.04837,0.20193,-0.93496,-0.13835,0.228,0.23844,-0.80523,0.8111,1.41999,1.37128,-0.14648,0.80019,-1.94209,-0.70928,-0.45542,-1.37608,0.3672,1.28444,1.88659,-0.05328,0.28468,0.78257,-0.91826,-0.727,0.7916,0.07307,-1.18927,-2.07678,-1.36637,-1.27956,0.00551,-1.38734,-0.93474,0.87162,-0.14982,1.23043,0.54479,-0.35679,-1.93999,-1.26019,-0.40077,-0.61825,0.03443,-0.11566,0.49125,1.16225,-0.38871,-1.29453,-0.77792,-0.14304,-0.49153,0.10056,1.34525,-1.79751,1.08916,-0.30459,-1.00062,1.70634,0.07542,0.59881,-0.54848,0.01489,-0.18987,0.07237,-0.31817,-0.0495,-0.59178,-1.60572,0.3615,1.06444,0.01782,-0.63727,-1.01562,1.0185,-1.03469,1.13306,0.20312,-1.28717,-0.24734,1.18984,0.3693,-1.07242,0.60419,0.4844,-0.52507,1.52272,-0.04461,-0.07771,0.3991,0.39868,0.86431,0.65834,-1.53331,0.23349,1.72361,1.16423,0.93037,0.98488,-1.1598,-0.74702,0.55326,-1.34963,-0.24374,0.39719,-0.69975,-0.14654,-0.03306,-0.60651,0.13713,1.03789,-0.44766,1
2.43779,0.12853,-2.35043,-1.51116,0.61367,0.79302,-0.6828,-1.41195,1.41864,-1.11284,0.94731,0.54195,0.71518,-0.09268,1.2592,-0.36682,-0.89422,-0.18993,-1.41909,1.27278,-0.1593,-0.00404,-0.31643,-0.65449,0.66295,1.47192,1.64528,-0.55076,-1.12941,-0.20224,1.29,-0.70752,1.21935,-0.89072,-0.66113,-0.18426,-0.64869,1.48474,-0.27541,1.14454,0.16565,-1.15791,-1.09314,-0.66003,-0.1555,0.86379,-1.47538,0.20725,-0.4709,1.88971,-0.6518,0.21263,2.61104,-0.47088,1.54513,-1.93309,-1.46294,-0.08214,0.95449,-2.48506,-0.98,-0.36945,0.35247,0.11935,1.65333,-0.73589,-0.48133,-1.4838,0.70151,-1.30546,1.11408,1.26138,0.87274,0.15468,-0.4237,-0.85537,-0.203,0.9703,-0.61593,0.41809,0.86386,1.95081,0.06625,1.65822,0.88524,0.53449,0.80891,0.66301,0.02835,1.50636,0.17127,0.25243,-0.99736,-1.08118,0.16094,-0.30864,-0.42356,-0.29793,-0.00898,0.47788,1.56604,0.69749,0.71669,-1.68267,0.28528,-0.8765,-0.16708,1.33896,-0.20104,0.72293,-1.10482,1.23488,1.99248,-0.35361,-0.22282,0.91832,1.54297,0.26052,-0.87581,0.25185,0.15892,-1.31145,-0.11484,-0.70669,-0.81366,0.07883,-0.14914,0.7847,-0.60663,1.50358,1.04277,-1.78616,0.44331,0.3281,1.09618,0.59682,-2.01934,0.20318,0.8978,-1.77187,0.05114,0.55898,0.14159,-0.38033,-1.37796,-1.2903,-1.50912,-0.88084,1.17736,1.48072,-0.40789,0.84646,0.87359,0.94962,0.76009,0.97702,-0.92771,-0.52789,-0.23028,0.27694,-0.2535,0.63263,-0.12514,-0.8638,1.15329,-0.17107,1.44651,-0.35963,0.5517,0.13412,-1.1097,-0.2522,1.16587,0.95546,-0.22516,1.70352,0.25535,-0.47495,-2.07589,-0.73737,0
-1.05498,-0.24865,0.48702,0.06315,-0.64592,-0.13133,-0.36146,0.80339,-0.37252,0.54897,-0.94331,-1.03247,-1.44592,-0.27915,0.28106,1.91341,0.50312,-0.16671,-0.96752,-0.1895,1.06845,0.32776,0.68994,0.04399,0.72454,0.82226,1.86153,1.2551,-0.66667,0.05303,3.39322,1.66202,1.80362,-0.67141,-0.82111,1.02463,-1.27775,0.75963,-1.1792,0.53962,-0.17355,-1.02548,-0.43411,-1.9321,-1.40489,-0.63114,0.70022,-1.06783,2.39515,0.25985,1.31647,0.76699,0.47768,1.42526,0.11612,-0.47803,-1.70563,-0.13231,-0.82823,0.66503,-0.32313,-1.46652,-0.85693,-0.52998,-0.56464,0.32053,0.12367,0.95244,0.04231,2.26544,-0.90342,1.33798,2.04734,-0.67398,-0.89992,-1.22612,-1.23199,1.91707,0.14085,-1.54017,1.27258,-0.16263,0.84551,0.52997,0.38228,0.13223,-2.1685,1.01732,0.74353,0.47441,0.27993,-0.63383,2.14763,-1.96452,-0.84252,0.21996,1.29882,0.51875,-1.00522,-0.67843,-1.73908,-1.38631,-0.75523,1.94324,0.35726,0.70676,-1.89719,-0.94712,0.79103,0.53337,0.72264,-0.3156,-0.80677,-0.90176,0.22164,0.63305,-0.98953,1.10678,0.54321,0.25098,0.60008,-0.36099,-0.95607,-1.39322,2.03407,-0.47494,-0.56813,0.44403,-0.62871,0.66251,-0.86672,0.96395,-1.21008,0.13099,1.35471,0.17096,-1.86706,-1.08546,2.75062,0.0177,1.46503,-0.16343,0.92737,0.30105,-0.04307,1.02664,-1.46924,0.27522,0.87854,-0.22303,0.19129,-1.31911,0.26353,-1.59994,0.04478,-1.39665,-0.55929,0.98155,-0.66636,0.27762,0.3765,0.06713,-1.19632,1.36558,0.67296,-1.14657,-1.52652,1.68636,0.41191,-1.33773,-0.8847,0.25694,0.4834,-0.58204,0.86579,0.27322,1.10911,1.61652,1.52751,-1.13961,0
0.44221,-0.13105,0.7415,-0.36506,-0.76528,-0.51352,-0.13629,-0.27235,0.03321,-0.52102,-0.47456,0.94279,-1.18887,-1.57222,2.53561,0.18753,-0.10018,-1.09808,-0.7971,0.13667,-0.68009,-0.48368,1.54106,0.41661,0.74814,-1.70905,1.65196,1.1184,0.22054,0.77962,0.59193,-0.68227,2.89104,-0.02907,1.64195,-1.21214,0.35534,-0.07512,-0.50184,-1.13608,0.98198,0.75773,0.08096,-1.4562,-0.71007,0.28176,-2.13124,0.47258,-1.31637,-0.70289,1.35577,0.78536,-0.45346,1.07639,1.04366,-0.68884,-0.86152,-0.92809,1.01055,0.09246,1.72969,0.93678,-0.89601,-1.17134,-1.10018,0.70574,0.29433,-0.88613,-0.11202,-0.40684,0.10475,1.22525,0.25106,-2.19137,1.57085,0.48886,1.80545,-0.41104,0.14288,0.14914,-1.52901,-0.35472,-1.83374,-0.65835,0.19022,-1.87764,0.13205,0.08113,0.52438,-0.6001,-1.48569,0.96608,-0.63479,-0.00025,0.84623,0.3847,-0.30366,1.25223,-0.0594,-2.62184,1.71466,-0.33841,0.27039,-0.01806,-0.10484,-0.03103,1.19837,0.7314,0.75457,1.29935,-0.90196,0.59579,1.04368,-1.19763,1.37871,0.47983,1.29024,1.59824,-0.72969,-0.13416,-0.78616,1.60678,0.07025,0.74436,-1.70877,-0.71782,1.73614,-2.19559,-0.66848,-0.44847,0.34331,1.20917,-0.96642,2.22906,0.38978,0.81897,0.46668,0.41823,-0.38758,1.05519,0.1801,1.21242,0.79769,-0.75436,-0.52279,-0.29068,-0.50582,-0.15086,2.13733,-1.50424,-0.4878,1.24788,1.05973,-0.10325,0.23469,-0.28916,1.18986,0.06815,-2.29136,-1.51706,0.05024,-0.67848,0.524,-1.0614,0.0825,1.19186,0.35845,2.38419,-1.00707,0.86317,-0.31919,0.13583,0.33681,-0.22741,-0.4659,-1.27607,-1.84808,-1.04329,-0.75423,-0.66399,1
-0.62969,-1.60828,-0.61204,0.28268,-1.65715,0.19971,-0.18263,1.82025,-0.99305,-0.23982,-1.16154,-1.81963,0.80894,2.47332,0.77639,-1.41965,0.7034,0.23291,0.16615,-0.04194,0.32844,-1.21606,-1.12612,-0.4797,-0.22276,1.36993,0.25998,-0.32184,-1.06205,1.02935,-0.72878,-1.67584,1.34317,-1.03083,0.27932,1.04576,-0.96447,-0.66303,-0.47668,1.50047,1.52927,1.55654,-0.44419,0.17475,0.10704,-2.12675,0.40193,-0.81025,0.28546,0.80336,0.61205,0.33027,-1.4419,-0.03678,0.52678,-0.44357,0.97674,-2.48436,0.43543,-1.17301,-0.6409,-0.14967,-2.16045,1.87375,-0.65798,0.34166,-0.34097,0.70968,0.91511,-0.56617,0.25627,-0.84238,-1.4991,0.91243,-1.12902,-1.37699,-0.19536,-0.60246,1.59877,0.4877,0.40037,0.01935,0.12407,0.13209,0.45878,-0.23438,0.76282,0.59049,0.73612,0.00248,-0.3019,0.21658,1.09168,-0.35944,0.34331,-0.58984,-0.20301,-0.21406,-1.30782,0.53268,-0.23017,0.80295,1.17734,-0.66194,1.41604,-1.58677,1.43852,0.66021,-0.54396,-1.04873,1.80664,-0.15744,0.67677,-0.33713,0.57893,0.09447,0.34286,-0.70009,-1.34553,0.69207,-0.12159,0.95891,0.4354,0.31622,0.22412,0.57309,-0.35027,1.32539,-1.27352,-1.84057,-1.39369,0.29879,1.6365,0.4619,-1.0107,-1.88517,-0.16982,-0.11599,0.68248,1.51525,-0.9261,1.24411,-0.22373,0.886,1.51066,-0.79902,0.16134,1.83899,-0.2309,0.58381,-0.26515,0.23076,1.53436,-1.4192,0.72771,1.23307,0.97075,-0.24217,-0.53985,0.36065,0.86682,0.97923,-1.03994,0.34005,0.73091,-1.02796,0.47824,-0.97728,0.46626,-1.62286,-0.32119,0.96593,0.13391,-0.50177,0.06957,-1.26623,-0.47745,0.36462,0.58244,0.50709,0
-1.93099,-0.05898,-0.16878,0.62714,0.90141,-1.44285,1.43481,0.185,-1.52966,-0.00029,-1.28315,-0.25729,-0.75546,-0.16486,-0.13293,-0.35161,0.75725,0.53847,1.47874,0.92952,0.57913,0.88889,0.50026,-1.01254,0.03496,-0.57637,2.57986,-0.81946,1.59102,0.2915,-1.0056,1.65304,0.90662,1.03707,1.43897,-0.71017,0.06727,-0.24609,1.06953,1.5744,0.11914,0.65695,-1.22758,-1.09028,-0.70137,0.22349,0.22588,-2.03722,-1.83699,1.71138,2.32249,-0.48351,0.17232,-0.73214,-0.94524,0.41325,-0.76934,-0.78162,-0.20816,-0.42099,-0.58786,-1.08895,-0.90438,0.30649,-1.75133,-0.60866,-1.40102,-1.08833,-0.3146,-2.62816,-1.41612,0.48496,0.08119,-0.14219,0.55003,0.03826,0.30915,-0.37561,0.39107,-0.13957,-0.64705,0.56326,-1.26962,0.85167,-1.12314,-1.25778,0.05163,-0.55279,-1.01909,0.30185,0.69156,0.78167,-0.18558,-0.09307,-1.1672,-1.19915,0.1143,-0.19868,-0.46689,0.69744,0.97792,0.64335,1.42059,-1.18939,0.4493,-0.42045,-0.65039,-0.34743,-0.72277,-0.02306,-0.01023,1.03978,0.4344,-1.28673,0.6873,1.05445,0.49317,-0.11861,-1.30358,-0.56336,1.20082,-0.07553,0.12689,-0.39898,1.64481,-0.93478,0.65125,-1.25648,0.58321,0.18439,-1.43489,0.56583,0.38826,-1.48269,-0.39385,-1.64227,-0.60715,-0.48042,-0.7329,1.16477,-1.0515,0.09478,-2.19543,0.71847,-1.62382,-2.02722,0.16164,-0.07653,0.0208,-0.95346,-0.78719,1.78735,0.95128,-0.0123,1.35529,-0.10542,-1.46623,0.26384,1.60674,0.77277,-0.82533,0.35622,-1.16489,-0.51832,1.59805,-0.01542,-2.44846,0.05379,0.39987,-0.45438,-0.49702,0.12911,-0.353,-1.68403,1.01815,0.07752,-0.31523,-0.50523,-2.88665,-1.0772,0
-0.7933,0.1113,-1.81829,0.47506,0.68242,-1.0828,1.68065,-0.02326,-0.93697,0.71578,0.86892,0.15458,0.30133,-1.22956,0.38015,1.1688,1.35882,1.05838,0.67647,0.54717,0.25157,0.08346,0.14515,-0.93171,-0.73591,-0.45647,-1.06123,0.73253,-2.82874,0.78868,-0.75434,0.7994,0.59085,1.21145,0.92995,-0.87534,-1.10878,-0.23036,-1.60565,0.62991,0.23833,-1.5299,0.30317,0.22062,-0.84065,1.01101,1.46587,-1.27334,-1.06698,-0.78995,0.65265,1.0487,0.10478,-0.08916,1.05746,-0.94299,0.60403,-0.70043,-0.21618,1.03333,2.28798,-1.16801,0.23512,1.59399,-0.60051,0.38498,0.20735,1.94252,1.59063,-0.6843,-0.63856,2.47885,-0.18916,-1.1081,0.86565,0.10702,2.81204,1.00328,-0.37842,0.20132,0.34405,-0.15462,1.31709,0.79589,-0.05029,-1.858,-1.17286,-0.84296,-0.16756,0.15452,1.53263,-0.59529,1.68635,-0.38179,-0.34498,-0.47908,-1.25354,-0.42269,1.82387,-0.35788,-0.68685,-0.11029,-0.93816,-0.77389,0.8797,-0.21674,-0.39065,-0.6582,-0.57139,0.04768,1.78481,-1.04174,-0.38746,-0.61629,-0.22475,-1.50634,1.9223,1.134,0.0021,-0.4262,1.33404,-1.27872,0.88651,-0.35232,-2.0352,-0.47813,0.14351,-1.51349,0.35509,-2.18656,0.0197,-0.49218,1.25685,0.53421,0.11053,0.82624,1.50781,-0.20931,-0.21251,-0.21743,-1.58743,0.13848,0.87172,-1.6332,0.81457,-0.25402,-1.11059,0.02866,1.57006,-0.02985,-0.71472,0.17908,0.22791,-1.69552,0.43234,-1.54367,-2.33231,-0.98937,-1.1202,0.25695,-1.05174,1.42635,-0.74268,0.18128,-0.61999,1.26934,-0.70102,0.12023,-1.02855,0.06571,-0.4288,-0.21294,0.72416,-0.14321,-1.66786,-0.61937,0.62942,-0.00512,2.05058,-0.80427,0
1.80991,0.30494,0.0731,-0.64417,1.12797,1.87628,0.4997,-1.06126,0.62966,0.59956,2.66031,-0.82381,0.35882,0.6013,1.22056,0.77101,0.16976,0.13823,-0.52702,3.22693,-0.28885,-0.68919,0.99264,1.95812,-0.42697,-0.87631,0.31955,-2.12755,-1.24568,0.16768,0.79784,-1.34553,-0.23298,0.25774,0.30199,-0.41677,0.76392,0.48179,0.82175,-0.69156,0.31805,0.17591,0.93716,1.33326,-0.01018,-1.11251,0.89685,0.49769,0.59606,-0.30775,0.9013,0.13353,-0.61905,0.05126,0.62813,2.2219,0.5287,-0.15682,0.99782,0.2144,-0.88872,0.61458,-2.21973,0.39572,0.96549,-0.6887,-0.46773,-0.81712,-0.55881,-0.37029,1.45265,0.67791,0.4088,0.26419,-0.6617,2.10135,-0.1931,-0.63129,0.1905,1.82037,-0.45529,0.66556,-0.16476,0.73838,1.70764,-0.20034,-0.64223,1.46297,0.88553,-2.32411,0.94935,1.02991,1.55756,-0.45132,0.36424,1.15544,-1.9434,-1.33403,-1.38651,0.87956,-0.25172,-0.46305,0.67583,-0.06069,-1.74572,-0.76467,-1.91177,1.33991,0.34276,1.73519,-0.21384,0.13627,-1.21251,-1.15453,-0.43634,2.21869,0.33416,0.18606,0.56973,-1.58819,2.0309,-1.78994,0.96034,-1.40077,-1.35217,-0.02267,-2.77329,-0.37084,-0.7526,0.50614,-1.87249,0.8361,0.60765,-0.79545,0.09263,-0.56693,0.96453,1.04527,0.30152,1.54,0.56111,0.88539,0.72002,0.41344,0.68897,-1.40386,-0.24167,-0.7208,-0.38211,-1.28344,1.65659,1.1462,-1.26618,-0.31468,0.26639,0.43399,-1.00009,0.76709,-1.11066,-0.01635,0.71306,0.02875,0.25285,-0.11038,0.44295,1.58605,0.38367,-1.18076,-1.18429,0.38513,1.58734,-0.61979,0.47119,-1.02724,0.42232,0.28924,-0.30368,-0.15067,-0.98824,0.27295,0
-0.18916,-0.73306,0.02819,-0.6104,-2.01293,0.34121,-0.07766,-0.50624,0.04653,-0.71773,0.43762,0.13596,-0.3497,0.08416,-0.47334,0.87608,-0.3382,0.35796,0.10421,-1.55939,1.44951,-0.09924,0.96262,-0.05729,3.04587,0.17133,-1.42813,-1.0095,-0.69965,2.72398,0.51874,-1.07352,-1.09742,0.86026,-0.68333,1.0795,-0.70678,0.26325,0.6723,0.35173,-0.30098,-0.16551,0.53097,0.12381,-0.8661,0.40778,-0.28634,1.25924,-2.94166,-0.36926,0.20459,-0.48465,1.12086,0.76908,-0.75051,0.39115,-0.17409,-1.59345,-0.6179,-0.39127,-0.27553,-0.83597,0.7598,1.52783,-0.15736,-0.59565,-0.42639,-0.23439,0.7907,-1.07356,0.39938,1.74428,-0.25921,1.03633,-0.21218,0.56299,-0.21286,-0.04754,-0.93207,-0.14213,1.79723,-0.84543,2.01221,-0.3875,-0.40402,-0.84695,0.11994,1.13934,1.48774,0.59782,-0.35491,0.89565,-1.43753,-0.89665,-0.68015,-0.84786,0.2583,0.96499,-1.30639,0.06117,0.17639,-2.68783,0.64386,1.9853,-1.40375,0.61853,0.17041,0.89472,-0.67614,0.01437,-1.60637,-0.43513,1.07799,-1.87837,0.25572,3.72348,-1.38661,-0.77847,0.84959,1.11804,0.06005,-0.18913,0.48711,-0.08132,-0.13783,-0.35153,0.92265,1.19234,0.25347,2.17512,-1.30344,-0.41576,2.20556,0.04635,1.43532,0.4037,-0.89359,-1.09058,-0.87205,0.88793,0.47809,0.76923,0.12558,-0.70457,-1.19636,-0.41049,1.89416,-0.30894,-0.42785,-1.32726,0.32349,-1.53327,-1.51041,-1.03245,0.2207,1.27913,-0.39256,0.21511,-1.21461,-0.37414,-0.08295,0.21604,0.65009,-0.81986,0.9321,-0.11489,0.39487,-0.99191,0.16535,0.70622,1.80287,-0.87512,-0.78192,0.83905,-0.65335,0.79405,0.8094,-0.1952,-0.43035,1.13017,0
0.24802,0.50293,-1.22968,-0.47601,1.78752,0.82266,-3.19736,-0.19366,-0.18895,0.5475,-0.26024,-1.21622,0.19983,-0.94731,0.25623,0.32406,0.93078,0.45354,-0.21512,0.8164,0.53149,-0.39086,0.53058,-0.1675,-1.61266,0.87841,0.00784,-0.24179,-0.11558,0.21208,1.40765,0.69118,0.03858,0.57,0.39744,-1.45468,0.42979,0.0947,-1.3398,0.01052,0.44314,-0.33073,-0.13072,0.99836,-1.34282,0.75052,-0.58891,-1.14219,-2.15992,-1.42312,0.2121,-1.5004,-0.91174,-0.02627,-0.98452,-1.40194,0.57121,-0.92365,-1.16007,-2.07175,1.29451,-0.52008,1.04214,-0.99558,-0.21997,0.10212,0.65927,-1.42843,-1.14123,-1.29436,0.80282,0.24683,-0.02896,-1.91654,0.3071,-1.1556,-0.06832,-0.82284,-0.32448,0.21483,0.55834,-0.37323,-0.30668,0.23627,-1.11221,0.18538,0.38437,-0.66095,0.47879,-0.07125,0.15147,0.18127,-0.00723,0.76701,1.54814,0.26231,-0.86196,1.68605,0.53938,-2.24085,-0.42328,1.90061,0.23347,-2.26125,0.22189,-0.33462,-0.07085,-1.29827,0.24181,0.117,1.49959,-0.5613,-1.42759,-0.36231,-1.05354,-0.01672,-0.92222,-0.3221,0.45743,0.77445,-0.83371,1.25579,1.28362,1.53131,-1.00778,-0.27285,-0.22756,1.03271,-0.43894,-0.5306,1.39413,0.45133,-0.13848,-1.24618,-1.26614,-1.13495,0.53871,-0.10232,1.42002,1.02337,0.32114,-0.91716,-1.03288,0.8243,-0.5271,-1.33094,-0.30756,1.95181,0.65731,2.44695,-0.45748,-0.05266,0.57246,0.37476,0.32567,-0.67386,-0.56443,-1.34651,-0.55731,1.21856,-1.19827,-1.09282,0.71685,-0.49035,-0.04573,0.37276,0.69683,0.62557,-0.36812,2.69238,0.43664,0.06909,-0.02309,-0.19529,-0.75629,0.53418,0.65025,0.41511,-0.8217,-0.20394,1
0.38349,-1.5593,-0.79566,-0.06387,0.26836,-0.29681,-0.06309,-1.79427,0.37956,0.06456,1.26954,-1.56106,-0.32973,0.14392,1.12915,0.50211,1.39537,-0.58708,1.48155,1.83914,1.36963,-0.58652,-1.32424,-1.70085,-0.63433,-0.94446,0.46728,-0.63824,0.97211,-0.13663,0.18977,-0.92009,-1.40303,-1.23911,0.73709,-0.85317,-1.10851,-0.40119,-0.7152,-0.28385,2.22113,0.60547,0.65008,-0.35551,-0.53199,0.79722,-0.27106,-0.6275,-1.42404,0.71181,-1.59616,-0.19559,0.22264,-0.45831,1.60726,-0.39353,-0.40224,-1.39451,-2.02009,2.64967,-1.00758,0.98488,0.91878,-0.21004,0.25803,1.48961,-1.62725,0.00547,0.80313,-1.12493,-2.2963,-0.31658,-0.05241,-0.66277,0.61996,0.8555,1.18489,0.24015,-1.33021,0.12956,-0.64498,0.0343,0.55282,0.61555,-0.06384,-0.7736,0.4906,-0.72831,-0.4957,1.09627,-1.83762,0.76609,-0.97144,-1.26425,0.77478,-1.13245,0.45289,-0.10867,1.70667,-0.56587,-0.68965,-0.01966,0.31344,0.54392,-0.05896,1.03881,-0.82173,0.4271,0.93551,0.8094,-1.45785,-0.95453,-1.56298,0.14293,-0.84547,-1.23371,1.4809,-3.08446,0.46592,1.02077,-1.19114,1.10727,-0.7331,1.4857,-1.04982,1.91703,-0.99993,-0.53741,-0.1915,0.49124,0.54765,1.23629,-0.31551,-1.42952,1.79628,-0.78576,0.06775,0.14114,-0.79621,-1.16791,1.47612,-0.04801,-1.95861,-1.17457,1.16792,-1.62245,0.98487,0.36544,0.50972,-0.95314,0.85917,0.28344,-0.14375,0.66371,-0.86454,0.40829,-1.05789,-0.62619,1.3679,-1.22937,1.22356,-0.68742,-0.58658,0.26789,-0.61204,-1.82152,2.29461,-0.15321,-0.63131,0.89847,0.76654,-1.26217,0.01831,1.88648,-0.27717,0.36319,-0.72851,-1.035,0.60047,0.16826,1
-0.30588,0.46085,0.70867,-0.45246,1.1773,-0.14883,1.05671,-0.31376,-0.157,-1.56065,0.93367,-0.48305,-1.63305,2.28942,0.55339,0.17098,1.32117,-0.25021,0.26627,-0.68058,-1.05278,0.36766,-0.40863,0.59908,0.20009,-1.10546,1.60773,0.69883,0.68785,0.21986,-1.08482,-1.55653,-0.00738,0.0517,1.67925,0.32633,-1.60444,-0.16721,0.00154,-1.34245,-0.81504,0.00968,2.54076,-1.58697,-0.37893,-0.47482,-0.16086,1.45471,-0.1174,-0.08236,0.12301,-0.61561,1.79956,-1.87306,-2.33891,0.29831,-1.13206,0.84268,-0.36677,0.14507,1.15495,1.09643,-0.26907,-0.05993,0.53398,-0.31959,1.05868,-0.35836,0.026,0.10471,1.19771,-0.98321,-1.44085,-0.25225,1.33521,0.28984,-0.64306,0.23168,-0.40873,-1.87269,-0.11333,0.74725,2.11122,-1.20503,-0.03513,0.11704,-0.01694,-1.68063,0.42586,0.93018,0.85556,0.42602,0.02132,-0.46661,-0.41638,-1.02681,0.97101,-0.06428,-0.43921,0.04774,0.97581,-1.24273,0.32005,-0.46615,1.40268,-1.31099,1.40711,-0.00549,-0.29953,-0.21735,-0.07045,-0.1887,-0.45398,0.92347,0.079,0.13765,-0.80178,1.38985,-0.00322,0.64636,-0.04733,2.21855,1.37959,-0.49487,-0.9362,0.22946,-0.36518,-0.08499,0.43156,2.0598,-0.68028,-0.97135,0.71261,-0.77162,-0.17062,-0.60383,0.76214,1.69414,-0.43636,1.83577,0.72965,-0.98419,1.34933,0.59252,-0.37926,-0.51353,1.58837,-0.89681,0.94622,1.32257,0.70143,0.24813,-0.78013,0.5629,-1.33458,-0.29421,-0.47743,-0.80515,-0.73584,0.5466,0.53552,-1.04085,-0.93964,-0.32701,1.15709,-0.67521,-0.9318,1.50612,1.46278,1.36352,-0.63027,0.99837,0.10165,0.12992,0.07064,1.87115,-0.56007,0.10119,-1.3932,0.50378,0
-0.08822,2.10115,0.94122,0.63116,1.68097,0.23995,-0.46814,1.31513,0.12804,-1.42773,2.09339,-0.37767,1.18437,-0.84718,0.19769,0.52269,1.09907,1.50801,-0.94239,0.62676,1.14876,-2.87889,-1.47823,0.52483,-2.18229,1.95379,1.13589,0.63807,-1.08331,0.35321,1.0305,0.10266,0.38242,0.8016,-0.87849,0.48113,0.42802,0.70826,0.81235,0.4434,-0.74538,0.31777,0.62827,0.59437,1.15778,0.11626,0.49988,0.00061,-0.65879,0.28434,0.81464,-0.20153,0.00391,-1.13037,-1.19695,1.68424,-1.16102,1.44241,1.5009,0.05672,1.14308,-1.42106,0.45556,-0.54564,0.09621,-0.27515,-0.29885,-0.16203,0.48659,-0.1601,-0.05869,0.65265,1.17526,1.28087,1.15759,-3.17842,-1.18985,0.45913,0.20111,-1.08209,1.06325,-0.81328,0.00422,-0.31031,-0.77924,0.30665,-0.61638,0.21399,-0.51235,0.07985,-0.22235,0.0163,-0.90022,0.5518,0.42628,-0.41653,2.3535,-0.61333,0.42092,-0.69907,-0.58178,-0.31188,-1.94447,0.80693,-0.18192,-1.39582,-0.44864,-0.3659,-0.46676,-0.07017,0.74196,0.69685,0.62488,-0.17049,-1.44513,0.03005,-0.99685,-1.16682,-1.78577,-0.54366,0.00482,1.43303,0.2201,0.3856,0.99071,-1.39334,-1.21168,0.4515,0.7004,-1.44097,-0.00029,-0.47307,0.90404,0.3916,0.38861,0.20072,-2.20677,0.81818,0.04943,-2.43704,0.75343,0.92657,0.41047,-0.01126,-0.35269,-0.29547,1.5062,1.11277,0.96923,1.28617,-0.2895,-0.84581,-0.64962,0.93546,-0.21307,0.04462,0.789,-1.57953,-0.47226,-1.02737,0.65898,2.42682,0.68583,0.43135,0.40478,-1.16,-1.12906,-0.45188,-0.065,-0.09357,-0.11421,1.64515,0.54291,1.13184,-0.42973,-1.91258,0.29045,0.22348,-1.50094,0.63088,0
-0.59913,-0.69462,-0.41339,0.30736,-0.35325,-0.0861,-0.51517,-0.65905,-0.24149,-0.32987,0.09812,0.56798,-1.29413,1.10378,2.45157,1.21612,1.9896,0.41831,0.34621,-1.39212,1.28182,-0.49928,-2.04024,0.68731,-0.68743,-0.64563,0.56741,0.17197,0.09916,-0.74322,-0.92029,-1.00309,0.82958,0.72106,-0.71096,0.53846,0.42464,0.59443,2.02868,-0.40926,-0.43852,0.12618,0.05134,-0.88961,-2.19689,0.86001,-1.55214,-1.34551,-1.02966,-1.70392,1.3093,1.31392,-0.62784,1.26355,0.53346,-0.65618,0.86698,-0.28353,-0.38273,-0.58487,-0.58384,-0.95001,-1.66279,0.25701,-2.16346,0.38731,0.58489,-0.09555,-0.44859,1.78222,0.69306,-0.94481,-0.56347,-1.29644,-0.71116,-1.1481,-0.51232,0.62049,-0.9968,-0.15728,0.8665,2.60843,1.55544,-0.57869,1.22508,-2.58194,1.37677,-1.57839,0.286,-0.47816,1.88676,0.61755,0.03794,1.72648,-0.52437,0.54671,-0.87287,-1.56967,0.69214,0.50022,0.97754,-0.94684,1.01689,0.78229,1.18866,-0.13526,-0.2628,-0.17459,1.73458,-0.23263,0.75705,0.07328,1.41047,-0.62036,0.805,-2.02852,-0.04228,-0.52119,-0.78597,-0.23666,-1.12543,-0.77422,-0.37736,-1.52676,2.92816,-0.24748,-0.95415,-0.37097,-1.59798,-1.03408,-0.12801,-2.4408,-1.17974,-3.69385,-0.4459,1.16911,-0.79803,1.19622,0.20383,0.00432,0.07171,-0.94694,-0.54267,0.12866,-1.04493,0.2915,-1.34217,-0.16001,-0.92121,2.12443,-0.83676,-0.03232,-0.75345,1.82511,0.7823,-0.03618,1.43576,1.25726,0.00252,-0.21087,1.14869,0.69481,-1.84047,0.07884,-2.35155,-0.0307,-0.11966,0.05953,-0.86898,-0.47638,-0.79758,-1.00101,0.04009,-0.28144,-0.06991,-0.87745,0.85895,-0.93072,-2.0234,0.16727,1
0.2473,1.92121,1.20033,1.09178,-1.04866,0.46707,0.18437,-0.34614,-0.911,-1.14343,-2.12133,0.05481,-0.15094,1.25893,-0.5331,2.04578,-0.40597,-0.42004,0.17825,-2.52264,-0.13958,0.51767,-0.40415,-1.67152,-1.08129,-0.17451,-1.47515,0.17636,0.25137,0.02381,0.5395,-0.35843,1.47098,0.27584,0.71353,0.5663,-0.35984,0.62971,1.86239,0.44645,1.35364,-0.30826,-0.67145,-1.20401,-0.44428,0.84709,1.32665,2.19247,-0.56008,0.30759,0.18335,0.22514,-1.07107,-1.37692,-0.40249,-0.0201,-0.59845,-0.55936,0.67584,0.09966,0.2416,0.26527,-0.75028,-2.00161,0.96817,1.42179,-0.37707,-0.38669,-0.26068,0.92025,-0.07482,2.10285,-1.88941,-0.04879,-1.4896,-0.45888,-0.08968,2.60251,1.96926,-0.08248,2.41318,1.29895,-0.36676,0.50536,0.20348,-0.28492,-2.57717,-0.93085,0.55114,0.16007,-0.50679,-0.57064,-0.19525,-0.85491,-0.23203,-0.60307,0.08749,-0.02391,1.31165,-1.34996,0.32319,0.74809,-0.17996,0.87746,0.21172,-0.39572,-0.1044,-0.45507,0.68652,0.13966,0.17796,2.19216,-1.9555,1.17435,-1.31317,1.563,0.27961,0.58211,0.51757,0.79739,-0.04161,-0.2094,-0.82902,-1.18439,-0.23514,-0.83203,-1.04276,0.8923,2.0329,1.16987,0.39978,0.59021,0.67714,0.86844,-0.94194,0.60983,0.87104,-0.43887,-0.00231,-2.4025,-1.19837,-1.81459,-1.42858,0.81739,1.60434,-0.96416,1.35843,-0.38976,-1.01371,-0.02077,0.66503,0.85568,1.06215,-0.36734,0.63175,-1.02951,1.33447,0.21139,0.06561,0.04679,0.4491,-0.2809,0.58176,0.18932,0.05375,1.68659,0.92567,-1.57305,0.03233,0.15096,0.53582,0.01815,-2.02097,-1.16378,0.0331,0.69025,0.88573,0.35014,-1.00073,1.18126,0
1.73043,-0.49104,2.09287,1.84164,-1.01682,0.75697,0.20097,2.26012,-0.83684,0.39536,-0.62352,-2.28399,0.645,-0.57373,0.97329,-1.24783,-1.02645,-2.85287,-0.08798,-0.09647,-0.96157,-0.67077,-0.35446,-1.83219,-1.59233,-0.77391,0.18084,1.77447,-0.27138,-1.37404,-0.30245,0.72845,-1.46182,-0.60613,1.78253,1.72679,-0.48157,-1.6118,0.76514,-1.15373,-0.58297,-0.46581,-0.2785,0.88792,-1.66676,-0.49075,-0.71497,-1.26146,-1.28355,0.75587,-0.83765,1.02394,1.07232,0.72313,-0.45366,1.39232,-0.00885,1.12077,1.83298,-0.36892,1.53721,-0.78067,-1.59576,1.12915,-0.4447,1.36997,-0.9612,-0.90767,-0.85289,-0.15147,-0.58215,-0.70061,0.63812,-0.42855,1.16021,-0.42473,-1.19199,1.1576,0.83919,1.61842,0.43105,0.24783,-1.13088,-0.35557,-0.57567,0.78719,0.24323,1.30555,1.82167,1.0799,-0.35893,0.4845,-0.47092,1.47244,-0.57743,-0.0389,-0.45656,-2.52217,-1.96906,0.11212,-2.34161,-1.7545,-0.15781,0.13038,-1.13188,1.184,-0.20949,1.37778,-1.62198,-0.13811,-0.13046,-0.77261,-0.66161,0.16001,0.93247,-1.5126,-1.04146,-1.72844,0.09994,-0.60917,-0.35079,-0.71064,-0.82038,-0.88264,0.54671,0.47924,0.22683,-0.32836,-0.30269,-0.95558,-0.4075,0.91912,-1.64013,0.33811,-0.52624,0.90614,-0.47421,-1.77016,-1.45796,0.51677,0.19357,-0.86923,0.64098,0.10905,0.42079,-0.74193,0.77133,0.1373,1.57688,0.30471,-0.74276,0.21054,0.74826,-1.29435,-0.08683,-0.89191,-0.03873,-0.27121,-1.24807,0.5856,-1.27087,1.13343,-1.06244,-0.29334,-0.20083,2.38289,-1.70604,1.59995,1.03218,-1.31478,-1.54738,1.45902,-0.44546,0.1513,-2.01742,0.60996,0.65155,0.26348,0.60023,1.5316,0
-1.68555,2.00897,0.73369,-0.9822,-0.37641,-0.48295,1.61989,-0.89646,0.08993,-0.17259,-1.02254,0.31932,-0.4615,0.81874,0.47665,1.17088,0.74169,-0.74322,-0.60126,0.38445,0.77102,-1.07437,-0.55505,-0.34797,-0.37454,-0.43175,-0.21242,-1.23886,-0.02028,1.52494,0.59339,1.10246,0.14498,0.79769,-0.33836,0.66343,1.80403,0.18597,-0.923,0.36382,0.05102,-0.28688,0.51489,1.81838,-1.59466,-0.48413,-0.57713,-1.04251,2.06102,0.11316,0.79594,-2.29539,-1.80502,0.98465,-0.75814,0.86153,-0.44822,0.22242,-0.35933,-0.2696,0.73562,0.42702,-0.58834,2.00946,-1.24864,-1.58573,-0.5527,0.4547,-1.49331,-1.26507,-0.35666,2.82855,0.61094,2e-05,-1.69298,0.55519,0.79175,0.5405,0.78932,0.24679,0.09453,-0.3935,0.81884,0.60492,-0.40679,-0.33245,-0.67685,-0.66759,1.28514,1.42313,-1.0893,-0.13981,-0.0968,-0.45744,-1.45548,0.82924,0.22115,0.38065,-1.30376,1.12657,0.65822,1.06763,1.52152,-0.24051,0.89273,-1.33418,0.69584,0.41117,-1.41031,-0.48181,-1.12233,-0.0119,-0.98801,1.19617,-0.15354,-0.5488,1.15383,-0.33285,-1.11969,0.14076,-0.26003,-0.55676,0.16477,0.87099,-0.82386,-0.4838,0.49589,1.067,-1.36645,-0.53133,-1.19011,-0.0451,0.09114,1.84726,-0.45537,0.76823,-0.26193,-0.82353,-0.20518,-0.3547,-0.38639,0.4355,-2.05001,0.06862,0.1189,-1.9907,1.28316,1.05844,-0.88452,-0.2797,0.39696,-1.90662,0.5666,1.00044,1.45752,-0.84893,-0.1788,1.75983,-0.19929,-1.07519,-1.43295,-0.81439,1.35346,0.24941,0.75544,1.0482,-1.2805,-1.38986,-0.27877,-1.57188,-0.71678,1.40412,-0.15734,1.2537,0.9804,0.73587,-0.30349,-0.8347,2.07723,-0.7402,0
-0.86078,-2.4893,0.37928,-2.18369,-0.6215,-0.84099,-0.49478,-0.53355,-0.81955,0.05465,0.85596,-0.18469,0.47647,-0.69479,-0.14839,1.08152,-0.83169,-0.54506,0.56955,0.30718,0.01779,-0.03959,0.65993,-0.07039,0.32682,-0.50348,1.31846,-0.02027,-1.36583,0.96293,-1.26409,-0.41714,0.55069,0.48531,1.23842,1.18817,-1.38913,0.0569,0.38621,-0.05833,-1.41148,-0.2544,-0.63751,-2.77388,0.04606,-0.04231,-1.34007,-1.36895,-0.26571,0.78715,0.88189,1.2236,0.06425,-0.84252,-2.07888,0.9409,0.89658,-0.3064,-0.27713,0.25125,0.4045,-0.11184,-0.91603,-0.53276,-1.72756,-0.79868,-0.02256,-1.08745,-1.42078,-0.36531,0.11256,-2.23832,0.79402,-0.09787,-0.38265,0.74786,-0.75381,-0.98957,1.3905,-1.51291,0.3832,-1.46958,1.13563,-0.45192,-2.66357,-0.21396,-0.31857,0.12724,0.2312,-0.90165,-0.19123,-1.68236,0.51629,0.16012,2.08992,-0.45548,0.88645,-0.96365,-0.01791,0.3617,-1.11457,1.67496,-0.7321,-0.07532,-0.8245,0.50038,0.44203,0.56097,0.51811,0.2137,-0.71697,-0.62198,-1.65729,0.5259,0.37715,0.11109,-0.41074,0.69731,-0.10823,2.44216,-0.71263,-0.11071,-0.50883,0.8096,-1.47469,0.19864,0.18911,1.46684,1.39204,0.20422,0.25191,1.51238,1.50245,-0.70549,1.55713,-0.90772,2.35375,-0.76968,-1.29006,-2.06843,0.09827,0.48642,-1.06913,1.72064,-0.08551,-0.02896,-0.29808,0.75163,-0.69448,0.7302,-0.21055,0.40112,0.20819,1.643,-0.29749,-0.14506,0.65357,-0.10658,-1.15372,-1.33293,-0.40128,1.17878,0.02952,-0.03284,0.00098,-0.64677,-0.94648,-0.75223,-0.21006,1.21588,0.04391,-1.07108,-0.10061,0.08524,1.42871,0.55235,-0.00767,1.007,-0.89312,0.15164,0
1.59169,-0.65318,-1.05731,-0.41384,-0.33648,-1.31326,-0.28769,-0.5598,-0.79918,1.21328,-0.80152,0.0144,-1.13455,-0.07616,1.94901,0.12981,-0.84964,0.07803,0.5333,-0.46382,-0.39597,0.04921,0.80306,-1.07191,0.80963,-2.13197,0.78508,0.01467,0.36515,-0.45833,-0.16315,-0.1991,-0.18404,0.49416,-1.49815,1.21169,-1.04578,-0.59384,1.11542,-0.75942,1.15566,0.07571,0.56883,-0.02901,-0.06593,0.2902,0.486,0.93539,0.35675,-1.6805,0.45533,0.25435,-0.15758,0.44412,-1.20358,0.5334,-0.96085,-0.36845,1.06614,0.14531,-1.07249,-0.36399,-0.41708,1.36693,-1.2908,0.4483,0.75939,-0.53802,-0.86498,0.43969,0.88693,-1.16578,1.78378,-0.18054,-0.40208,0.4341,0.33579,-0.81739,0.74588,-0.40447,0.03135,-0.04143,0.75207,0.85821,0.19733,1.01121,0.43359,-0.2376,0.59415,-0.53794,-0.1907,-1.39455,-0.47878,-0.09313,0.45259,-0.06003,-3.45932,1.4599,0.34262,0.80517,0.41818,-0.55389,-0.41728,0.04076,1.41239,0.07754,-0.6448,-0.31614,1.77,0.82645,-1.54836,-0.3892,-0.30667,-0.06897,-0.44352,1.503,0.45503,0.84729,-0.71337,-0.39421,-1.266,-0.77066,-0.3522,0.70348,-1.78525,-0.94326,0.28517,-1.28518,0.99143,-0.71578,-0.10401,0.53595,0.49259,-0.86307,0.06119,2.60399,0.44101,2.63833,1.3393,0.80283,-0.0436,0.45524,0.3615,-1.20825,0.32186,0.58195,-1.55659,-0.6646,-0.0995,0.99429,-1.60965,-0.53474,1.07435,-1.07579,-0.35068,0.39714,-0.6543,0.55043,-0.04002,0.57152,-0.5956,0.17395,0.56818,-1.78343,0.4778,0.58296,-0.26494,0.5292,-1.18745,1.1265,0.26291,1.96052,-2.38755,-0.92978,-1.17443,-0.30694,-0.91632,0.64419,-1.01086,-0.29727,0
-0.54031,-0.84098,-1.05508,0.49587,1.03714,0.09379,-0.43447,-1.31707,0.85226,1.92272,-0.02036,1.1092,-0.53865,0.77501,0.91807,-1.2781,-0.37618,0.6896,1.53198,-1.87913,-0.66703,-1.80307,-1.67219,-1.35759,1.56192,-1.755,2.71613,0.69297,1.73766,1.72719,-0.33807,-0.94684,-1.68935,-0.61403,-0.39076,1.8913,0.58699,-0.41033,-0.64338,0.62989,0.04314,1.94108,-0.33596,0.04671,0.57157,-1.81645,-1.53879,-0.78586,0.82567,0.81253,-1.50234,0.37087,1.34922,-1.36415,-1.94107,0.25773,-0.73359,-1.37341,1.23956,1.11424,-1.87392,-0.26765,0.86358,0.37052,0.59239,-1.08196,-1.0105,3.06906,-2.09576,-1.40055,-2.08491,0.40927,0.36248,0.40321,1.43001,-1.00313,0.22096,-0.86363,0.43667,1.9985,-2.02863,2.01848,-1.23462,0.53675,-0.81867,1.94556,-0.45953,-2.91305,-1.08974,1.84336,-0.61426,-0.02459,1.64133,-1.19354,-1.11753,-0.1245,0.7518,0.21356,-0.21814,0.74956,0.31766,2.04506,0.58805,-0.3217,0.40348,-0.29303,0.52994,0.41817,0.72955,0.34619,0.84298,1.63709,0.0914,-2.03899,-0.96575,0.21362,0.27517,1.01549,1.18502,-1.28321,0.7051,0.66157,0.41907,1.20583,0.27064,0.17304,0.38906,0.5619,-1.02022,1.34606,0.69504,-0.21314,-2.20201,0.60112,-0.25935,-0.40543,0.02451,-0.37725,0.93287,-0.36805,0.68893,0.38591,1.14695,1.2773,-1.66278,-0.72175,-0.92599,-2.01122,-1.21643,0.96622,-1.00295,1.84927,-0.25381,-0.62571,-1.22314,-1.14913,1.84212,0.19043,1.44029,-0.23982,0.48395,-0.47172,-1.97148,-0.1847,0.34927,-0.79273,-0.2585,-1.96788,-0.58132,-1.60402,0.69312,0.25643,0.64484,0.71475,-0.23178,-1.79902,-0.71884,-1.07037,-1.04721,-0.66675,1
-0.79472,1.26194,1.33633,-0.9617,-1.51258,-0.92884,-0.84165,-0.56701,-0.94517,-0.78097,1.73196,0.50776,0.55338,0.38821,-0.26281,0.06998,-0.58341,-1.11333,0.96721,-1.05856,-0.1316,-0.52743,-0.38133,0.35881,-0.81974,0.83313,-0.84843,-0.79283,0.34645,0.49143,-0.71136,-1.84218,-0.85101,-1.26375,-0.71127,1.94522,0.57876,-0.52904,-0.45479,1.045,-0.09914,1.06301,-2.07639,-0.31035,-0.24848,-0.46583,-0.31515,2.05587,0.03709,-0.29775,1.37308,0.18559,-0.48103,-0.34727,-0.22776,1.60818,-1.37828,-2.04798,-0.28277,0.71128,2.03101,0.47938,-1.1741,-0.63592,1.34648,0.30828,1.13929,0.94731,-1.51507,0.88052,0.45903,1.49588,-2.24404,-0.07563,-1.64359,-0.14888,0.96795,0.89587,-0.07138,0.98628,1.11102,0.97279,-0.17996,-0.61781,-0.60957,-0.99328,1.55934,1.10757,0.19173,0.63195,-1.83398,-0.0735,-0.89963,0.57733,-2.65667,-0.44947,-0.32742,0.05911,0.57856,-1.52423,-0.3321,0.65249,0.47966,-0.35123,0.10782,0.95866,-0.72125,0.13709,1.02803,2.10687,0.07163,0.93701,-1.67869,1.91701,-0.5499,-0.79782,0.10217,0.15099,0.36329,0.59437,-0.76334,0.30158,-1.29043,-0.22714,-0.03378,-0.22794,1.04105,-0.9434,0.10892,-0.03355,1.14798,1.56691,-0.49642,-0.19781,0.51812,1.99508,-3.96574,0.49512,-1.70599,0.45089,1.46404,-0.2327,-1.87232,-0.13395,0.08359,-0.00767,-0.7465,-0.15108,1.31108,0.27264,-1.18273,0.51531,1.25634,0.4106,1.40778,1.61131,-0.62551,-2.31505,1.29278,0.51879,-0.19633,1.5098,-0.80238,1.60082,-0.24223,0.87293,-1.31996,1.25791,1.19859,-1.47494,-0.24565,-1.15944,-0.42324,0.86221,1.18678,1.21967,0.61795,-0.30744,2.35456,0.38385,0
0.58853,1.41745,-2.14842,0.57824,0.33343,0.9358,-0.87655,-0.58947,-0.61999,-1.54204,0.28484,0.94319,-0.47046,-1.0721,-1.06542,0.92943,0.60525,-1.81824,-1.73052,0.70787,0.92734,1.14098,-1.33013,-0.37964,-2.15361,-1.18046,-0.49133,1.3106,-1.38453,-1.22894,-1.61067,-0.33885,1.01195,0.66907,0.52426,-0.86357,0.82498,-1.10292,0.39094,-0.03118,0.65166,-1.25748,-0.85755,-0.25252,0.92265,0.38435,0.17338,-0.85572,-1.75618,1.32061,0.4144,-1.11989,0.44699,-1.59934,1.65915,0.7841,0.56577,-3.30269,0.75546,0.41134,0.77483,-1.58643,-0.61573,-0.92894,-1.34186,-0.24312,-1.89537,0.77288,-0.36771,-0.07558,1.12937,2.24265,-1.37745,1.45369,0.1488,0.46821,1.20457,-1.21488,0.48386,-0.54709,-0.43245,-0.54665,-0.18779,0.49793,0.0062,-1.49114,0.29757,0.41595,0.63449,0.25241,-0.46512,0.38555,-0.92367,-1.10274,0.64489,-1.54597,2.09868,0.06232,0.27242,-0.49515,-0.93703,-0.36627,-0.1111,-1.27133,0.06634,-0.3233,-0.66073,0.27592,-1.1342,1.00325,-1.00114,-1.53186,-0.01315,-0.29389,-0.8228,1.17951,-1.86166,0.45335,1.74654,-0.5022,-0.62298,0.43929,1.11292,0.03291,0.76118,-0.10285,-0.26562,0.93921,1.71907,0.63711,-0.17067,0.53017,-0.12967,0.77264,0.0041,0.40192,2.79216,-1.42722,-0.15272,-0.44656,-0.95091,-0.5273,-0.21005,2.35533,-1.29069,-0.60965,-1.11164,-0.07136,0.81096,0.23949,-0.99331,0.96134,1.1277,1.97766,-1.87702,-1.4383,0.66812,0.17685,-0.26999,0.91247,-0.8972,0.65762,0.30273,0.94961,0.58241,0.8971,0.91598,1.99741,1.2805,-0.24696,0.29109,1.1113,-1.48858,1.22582,1.87554,0.77067,1.66967,-0.58444,-1.18688,-0.27714,1
-0.24549,-0.9649,1.78758,1.16024,0.85866,0.85972,-1.5468,0.10015,1.07209,-0.01005,0.7033,0.60345,0.79101,-0.1673,-0.16229,-0.46095,1.46325,0.68395,-1.41835,0.51257,-0.47842,-0.07439,-1.11723,0.09881,0.64539,0.08743,1.0395,-0.78855,-0.32244,1.04887,1.5254,1.13057,0.72577,1.59466,0.32259,0.6817,-0.05884,0.3614,0.90183,1.73998,-1.30238,0.32055,0.27727,0.2285,0.07849,-0.24464,-1.55928,0.87157,-2.38107,1.00913,0.74982,2.27154,-0.58705,0.29048,1.19252,0.1978,-2.11801,-0.17114,-0.61246,0.66745,1.01615,-0.19817,-0.08466,-0.16987,0.77622,-0.40683,0.67686,-0.9638,0.67471,-0.3609,0.92222,0.10404,-0.68093,0.27817,-0.79786,-0.0155,0.90851,-1.32377,1.22165,1.0135,-0.43856,0.70881,-1.3658,0.5481,0.48051,-1.10566,0.04826,-0.69814,1.05857,0.10865,0.5402,-0.2978,0.54138,-1.28777,-1.10546,0.98729,0.80629,0.98032,-1.0321,-1.35191,-1.33464,-1.28811,0.35484,0.36592,0.37449,1.29172,-1.14775,-1.05598,0.85789,0.63995,-0.48211,1.68701,1.6759,-0.28791,-1.83044,-0.05981,0.96128,-0.54244,-0.259,-0.306,-1.03618,2.42782,-0.0988,-1.4266,-2.11862,0.16706,-0.13102,1.36763,-1.43565,-0.02186,2.4477,2.07018,-0.00062,1.68443,-0.25023,0.34588,0.71986,-0.00083,-0.83147,-1.1322,-1.75705,1.03739,-0.29668,-0.25066,-0.17417,0.45762,0.70329,-1.25656,-0.0334,-0.42931,1.20228,-0.00172,-2.09357,-0.85658,1.39201,-0.80402,0.38571,0.67153,0.9354,-0.31252,-0.35139,0.62784,1.569,-0.28751,0.83797,-0.22724,1.86665,3.12689,-0.81588,-0.20952,-0.30652,0.05611,0.77415,0.24543,-0.88515,0.35387,-1.56162,-0.515,1.01537,-1.09771,1
-0.55819,0.16072,0.32741,-0.67083,-0.7265,-1.33337,-0.54905,-0.22956,1.56178,0.1898,-0.27597,0.49888,-1.20082,-0.92113,-0.98591,0.37995,0.68599,2.14672,-0.09411,0.70529,-0.02728,2.94966,0.12568,-1.2384,0.82619,1.32544,0.39143,-0.15475,-0.40005,1.75617,1.29525,0.78709,-0.29485,0.85642,-0.86194,-0.07353,-1.86192,-1.04734,-1.14098,-1.12061,0.31447,1.04323,-0.39393,0.50405,-0.24384,-0.29354,-1.35306,0.46917,-2.34855,0.55423,-0.19693,-0.48314,-0.64933,-1.29978,0.73851,-0.72927,0.47995,-1.27383,-0.40521,0.85552,0.86021,1.71152,-0.28413,0.24226,-0.26649,-0.42029,1.44521,-0.17086,0.15223,-0.34446,0.24964,0.09036,-1.3512,-1.27877,-1.15009,0.50826,-0.4034,1.15433,0.97219,2.41225,0.70539,-1.16393,0.69201,0.56758,0.34454,-0.51428,-0.42695,1.10478,0.63571,2.10448,0.93609,1.13995,0.39135,0.94055,-0.46888,0.16271,0.26092,2.18767,-0.42836,-0.50701,1.12236,0.64479,0.02662,-1.46112,0.47445,1.58113,1.09087,1.12195,0.05717,1.8956,-0.94084,0.38195,0.69545,1.45614,0.76717,-1.23515,-1.06039,1.36309,0.35896,0.02477,-2.2,-0.55836,0.84992,-0.72671,0.68726,-0.4618,-0.15962,0.17229,-0.19027,1.88157,-0.16895,0.57341,0.15497,-0.06559,1.51518,-0.60007,1.46741,0.02704,-0.23946,0.50171,0.32287,1.82827,-0.38942,-0.31991,-2.02097,0.17631,0.44348,1.41517,-1.38397,0.79479,0.11147,-0.98302,-0.99441,-1.00172,0.75768,-1.0739,1.07082,1.21851,1.14316,-0.74253,-0.88711,0.80211,0.5336,0.18299,0.71178,1.0697,-2.30615,-0.59557,-0.24451,-1.26018,1.04574,-0.16015,-1.96543,-1.497,-0.06487,0.71747,-0.81557,-1.82471,-1.01229,-1.0021,1
0.34822,2.5587,0.55291,0.35022,-0.68705,0.53739,-0.18084,0.61452,-1.11188,-2.43352,2.00262,-0.24994,-0.8197,-0.03792,-1.61085,-1.3471,0.41269,-2.28025,-1.6623,-1.49904,-0.52808,0.71503,-0.44181,-1.27184,-0.80362,-0.88145,0.98775,-0.33483,0.52872,-0.63155,-1.04811,1.15915,-1.23462,-1.61311,1.24421,1.72943,-0.38931,0.76869,1.67233,1.81314,0.64161,-0.32519,0.1325,0.35933,-1.72158,0.66195,-0.37407,0.15492,1.27528,-1.29018,0.95609,-0.56224,-0.60654,-1.20426,0.87517,0.13157,0.09416,0.92809,0.28244,1.16233,-0.30018,0.73535,0.95414,0.49593,0.37152,0.87731,1.41217,-0.2459,-0.0959,0.34052,-1.34647,0.58566,1.32789,1.29407,-1.6889,-0.21401,0.14059,-0.39797,-1.69218,-0.07034,0.29116,0.08407,-1.3787,-0.1059,-0.32291,-0.06218,-0.10275,1.29789,-1.76221,-0.32296,-0.97123,-1.43141,-1.39455,-1.87367,-0.45735,0.00184,0.19697,-0.05656,-1.97442,-0.22919,-0.93111,-1.36925,-1.56281,-1.68138,-1.5505,-0.349,1.91013,-0.91669,-0.54165,-0.08464,-0.37959,-0.21066,0.62565,-1.00445,0.23194,4.16478,-1.95141,-0.70079,-0.56976,1.16202,-1.35009,0.42974,-0.85443,1.24829,0.13938,-2.11942,-3.26887,0.76255,1.68251,1.37294,-1.02395,0.96445,0.37345,0.82814,-1.82233,0.84782,0.80808,0.02458,-0.22269,-1.33932,1.11981,1.13554,-0.08232,-1.42448,-0.18054,0.77056,0.57087,-2.41154,-0.41785,0.4774,2.39838,0.77361,2.33716,-0.17945,0.13485,-0.10204,1.09069,0.06129,-0.45454,-0.14961,-0.262,-0.82785,-0.0245,0.64949,0.80732,-0.63452,-0.22823,0.31765,0.58444,-0.12066,0.0546,-0.44675,-0.61054,-0.80863,0.03714,-1.0519,0.02015,0.22833,-0.78619,-1.04735,0
-1.14884,0.11149,1.10238,0.66572,-0.26653,0.46059,0.76995,-1.112,-1.58765,-0.36078,-0.89741,0.81056,1.13662,0.43992,-0.9454,0.01051,2.1971,0.19735,0.28773,0.12126,0.4402,0.31597,-0.36453,-2.11805,0.20367,0.57372,-0.1501,-1.60988,0.36204,-0.27763,0.04225,-0.33874,0.4875,0.34668,1.15408,-0.07257,1.31281,-1.54668,0.53809,1.09707,-1.10646,1.13738,-1.44616,-0.59705,-1.04642,0.09719,1.66394,0.31435,0.11509,1.17283,-0.8294,0.08816,0.04699,0.29906,2.39612,-1.6764,0.06538,-0.87282,0.53351,0.84047,1.15696,0.82746,-0.30112,-0.21629,0.75623,-0.82684,-1.26918,1.32595,1.48307,-0.99274,-0.8859,0.24028,1.65975,0.83268,0.6869,0.40789,0.27331,-0.71917,-0.35383,0.66326,0.97528,-1.18283,-0.84787,0.889,0.30227,0.86949,1.92173,0.0054,0.27541,1.0513,0.66062,0.3461,-0.63637,1.47207,-0.84302,-0.70864,-0.61401,1.03217,0.91909,0.15611,-0.26516,-0.25123,-0.26007,-0.11281,0.46912,-1.01059,-0.79322,-0.29268,0.74505,0.50229,-1.15568,0.14932,-0.34034,0.96997,1.1512,0.65807,0.23883,1.65817,0.91663,0.37684,1.0833,-0.53083,-0.18284,-1.91556,-0.957,0.79382,-0.7688,0.86506,0.15207,-0.18907,-0.656,0.51539,-0.58066,-1.54252,2.62091,-0.45521,-0.58772,-0.57992,0.51813,0.19026,-0.92238,0.96516,0.71946,-1.57197,0.75139,-0.48315,-0.3188,0.27271,0.3363,1.02141,0.62765,-0.74577,0.65122,-0.98969,-0.74184,-0.47568,0.05479,1.26749,0.19905,0.70665,-0.15802,1.49628,-0.32913,-0.41426,-0.1479,0.07195,0.02282,1.49803,0.25035,-1.81073,-0.12192,-0.89358,0.85952,0.96976,0.30713,-0.1968,0.76225,0.26017,-0.56672,-0.64099,0
1.79005,-1.47298,0.48481,-0.58887,0.7936,1.76143,0.36147,0.72505,-0.70409,1.05732,-0.83027,-1.42819,-0.5382,1.79057,-1.17105,0.62567,-0.68938,-1.4213,-0.15326,-0.76301,-1.32176,0.18788,-0.18746,-1.6085,-0.08345,0.17021,-0.53423,-1.24373,-0.47142,0.83147,0.33436,0.48073,1.48735,1.91422,2.16062,-0.01863,-0.74838,-0.79396,-0.48098,0.11359,-0.37141,-1.31686,0.24324,-0.46641,-2.67756,0.69867,2.10688,-0.21162,1.2915,-0.96449,-1.32108,0.33356,1.15454,-0.47798,-0.47642,-1.52562,-0.15908,-0.91631,1.03017,-0.17883,0.74552,0.16369,0.18113,0.73123,1.35453,1.9697,0.30425,0.72006,-0.28267,-0.35787,-0.60268,-1.35845,-1.18268,1.40194,0.16238,-2.02774,-0.10455,-2.16878,-1.62269,-0.68592,-1.52607,1.10262,0.99246,-1.01144,0.30743,1.81038,-0.18555,0.26339,-1.53254,0.20318,0.52908,1.06132,0.69987,-1.83025,-0.79925,-0.74266,-0.07068,-1.32427,0.57267,1.19661,-1.12892,-1.29979,0.52227,1.94705,1.38589,-1.05121,1.93098,2.08402,1.62947,1.96701,-0.18688,-0.58512,-0.04827,1.27539,1.04586,-0.12689,1.42672,-0.31431,1.97325,-0.6707,-0.55375,-0.40027,2.73181,-0.23448,-1.64855,1.49396,-0.93515,-0.30438,0.53492,1.67896,-0.76311,-1.27422,0.3728,-1.73279,1.42032,0.09889,-0.95937,-0.21947,-1.13782,-0.20812,0.98391,0.2553,-0.16657,0.134,0.96179,-0.0822,-2.07975,0.06537,-1.23195,-0.37267,-0.36707,0.56873,0.74383,0.87361,-0.68587,-1.00566,-0.9472,0.24845,-0.33884,-1.18448,1.26605,0.63933,-0.00256,0.82583,0.3641,1.80674,0.30576,-0.06061,-1.86644,0.41681,0.50304,-0.50675,-0.77022,-0.25498,-1.17413,2.35615,-0.91943,0.78599,0.70309,0.24266,0
-1.01452,1.12181,-0.34714,-0.92908,-0.02334,-0.06139,-0.30966,-0.30815,-0.04446,0.70311,0.13234,0.46955,-0.88568,0.6605,0.40675,-0.41618,0.21352,0.41058,0.79196,0.67758,0.19489,-0.42516,0.67068,0.50207,1.4965,-0.00928,1.00111,0.56557,1.11128,-0.65341,-0.41269,-0.29616,0.35036,1.69214,0.01154,-0.71169,1.3673,0.38606,-1.01552,0.78219,-0.4275,0.83169,0.14235,1.04278,-0.80031,-0.29518,0.9225,0.70204,-1.51052,1.37251,-1.47646,-1.5198,-0.91398,0.23949,0.18541,-0.10622,-0.46756,0.80902,-0.4116,0.22922,-1.14186,2.03172,0.48393,-0.78891,-0.82324,-0.72122,0.50815,0.33333,-1.96307,0.55292,0.70417,-1.6625,0.10668,1.53846,1.50068,0.46827,-0.11813,0.8999,-0.94502,0.48768,-0.8414,-0.16079,-0.56801,0.95996,1.66911,0.51583,0.39518,-0.8576,0.61208,1.94218,0.48629,-0.15809,-1.00943,0.32658,-0.89362,-0.23849,-0.62181,-0.26105,-0.66594,2.08515,-1.17136,0.39546,-1.00693,-0.01788,0.14896,-0.50339,-0.4063,1.07015,0.27207,-0.60294,0.52771,0.78327,2.16531,0.72275,0.5114,0.42566,1.00434,-0.02512,-0.55844,-0.39677,-0.34108,1.95788,-0.05669,-0.68884,-0.25565,1.17857,-0.28739,-0.80084,-0.21641,-0.5077,-0.28609,-0.69538,-0.73341,-0.87179,-1.01249,-1.3171,0.20592,1.14688,-1.87868,0.47969,-0.31747,-0.95058,-2.0377,-0.25197,-0.13679,1.14609,-0.4075,-0.36021,-1.14645,-1.06339,-1.13552,0.1718,0.29539,0.07743,-2.15622,-0.94327,0.39931,-0.54519,2.14238,1.03311,-0.45163,0.82859,-0.47906,1.16846,0.26279,0.56434,1.49668,1.43937,-0.14288,0.9296,1.67675,-0.78917,0.83176,0.52787,-1.83097,2.06304,0.79158,1.06563,-0.27871,1.30317,1
-0.66618,0.16964,-0.13367,-0.70308,0.62184,2.54228,-0.91751,0.02248,-1.25367,-0.64124,0.70331,-1.14051,0.26625,-0.72446,-1.12547,0.92453,-1.75434,-0.76124,-1.19674,-1.92829,0.31632,-1.08939,0.06807,0.38793,-0.28314,-0.36641,-1.33871,-2.30716,0.26584,0.08577,1.17881,-1.04695,-0.82852,2.15044,-0.76955,-0.25106,0.67677,0.73054,-0.58391,-2.61893,-0.52519,1.74576,-0.33644,1.7729,0.49035,0.72745,0.01994,-0.97156,0.4346,-0.43143,-0.84716,-1.38132,1.14064,0.56229,-1.68449,0.03385,1.63608,-0.30046,0.12626,0.50547,1.09238,1.21811,-1.91569,0.14106,-1.4303,0.35843,-2.15449,-0.35676,-0.08503,-2.81525,-0.97258,-1.01736,1.13532,1.50212,-0.19211,-0.82149,-0.31153,-0.67509,-1.47767,-1.00071,1.20905,0.11834,1.02879,-0.40503,-0.45326,-0.23701,-0.08923,-0.98379,-1.43346,2.17375,-0.5771,-0.27738,0.49721,0.80755,0.47196,1.07108,-1.06769,-0.18775,-0.4335,1.09389,2.41177,-0.78404,-1.20037,-1.30969,-1.06061,1.82274,0.56462,-0.51111,0.23,0.70716,0.92504,0.0241,0.14015,-1.53437,0.69673,-0.28463,-0.82984,-0.55884,-0.83155,0.31251,1.40059,-0.02302,2.04347,-1.1365,0.83028,-0.79109,0.99247,-1.61976,0.88963,-0.45898,0.66634,0.64526,-0.6283,0.15249,-0.26812,-1.50889,-0.36528,-0.17289,-0.82225,0.60034,-0.91678,0.49119,-2.28854,0.27045,1.34338,-1.81243,-1.25787,0.53508,0.70098,-0.2729,0.53568,-0.35239,0.22204,0.50972,-0.00769,0.2053,0.11709,0.35064,0.86734,-1.97854,-0.5228,-0.52624,-0.4382,0.10835,1.1291,0.49059,-2.46757,0.67873,-0.72061,-1.01941,-0.15196,-0.11297,-0.36327,0.0243,-0.38537,-0.41262,-1.12453,0.165,0.56994,0.06037,0
-0.55594,-1.16805,0.72566,-1.03323,1.67636,-0.28358,0.11628,-0.4276,-1.42045,-0.52818,-1.90851,-0.98477,-0.05788,-1.89774,-2.1049,-0.12897,1.68855,-0.33169,-0.28836,0.28389,-2.02496,-1.13758,-0.16924,-0.02216,0.51432,-0.9522,-0.39358,-0.25888,0.80774,-0.50485,-1.29669,0.59156,-0.551,-0.43854,-1.93774,-0.49979,-2.59952,2.55011,0.35225,1.77603,-1.422,1.51896,-0.62677,-0.86168,0.88373,0.94875,-0.75984,-1.05699,-2.693,0.79285,0.13539,0.0973,0.57997,-0.33244,-0.32065,0.05755,0.32694,-0.15925,1.10143,0.5735,1.49615,-0.22942,-0.76456,-0.61738,-0.54107,0.29689,0.8589,-0.3927,-0.06592,1.70006,-0.8844,-0.54137,-0.28225,-0.40516,-0.2784,0.0956,0.10504,-0.50774,-1.47594,-0.37915,0.40969,-2.15799,-0.69114,1.75938,1.61389,-0.59828,-1.18904,0.24104,-0.0052,1.26676,-0.19473,1.90338,-0.40307,-0.94304,-0.82644,-0.6758,-0.10073,-0.78908,0.44617,-0.09553,0.73774,0.53788,0.87756,-0.17222,-1.19894,0.14749,-1.83166,-0.03643,-1.37868,-2.01815,-0.01962,-1.32321,2.22103,-1.86,-1.27357,-0.0196,0.49718,1.40415,0.35821,-0.40736,-0.79591,0.04436,0.16675,1.15819,1.98597,-1.11341,1.91552,-0.33042,-1.10265,1.20903,-0.12676,0.91765,-0.27057,0.31729,-0.38668,-0.26886,0.75317,-1.78075,-0.54833,-1.54577,2.09136,-1.44402,-0.78863,0.44588,-0.29672,2.29302,-1.04011,-1.32225,0.46065,-0.24217,2.58857,-1.31693,-0.20799,-1.32644,0.48089,0.70478,-0.36387,-2.88274,-0.70778,1.21922,-0.33209,-1.1882,0.2039,-0.55424,0.92412,-1.36974,0.83948,-1.38165,-0.43668,-0.74506,-1.16428,0.48529,0.20527,0.5691,1.03531,-0.72869,1.45956,-0.58502,-0.87637,-0.30346,0
-0.90193,0.71125,0.32488,0.8773,-0.76588,-0.03386,-0.82594,1.94884,-0.01936,-1.6724,2.21972,2.14382,-0.6642,2.38522,0.06093,0.49586,1.9117,-0.38578,0.007,0.6172,-2.4621,0.03105,-1.01686,-1.40619,0.67422,-1.42112,-0.56641,1.80081,0.94473,0.1302,1.98538,-1.01568,-0.31314,0.93791,1.49783,-0.92515,-0.51989,-0.1846,-0.86741,-1.91443,-1.88699,0.14946,-0.45073,-0.31823,1.02102,-0.18829,-1.35331,0.70629,-0.33103,-0.59688,0.02104,-0.36564,1.34685,0.39044,0.38611,0.78738,-0.20287,-0.56174,-0.46779,0.18413,0.72435,0.68375,0.47393,0.30652,-0.54856,0.27212,0.25291,-0.44619,0.99223,1.48671,-0.3578,-0.9679,1.41423,2.65803,2.08695,-0.71834,1.22678,-1.36971,1.814,-2.24973,-1.0512,0.56758,-0.6497,0.45334,0.3649,-0.51785,-0.84309,0.26266,-0.53884,0.28409,1.17256,0.0937,-1.40598,-0.26838,-0.29544,1.66547,-0.9844,-0.00202,-1.02701,-1.4901,0.34078,-0.85862,0.07108,-0.90094,-0.5691,-2.27634,0.93351,1.49609,0.2617,0.38581,1.34038,1.12292,0.87438,-0.11219,-1.13011,1.00432,3.15411,-0.31621,-0.02999,-1.19163,-1.5662,1.37499,-0.22279,-1.50944,-0.20549,-1.68877,0.18535,-0.84954,-1.42469,1.22725,0.03911,0.50797,2.35922,-1.48394,-0.73171,-1.60475,-0.81519,-0.17597,-1.11797,-0.95709,1.11353,-1.32187,1.23353,0.47728,0.77221,-1.44682,-0.52531,-0.63741,0.04782,-1.56744,-1.70981,0.07372,1.18908,-2.57599,1.35232,1.39571,-2.4908,-0.04859,1.99649,0.47407,-1.87574,-0.60326,0.76141,0.5082,-0.53021,0.80008,1.06689,-0.01493,0.61372,-0.01333,-0.67933,-0.9342,-1.96883,-0.35582,1.05563,-0.011,-0.6438,0.13023,-0.52409,0.98629,1
-0.03109,0.68309,0.63058,2.37583,2.16796,-2.45084,-1.55455,0.29786,0.65894,-1.97958,1.71487,0.39119,0.48578,1.06126,-0.5664,-0.68315,0.65869,0.2468,0.05629,1.12844,-0.67656,0.26742,-2.66172,-0.87954,-1.25961,-0.54603,1.06332,0.29052,-1.13019,-0.67697,1.03127,-1.58344,0.33557,-0.05574,0.73193,-0.44996,-0.11572,-1.1317,-0.22732,-2.45738,-0.76085,0.71849,0.75203,0.70184,-1.95979,0.14697,0.56809,0.27571,0.23855,-0.13782,-0.21124,-0.05274,0.80009,0.96353,-2.05282,0.48147,-1.07172,-0.88657,1.06404,2.06905,0.56098,1.18129,1.28811,0.0402,0.16346,-1.75641,1.22942,2.3407,0.22005,0.67181,0.23691,0.02988,0.55049,1.41745,-0.15147,-0.28237,-1.27434,-1.22323,-0.98755,0.62012,-0.44737,-1.11929,-1.38852,0.27669,-0.04373,-0.6346,1.01957,-1.13545,0.49618,0.91244,-1.28436,-0.4277,0.32048,1.02445,-0.25978,0.30149,-0.36486,-0.90765,0.51353,0.55092,-0.68967,-1.02632,-0.10673,1.31933,1.57687,0.82766,-0.79171,-0.59967,-0.41723,-0.46787,-1.50119,-0.20775,1.19931,-1.18379,-0.95865,-0.24612,0.49363,0.75865,0.5026,-0.09448,0.31926,-0.69366,-1.63393,0.73098,-0.03434,0.39687,1.28338,-0.70356,1.14128,0.4739,0.00757,2.1987,0.40621,-0.43211,0.87437,-0.4986,1.37907,0.23971,0.03298,0.04233,0.0247,-0.58226,-0.06767,-0.82129,0.81541,1.0529,0.13998,1.3087,-0.02896,-1.15976,0.37003,-1.02937,0.2008,-0.41704,-0.6923,0.29852,-1.32198,-1.31552,0.81142,0.2841,-0.57301,-0.37678,-1.73461,0.04336,-0.54208,-1.78138,-0.44689,0.44594,-1.07103,1.18768,-0.93284,-1.12425,-0.01033,-1.23402,0.51791,1.77702,-0.94554,0.54263,-1.22563,0.35307,0
-0.08331,0.02934,-1.63845,1.12761,1.14595,-0.39244,-0.64019,-1.43535,0.41915,-1.69368,0.43253,0.04376,0.03246,1.03794,-1.06728,0.97845,1.56483,1.22354,0.76242,1.20804,-1.34083,2.2321,0.39248,-1.40483,2.85197,1.03644,-1.8651,0.92175,0.29647,1.16393,0.64414,0.84208,1.22528,-0.16738,0.79108,1.26475,-0.86297,1.19546,-0.40281,-0.30775,0.46959,2.25997,0.05072,0.69883,0.65017,0.11518,0.30091,0.51592,0.80774,-0.8121,0.20453,-0.65306,0.24043,0.03379,0.97659,-1.50052,2.03661,-1.60035,1.74514,-0.29959,0.45862,-0.87069,1.04158,-0.98661,1.64887,1.08304,-0.42569,0.38225,-0.65956,0.35891,0.84489,-1.12947,0.44073,1.22024,-0.61177,-0.11836,-1.12529,-0.14115,1.01155,0.01576,1.69286,0.14584,0.31379,-0.63266,1.00498,-1.15124,-0.61229,-0.73254,0.54758,0.3919,-0.98987,-0.07614,-0.52634,0.15975,0.82684,-0.4593,0.29293,-1.57122,-0.27761,0.19167,1.21002,-0.83499,-1.17132,1.79437,-1.3086,1.19909,0.5989,0.49962,-0.01024,0.51624,1.28719,1.29974,-0.03779,0.55306,1.27949,0.2529,1.23548,-1.86138,0.35716,-0.37323,-0.0185,1.44631,-0.64478,0.43041,-0.03123,0.32352,0.82886,-0.71614,0.62492,-0.40824,0.31445,-0.46045,-0.22955,-0.98195,0.41707,-0.32003,0.78304,0.75987,1.08165,0.95111,-0.41837,0.84953,-0.3458,0.33716,-0.79453,0.45695,0.39431,-0.37424,-0.16761,-0.60901,-1.41673,-0.42172,-0.16949,0.51777,0.66804,0.89749,-0.01894,-0.99011,0.31196,-1.34699,-0.12881,-0.21012,-1.64887,1.51242,1.24078,-0.59751,0.75378,0.57314,-0.33429,0.42177,1.04572,-0.01828,-0.38166,0.63019,1.25194,0.44164,0.09106,-0.97005,0.67903,-0.80291,0
-1.08642,1.22545,0.98137,-1.3649,-1.47951,0.542,-1.52965,0.23975,-0.20161,-0.31027,0.30338,0.40309,0.4702,-0.87458,-0.10605,-0.95089,-0.49328,-0.1304,0.42166,-0.62662,-0.12404,1.71765,0.49973,0.17933,-1.58354,2.12738,0.04485,-0.60407,0.73427,0.23998,1.03712,0.34595,0.19065,0.20452,-1.89643,-1.03739,0.5686,-1.4234,0.25036,-1.5214,1.6882,2.94731,0.88667,-0.75327,0.08121,-1.22132,0.20544,-0.98571,-1.25862,-0.39465,-0.59989,-0.03222,-0.00414,-0.61331,0.09553,0.14694,-1.99172,-0.88255,-0.49285,0.78953,1.40836,0.36092,-1.05438,-1.81383,0.76057,0.20521,1.25589,-1.39988,0.67106,0.78291,0.17417,0.8787,-0.60057,-3.06689,-1.73549,0.17554,-0.21052,2.00217,-1.06578,-1.24574,1.07331,-0.14693,-2.82041,3.02082,0.65607,-0.73877,-0.1511,-0.1937,-0.25083,-1.38727,-2.18945,-0.60976,0.16894,-0.86124,-0.13845,0.19878,0.22301,0.49711,-0.2036,-0.46989,2.48417,1.59928,0.0897,1.08563,-1.211,-0.35471,-1.01089,0.26065,-0.37479,-0.14592,1.64576,1.51875,0.69749,-1.03789,0.45415,-1.29301,0.39277,-0.84662,-0.17301,-0.05064,1.15417,0.11715,-0.25043,-0.02868,0.02037,1.82639,0.34497,-0.86787,0.7558,1.2686,-2.17277,0.67591,-0.06293,-0.13834,1.58515,-0.80908,-1.06692,0.83919,-0.90475,-0.42367,0.68227,0.0446,0.43035,-0.32073,-1.52985,0.25901,-1.68685,-0.19445,-1.97674,-0.19003,0.78501,0.01253,1.12686,0.10594,0.8077,1.01503,-0.78217,-0.03955,-1.04059,-1.31266,-0.07541,0.65101,-1.07412,0.16977,1.63468,-0.87699,-1.14998,-1.26738,0.43617,0.18408,-2.68684,0.62464,0.31184,-0.90013,-0.08402,1.69487,-0.74851,-0.78887,-1.18014,-0.93024,0
0.45817,-0.41409,0.61453,-1.24385,-0.6491,-1.14023,0.0594,0.49446,0.41173,-1.88114,-0.67167,0.02979,0.7105,-0.19791,-0.1368,-1.04682,-0.95806,-0.10271,0.03338,1.31066,0.8301,-0.66979,-0.45109,0.2268,-0.53046,0.60461,0.79082,-0.94548,-0.35345,0.37106,-0.30597,-0.42484,-0.56871,0.46013,-0.00417,0.44565,-0.32551,-0.69619,1.16705,1.75377,-0.37874,-0.99972,0.29294,1.44759,-0.18537,2.07734,2.09484,-0.24107,1.72836,-0.41434,0.86894,-0.44868,0.13969,1.20208,-0.29571,1.84259,0.27804,-1.28062,0.19971,0.14361,-0.12585,-0.81207,-0.44807,-0.10555,0.3078,-0.31855,-0.08146,-1.26149,-0.26554,-0.29604,-1.34491,2.23003,0.17373,-1.19145,-0.26158,-1.24006,0.86324,-0.27842,-0.69954,-0.67912,0.18568,-0.94154,-1.45677,0.74051,-1.04957,-0.35408,2.11671,1.42401,-0.23688,0.30429,-1.27257,0.00235,-0.12487,-0.26793,1.38125,-0.70344,1.05358,0.58539,-0.26528,-1.52846,0.62105,1.10334,-1.18395,-0.57627,0.86707,1.17364,0.1287,0.1496,0.85035,0.15555,-0.16954,-0.53146,-0.06511,2.08172,-0.08391,-0.17861,0.28789,-0.59139,1.57092,0.07433,-0.35188,-1.04546,0.11634,-1.84731,-0.37673,-0.4858,-1.66892,-0.28454,-0.22228,1.03866,1.1195,-0.7519,-0.37743,1.79862,-1.59558,-1.79084,-0.64501,-0.42327,-0.19827,0.4864,-0.53318,0.78504,0.17087,-0.29508,0.38126,0.49109,0.2713,-0.80357,0.88613,0.17941,1.13828,-0.82104,-0.63462,-1.1526,-1.84078,1.24213,-0.22188,0.35883,-0.18424,0.58061,-0.01393,-1.40079,-0.36131,0.488,-0.19225,-0.55811,-1.90556,-0.00776,0.31679,1.10558,0.16096,0.08523,0.66936,-1.32415,-0.4891,-1.70699,1.17371,-0.63337,0.88248,-0.14444,0
0.33819,-1.16561,1.51235,-0.82052,1.46546,0.91299,-0.62665,-0.63034,-0.32535,0.74441,-0.82048,-0.99615,0.52978,-1.03179,0.78459,1.42063,-0.73986,1.59752,-0.45282,-1.36699,1.92578,1.35985,1.19994,1.18063,1.44964,-0.58914,1.39629,-1.54688,0.06281,-0.33819,-0.362,-1.39714,-0.43456,0.76675,1.48526,0.13583,0.37796,-1.13897,-0.21029,-0.48651,0.18977,-0.11418,0.38582,-0.29036,-0.2787,0.82089,1.00265,3.36146,1.40185,0.3757,0.92086,0.07743,-0.87971,-1.1309,-0.80612,0.31361,0.11101,-1.71106,0.78416,0.34202,0.0295,0.03285,0.11097,0.32592,-0.32498,-1.3114,-0.0583,-1.65681,-1.08417,0.36088,-0.2709,0.05693,-1.50973,-0.04002,-1.81041,-0.07095,-0.06611,-0.49329,0.49231,0.03367,-0.90902,1.91765,-0.66804,-1.26666,0.20759,-0.68711,-1.78925,-0.33251,-0.4315,-0.60422,-1.20557,-0.44569,0.36355,2.38687,-0.17926,1.25716,-2.80081,0.50596,0.80779,0.45048,0.11029,-0.68119,1.01261,0.91304,0.34234,-0.13208,1.50141,0.28565,1.46794,-0.10677,-1.21529,-1.72339,-1.16485,1.58178,0.61142,0.80164,-0.11732,-1.5973,-0.41277,-0.01506,-1.15281,-0.74334,0.6951,0.16142,-0.06788,-0.24339,1.13421,-0.10971,2.03255,0.03923,1.42693,0.07264,0.12592,-0.652,1.58243,-1.17447,-1.72201,-1.25896,-0.50785,-0.71391,0.24154,-0.78728,-1.66829,1.77156,-2.11122,0.82471,1.36232,0.22133,0.80178,0.04097,-0.50001,-1.2547,1.21643,0.12898,0.43074,-0.2918,-1.38335,-1.33393,-0.85372,0.08701,-0.8198,-0.05813,-1.07881,0.845,0.59425,0.33193,-0.3261,0.30211,0.30428,-1.10502,1.03069,-0.67649,1.34416,-0.30033,2.17975,0.46525,2.48492,-0.75862,0.43714,-2.47085,0
1.3858,1.74085,0.40865,1.0377,-1.18931,-0.23056,-0.30512,-0.20308,1.11752,0.5646,-1.08139,-1.44274,-0.85051,-1.64195,0.09882,-1.2005,0.20052,-0.05079,0.20472,1.14486,-0.24481,-0.38949,-0.71023,-1.08423,-0.08593,-1.61522,0.44205,-1.85567,1.01142,-0.61815,-0.61715,0.7508,0.43407,-2.60897,-1.16802,-1.36516,-1.67759,-0.17581,-0.46898,0.79458,0.00776,1.34245,-0.24041,0.93225,-0.03244,0.24205,1.11929,-1.6981,0.80135,-0.33377,0.19485,-0.1178,1.70649,1.08486,0.57965,0.5351,0.43352,-2.67205,0.29797,1.57272,-1.64101,0.11057,-0.30411,0.42385,-1.04802,-0.15518,1.343,-0.10264,0.69914,0.47179,-0.54625,-0.74791,0.03678,1.87253,-1.57573,-1.71465,-0.62549,-1.52565,-1.77848,-0.68253,0.71893,-0.37025,0.65177,0.42579,1.34361,-2.30595,1.73925,-2.20655,0.71783,-0.4007,1.66787,-0.48918,0.55193,1.19095,0.86808,-1.41618,0.13715,0.47177,0.15559,-0.4776,1.88221,1.60475,1.56401,0.60103,-1.36012,0.2492,-0.03413,-0.96018,1.14983,-1.09531,-0.97789,-1.80704,0.22237,-0.22068,-0.99268,0.44209,0.00782,0.63434,2.41346,0.34926,-0.04282,0.98665,1.2828,1.32578,-1.63646,0.77832,-0.92496,-0.11415,0.00828,-0.06368,-0.44442,1.11511,-0.16376,1.53394,0.29383,0.70027,-0.16516,2.24055,1.10235,-0.6053,-0.90599,1.23658,0.56778,-0.03995,-0.61928,-0.69953,-1.69859,0.6084,0.29806,-0.00356,-0.021,-1.24703,1.35077,0.60149,1.37107,0.56581,1.08205,-0.3149,1.35402,-0.63863,-0.64555,1.62958,-0.24134,-1.54983,0.17962,-0.68195,1.37443,-2.03645,1.61717,0.19207,-0.26131,0.27116,-0.01795,-0.8584,0.19747,0.75548,-0.90519,0.3339,-0.31453,-1.95392,0
-0.69436,-0.43627,0.19688,-0.52216,0.79422,1.1197,0.57084,-0.3431,0.23244,-0.64827,-1.22244,0.52861,-1.24789,-0.54361,-0.2576,0.21612,1.53631,-1.9959,-0.7694,-0.43294,-0.92335,0.33656,2.54344,-0.11142,0.1973,-0.2811,1.20567,-0.0547,-1.26719,1.75533,-0.01236,-1.27592,-0.5259,-0.85736,-0.71799,1.2594,0.26675,-1.60018,-0.10361,-0.54462,2.20874,-0.19106,-1.53017,1.54252,-0.53815,-0.85109,-1.07786,1.07664,-0.41705,-0.26714,0.30586,0.62608,-1.19914,1.00821,-1.37563,0.35544,-0.23874,-0.91235,0.51076,-1.52847,1.62508,1.32477,-1.54516,0.79575,-1.4378,-0.88618,0.24942,-1.32107,3.2819,0.2173,-0.18682,-0.41855,-1.79166,-1.91406,-0.52222,-0.59492,-1.97836,0.71894,-0.31861,-0.91798,0.06675,0.18691,0.76537,0.11244,-0.48941,0.40703,-0.35702,-0.74132,-0.37744,0.4564,0.47501,-1.07872,-0.15203,-0.94491,0.4822,0.80801,0.71924,-1.66175,1.54335,-0.22154,0.16725,0.10203,0.55193,-0.74025,-1.9893,1.08686,-0.04319,-0.08502,-0.3819,-0.21765,0.3584,1.63772,0.95162,-0.33948,1.56613,-0.47904,1.22202,2.02504,-0.4582,-0.24492,0.36784,-1.0123,0.34394,-0.08973,0.50801,0.44532,0.44009,-0.70235,-0.03885,-0.71826,-0.39545,-1.1632,-1.0712,-0.31577,0.27705,-0.38516,0.7659,0.13529,-1.86621,1.48067,-1.13087,0.50375,0.83008,0.3778,-0.33628,0.30671,-0.22195,0.76095,-0.88305,-0.05567,0.87966,0.21259,-0.07892,1.14474,-1.30873,0.76901,0.38674,1.12396,0.369,0.36267,-0.35019,0.27932,0.96122,1.61056,0.13233,-1.26833,-0.69572,-2.04448,0.43889,0.82761,1.19592,-0.15769,0.12923,1.09411,-0.20831,-0.46241,0.54391,1.25995,-1.12147,-1.34632,0
-2.52619,-0.1704,1.26015,-2.41709,1.16098,0.3538,-0.67637,1.7974,-1.60825,0.65801,0.09857,-0.28251,1.2686,-0.42477,-1.71245,-0.50523,-0.08786,0.64696,-1.07058,-0.6427,-1.69447,0.41574,0.10225,0.09886,1.06194,-0.77714,0.83253,1.56853,-1.01409,0.20524,-0.497,0.37851,1.34457,2.12899,0.11263,0.40358,0.9002,-0.24348,-0.76559,-0.69221,1.30742,-1.42531,-1.25554,-0.46372,-1.57814,-0.27297,0.51691,0.00236,-0.62381,0.53485,0.55505,-1.1777,-1.15731,0.10358,0.76067,-0.65775,0.82318,1.18635,0.95336,0.41273,1.18808,1.86022,-0.43954,0.93548,-1.3691,1.36205,1.76635,1.7623,0.48186,0.53077,-0.00568,-0.7757,-0.27469,-0.16891,-1.82374,-0.12515,-0.64045,-0.43579,-0.41004,0.31578,0.91371,0.60192,-0.28972,0.33322,0.50079,0.45373,0.01746,-0.57645,-0.44443,1.12161,0.02015,0.42243,0.68085,-0.70138,-0.14181,0.1746,0.63159,1.26999,1.11119,-0.30574,0.8,1.49662,-0.56064,0.94509,0.11496,-0.16306,-1.86537,-0.98495,0.3916,1.86856,0.12488,-0.00622,-0.63388,0.39592,0.70014,-0.18956,0.19535,-0.60866,-0.5229,0.12685,0.14996,-1.34483,-1.26971,0.28597,0.7439,-0.70119,0.19081,1.49703,0.49925,-2.43848,-0.86589,0.1821,-0.39233,0.22929,-2.33392,-0.36971,-2.22585,-0.75593,0.44892,-0.60189,-0.34558,-0.46682,0.84148,2.38997,-1.02487,0.79264,0.12099,-0.27289,-1.02658,0.74271,-1.19631,-0.71819,-0.34828,0.09487,-0.40067,0.34462,1.05285,-1.0825,-0.44745,0.92649,0.08793,1.40402,1.23708,0.296,-0.62496,-0.46343,0.34019,-0.48609,2.51016,1.17636,-0.15581,-0.19078,1.62541,-0.57483,0.6499,0.11587,-0.91757,0.29735,-0.841,0.02337,1
0.48697,-2.27056,0.19317,-0.06425,0.21286,-0.06663,0.37772,-1.30765,-0.70211,-1.08858,-0.44539,0.19716,0.7714,-0.4236,2.4171,-0.53517,-1.03028,-0.13334,1.01368,-1.45765,0.29709,0.60212,-1.19773,-0.07038,0.38165,-0.60366,-0.62794,0.9471,0.52686,-0.36483,-0.2403,-0.08866,3.42538,1.11451,2.78673,-0.79631,2.05195,-1.0464,1.18603,-0.09013,-1.23299,0.3049,2.4063,-1.77457,-0.07764,0.35973,0.27513,-0.66327,2.42921,-0.2642,-0.38446,-0.21071,0.51029,1.33741,0.60985,0.20188,-0.07958,-0.13461,1.04407,0.4647,0.56062,1.34438,-1.16792,-2.59697,-0.10393,-0.78447,0.62107,0.75473,0.50215,-0.2124,2.34065,-0.68735,-0.4102,1.41227,-0.26008,0.40148,-0.97596,-0.06724,1.52646,-0.54522,1.64465,0.461,1.02639,0.69128,-0.62115,-0.48558,1.6917,-0.78831,-0.7825,-0.13888,0.08267,2.5082,0.00911,-1.23688,0.40858,-0.29132,-2.19094,0.35169,0.62041,0.91928,0.48414,-0.81922,-3.05192,0.40762,0.53469,0.53912,0.27275,0.10697,1.6751,0.27102,1.79666,-1.48496,0.52493,2.26183,-1.70122,-0.6034,-2.45803,1.12052,0.98055,0.50504,-0.16457,0.81535,0.19339,0.46965,1.72338,-0.8424,0.94012,-0.47842,0.89572,-0.29131,1.97874,0.53107,-2.93583,-0.25036,1.04452,0.71071,0.68733,0.10392,-1.83999,-1.31616,0.8028,0.96468,0.71039,-0.07571,-2.41898,0.21479,0.80961,-0.06246,0.85063,-0.06044,-0.42496,0.27383,-0.84429,-0.51126,0.69076,0.88718,-0.28507,0.65575,1.52187,-0.40934,0.79162,-1.83353,-1.52667,-0.69696,0.91157,-0.25184,-0.42013,2.04895,-1.20927,0.46275,1.64605,-0.33464,0.03746,1.54779,-0.43599,2.11946,-0.32916,1.04437,0.58548,-0.03726,1
-0.76091,1.16167,-0.95546,-1.46211,-0.03343,0.64881,2.08625,1.55045,-0.72845,-0.92719,-0.12508,-0.05852,-1.79803,-0.35268,-1.72668,-2.22638,-1.09174,-2.36962,-0.203,1.72849,1.09611,-0.7879,0.27051,2.00885,-0.58996,0.1854,1.53901,-0.43492,1.61299,1.2099,0.15962,1.40839,-0.78228,0.48094,0.44051,-0.23489,0.91866,-0.13974,-0.13409,-0.85456,-0.41592,1.39008,-0.6134,-0.82763,0.67695,0.30769,-0.68546,-0.26494,-1.60344,1.02019,-0.40131,-1.13307,1.72637,0.28034,0.5018,-1.18397,0.527,0.83628,0.00555,-0.58516,-0.71833,-0.95739,-0.12561,0.11824,0.12617,2.84072,2.11482,-1.29776,-0.67729,0.846,0.50572,1.35037,1.8272,-0.05436,-1.97324,0.96498,-0.08643,1.52896,-1.04882,1.09444,-0.46584,-0.03266,1.00753,-0.86662,0.03099,0.3369,-0.24945,0.47918,1.00748,0.47925,-0.62951,0.86434,0.2827,0.51543,0.05385,0.67326,0.00486,-0.10806,1.02228,-0.72058,0.49137,-0.06451,0.07075,-1.02799,-1.16371,-0.41322,0.82745,0.63883,0.3232,0.36277,-2.4342,0.17369,-0.61431,-0.39097,-0.48771,0.29199,1.05303,-0.1094,-0.26819,2.21479,-1.02885,0.08117,0.3228,1.11001,0.10191,1.37231,-0.96263,0.54133,0.81228,-0.00434,0.13784,-0.22615,-0.58114,-0.08335,-1.96102,-1.09243,-0.18009,0.46042,0.72553,-0.14866,-0.20722,2.26121,0.33611,0.69134,-0.23016,0.97653,1.46439,-0.27908,0.87594,1.44911,0.09341,0.18882,-0.25005,0.40277,1.0744,-1.65706,-0.58245,-2.61133,-0.82589,-0.16224,0.65294,-0.63861,-1.80904,-0.05691,0.83368,0.97619,-2.91504,-1.26146,-0.18942,-0.39609,-0.76911,-1.62413,-1.15812,-0.07991,0.79152,-0.08565,0.96915,2.22042,-0.58969,0.3822,0
-0.20357,-0.58957,1.26301,0.06899,0.04813,-0.27475,-1.1929,0.29251,1.11173,1.53359,-0.31641,-2.01589,-0.20484,-0.16553,0.618,-2.12463,-1.82777,-1.72312,1.03895,2.26676,-0.09954,-0.01489,1.23416,0.79565,-0.30052,1.49988,1.26332,-1.69397,-0.94756,-2.11004,-0.59003,-1.24193,-1.29508,-1.0828,0.30309,0.92635,-1.29898,1.78151,-0.8305,0.70632,0.07744,-3.32789,1.2079,-0.18766,0.81957,-0.70706,-1.24828,0.22959,-0.39553,1.66968,-0.39658,-0.08569,1.365,0.12947,-1.76845,1.65167,1.37964,-0.59383,0.99308,-1.18318,-2.0837,-1.01911,-0.59059,-2.01493,-0.21028,0.00273,0.4169,-0.3971,-0.35778,0.74908,1.85041,0.02935,2.28502,1.3958,-1.11787,0.04313,-1.0163,0.30527,-0.4552,-0.60803,-0.04886,-0.49968,0.33297,-0.42737,-1.1597,-0.84571,0.56258,-0.6996,0.61351,0.74405,1.11351,0.71254,-0.29026,0.75823,0.08317,0.33831,0.47865,-0.31797,-1.61228,0.19479,-1.76557,-0.43234,-1.04976,0.41316,0.57342,-1.83222,0.74676,-0.3079,-0.38037,-0.55373,-0.1233,0.31293,-0.97424,-0.32826,1.6676,0.32802,0.29999,-0.28708,-1.91091,-0.83173,-0.66617,1.64924,-1.16185,-0.55439,-1.0687,-2.09158,1.98696,-0.06831,1.10217,0.68202,-0.98464,-1.13196,-0.47703,1.4328,-0.4208,1.6047,0.36504,-1.67416,0.74683,-1.61451,0.45911,-0.72934,-0.0687,0.82038,0.10425,-1.84078,-0.44436,0.21208,-0.65797,0.00063,0.73828,-0.01406,-1.28882,-0.4236,0.20074,0.65662,0.23472,-1.28443,-0.48826,-0.56125,0.95605,-0.16865,-0.01481,-0.66516,-1.19462,0.53944,-0.47092,1.18963,-0.23575,0.21611,-1.14217,0.1476,1.9717,0.74331,-1.19395,-2.18249,-1.17129,0.60692,1.46096,0.57481,1
-0.54326,-2.28997,-2.18741,1.20198,-0.44978,0.42342,-0.16078,-1.39293,-0.90478,0.4771,-1.08806,0.81566,1.06948,0.93151,-1.42953,-0.84612,-0.05865,0.15973,-1.87321,-1.43655,0.91584,0.89751,0.01997,-0.32687,0.14367,-2.71215,0.39642,-0.21927,-0.16869,-0.30477,-0.27764,-2.0913,0.22279,-0.26963,2.01054,0.0952,0.68473,0.77489,1.10309,-0.85617,-0.36472,-0.88421,-0.42021,-1.15444,0.07794,0.01732,1.2949,-0.42516,0.04926,0.50157,1.60074,-0.0454,-0.26208,-1.73075,-0.34387,0.66101,-0.55708,0.92985,-0.76765,0.3299,1.49552,-0.83372,-1.76855,-0.96528,0.18139,-0.43241,0.74674,-1.64577,0.92845,-0.82164,-0.54567,-1.1763,-0.38297,0.72739,-0.85583,-0.00464,-0.32728,-0.37279,-0.70902,1.16481,0.93324,0.65169,0.06063,-2.51385,0.6554,0.32741,0.61932,2.04311,0.41082,-0.62056,0.77372,0.19701,-0.37947,-1.23838,2.3459,0.95529,-1.1674,-0.58472,1.11204,0.14821,-0.19386,0.86346,-0.29053,0.30799,0.3727,-0.56512,0.35673,2.13659,1.29552,1.65335,-0.39633,1.57926,0.69958,-0.96652,-0.00785,-0.34054,0.87008,1.24115,3.06451,0.71363,0.68363,1.28143,-0.62685,0.0343,-0.17193,2.78933,0.25543,1.60239,-1.09876,-1.16066,-0.05887,0.22838,0.98957,0.89893,0.41603,0.55578,-1.30227,-0.19911,0.46737,0.20767,0.81678,1.32172,-0.73163,0.35723,-1.13732,-0.31962,-0.44092,0.12465,1.51772,1.12197,0.39147,1.50227,-1.19352,-0.47325,1.23451,1.50344,0.50044,0.34865,-0.2366,-0.35744,1.4998,-1.27736,-1.31967,-1.19458,-0.73491,0.36181,-0.36959,0.25404,0.82105,0.28966,0.84915,-1.28209,-0.93841,-0.15363,0.23299,0.48405,0.42867,-0.06176,0.50464,0.72465,0
1.04788,1.72851,-0.09289,2.64986,-0.05695,0.29258,-0.26439,-0.42491,1.7716,-0.75173,2.22888,0.73771,0.32544,0.08535,0.25031,0.11038,-1.00251,-2.40352,-0.90739,0.10186,0.31762,-0.29393,0.25822,0.5175,0.86934,-0.10217,0.47093,0.08725,-1.19773,1.51472,-0.56568,0.80521,0.19485,-0.56508,0.33992,1.33421,2.75754,2.01785,-0.04753,-0.51795,0.41162,0.37739,0.4038,-1.39188,0.45099,-0.30635,1.15666,0.28031,-1.36533,-1.3801,-0.17938,0.93342,-1.14551,-0.80111,-1.52469,-0.87716,0.35688,0.28637,0.51023,-0.56733,-0.02579,0.70389,-0.12525,2.16173,1.53933,-1.36848,0.24441,1.56718,1.56466,0.20029,-0.6002,1.80263,1.12998,1.41391,-0.8146,0.36636,-0.63777,-0.21375,-0.44205,0.15649,-2.18104,1.3804,1.3825,-0.39976,0.5297,0.60968,-0.03343,-0.59717,0.9372,0.69968,2.10937,-0.80371,-0.7157,-0.15126,0.03834,-0.59385,0.9671,0.16353,1.90276,0.66371,-0.63848,-0.15777,0.87763,0.44885,1.81882,0.09914,0.13783,0.07762,0.36305,0.46063,0.92119,0.23338,0.64365,0.65051,0.39464,-0.30361,0.86802,-0.63812,0.65973,1.81593,-0.26555,0.4849,0.545,-2.222,0.37141,-0.48532,0.57904,2.19275,-0.25715,1.07177,0.41143,-1.27713,-0.9904,-0.90805,-0.40611,0.24208,-0.42534,0.53702,-1.78932,-1.65488,0.76572,1.17353,2.93038,-0.99863,1.48055,-0.66778,-1.23089,-0.3136,-0.16451,-1.61932,-0.49957,0.84178,0.05857,-1.4428,0.84361,-1.35172,0.5321,-0.03129,-0.57144,-0.05774,1.43316,0.93463,0.97317,0.69564,0.31892,-0.37856,-0.17774,1.17711,0.82693,1.31255,-0.91477,-1.60895,-0.31676,-1.76147,-1.11094,-1.6474,-1.41367,-1.34183,1.98494,-0.67274,0
1.03143,1.71976,0.58656,0.24809,0.95446,1.15304,-0.68636,1.12193,2.54211,-1.44082,-0.86563,0.5397,-0.02203,-0.33611,-0.29518,0.75733,-2.14793,0.67508,-0.84674,-0.96545,0.88205,0.93475,0.77997,1.17511,-0.93136,-0.2881,-0.07878,1.6642,0.93668,0.24242,0.63441,-1.73622,0.25803,-0.33299,1.14572,0.0231,-0.40787,-0.06888,1.15891,-0.6838,-0.55331,-0.50091,0.35338,-0.24977,-0.84866,2.75445,0.54663,1.83211,-0.17262,-2.45654,-0.0146,-0.81029,0.17622,-0.50173,-0.18795,1.55029,-1.47914,-0.02124,0.65058,1.67624,-1.17123,-0.27393,1.45975,0.87461,-0.54712,-0.49936,-0.65327,-0.16615,1.00171,-0.19061,-1.80241,0.54011,1.00373,-0.68029,-0.97828,0.30899,-0.76787,-0.40679,-1.71411,-0.0536,1.24168,1.0191,-0.60392,0.45755,1.04059,0.97338,2.3908,-2.66479,-1.17927,0.23337,0.08903,-0.3264,-0.80837,0.49972,0.11649,-0.56639,-0.63779,0.02544,1.0137,-0.23103,-1.24758,0.85544,-0.68118,0.52899,0.34312,0.80989,-1.55702,0.37118,0.38665,-0.61838,-0.94486,-1.85281,0.35798,-0.27229,1.13935,1.85774,-0.59036,0.83278,-1.22189,0.28503,-0.0163,1.81779,-0.40173,2.21293,-0.92292,0.68424,0.73276,-0.11004,-0.60908,-0.33867,0.33158,-1.02444,-2.20003,1.71171,-0.57296,-0.43476,-2.43249,-1.60919,0.28718,-0.46112,0.01281,-0.19084,0.83495,0.14936,-0.6781,0.65096,1.04162,0.6652,-1.46246,0.62276,-1.33546,2.16764,1.90589,-0.17307,2.57251,-0.74407,1.93732,-0.6364,-0.55204,0.85421,0.42575,-0.79217,-0.14104,-0.34039,-1.11781,-2.49422,0.44415,1.18995,-0.20974,-0.02829,-0.09979,2.25982,1.42616,-1.16252,0.17407,-0.21421,-0.47396,0.57283,-0.04573,1.29745,1
-1.26619,0.01322,-1.58214,-1.88763,-1.18774,1.21631,0.40246,0.88256,-0.62651,-1.22401,1.69649,0.9222,-0.68356,-1.14485,0.3882,-0.92867,-0.80168,-0.46065,-1.3258,-1.51584,-1.72205,0.48611,-0.0385,-0.22268,0.38049,0.07172,0.63856,0.71717,0.86421,0.43004,2.14222,0.38955,-0.68074,1.0726,0.03642,-1.09296,0.29032,1.53626,-0.11776,0.09066,0.24089,0.9558,1.21796,1.87179,0.7564,-0.83333,-0.17126,-0.61176,0.33553,-1.50855,-0.25252,-0.29876,-0.30407,1.10112,0.97093,1.94061,0.79906,1.33907,-0.51674,0.71217,1.46292,1.93221,-0.25131,0.26174,-1.66465,1.19088,-0.92973,-1.15612,0.44607,-0.59749,0.79061,0.1968,0.099,0.18822,0.54368,0.14101,0.08024,1.51529,-0.11977,1.34538,1.25981,-0.5147,0.09434,0.45822,0.30426,0.9463,0.60821,1.11327,0.84634,-1.01272,0.66482,1.20484,-0.39469,0.40108,-0.08485,-0.2481,-0.62931,-1.74692,0.14913,1.52158,0.52289,0.59669,0.40874,-1.57194,-1.13241,-1.08072,-0.50691,0.16262,-1.01474,1.5996,0.48902,0.19878,1.19351,-2.21412,1.38162,-0.59624,0.30067,-0.3031,1.85198,1.79328,-0.17874,-0.22388,-1.70039,-0.00232,-1.54566,0.23717,-1.92817,-0.00441,1.85543,-0.25062,-0.67487,-0.57845,-0.44883,-0.14216,-0.79098,0.09552,0.87694,-0.50711,1.46501,-1.863,0.72306,0.80035,0.05549,-0.47324,-1.1505,-1.14908,-0.84239,1.8781,-0.55351,-1.87207,1.76235,-0.64036,-0.4749,0.34416,-0.46775,1.01878,-1.13279,-1.22517,0.15675,-0.71053,2.1405,1.71156,1.80709,0.28788,-0.54479,-0.99895,0.79751,-1.89292,-1.62984,2.42273,0.17326,-0.30183,0.00761,1.47928,-1.09182,0.07261,-0.8105,0.73923,0.1683,-0.58308,1
-1.18344,0.13968,0.18742,1.07504,-0.15996,0.22186,0.68254,-0.45681,-0.517,0.35294,-0.92084,1.64662,1.03051,-0.25196,1.01997,-1.18554,0.50439,0.63007,0.2493,1.78965,0.10542,0.98089,1.36313,0.66091,1.06397,1.01078,-0.09523,0.61265,1.28375,-0.07676,0.79298,1.75303,1.07965,3.46448,-1.54309,-0.587,-0.45804,-0.68571,0.66843,0.75566,1.02739,0.31106,1.24854,0.79949,-1.65985,1.33107,-0.81859,-0.75979,0.68216,0.052,-0.44076,-0.6427,-0.61107,0.02174,1.29789,2.54178,-0.57975,1.40991,-0.45876,-0.63481,0.58632,-0.39499,-0.90765,2.16099,-0.0822,0.66249,-1.19166,-0.4425,0.43932,-1.22615,0.3291,0.50784,-0.1591,-1.68063,0.3459,0.5119,-0.5537,0.19811,0.66635,0.41695,-0.61023,0.78539,-0.86399,-0.34226,-0.39515,0.26036,-1.18888,-0.94208,0.63046,-0.3752,0.21256,-0.3303,-0.51892,-0.17552,0.08587,0.10381,0.98791,-0.09002,1.36242,-0.91539,-0.43574,1.36695,1.98106,-1.03749,0.57332,2.03964,-0.55412,-0.47905,-1.78406,1.58856,-1.24543,-0.97807,0.21075,-0.18683,-0.44303,0.89938,0.62749,-1.43773,0.51065,-1.62509,0.31292,1.22174,0.60312,0.14761,0.69556,1.6267,-0.77292,-0.52469,-0.66805,-0.12454,-1.17383,0.10336,1.48568,0.40513,-1.1358,-0.92816,-1.70523,0.07891,0.23872,-1.78759,1.07961,-0.87989,-0.83762,-0.93612,-0.08316,-1.2584,0.13026,-0.10702,0.39245,-1.24507,-0.63601,0.72461,-0.17687,-0.2352,1.22296,-1.58794,0.81196,0.83536,0.20258,0.90572,0.87132,0.39243,-0.30918,1.43949,0.77424,0.56007,-0.15648,0.88768,-0.19165,-1.0564,0.62211,-1.85113,-0.13061,0.79151,-1.15362,0.57984,-0.3433,-1.30359,-1.64482,1.29182,1
-0.40988,-1.10521,0.32789,-1.19011,-0.48774,1.40428,0.33939,-0.63791,0.36969,0.05172,1.37543,0.0517,-0.81919,0.77615,1.10995,-0.44314,0.09192,-1.04369,0.77973,-0.92333,-1.6169,0.93503,0.30189,-0.53629,0.5183,0.74073,1.39628,0.16346,1.15423,1.34118,-1.03099,1.67705,0.06802,0.08346,-2.14211,-0.62222,-1.76136,1.83078,-0.19302,-0.06305,0.14285,2.01218,-1.00824,0.37933,-0.53729,-1.04057,-0.08724,0.15144,-0.23962,-0.58181,-0.257,1.28225,0.62145,0.75366,0.89341,-0.58908,0.93372,2.34837,0.24083,0.18488,-0.06041,0.96251,0.20735,-1.68275,0.48451,1.34691,-0.40895,-0.88788,-0.97482,0.0451,0.42408,-0.32773,0.30055,-0.58637,-0.12207,-0.45714,0.55913,-0.99109,1.1265,-0.03861,-1.00649,-0.72304,-1.45373,0.86042,0.1288,-0.90822,-0.87745,0.06642,-1.39092,0.00561,-0.37294,0.81193,1.36299,0.93782,0.02668,1.03562,-1.13628,1.79523,0.36153,-1.27599,0.83352,3.30062,0.3454,0.10795,1.22374,-0.39368,-0.96931,1.55919,0.36963,0.57672,-1.55731,0.89033,0.40689,-1.66374,0.35561,1.13558,1.55294,1.13365,0.02868,1.5713,-0.45148,1.17984,0.68396,-0.4076,-0.00839,0.13681,-1.56683,0.88134,-0.2315,2.20777,-1.00819,-1.13403,1.49386,0.82956,0.52161,0.0025,-1.05665,0.27466,2.05841,0.69836,-1.70215,1.13609,1.07711,0.90354,-0.78884,-1.42927,0.10787,0.35901,0.51346,-1.26029,0.49746,-0.78186,-0.29215,-0.72403,-0.90198,-1.60891,1.49736,-2.73582,-2.03935,-0.71771,0.54625,0.27188,0.98015,0.03461,0.67043,0.67128,-0.84916,1.94763,0.14333,0.49235,0.62927,-0.5635,0.4137,-0.1346,0.05822,-1.39665,0.31805,-1.9822,0.55593,-0.31128,0
-1.02636,-1.15939,0.3803,-0.6587,-0.59019,0.70806,-0.2349,0.23668,-1.08924,1.07806,0.37356,-0.28976,1.14737,1.16074,-0.01323,1.73282,1.6775,-0.01318,-0.40786,0.68998,-1.55726,0.19343,1.34651,-0.74722,-0.91754,-1.14136,-1.089,1.79712,-1.28239,-1.14328,-1.21018,0.36435,0.51374,-0.14448,1.96905,0.48852,-1.23786,-0.90621,0.12744,-1.34554,0.41047,-1.05396,0.00973,0.93206,1.16853,0.3331,-0.13105,-1.8527,-1.01035,0.97974,-0.07986,2.26914,0.27471,0.03641,0.41591,0.94225,-0.1473,-1.65429,0.26829,-1.37698,1.0335,0.53759,-1.08011,-0.04369,0.10508,-1.4464,1.36786,-0.76862,0.44308,0.07528,-0.14133,0.71435,1.52028,0.48513,-1.13411,1.5155,-2.60091,0.07774,2.21577,0.57099,0.23305,0.75718,-0.07518,-0.94567,0.14528,1.35903,-1.55081,-0.72273,1.39814,-0.39693,0.50435,-0.97909,1.66093,-0.03732,-1.40862,0.38853,0.66072,-0.48375,0.868,-0.72022,0.03078,1.42665,-0.95491,-0.35731,1.10302,-0.67348,-1.27903,0.03857,0.42753,-2.15397,0.12915,1.19358,0.15486,1.48459,0.97138,0.811,-1.81341,1.02781,-1.78491,0.32083,1.7257,-0.49822,1.54282,-2.2278,0.55958,-0.28527,-1.21201,-1.75483,0.40994,-0.29639,-1.10733,-0.26813,0.14782,0.35056,0.05924,-0.71227,0.6581,-0.81969,0.33461,-0.93947,1.2278,0.85737,0.38538,0.69857,-0.08522,-0.36329,0.88772,1.24967,2.23116,2.10526,0.89095,-0.99428,1.58837,1.06111,0.8029,-0.39097,2.19823,-0.83474,-1.09565,-0.50932,2.46861,1.11449,0.28379,0.36797,0.91421,1.09454,0.63293,-0.35576,-0.51705,-2.05577,0.60384,-0.63801,0.32057,0.86935,1.27266,0.08109,-1.18449,0.67325,1.59661,-1.90384,1
0.45641,-0.62732,-0.50601,0.79398,0.3706,-1.97854,-0.95293,-0.16241,0.61903,1.67524,0.56,-1.76302,0.45071,0.52874,0.68902,0.68716,1.38788,-0.9154,-0.04632,-0.13105,-1.48038,0.49854,0.02204,0.43852,-0.27677,0.57834,-0.55135,-0.84715,0.16066,0.12581,-0.4053,0.20553,0.11068,-0.51867,-1.55726,0.26002,-0.59231,0.56179,1.4427,0.00816,-1.32982,-0.3279,-0.75845,0.9927,0.00089,-1.15754,0.40146,0.82869,0.92723,-0.42964,-0.33828,-0.37882,-0.25629,-0.73063,0.82702,-0.82446,0.06093,0.39964,0.77626,-0.58817,1.24929,-0.0051,1.41629,-0.39308,0.57546,0.69996,-1.93443,-1.53062,-1.49244,0.86213,-1.07546,-0.10135,-2.55862,1.54442,-0.3184,2.00097,-1.81752,-0.77511,0.71548,0.14542,0.19791,0.67259,-1.04318,0.13609,-0.54626,1.79077,0.06509,2.42849,-0.53112,0.31397,-1.08928,0.38604,-0.8147,-0.04984,-0.44806,-0.40254,-1.17946,1.33453,-1.52453,-0.07302,-2.33691,0.67182,0.24228,-0.65452,0.45774,0.45897,0.21919,-2.6939,0.16891,-0.89388,-1.06174,-0.31703,1.19795,0.40368,-0.69407,0.77506,0.79197,-1.04301,-0.24197,0.81216,-0.47605,-0.077,1.55609,-0.70475,0.22773,-0.21264,-0.72461,0.06716,2.34887,-0.28287,1.13365,0.89171,-0.13341,1.85329,-0.68473,-0.40161,-0.45095,-0.20586,0.68206,-0.64615,-0.44908,0.35504,-0.84682,-0.20635,0.08301,-1.18749,0.06458,1.06804,-1.14667,0.59221,-0.03464,-1.57258,-1.72037,-0.31378,-0.71977,-1.0517,0.38836,-0.85934,-0.99851,0.28108,1.30923,0.82945,0.04716,-1.6915,0.67425,0.91333,-0.57197,-0.24542,-1.48952,1.11994,-1.79746,-1.02885,-0.53516,-0.27263,-1.32328,-0.52727,1.52564,-0.15017,-0.03373,1.77503,0
0.42778,1.64429,-0.14869,-0.33767,-0.95272,-0.00011,-0.04183,-0.7799,1.11619,1.27221,-0.1365,1.48251,-0.1203,-0.78066,2.54131,-0.12008,-0.4252,2.29127,-1.42782,-0.23471,-0.22956,-1.00998,0.27137,-0.60399,0.04061,0.75834,-0.04779,0.44848,1.89794,-0.37348,-0.79393,-0.9919,-0.64218,0.98212,-0.42313,1.27001,-0.0111,0.93173,-0.70239,-0.9997,-0.20443,0.53292,-0.55638,-0.42446,-0.44265,-1.48328,0.88005,-0.26682,0.73494,-1.87177,0.43286,-0.5122,-0.37883,-0.2768,0.28571,-0.13811,-0.91331,-0.20862,-0.9231,0.74561,0.48399,0.16097,-1.34734,-0.47042,-0.71237,0.59091,-0.16674,1.09471,0.21205,1.13467,1.76985,-1.17185,-0.1967,0.31318,0.16872,-0.49107,-0.35293,-1.42013,0.12301,-0.43589,0.95384,-1.48145,0.67298,0.73059,2.54059,-0.38397,-0.26046,-0.54587,0.83254,1.04464,1.52866,0.35845,0.63018,-0.12945,-1.15106,-0.46247,1.11221,-0.56988,-0.47054,-1.33814,-0.16922,0.44781,-0.4523,-0.90115,-0.76362,1.1199,-0.76117,-1.13471,-1.41365,-1.01147,-0.53921,-0.14761,-1.24164,0.26869,0.69751,0.61064,-1.79756,0.20975,-1.95049,0.55304,0.48182,1.18713,-0.32571,-0.80601,-0.10287,-2.12253,2.49205,-0.53281,0.2829,-0.62445,-0.06232,-1.05184,-1.09259,-0.98811,0.45242,-0.5317,0.57959,2.18903,-0.4066,0.8519,-0.51221,-0.151,0.14593,0.2606,-1.30024,-1.49339,-2.29138,-0.65684,0.80336,0.97409,-0.70591,1.37674,2.97636,0.17308,-0.06203,-0.83922,-0.36316,0.45301,-1.78205,1.51344,-1.2604,1.68902,-0.22891,0.97885,1.37084,0.85907,-0.52377,0.05308,-1.44741,1.69427,-0.36549,0.87482,-1.48741,3.38661,-0.00856,0.66588,-0.03326,0.47442,-0.92079,1.27799,0
0.00931,0.16956,0.12872,3.26226,0.21986,0.40536,0.80397,1.37313,1.28152,-0.63861,1.60395,-1.30453,0.26837,0.2576,-0.64531,-1.05041,-1.53784,2.90743,0.78603,-0.36167,-1.1046,-0.97527,-0.27749,-0.85336,-0.07572,-1.1452,0.6855,1.20798,0.31746,-1.45928,1.60239,1.30817,0.21486,0.40998,1.17929,-0.90209,0.30938,0.97208,-1.27698,-0.91795,0.88874,-0.10269,-0.36783,0.10914,-0.23411,0.43595,1.5994,-0.58028,-1.93846,0.66702,0.64654,-0.53767,-1.14461,-0.33731,-0.41889,0.20786,-0.29326,-1.15911,-1.63198,1.73016,0.59547,-0.15749,-1.42269,0.0084,0.54739,0.7454,-0.7276,0.05549,-0.81616,-1.893,0.68091,1.21909,-0.74839,-0.19691,-1.42326,-0.45088,-0.89444,-1.58936,-1.27639,-0.46007,-0.46139,0.54129,0.21836,0.77445,0.93637,0.07283,1.83449,-0.31465,-0.92684,0.96647,-0.18361,0.07453,-0.92509,-2.18618,0.26829,1.51335,-0.01294,-0.72141,1.76879,-1.21149,-0.27768,0.46924,2.13625,-1.28108,1.44251,0.47263,-0.72467,0.43668,-0.09285,-1.07154,-0.83479,1.15698,0.98313,-1.12185,3.81496,-0.80971,1.14874,-1.16785,-0.69919,-0.48144,0.88592,0.25846,-0.65822,-0.14432,2.00588,-0.7928,0.45277,-1.18649,0.94721,-0.43409,1.47933,0.18534,0.12428,0.96562,-0.87714,-1.64051,-0.52665,-0.05578,1.10863,-1.46525,-0.37584,1.47329,0.50152,1.30046,-1.70883,0.94288,1.13265,0.3689,-1.09598,-1.45146,-0.30642,-1.01556,0.04437,0.64072,-1.51958,1.91037,0.49362,-1.19955,-0.22581,-0.53642,2.47819,0.86623,0.33229,-1.07349,-1.41874,0.18682,-0.44,1.07487,-1.01419,-1.04401,-0.84879,1.48639,1.06569,1.10326,0.71103,1.67349,-1.26629,-0.66203,-0.71413,-0.23972,1
1.19489,-0.72856,-0.45058,1.20898,1.84293,1.28111,1.12188,0.50857,-0.64394,1.01097,0.76247,-0.50459,0.89845,0.54972,-0.30948,-0.09778,0.13242,-0.15283,-1.29801,-0.48056,-0.44513,1.33755,-0.84992,-0.7676,-0.28218,1.82799,-0.31308,-0.41653,-0.52681,-0.69431,1.48783,1.31172,1.02629,0.95203,1.30654,0.62173,0.52258,1.24407,0.34421,1.01964,1.26485,0.6903,0.21644,-0.70419,-0.02085,-0.5101,-0.99961,-0.32006,-1.79851,0.50803,0.78462,0.89144,0.13954,1.09667,-0.04458,-0.66019,1.09891,1.31249,-0.47023,-0.92552,0.22838,-1.19112,-2.03774,0.66104,0.7519,-1.47679,-0.75204,-0.15215,0.03004,-0.008,0.5193,1.80457,0.10971,1.54756,0.13245,-0.34185,1.00334,1.1712,0.8649,-0.93944,-2.27686,0.28485,0.5785,-0.34237,0.63063,-1.37689,0.07958,-0.47192,-0.15952,-0.14249,-0.95874,-0.48749,-0.31465,-0.50143,0.76248,-0.33536,0.72021,-0.11501,1.859,1.2251,-0.3376,-0.42126,-1.48302,1.24836,-1.36418,0.51537,0.3721,1.13152,1.405,0.16325,-2.00288,0.7417,0.23064,-1.96577,0.20629,-1.76415,1.22868,-2.04868,-0.25674,-0.06891,0.65202,-0.50884,0.06825,1.74747,1.02613,-0.54103,-1.33602,-1.166,0.19624,-0.95985,-0.48812,0.02929,1.26002,-0.11812,0.76606,0.2055,1.28326,0.98603,0.73891,0.09581,-0.63483,0.277,-1.40806,-1.51234,0.40731,0.95874,0.00122,-0.5209,0.00107,0.79766,1.09039,-0.1719,0.68515,1.44686,-0.16865,1.09446,-0.10809,-0.79788,-1.28669,0.64701,0.4709,0.3536,0.52604,3.25859,0.43054,0.60155,-0.61558,1.2703,0.1609,-1.43151,1.39917,-0.13407,1.68367,-0.26387,0.6689,0.61343,0.80058,-0.30711,0.40733,-1.06703,1
1.38473,-0.46591,-0.23423,0.35126,0.34136,-1.37439,0.8454,-0.64237,-0.15851,-1.81244,-1.07477,-0.71233,-0.30114,1.67515,-0.06568,-2.91831,-0.07927,1.73691,-1.39217,0.11518,0.69632,-0.41789,-0.31801,-1.15957,-0.19411,1.11112,1.62019,-0.74433,-0.0551,-2.07475,-0.46565,-0.10623,0.24556,-1.81805,0.86778,2.66931,-0.86856,-0.57779,-0.89493,0.3632,-1.86239,-0.38143,0.37133,0.30904,0.05493,0.06558,-0.89954,0.74088,-0.27025,1.48912,-0.89773,0.12596,-0.20265,-0.41993,-0.11337,0.20731,0.61184,0.81106,-1.20989,0.14895,-0.16819,-1.68656,-0.7296,0.30438,0.26883,-1.46977,-0.18288,0.73456,0.17069,-0.01534,0.93193,0.67709,-0.69034,0.5867,-0.73684,0.25987,-0.47182,0.16899,-1.27635,1.71229,-1.00887,0.55872,-0.05479,-0.3557,0.16347,-0.373,-2.02696,-1.34848,-2.02811,-1.13295,0.16415,0.24888,0.59073,0.82048,0.78649,-0.46729,1.38202,-1.90335,-0.25893,-0.16014,0.10983,-0.24128,0.90552,1.09971,-0.29311,0.81575,0.59951,-1.46928,-1.01646,0.24588,-0.09567,-1.28521,-0.18275,0.42439,-0.42735,0.3289,-0.61328,0.05136,-0.6572,-1.29485,-0.48887,0.60592,1.71075,-0.1705,-0.17419,0.17442,-0.19953,0.9436,1.76079,-0.07638,-0.31079,0.79227,-0.97965,-0.81443,-0.2106,-1.12651,0.5274,-0.31186,0.53592,0.25236,-0.08356,-0.00163,0.38137,0.32279,-0.75577,0.61513,-0.13317,-0.45104,0.38708,0.98626,0.93654,0.28585,-1.22536,1.54922,1.17593,-1.43142,-0.38549,0.02351,0.97723,0.29398,-2.29973,0.83026,-0.29417,-1.19542,0.02246,-0.0867,-1.13714,-0.16713,-0.91645,-0.05018,-0.45156,-0.43859,0.01419,0.4304,-0.46095,0.74355,1.09363,1.13982,-0.53849,1.81507,1
-0.39464,0.23713,0.38708,2.11838,1.30844,-1.45321,-0.3984,1.20065,1.94584,1.18369,-1.13374,1.60285,0.22727,0.07981,-1.24767,-0.75471,1.45022,1.10355,0.4096,-0.67949,-0.49676,1.29445,1.46552,0.38434,-0.49873,0.78847,-1.75977,0.2398,-1.7504,0.32983,1.43526,-1.29561,-1.37188,-0.21076,-1.08554,0.18428,-0.43332,-0.45994,1.40574,-0.105,1.04668,0.48917,0.74545,0.71895,0.00487,1.75314,0.08209,-2.08225,-1.41321,-0.00387,-1.34129,0.73536,-0.59945,1.64103,-1.03851,0.58625,-0.76697,0.81486,-1.36718,2.5602,1.37827,0.9446,0.26625,-1.57669,1.66341,-0.41491,0.65966,0.37218,-1.5129,0.8794,0.54068,0.26569,0.31526,0.87598,-0.82091,1.84462,-1.15719,-1.74649,-0.16958,0.22108,1.08867,2.46807,-1.21383,-1.50494,-0.39068,-1.56807,-1.2588,-1.30789,-1.45658,-1.14001,-0.81282,1.07602,1.39326,-0.08009,-0.27529,-0.61626,1.16511,-0.27442,-1.4397,-0.24763,-1.32279,-1.97887,0.52142,-0.79023,1.13855,0.36895,0.4532,-0.01662,0.71026,-1.84945,1.67546,-0.07288,-1.94907,-1.43379,0.62799,0.01992,0.6818,0.8006,1.15701,1.39963,-0.16915,1.2281,0.94595,2.10699,-0.07916,-1.01744,0.28137,-0.93578,0.81876,1.69561,-0.65347,2.0566,-0.737,0.44367,-1.38643,0.26221,0.76493,0.64798,-0.01748,-1.6542,1.05428,0.69391,0.8359,-0.97848,-1.72672,-0.29649,0.06998,-0.00606,0.5698,1.41058,-0.08238,0.08627,0.56026,0.99017,-0.21706,-0.749,-0.81111,-0.2658,1.34932,0.59829,-0.20979,-0.01927,0.81976,-1.05625,-0.46881,1.38339,0.212,-1.71759,0.5931,2.71585,1.54239,0.83868,0.21437,-0.14121,0.14101,-0.69826,-1.80904,1.6652,-0.34395,2.06099,1
-0.53872,-0.09331,-0.96321,-0.368,1.24946,-1.45961,0.20922,0.38297,-0.61162,-0.46768,0.16428,1.04457,-1.06697,-0.35859,-0.46952,-0.20159,1.68472,0.5233,1.39652,-0.42302,-0.14854,-0.54582,-0.24688,-1.17371,0.78138,-1.4206,-1.29959,2.07568,0.45451,0.49188,-0.83773,1.83123,-0.1406,0.37366,-1.09343,-1.15412,-0.13448,1.72647,2.42658,1.40214,0.20497,-0.55237,0.03341,0.29907,-0.17987,0.82929,-1.53199,0.68976,-1.77245,-2.25885,-1.35657,-0.19745,-0.64566,0.02962,-0.16578,-0.40523,-1.49204,-0.55795,-0.64049,-1.13282,-0.2224,0.9245,0.93352,-0.17669,0.44321,-0.0702,-0.75243,0.27765,-0.22155,-0.24985,0.45466,0.26999,0.0593,-0.12557,0.54161,-0.35985,1.46117,0.91521,-1.93298,0.25392,1.23315,1.23874,-1.23816,0.98789,0.19125,0.60733,-1.15286,-1.88137,-0.34536,-1.56234,-0.09404,0.15958,1.63538,0.1099,-1.34891,-0.83814,0.00773,0.93614,-0.30685,0.57231,-0.24243,-0.39668,-0.21333,-0.11191,0.91657,1.59834,-0.58623,0.62189,-1.67231,-1.64002,-1.46733,-0.24118,0.69059,0.34168,1.04585,-1.89217,1.0814,-0.31265,0.67108,2.27929,-0.95267,0.44932,-0.57755,-0.20113,0.35037,-0.67157,1.28115,-1.52954,-0.94253,0.4398,1.80182,0.78445,-0.60673,-0.85211,0.09437,0.97328,-0.62183,-0.11191,-1.31699,-0.51177,0.21166,1.19397,0.6525,1.33938,-0.02372,0.81746,0.49822,1.00864,-1.21014,-1.25513,1.67383,-0.2236,0.50662,1.37664,0.66319,0.4271,0.01462,0.18007,0.07614,-0.32886,-1.03527,0.14021,-0.0425,-1.04549,-0.39139,-0.24154,0.08498,-1.55259,-0.69782,1.55913,1.14204,-0.35752,-1.71108,0.23418,-0.81381,-0.77575,-0.90615,-1.3905,0.64695,0.53743,1
0.88286,0.72331,-1.3075,-1.54442,0.78546,0.75338,0.12096,-1.93392,-0.25284,-0.56213,0.6482,-0.55636,-0.00813,1.40364,0.22356,-1.22167,-0.02519,0.03733,0.66781,0.5628,0.13298,-1.42625,-0.35419,0.70207,1.90375,0.85524,-0.42464,-0.11734,0.54605,-0.40356,0.03826,0.70334,-0.81729,-0.38005,-0.15782,0.08467,0.34477,1.20648,0.67114,2.55675,-0.0717,1.15264,0.07594,1.55002,-0.01799,1.11691,-1.39259,-0.98125,0.34229,-1.97681,0.33092,0.80843,-0.36392,-1.17964,-0.71133,0.70021,0.00279,1.14995,-0.48335,-0.88086,-1.18794,1.2574,-0.35753,0.14923,1.19443,0.1742,0.73787,-0.23317,-0.04795,0.5938,0.46262,-0.95317,0.62138,-0.18084,1.26619,-0.32522,0.57787,0.73369,-0.48634,-0.01367,-0.34704,0.9141,1.65742,0.2887,-1.46491,0.36193,0.79307,0.04967,-0.78511,0.83544,0.92076,0.57177,0.62668,-0.4232,1.17243,-0.3875,-0.57264,-1.16759,0.21867,0.31417,2.58681,0.63483,-0.56357,0.05812,2.47801,1.83914,1.66394,1.8006,1.65651,-0.8324,-0.83091,-2.71519,1.10339,0.81804,-1.0601,0.01703,0.2288,0.01521,-0.16023,0.41433,-0.32612,-0.44082,1.85416,0.71986,0.7195,0.7628,-0.06555,0.98322,0.99005,1.49953,-0.04513,1.35655,-0.38426,-0.53572,-0.14658,-1.45439,1.3035,0.60292,-0.72279,-0.06998,0.30189,0.41355,0.16644,0.2466,-0.11791,-2.37413,0.73853,-0.78771,-0.57181,-1.31884,-0.72784,-0.59696,-0.33526,1.88029,1.3935,-1.45371,1.19095,-0.30933,-0.04382,0.408,-0.8762,-1.37216,0.28589,2.07577,-0.48717,-0.61095,-0.34096,2.22144,1.05146,1.97395,-0.9404,0.13797,-0.46616,-1.19562,1.61222,-1.07074,-0.00197,1.00933,-0.08511,-1.6073,0
-0.66972,0.89583,0.64029,-0.9492,0.50107,0.20994,-1.75067,-1.19618,-0.37915,-3.25643,0.22178,1.06279,-0.58554,-0.54699,-0.27667,0.77085,-0.51555,-1.35896,-2.00446,0.38196,-0.17449,-0.81409,-0.03192,0.9022,-0.45109,1.3792,2.41354,-0.23155,-0.66526,-0.86232,1.16551,0.45885,0.60001,0.73111,-0.33579,0.66296,0.29692,1.00626,-0.53156,0.90217,-1.25185,0.65674,0.08601,-0.18506,-0.49986,-2.65912,1.00944,0.85817,0.09657,-0.83938,0.30614,-0.62534,0.82065,-0.82639,-1.04098,0.97047,0.75508,-0.79912,2.02905,-0.20905,-0.42387,-0.12818,0.15424,-0.47561,-0.03492,0.55439,-1.07633,0.45619,-0.20672,-0.75612,1.81143,1.21239,-0.33368,-0.47489,2.00304,-0.20428,1.08765,-1.48307,-0.94347,0.39559,-2.22651,0.23162,-0.05277,0.31468,0.12666,-2.96897,0.37655,-0.57921,-0.77733,0.13421,2.13891,-0.21902,0.08633,-0.51518,0.83351,-1.72587,0.41612,0.83006,-0.86107,-1.16461,-0.42841,1.26158,0.24176,-0.01915,0.58911,0.23245,1.25724,-1.64052,-0.23564,-0.39531,0.5518,0.76855,-0.42066,-0.36403,1.24021,-1.1652,-0.47019,-0.52383,-0.02276,-0.80261,1.87288,1.10864,-0.19524,-0.07688,1.02043,1.12664,1.88397,-0.73489,-0.02503,-0.03241,-0.07062,-0.05588,0.30493,1.2179,0.17889,0.97221,-0.74662,-0.7,-0.22739,-0.72142,1.16398,0.45928,-0.33687,0.00722,1.14748,1.33858,-0.28225,-1.65633,0.4611,-2.25846,-1.17656,0.03699,-0.32943,0.59912,-0.10926,-0.21932,-2.07412,-1.79207,0.6862,0.67268,-0.69078,-0.58056,1.7158,-1.88833,0.29507,0.35912,-0.37939,0.04895,0.09893,-0.10751,-0.41048,-2.17363,-1.27305,-0.72776,1.22267,0.13743,1.54035,0.83774,0.88888,2.13036,0
-0.48706,-1.11267,1.22956,1.27923,1.67585,-0.6475,0.17917,-0.03023,-0.52601,-0.80019,-1.54369,0.34506,0.06347,-0.42319,-0.12537,0.74036,1.23872,1.47594,-0.21115,0.02631,1.31291,0.33939,1.09519,-1.51363,0.96251,0.6996,-0.10082,-2.25472,0.03098,0.48814,-0.90436,-0.86269,0.30865,-0.6318,-0.46161,-0.25293,2.10843,0.29727,0.85349,-0.77905,-0.23251,-0.43368,0.97607,-1.04119,-2.07213,0.63676,1.55037,-1.23078,-1.07124,1.06562,1.51865,-1.02749,2.04639,1.42518,0.66712,-1.39546,0.68013,-1.27905,0.36048,-2.39561,-0.22714,0.2793,0.8556,-0.80398,-1.21914,0.13258,-1.80691,-1.55015,1.20133,0.18559,-0.06114,-1.78362,-0.57672,-0.4709,0.16838,-1.05876,0.31677,0.40742,0.59873,-0.03839,1.99787,-0.32594,0.12012,0.94755,-0.54972,0.83044,1.1811,-0.1869,1.01286,-0.61219,-0.07605,1.49906,-0.10009,-0.24833,1.23304,-0.24098,0.90607,-0.33338,-1.5093,-0.44326,0.14706,-0.82885,0.90829,1.12792,1.07876,-0.86698,-1.85033,0.65985,-1.38759,-0.25421,0.15643,0.40812,0.40708,-0.32996,0.66256,-0.69453,2.22173,-0.43171,-1.97564,0.41748,-0.33864,-0.04961,1.65194,-0.8542,0.22096,0.63588,-0.75996,-0.17115,-0.69481,-0.47378,-0.57506,1.55659,-1.33458,0.87534,1.65576,-1.65032,1.06166,0.74925,0.48557,-0.39527,0.21387,-0.64759,0.60227,-1.66734,1.07231,1.03721,0.55297,0.64375,0.14775,-0.10285,1.50476,-1.00278,-0.73324,-1.54185,0.1669,-0.4511,1.17906,0.89076,-0.35633,1.37398,0.50808,-0.28733,-1.41276,0.7511,-0.25791,-0.76497,-1.25681,-1.18789,0.61954,-0.16876,-0.40369,-2.06089,0.9468,2.64242,-0.0775,0.4003,-1.48854,0.3177,1.97628,0.50252,0
-0.63172,-0.02922,0.03969,0.8695,-0.79495,0.63089,-1.14094,-0.11207,0.4977,0.11059,0.90644,0.57159,-0.12425,-0.54897,-1.88045,0.09059,-0.29667,-1.18505,2.21674,0.82651,0.57732,-0.30633,0.13699,0.05053,1.42269,1.73748,0.40392,-2.00974,-0.15686,1.10045,0.36966,1.03086,0.18323,0.01474,0.08311,-0.86254,-1.7826,2.42356,0.63111,-0.69105,-0.33756,-0.00396,0.30306,0.48904,-1.33021,0.32431,0.5551,2.04725,0.38992,-1.17866,1.30238,0.05664,0.77032,-0.89181,-1.35546,-0.65257,-0.2332,1.21917,-0.56483,-0.46057,0.44051,0.33096,0.88782,0.83782,0.52309,1.42533,0.06436,-1.74526,0.2221,1.74531,0.75178,-1.18462,0.40156,-0.00013,-0.11989,0.45957,0.59328,-0.24269,1.37346,-1.24693,0.07665,0.09228,0.87051,0.58545,0.40394,-0.36979,-0.48024,-0.99602,-0.26768,-0.40772,-0.90633,0.78847,-2.48059,1.06755,-2.14568,0.23098,-2.12373,-1.92323,-1.17958,0.56793,-1.73621,0.61236,-0.6013,-0.01587,-1.04086,0.57234,-1.76658,-0.7002,-0.56055,0.15482,0.58364,-0.0368,0.13191,1.00683,0.03405,-0.05188,-0.03903,-0.55075,0.92571,-0.22801,-0.07057,-1.93626,0.90392,-1.08476,0.62263,0.09928,-0.08107,0.79819,-1.31881,0.06514,-0.3691,-0.90945,-1.06316,-0.86528,-1.3929,-1.21721,-0.38556,-0.09192,-1.76646,0.17032,-0.04084,0.02744,-0.41435,-0.4967,0.00769,-0.65824,-1.46273,-1.29509,0.41667,-0.34127,0.99508,-0.18381,0.45209,-1.38936,-1.24416,-1.7257,1.74325,0.68011,0.15227,-0.48952,1.38347,-0.09741,-0.12083,0.99554,-0.74965,0.0755,0.44111,-0.97751,1.25413,1.33683,-1.10906,0.84311,1.30446,0.25421,-0.282,-0.59823,-0.95359,1.38938,-1.45829,0.39589,1
-1.13038,-0.24904,0.47527,-0.6898,-1.24303,2.30686,1.41495,0.60511,0.7393,0.06467,0.14131,0.46863,1.35549,0.16694,-0.12112,1.79072,-0.56064,0.43858,-0.25926,1.15423,0.20911,-0.11218,-0.63947,0.02729,-0.61886,0.45039,2.00318,0.60897,-1.1717,-1.08805,0.92943,0.52605,-1.2881,-1.36275,2.05573,0.29243,0.85302,-0.74871,-0.87456,1.34301,0.31033,-0.3035,-0.05084,-0.16837,0.29107,-0.55557,-2.05184,-0.68503,-0.85534,0.30391,0.64458,-0.32594,-0.97411,0.46718,0.57222,-1.86187,1.27748,-1.09779,-1.27535,-0.60963,-0.37679,-1.46785,-1.25917,0.46663,-1.0471,1.25164,-0.3467,0.26464,-0.89102,0.54941,-0.32375,1.06735,0.26285,2.44271,-0.67244,0.39211,-1.95071,-1.78804,-1.46147,0.10339,-0.48381,0.13309,1.81658,-1.23326,-1.885,-0.77283,0.16805,0.16217,-0.59097,1.63882,-0.01835,0.37347,-0.44406,-1.37135,0.65447,0.6051,-0.91714,-0.01896,-0.56134,-0.05063,0.8114,-0.96491,-0.17146,-0.59341,0.58704,-1.63428,-0.90178,0.58535,-1.07507,-1.22571,0.36476,1.03092,2.07361,0.46536,-0.47546,0.56672,-0.10738,-0.38579,-1.30275,0.02481,0.50112,-0.32545,1.14891,-0.5782,0.10913,-1.24024,0.21198,1.48277,-0.95158,0.01945,1.01482,0.43116,0.65817,-0.01855,0.17497,-1.68746,1.22319,-0.47928,-0.20483,-0.81429,-0.53173,0.69912,-0.9513,2.13693,0.22247,1.17755,-0.87635,-0.64222,-1.78997,0.90822,-0.67288,0.50786,0.7728,0.54005,0.27797,1.68287,-0.87416,-0.00228,-0.4896,1.40367,-0.39219,-0.40577,-0.45979,0.00457,0.75399,0.6097,0.39676,1.08031,0.11075,0.36007,0.74215,0.17622,-0.35618,2.76674,-0.1226,0.12522,-0.05175,-0.33116,1.39831,0.08956,1
0.10246,-0.61234,-0.33203,0.48082,0.43651,1.39171,1.13431,-0.18689,-1.16316,1.2333,-2.32595,-0.801,1.53426,0.20287,-1.53995,-0.03986,1.18158,0.54731,-1.06445,0.27412,0.31082,-2.41721,-0.35884,-1.61103,1.26374,-0.23524,-0.976,0.71436,-1.00294,0.73002,-1.83415,-0.45985,-0.72176,-0.22041,-0.18495,1.37373,1.00313,-1.88144,0.39544,0.48873,-0.18075,-2.26832,1.56619,-1.02952,-0.13952,0.75538,0.06354,-2.0517,-0.32099,0.7975,0.62763,-0.19716,0.28942,0.6251,-1.13878,0.02968,-1.53873,0.0876,0.17968,0.08692,2.05999,0.14235,0.43718,-0.44068,0.16553,-0.14846,0.18122,-0.2555,0.46035,0.23955,0.51195,0.55257,-0.74845,-0.76868,-0.75286,-0.00951,-1.54652,-2.0205,0.18797,-0.28254,-0.8777,1.30654,0.33846,-0.26356,0.46248,-0.59726,0.4176,1.81791,-0.11056,-0.14845,-0.5799,-0.47449,-1.20317,-1.15529,-1.20363,0.36827,1.00132,0.80476,-0.36333,-0.20943,0.98337,0.3074,1.41057,-0.80696,-0.60326,-0.77464,-0.73967,0.79262,-1.98495,-1.09131,-0.5728,-0.06675,-2.25238,-0.519,0.31782,-0.37098,-0.0868,0.40989,-0.51792,-0.07634,1.02273,-0.05775,-2.00562,0.19364,-0.27811,0.26364,0.44743,-0.74792,0.43595,0.32674,1.47358,-0.46921,1.3273,-1.46458,-2.55427,1.13785,0.38344,-0.183,1.01617,-0.36324,-0.436,0.44379,0.4207,2.74199,0.7452,0.45149,-0.16511,0.90047,1.74639,-1.3641,0.47492,-0.72538,0.38124,-0.80271,0.97055,1.11159,-0.40531,-0.5113,2.56153,1.40091,-1.69926,1.54107,0.48504,-0.33848,0.72778,1.09071,0.06618,0.53039,-1.90984,-0.95092,-1.05042,-0.33897,1.8075,-0.91677,0.63235,1.3282,-0.595,0.74385,0.79775,1.92367,1
-0.17914,-1.73606,-1.71077,1.7901,-0.62659,0.46895,1.21503,-0.21628,0.53093,0.20272,-0.59901,0.11305,-0.82606,0.90163,0.36295,0.45374,-0.37727,-0.9038,-0.65132,-0.95978,1.07244,1.96524,1.25941,0.49456,0.25566,0.13362,1.12718,-0.30556,-0.84397,1.15765,-1.50846,-0.21728,1.21847,0.84509,0.53318,1.0053,1.07211,-1.4306,0.43105,-1.07059,-0.99506,-1.46063,0.4854,-1.34133,0.44084,-3.03414,1.1856,0.39797,-1.33727,1.73419,-0.21759,0.0292,-0.90697,0.97447,0.51353,-0.80005,-1.24922,-0.08821,0.68967,-1.37886,-1.98345,-1.64332,0.18032,-0.56896,0.34535,1.26331,0.90118,0.05349,-0.95582,-1.3349,-0.27684,-0.14702,-0.15948,0.2006,0.35193,0.17751,-0.6161,-0.16526,0.7566,-0.41098,-0.4115,0.43796,-0.009,0.18349,-0.85723,-0.47412,0.17927,-1.31505,-1.69696,0.55099,-0.59811,-0.53841,1.576,-0.76333,-0.81816,-0.82665,-0.99054,-0.00708,-1.03443,0.64441,1.19254,-0.30347,-0.42665,-0.17616,-1.09498,1.38244,-0.17169,0.80744,0.88126,0.21856,0.64651,-0.62068,1.53354,-2.44664,-0.17247,-1.15804,1.1209,1.09012,0.15249,-0.08599,-0.08208,-1.02439,1.03661,1.03115,1.41338,0.2306,-0.613,-0.23905,0.43857,-0.44024,0.61266,1.33154,-0.68842,-0.58569,-0.13616,-1.22021,0.63532,0.06566,-0.47687,0.87901,0.70148,1.25765,-0.26464,-0.35645,0.50641,-0.20224,0.70483,-0.10139,-0.51837,0.57584,-0.19921,1.15929,0.25206,-0.12886,-0.6477,-0.77465,-0.14704,2.06787,0.83268,0.1752,0.19065,-1.07634,-0.38695,-0.4352,0.90563,-1.39945,0.47036,0.84223,-0.98402,0.49949,1.26871,-1.67067,0.84488,0.20148,-0.73061,-0.33789,0.01565,3.00993,1.56451,-1.33365,1
-0.25821,-1.18815,-0.16557,0.80209,0.02389,0.29569,-1.43453,-1.75687,-0.32893,-0.92249,-0.18743,0.47464,0.53137,-0.09967,0.76662,-0.44067,1.68771,0.29111,-0.23264,0.73206,-1.86937,0.74721,0.17071,-1.50668,0.31056,-1.06411,0.45356,-0.4079,0.83124,-0.47074,1.33481,1.95192,0.81734,0.42441,-0.99984,-0.59723,-0.93417,0.80556,1.56552,0.7089,0.66297,1.08884,0.21898,-1.67136,-0.23442,2.39805,0.00616,-0.01434,0.29377,0.8467,-1.43783,0.59301,-0.98744,-0.90658,2.08151,0.90676,-0.904,-0.59434,-0.51278,-0.71332,-0.16316,-0.43739,0.97262,0.25093,0.10632,-0.76408,-0.63765,-0.32328,0.9976,0.64828,0.28417,0.56332,0.05556,-1.71068,-0.57224,0.89472,2.12942,-1.9596,0.37922,0.98425,-0.74082,0.31281,-0.16978,-0.3635,-2.41507,1.25803,1.41426,-1.91881,-0.00174,-1.46461,-0.61923,-0.62002,-1.76135,-0.49284,0.88463,0.93928,-0.64604,1.26299,-1.66863,-1.81105,-0.35061,0.13645,-0.76557,1.09598,-0.10168,1.21148,-1.16667,-1.79812,0.53824,-1.47932,-0.09702,-1.38455,-1.00087,-0.08831,1.83662,0.09337,-0.07325,-2.47193,0.25468,0.84839,-0.46646,-0.91537,0.9722,-0.59503,-1.72514,-1.25203,0.28262,-1.67643,1.27162,0.14635,-1.13307,0.89266,-2.67884,1.76794,-1.89222,0.59951,-1.99847,2.22038,0.80629,-0.83659,0.16788,-0.2107,0.65193,-0.50303,0.6058,-0.24281,1.70551,1.80693,0.40244,-1.11864,-0.45242,0.41056,-0.67861,-1.16775,-0.18352,0.67502,0.158,-0.19918,0.46817,-0.30007,-0.26109,-1.39408,0.39475,0.21617,-0.28548,-1.6101,-0.63264,-0.8358,-0.4631,0.10085,-0.33686,0.19111,1.10238,-0.55794,0.18659,1.79556,-0.99882,0.04836,1.36738,-0.43364,1
1.23443,-0.53271,-1.23744,0.45189,0.79453,0.66863,-0.37478,0.1994,-0.46284,-0.87766,0.10997,0.15218,-1.04534,-0.63477,-0.70314,1.04316,0.83116,2.11018,1.97312,0.83298,-0.44631,1.14692,1.67396,0.93062,1.20237,0.77096,-1.37305,-0.6711,0.34721,1.47013,-0.07237,-1.05443,-0.65214,-1.29802,0.1314,-2.14282,0.57695,1.22153,-0.40331,0.20187,1.98209,-0.31776,-1.56562,1.73706,0.54898,1.42224,-1.83932,-0.56398,2.08192,-0.10294,-2.3814,-0.76447,1.96834,-0.41763,1.65304,0.53442,0.98814,-1.45783,-0.38414,1.08936,0.63391,-0.596,-0.38976,0.90866,0.65419,-0.98584,0.48722,0.13751,0.19597,-1.4466,1.04034,0.2475,1.09483,-1.02315,0.23548,0.12134,0.08416,-2.13839,-0.64962,1.9504,0.09314,0.42431,-0.79145,0.8103,0.47513,0.35114,0.79384,1.03751,0.76276,-0.6819,0.28471,-2.91733,-0.10784,1.08447,-0.03527,-0.48573,-0.10467,-0.1849,1.07591,-2.43413,0.48589,-0.47258,-0.66458,-0.51791,-0.42803,-0.0532,0.10435,0.64025,1.2715,0.20925,0.04528,-0.09959,-2.36367,-1.60591,0.01191,-1.9705,-0.53097,-0.74512,-0.45341,-0.42812,-1.07309,-0.30806,-1.41962,0.25281,-1.20774,1.47848,0.00054,0.47517,-0.81064,1.44002,-0.05184,0.22367,0.35693,0.45316,-1.22095,0.11827,1.3636,-0.46974,-0.63225,-0.33303,0.76078,-3.39629,2.71686,-1.36396,1.59803,0.51778,-0.9625,0.47092,1.32437,-0.28494,0.4386,-0.76824,1.69058,-0.87865,0.02433,0.6592,0.27614,0.34156,0.18273,-1.05468,-1.81363,-0.08605,-0.82629,0.30969,1.86102,-0.89453,1.11053,-1.05918,0.39478,1.32435,0.46133,-0.90871,-0.05998,-0.22794,-0.4942,0.25122,1.16848,-1.11435,-0.70366,-1.50289,0
0.17462,0.00289,-0.16854,0.03658,-1.16898,1.19987,0.35185,-0.78649,0.49979,-0.71302,-1.65387,-0.44544,-1.74752,-0.48807,0.62173,0.46814,-0.97282,1.26645,-1.37993,-0.04103,0.76322,-2.84172,-0.73837,0.64196,1.56301,2.14241,0.36709,-0.35573,-0.54854,-0.26974,1.12796,0.1521,0.32029,0.63292,1.45473,-1.85155,1.35361,0.19718,0.02226,0.06612,-0.209,-1.11049,-1.29433,0.5703,-0.64271,1.07152,-0.61587,-0.19301,-0.25819,-1.4342,-0.44693,0.34369,-1.7915,0.68031,0.64657,0.27331,0.37287,0.30823,0.1974,-0.94251,-0.71812,-0.63267,-0.6438,0.1029,-0.7445,-0.69907,-0.70486,0.65363,0.7258,-0.25552,-0.70717,0.82331,-0.85034,0.41193,-0.76967,-1.74055,0.6289,1.30021,-0.01523,0.02386,-0.01026,1.90892,-0.40793,-0.2273,-1.26237,-0.13079,-0.33186,-0.6455,-2.0538,-0.82131,-0.61515,-0.15224,-1.50258,-1.46485,0.72813,-0.90528,-0.5723,0.94617,-0.67026,-0.52081,0.29506,1.45302,-0.79289,-0.16353,0.37156,0.65113,-0.57113,-1.74217,-1.02209,-1.24886,1.14967,0.79835,0.30008,-0.53995,0.41731,0.86346,0.59558,-1.29881,0.65115,-0.54623,0.22653,-0.66816,0.10513,-1.02073,2.52829,-0.1681,-0.6977,1.05745,-0.88452,0.29116,-1.10475,0.70526,-1.76149,1.73879,-1.51671,-1.12052,0.33454,-0.42424,-0.29196,0.74426,0.48695,-0.92424,-1.17348,0.22349,0.67674,1.93512,-1.08516,-0.08161,-0.44955,0.06735,-0.31386,0.26076,0.7574,2.21373,-1.07338,0.98535,-0.7905,0.89095,1.40976,0.54745,0.92189,0.3004,0.48913,1.29664,-1.60853,-1.00738,0.02455,2.50329,-0.86243,-0.2025,-2.14713,1.17853,0.08224,-2.59486,1.18281,-0.43261,-0.48625,-1.66765,2.19953,0.33537,0
-0.13988,1.36734,1.67861,-0.68413,-0.97055,0.83269,1.63312,-2.61494,-1.02503,-1.56856,0.32701,0.62564,0.03084,-0.44665,-0.54803,1.44341,-0.62254,1.0958,0.13762,-1.32265,1.66403,1.27554,-0.47479,0.02427,0.20178,1.7283,-1.26403,-0.16792,-0.87919,1.16995,-0.75446,-0.74312,0.41864,0.95588,0.7495,0.19727,1.19721,2.40734,0.42075,0.63491,-2.29827,1.43815,-0.93091,-0.41938,-1.5697,-0.6135,0.32129,-0.31484,1.07777,-0.24051,1.01679,-0.08368,-0.08317,-0.23641,0.70264,1.63298,-0.05584,0.6895,-1.0013,0.05777,1.34994,0.91056,-0.36713,0.0078,0.87587,0.36046,-0.36944,0.10054,-0.77019,-0.17824,0.18347,0.68059,-1.30873,-1.11981,0.14111,1.7478,1.54498,1.2741,0.13349,-1.74718,0.85253,0.23907,-0.07609,-0.74978,-1.31558,0.54549,-0.33553,-1.5022,-3.0292,1.14315,-0.53142,1.85746,-2.29496,-2.30751,-1.14818,0.55707,0.51799,-1.70125,-0.56228,0.79889,-0.24607,0.66535,-1.04542,-1.89584,-1.04889,-0.64073,0.43291,0.67367,-1.56468,0.11657,0.88164,-0.55711,-0.32713,-0.55961,1.77693,-0.33652,-0.50459,1.01141,-0.63879,-0.56551,-0.026,0.36342,1.18408,0.55068,1.07572,-1.03316,1.06663,0.94187,-1.22138,0.06757,-0.38347,1.16341,-0.16359,-0.06917,0.9761,-0.18859,1.52851,1.04444,-0.51698,0.23656,-0.71853,-0.8292,-0.10186,0.18478,-0.05432,-1.01129,0.65838,0.55187,1.00271,0.01139,-1.42612,0.19652,-0.19412,-1.20561,-0.55424,0.89481,1.01601,-1.66031,-0.40391,-1.3928,0.08959,-0.46171,1.24258,0.96045,1.89532,-1.83889,0.17564,0.79666,0.05682,0.27241,0.59595,0.02895,0.2822,-1.64484,-0.37981,0.00997,0.15284,-0.14876,-0.22599,0.05965,1
0.35946,-0.43245,0.94401,0.0111,0.46008,2.20207,1.87107,-0.69524,0.43415,-0.08988,0.7582,-0.46641,-2.32395,-1.7898,-0.09129,-0.06992,1.18934,-1.21275,-0.74771,-0.423,0.97062,0.89028,-0.7497,0.93648,1.97195,0.37662,0.98506,0.4812,-0.01427,-1.22927,-0.93307,0.5337,0.66405,1.16117,1.02393,0.16997,0.51297,-0.27392,-0.54471,-0.32766,-0.49613,0.20344,0.75509,2.26057,0.64947,-1.00962,0.74566,-0.86677,-0.25757,-1.3098,-1.80125,0.09603,1.87048,-0.83402,0.37595,0.62051,-0.20149,1.12383,0.144,1.47213,-0.25304,-0.49906,-0.11599,0.41568,-0.80891,1.92396,1.48035,-0.27563,-0.37674,-2.05949,1.25294,-1.77812,-1.81636,1.66341,0.90321,-0.3982,0.56223,-0.26437,-0.83572,-1.74077,1.76301,0.33046,1.11581,-0.14127,0.84949,0.08134,-0.01006,0.31623,-0.59196,0.23797,-1.39315,-0.05967,-0.91693,0.69687,-1.4152,-2.13481,0.21839,0.26696,-0.0903,-0.00017,-1.93594,0.23793,1.17193,1.21398,0.25413,-0.2706,0.66939,-0.49562,-0.76125,0.25751,1.53271,0.54692,-0.71838,-0.02492,-0.47203,0.66834,0.04628,0.20483,-1.00008,-1.51386,1.61452,0.10136,-0.88577,1.22692,0.85067,-1.48064,1.72792,-0.54657,0.65206,2.08857,0.47224,-0.30793,-1.95,1.00263,-0.23177,-1.42781,0.76542,-0.48752,0.09229,-0.52609,-1.5974,-0.19207,2.24388,-0.23193,1.94184,-1.47649,-0.39196,-1.54589,0.05717,0.90828,0.59734,-0.24203,0.26799,0.40463,-1.63555,2.74941,1.35974,-0.02122,1.67024,0.6224,0.51739,0.58978,-0.23795,-0.90727,0.05359,0.73093,0.75898,-0.39026,-1.42652,1.0515,0.22683,0.6894,-1.4382,-0.38551,0.78836,0.88896,-2.51531,-0.36219,1.20541,0.59022,0
0.39216,-0.89461,1.70667,1.4648,2.35723,-0.08843,0.45062,-0.12578,-0.30894,-0.19062,0.03033,1.47651,-2.36591,-0.5987,-1.0617,0.7585,0.16688,-0.36283,1.64297,-0.00703,0.19367,-0.30933,0.57051,0.10803,-0.87504,-0.39924,2.30377,-0.51618,-0.96339,0.16272,0.78015,0.50821,1.05714,0.2595,-1.06756,-1.4176,-0.01154,0.60544,1.89113,1.75797,0.05778,0.32445,-1.45695,-0.18988,1.35473,2.75789,-0.76465,-0.36401,-0.3003,0.53108,0.57105,1.28801,-0.01928,-0.26447,1.8697,1.98899,0.11691,0.72901,-2.59789,-1.10565,1.81434,0.18274,0.11641,0.27017,0.5343,-0.87029,-0.86462,1.01588,-0.66948,1.14169,-0.18977,0.62813,-0.48814,-1.26483,-1.3095,0.15531,0.8942,0.52444,-2.18926,1.10561,0.02852,-1.01974,-0.57762,0.63798,1.10829,-0.99245,0.98761,0.59255,0.60886,-1.13478,0.99454,1.50362,-1.33881,-0.07994,0.22471,1.12875,-0.74931,-0.83712,1.08798,0.79038,0.34582,0.59931,1.02104,-0.28589,0.94381,0.67378,0.33641,1.69633,-0.9458,-0.96614,1.28851,-0.4498,-0.62241,0.70788,0.1878,-0.33068,-0.23832,-1.81466,-0.55175,0.31046,0.4058,1.3015,-0.70512,-1.37391,1.74551,-0.41707,0.17217,-1.90518,0.54297,-0.11614,-0.90913,-1.42405,0.74922,0.85831,0.00166,1.65263,1.434,0.95408,1.14921,-1.1527,-0.24964,0.30228,1.55353,-0.22366,0.24693,-2.02165,-0.48559,-0.29908,-1.26074,0.37358,-0.0882,-0.49084,-0.08932,1.11629,-0.90098,-0.59852,-1.65823,-0.65715,1.73364,0.49616,-0.46511,-0.01139,0.43849,-1.21042,-0.82471,-0.88925,0.04379,-0.33798,1.53216,-0.96021,-0.58936,-1.18573,-1.71064,-0.77845,0.04854,-0.30985,-1.61317,-0.28456,-0.74788,0.28259,1
-0.22505,-1.04301,2.18118,0.3308,1.02726,-0.70295,-0.55904,0.93427,-1.10798,-2.31036,-0.46664,0.9559,-0.25482,-0.61869,-0.37136,0.85317,-0.5641,-0.15344,-0.12893,-0.24649,0.68918,0.85641,-0.29853,-0.42618,0.20894,-0.16461,-2.03093,0.89721,0.26945,-0.00613,-0.39175,-1.20317,-1.53532,-0.41052,0.70333,-0.778,-0.19537,-0.63745,1.59243,0.5067,0.94119,2.28651,1.43312,-1.17975,-0.00523,-0.0576,1.91116,0.51848,-1.55092,-1.92262,1.70107,0.60301,-0.08035,-0.40635,0.47601,1.56569,-0.19522,-0.2398,0.31885,-0.44423,-2.48929,-1.00558,-0.54414,0.17976,-0.26781,0.08585,-0.62335,1.4698,-0.38246,-0.13192,0.22922,-0.10011,0.54461,-1.86685,-1.19147,0.6257,-0.67123,-0.32287,1.12717,0.08658,-0.14737,0.40284,0.37322,0.24287,0.80929,0.45371,-1.05785,0.02889,-0.46168,0.39337,-2.45051,-0.10373,1.28982,1.33299,-0.08185,-0.82881,1.35038,-0.19253,-0.85327,-0.11814,-0.83123,-2.35527,-0.04701,-0.45581,0.1197,0.43531,-0.76246,-0.83526,-1.17261,-0.62371,0.59904,1.13216,0.74692,-0.61834,0.12685,0.89896,-0.82832,0.62755,0.72081,0.04467,-1.26038,-2.23518,0.64924,-0.83667,-0.83184,-1.94693,-0.47786,-1.35504,0.59255,-0.41945,-1.04633,-0.1726,-0.07307,0.09271,1.11966,0.76951,1.49313,-1.9774,-1.86935,-1.24452,-0.9831,-0.05113,0.70923,-1.31456,0.188,-0.21388,-0.71397,-1.64476,-1.96555,-0.4892,1.51846,1.83843,0.92355,0.75315,-1.11927,-0.25751,1.45665,0.17885,1.56004,-0.85785,0.07795,-0.7561,-0.63475,-0.45738,0.53828,-0.40078,-1.39213,-1.11269,-0.129,0.42415,1.28721,0.135,-0.10058,-1.08974,0.98499,-2.0768,0.36309,0.66534,1.02075,-1.88313,0
-0.42429,1.47602,1.67728,0.79585,-1.21506,0.01581,0.7765,0.16577,-0.27821,0.32918,0.30121,0.63304,-0.15693,-0.31799,-1.42695,0.95081,-0.27126,-0.37402,0.82425,1.20157,0.48334,-0.31578,0.52895,1.16331,-0.13459,0.80255,-0.63207,-0.53699,0.1479,-2.49059,0.52321,0.48988,1.02834,0.08138,-0.25963,-0.88424,-0.25526,0.52285,0.25018,0.71089,0.86201,-0.42438,0.32207,1.31208,-0.02031,0.71774,-0.66712,1.17009,-0.39437,-0.90061,1.53061,-0.72017,-1.3582,0.15809,-1.47563,1.28701,-0.22764,-0.0602,-0.93791,0.12994,-0.09032,1.20089,-0.65784,-1.99809,-0.43035,-0.7514,0.08751,2.03308,-0.17893,0.82826,1.58942,-0.88965,-0.97105,-1.4699,-1.36895,-1.1743,1.76529,1.54226,-0.39495,1.02088,0.81051,0.0403,-0.40899,-1.01196,0.23274,-0.07497,-0.65415,-1.28111,0.44631,-1.18635,-0.50115,-0.66074,-1.31356,0.43831,-0.9566,0.40816,-1.30054,-0.17824,0.49148,-0.09613,0.00649,-0.98377,0.81376,-1.26785,0.03294,-0.04871,-0.94547,-0.17679,-0.33644,-2.25064,0.15545,-0.3355,0.61612,-0.97309,0.66126,-1.5789,0.06364,0.88099,-1.85235,0.28044,1.04618,-0.54415,-0.30071,-0.97606,-0.79203,0.20406,1.17479,-1.19599,0.06742,-0.99869,-0.14511,0.69352,0.22338,1.16039,0.30388,-0.75459,1.96056,0.27889,-0.2424,1.44894,0.10632,-0.47029,0.97134,0.63157,-0.14419,1.25427,2.91592,0.04247,-0.80257,-0.14169,2.17765,0.15623,-1.44623,0.51002,-0.24158,-0.15244,1.95775,-0.42874,-0.71351,0.50504,-0.58869,-1.43302,-0.45158,-0.29967,0.23862,-0.65879,-0.76277,-0.75652,0.61329,-0.40885,0.07014,0.30164,-1.36504,-0.12821,0.53092,-0.14607,-0.68627,0.38225,-0.03922,-0.03333,1
-0.76755,0.28678,-1.41652,-0.3274,-0.07637,-1.19808,0.76417,1.82791,-0.43423,-1.17761,0.23258,-0.7742,0.58261,0.92775,-0.31017,-0.53664,-0.7819,1.01582,0.06157,1.61738,-0.21291,-0.15397,0.67688,-0.38023,1.17815,-0.89791,0.72927,0.33726,-0.57748,0.58139,-0.55812,-1.18864,0.64459,-0.11616,0.17852,0.55533,-1.02865,-0.06195,1.10644,1.25667,-0.1672,-0.52128,-0.65456,-0.33641,-1.19274,-0.93495,-0.86811,-0.04001,1.26123,-0.90438,1.91269,-0.2336,-0.91906,0.076,-1.0672,0.40155,-0.94785,0.83153,0.55083,-1.00541,0.31876,0.21509,1.83979,-1.98008,0.37443,0.19677,-0.00255,-0.34144,-1.29674,0.32951,-1.57676,0.32961,1.42275,-1.12636,-1.75686,0.01663,-1.42628,0.44365,1.11353,0.05599,-0.88843,-0.2555,0.72314,0.16117,-1.34247,-1.15452,-1.79862,-0.10958,0.58626,0.47557,0.39294,-0.53306,-1.19775,-1.20961,1.26534,-1.0493,1.08886,0.77304,1.26085,-1.68092,1.14059,-0.55491,0.32001,-1.73574,0.24251,-2.90192,0.24683,-0.55445,-0.5614,0.97424,0.34325,0.06853,-1.05263,-0.9062,-2.17228,0.02267,2.16956,-0.709,-1.63421,-2.16573,-0.02328,-0.41058,-1.47564,0.58662,0.52289,0.86017,0.92106,1.03005,0.38086,-0.7485,-2.36746,-0.22899,1.23741,0.41178,-0.76414,2.14425,-0.1693,0.33908,2.30961,1.03169,0.14153,-2.0333,-0.33706,1.32851,0.89089,-0.2037,-0.19581,2.401,0.26148,0.95858,0.09581,0.00992,0.34442,0.45637,-0.00527,-2.27133,-0.24879,-0.33917,-1.11083,-0.2894,0.35539,2.0881,-1.26916,-0.05754,-1.44995,0.76035,0.17511,-0.23984,-0.64722,0.18277,0.62831,-0.31002,-1.82429,-1.59379,0.4127,0.49007,0.28782,1.85192,0.22604,-1.08617,1
-0.56233,-0.15232,-0.11539,0.7369,1.30017,1.48485,1.3764,-0.56196,2.0035,-0.36692,1.22989,1.5514,-1.2199,0.97878,-2.12666,0.95566,1.95088,0.02084,-1.03036,-0.25818,0.65908,1.6967,0.24121,1.1251,1.91871,-1.09437,-0.5194,-1.41365,0.87585,-1.54608,-2.79102,0.71667,0.23189,-0.16573,0.29519,-0.50078,2.3179,0.5361,-0.21303,0.26791,-1.98001,2.72193,1.13998,-1.14856,-1.20496,2.00481,-1.29399,0.29885,2.01828,0.19839,-0.33304,1.25142,0.13812,0.90502,-0.44354,0.46211,-0.5775,-0.43021,0.68377,0.80835,-1.22514,0.99349,0.97617,1.00845,-1.40542,-1.2585,-0.39282,-1.2639,-0.21047,0.22957,-0.37846,-0.23042,1.1224,0.79993,0.26402,1.3006,0.48835,-0.64159,-1.01041,0.95948,-0.92961,0.6309,-2.59752,-1.41452,0.77787,0.30822,1.91668,0.04526,0.14874,-0.92201,0.81346,0.17666,1.11626,1.39113,-0.65262,-1.21448,-0.79919,0.12605,-0.17826,3.09495,-0.93266,-1.6855,-2.18822,-0.74765,-0.22762,-0.16116,-0.53002,0.21163,-0.31633,-1.06838,0.25761,0.15712,0.94727,-0.13058,-1.18185,-0.61163,-1.21702,1.24555,1.32244,0.58287,0.84857,-2.34177,1.02114,0.72526,0.98895,-2.98608,-0.45329,1.13405,-1.40663,-0.97515,-0.74651,-1.16916,1.34897,2.17623,1.12931,-0.34067,-2.3585,0.92275,0.03607,0.00028,-1.00534,-0.74253,-0.6853,-0.3772,-1.80456,0.97497,-1.1138,0.63976,-0.26692,-0.33751,0.58847,0.02491,1.66136,2.16017,-0.66859,-0.1608,0.4829,-0.93238,0.1174,-1.69323,-0.13889,-0.14877,0.31782,-0.92808,2.42842,-0.49747,0.58387,0.6528,0.48891,0.45809,1.68633,-2.54453,1.41685,1.31047,1.11565,0.09922,0.12074,1.23965,0.05024,-0.41486,1
1.00361,-0.18329,-1.04167,0.98723,-0.86227,1.64359,-1.66352,-0.74116,-0.4681,-0.65342,-0.61376,-0.34674,0.33917,0.82226,-0.57238,-1.37581,0.00774,-0.19616,0.63415,2.48605,-0.09226,0.40996,0.88356,2.11899,0.57824,0.7661,0.41652,-0.65433,0.63272,0.1393,-0.43585,2.05812,0.68729,0.30562,1.05807,-1.00407,0.1951,1.6671,0.54841,-0.09043,-0.58205,-0.562,-0.89377,-1.21499,-0.1347,-0.06333,-1.52205,0.67435,-0.26182,2.76785,-0.97858,0.60041,0.87954,0.77114,-1.70467,0.58784,0.93169,-0.05291,0.69903,-1.58221,-1.26649,0.48984,0.78743,-0.44761,-0.07244,-0.231,-1.24122,-1.01807,0.23549,-0.28133,1.60865,0.37658,1.23181,0.83633,1.32695,-0.24992,0.36183,-0.2238,-1.39566,-0.03544,0.39803,-0.96587,-0.25982,-0.01042,-0.6169,-0.86979,0.34306,-2.18966,-0.08901,-1.42007,-0.76594,0.32227,0.59809,0.58177,-1.72164,2.18601,0.80125,0.62647,-0.10314,-1.52987,-0.39412,0.2159,1.37008,-1.76278,1.12682,0.34941,-2.17317,-0.66686,-0.18671,0.82453,0.55363,0.69014,-1.48523,-0.34608,-0.5717,-0.25691,0.03576,0.04606,-0.87937,0.0095,-1.35403,-1.74476,-2.12515,0.98302,-0.53506,0.07405,-0.88488,-0.10423,0.55503,0.26164,-0.43575,0.84978,-2.72784,-0.62308,-1.10555,0.87167,-1.19707,-0.57687,0.27429,-0.2971,1.4163,-1.68255,-0.20209,-0.74998,1.70238,-0.6245,0.682,-1.02338,-2.03116,-2.24189,-0.10931,-0.92264,-0.57305,1.15328,-0.39826,-0.34206,-1.42597,1.04598,1.5846,1.19297,-1.66732,0.61323,1.39819,1.02727,-1.37473,1.4417,-0.50713,-0.78244,-0.55868,-0.84793,0.88822,-0.52917,0.53583,-0.51288,-0.69641,-1.0002,0.94322,-0.11397,-0.1356,1.71429,0
-2.63831,1.07709,0.80334,0.23349,0.16223,1.14078,1.03414,-0.51194,1.05943,0.00078,-0.57855,-1.08263,-0.66861,-1.93051,0.57488,0.36056,-0.45117,-1.66045,0.93725,-1.64207,1.41761,-0.1293,-2.01598,-0.19458,2.27027,-0.4351,2.28392,-0.01251,0.09506,0.37852,1.28012,-0.46491,0.68378,-0.4566,1.3807,-0.00221,0.17441,-0.7334,0.88556,0.40192,-1.19058,-0.92357,0.01588,-0.35933,1.86794,0.32467,0.13873,-1.5223,-2.39184,0.45989,-0.60519,-0.65572,-0.84143,-0.3383,0.33233,-0.00362,1.55844,0.25701,0.99674,0.26588,-1.00174,-0.35069,0.2957,1.25816,-0.56315,-0.56597,-0.25821,1.89514,-0.72536,-0.21773,0.59695,0.38112,-0.83574,1.13757,0.76683,-0.5417,-1.01612,-0.04593,-1.17058,-0.55003,-0.18825,0.52675,1.19357,-0.59957,-0.52704,-0.8304,1.5553,1.64329,-0.05211,0.13723,0.66667,-0.26998,-0.946,-0.80549,0.28604,0.67779,-0.37136,0.30404,0.09323,0.83362,0.09864,-0.1807,0.77412,-0.55131,-0.69907,-0.01849,-1.35359,0.83193,-0.47838,0.27061,0.67398,0.6112,-0.07655,-1.23735,-0.11611,0.10387,-0.73258,0.42147,-0.22649,0.1187,-0.71261,-1.96833,-0.04576,-0.19232,1.23862,1.45908,0.15966,0.12304,-0.43695,0.60555,-0.70402,-1.35384,0.01201,-1.43652,0.16998,-1.37805,0.81163,0.74644,-0.00011,-0.33409,0.25162,-0.47988,0.90161,0.28329,-0.25116,-2.41103,0.6827,1.89818,2.00205,0.00456,-0.64037,0.43681,-0.48291,0.30081,-2.55703,-1.15762,0.24306,0.20056,0.90503,-0.69422,-1.00053,0.44103,-0.44159,-0.15665,-1.29596,0.10477,-0.82765,1.75522,-2.38698,-0.51664,-0.03451,-0.46956,2.05588,-0.41189,2.30043,-0.39912,0.12063,0.25822,1.08823,1.01754,1
-1.22692,-1.97799,-0.20709,0.01435,1.49983,0.92898,-0.84196,-0.77742,0.68111,-0.83494,-1.38134,-0.95971,0.35287,0.69281,-0.44937,-0.18927,0.48996,0.15233,0.35733,0.82925,0.06608,-0.57765,0.62697,-1.1722,-0.20086,-0.65253,-0.29492,-0.06548,-1.32412,1.35699,-1.52086,-2.14901,-0.20561,-1.70509,-0.86736,-0.96642,0.19258,1.07071,1.23806,-0.4662,-1.32658,1.57643,0.20335,-0.70386,1.99624,-1.18223,-0.66169,0.06942,-0.68483,-0.48015,0.57716,0.44408,1.02493,1.70452,-0.18551,-1.12849,-0.22966,-0.20383,1.09721,-0.88265,-2.11718,0.40093,0.81172,0.23773,0.25319,0.01952,-0.24754,0.79422,-1.32428,-0.49578,-1.71369,-2.4258,-0.35093,0.70176,0.23116,1.94649,-0.49716,1.51262,0.22876,-0.48818,0.97144,-0.50987,-0.74319,1.22373,-0.64998,0.57026,0.20747,-1.41719,0.60539,1.68568,1.59277,-0.82323,1.65722,-0.9201,0.85764,0.15456,-0.98491,0.25674,-0.02528,-0.68645,0.23013,0.98228,0.96902,-2.29015,-0.30173,-0.79496,0.34364,-0.30821,-1.73075,2.59139,0.80168,-0.54776,1.07534,0.40717,-0.19161,-1.01499,-0.16503,1.87037,0.35145,-0.37041,0.61865,-2.94586,-1.28757,-1.55039,-0.48581,0.85386,2.23611,-0.15514,0.80361,-0.93684,-2.29313,0.93875,-0.18911,-2.07806,-0.55912,-0.14483,-0.49292,-0.59063,0.09136,-0.64216,-0.91522,0.24859,0.50199,-0.25713,0.90534,-2.22643,2.05511,-0.34696,-0.28427,-1.34653,0.53013,-0.4253,1.22947,-0.1705,0.94317,-1.13674,0.15462,-1.20665,0.427,-0.38451,-0.76542,-0.04468,0.77017,0.12539,-0.78897,-1.56285,0.29402,-0.60019,-0.2061,-1.48539,-0.2503,-0.01893,0.989,1.21405,-0.82554,1.61488,0.33021,-0.07891,-0.28416,1.04064,0
-1.82622,-0.12041,1.45864,2.14941,-0.81546,-0.62862,-1.64709,0.43155,-1.59495,0.67653,-0.09201,0.4528,-0.57682,-0.30548,-0.79181,1.81398,0.87925,0.04101,1.92426,-0.56209,-0.04198,0.62777,0.73904,1.70254,-0.0592,0.90997,1.89404,-0.78816,2.10935,1.29579,-0.47138,-0.77617,-0.51093,0.27771,-0.96972,1.0846,-1.41859,1.25059,-0.16845,1.25891,1.14097,0.08395,-0.77585,-0.77769,1.71951,0.81862,-1.94849,-0.27251,-0.81899,1.10719,-0.6091,-1.83592,-0.82077,-0.55627,-0.21015,1.05811,0.46996,0.62278,-0.61093,-0.0331,-0.27238,-0.02833,1.54874,-0.55722,-1.64772,0.39616,-0.70523,1.08061,0.35511,-0.73187,-0.54444,2.0029,-0.73196,2.09523,0.55433,0.26279,-0.90426,-1.47745,-1.16151,0.9386,0.588,-0.04244,0.59478,-0.67479,0.6726,-0.18505,-0.25174,0.21458,-0.2047,0.09866,-0.7801,-0.70246,0.74173,0.82025,0.02661,-0.30456,-0.72449,0.63424,1.77784,-0.09453,0.98817,0.48108,2.00266,0.66661,0.06044,0.65615,0.68826,0.43271,0.4673,-1.59081,1.62571,-0.34285,1.11147,-1.19544,1.75086,0.49696,-0.67368,-0.86271,0.28909,0.31328,-0.239,-0.91328,-0.7859,-0.29551,-1.44767,-0.22337,0.60951,1.20827,-0.62706,0.10545,0.42345,-0.2896,0.6116,0.41842,-0.57096,-0.32838,0.29235,0.76695,1.44633,-0.55753,-1.21024,-1.1391,0.17902,1.11963,-0.65164,-0.48553,-0.76212,0.5368,0.0,1.59521,-0.31727,0.33874,-0.93779,-2.63746,-1.36167,-0.9322,-1.0859,-0.77801,0.57796,-0.47788,-0.35404,-0.75994,-0.32036,0.43304,0.33812,2.05925,-0.4124,0.49161,0.03542,0.94803,-0.42381,-0.16582,0.69397,0.02261,0.77824,-0.01081,0.24597,0.48078,0.08832,0.42406,0
0.57752,0.06501,0.15186,-0.13505,0.26625,-0.99721,-0.33751,-0.34345,0.85975,1.02738,0.25982,-0.1112,0.65857,-0.32886,2.58678,-0.78531,1.84021,-0.53702,-0.34995,0.324,0.57757,1.04259,1.07554,-0.83657,-0.64181,0.68707,0.47971,-1.50916,-0.94768,-0.77094,0.38838,-0.14155,1.77362,-0.42333,-1.60831,0.53201,0.15913,-1.35859,0.16829,2.08776,0.18363,1.11817,1.44882,-0.34902,1.04007,-0.30457,0.20296,-0.0684,-0.10128,-0.12988,-0.40252,0.4692,-0.6899,-0.74348,1.61158,0.61877,-0.80808,1.23895,-1.02491,0.452,0.09806,1.40307,1.05364,-0.20209,1.28851,-0.5627,-0.66655,0.84699,0.02822,-1.05332,-1.74528,-0.19041,-0.15392,0.89723,-1.19263,-0.75589,-0.21865,-0.03383,-1.01745,0.62595,-0.08504,1.65051,-0.3059,0.37677,0.75269,2.02882,-0.41022,0.88474,-2.00389,0.11283,0.42585,-0.23731,-0.83357,1.9082,-0.45698,1.11588,-1.19035,-1.65782,0.32553,-0.37171,0.94576,0.06972,0.60142,0.20452,-0.05169,-1.61005,0.67066,-0.16781,0.16283,0.71039,0.28594,-0.93816,-1.66256,1.70744,-0.85271,1.60859,-1.32803,-0.97456,0.55794,0.46934,-0.3578,0.40641,-1.16055,-1.123,-0.3936,1.0137,-1.0686,0.21442,-1.13248,-0.08674,-0.39222,1.98233,-0.00975,0.50149,-1.12234,1.28319,0.25662,0.76864,0.39917,-0.32143,0.30688,1.99854,1.50465,0.41966,-1.99472,0.77241,-0.13342,-0.31203,-0.56451,1.44058,0.46023,-0.80992,1.55618,-0.23294,-0.2968,-0.73861,-1.26475,-1.2125,-0.33334,1.18906,0.70034,0.14258,-0.54094,-0.16788,-0.4619,-0.27195,1.28435,1.56157,1.25571,1.00223,0.36338,-0.80293,1.32134,-0.74107,-0.88887,1.17675,-0.99667,-2.60805,-0.62898,-1.00084,1
-1.2344,-0.12156,1.01353,-1.34718,0.4971,-1.35136,-1.36756,-0.40212,-0.00972,1.2202,-0.88497,0.19721,0.97998,-0.41601,-0.2962,-0.49614,-0.19157,-2.39934,1.52955,-0.31176,-0.05669,1.55078,-0.46486,0.85979,0.50473,-0.32631,0.09826,-1.34178,-0.07187,0.26029,1.67611,-0.29721,1.25296,-0.58214,0.19024,-1.59577,-0.52084,0.06909,1.15575,0.85087,2.05624,-0.21791,0.64843,1.00644,0.29441,1.27819,0.10735,0.57806,0.29268,0.2807,0.52942,1.39555,1.35221,-0.3968,-0.72255,-0.64475,0.1712,-0.16671,-0.28328,-0.79894,1.15147,1.35124,0.16273,-1.5551,-0.30352,0.92157,-0.60509,-3.48112,0.66598,1.4575,-0.52942,-0.17776,0.42531,0.31895,0.30743,1.44014,-0.59131,0.0096,-0.14719,-0.24519,0.3279,-1.33254,0.00755,1.99402,0.83946,1.11356,-0.24057,-0.34393,2.83609,-0.42602,0.00811,-0.32717,-2.25776,0.22765,-2.32457,0.83125,0.93538,0.16589,0.38589,0.67571,0.14195,-0.48646,0.39972,0.09164,-0.27049,-0.39217,0.96141,0.29989,-2.17624,1.42064,-0.54321,0.66403,0.22159,0.77371,0.23306,0.37283,0.60211,0.18318,0.18413,0.3645,-0.3716,-0.5586,1.4611,-1.35778,-1.03999,0.92536,-0.29759,-0.74623,1.8425,1.3608,-0.8007,-1.14131,-1.9917,0.40586,-1.61872,-1.54691,-1.78035,0.62932,1.59485,-0.09607,0.02091,-0.62942,-0.18513,-0.65631,-0.58505,-2.46552,2.19926,0.64499,1.05402,0.91742,0.52078,-0.21988,0.32593,-1.22842,-1.18822,-0.48751,0.5341,-0.01079,-0.56125,0.06951,-0.81098,1.28486,1.96103,-0.11923,-0.2943,-0.65599,-1.93249,-0.30067,-0.79436,0.18985,-0.39802,-1.21451,-0.076,-1.83539,0.97341,-0.42664,0.48382,-0.47971,-0.1922,-1.0566,0
-0.56554,-0.4023,-0.81835,-1.84161,0.65333,0.43068,-0.17916,2.04556,-0.54828,-1.06879,0.0377,-0.19346,-1.19296,-0.46263,-0.58178,0.09188,-0.0761,0.85231,-1.38514,-2.16927,-1.4911,0.10363,-1.03255,1.31231,-0.20753,-1.13551,-0.39471,0.66991,-0.53284,-0.54735,1.34704,0.12611,0.39996,0.34982,1.0957,-0.57216,0.31742,-0.60739,0.21241,-0.90285,0.14966,0.9799,0.37193,0.05802,-0.32682,-0.5297,-0.57277,-1.02442,0.19036,-0.26461,-0.64626,-0.36468,-0.48331,0.37222,1.25419,-0.80253,-0.15797,-0.01927,-0.17776,-0.13679,0.1594,0.54399,0.34612,-0.51258,0.51488,0.1546,0.18827,1.39975,-1.4837,-1.26602,2.37223,1.14173,-0.42165,-0.08305,0.9738,0.1386,1.36472,0.88664,-0.38694,0.00895,-0.65281,-0.51588,-0.27171,0.50039,-0.3525,-1.31333,-0.18498,-1.28553,-1.47568,1.70445,-1.43739,-0.92544,-0.75777,-0.14894,-1.08939,-0.54512,-0.70402,0.52842,0.13921,0.56998,-0.35705,0.53535,-0.50299,-2.02341,-1.52337,-0.32486,-0.40125,-0.28249,1.83711,-0.37571,0.2715,2.49965,-0.9212,0.74004,-1.32413,-1.75485,0.20981,1.05613,-0.09202,-0.45553,-1.10209,2.6017,-1.07713,-3.26331,-2.07248,2.65852,-1.08919,1.72076,2.13039,-1.54206,-1.98085,0.5756,-0.89434,-0.84171,0.81374,-0.83783,0.31272,-0.83431,0.2356,-0.80686,0.69236,-1.03106,0.17001,-0.67543,2.81995,1.74988,-0.63381,-1.40684,-1.85236,-1.76028,-0.73787,1.91046,0.42135,0.87107,0.14374,1.568,0.52989,-0.05209,-0.71876,-1.61166,-0.77633,0.14048,2.40632,-0.45634,1.41083,0.4809,-0.98439,-1.01293,2.08098,1.50126,-1.21273,-0.20374,-0.21389,-1.70722,0.49331,-0.11907,-1.95528,-2.68613,-0.38968,2.23536,0
-1.18736,-0.24506,0.41015,0.17779,0.9851,-0.00644,1.09521,0.17265,0.03778,-0.33623,0.30859,-0.6011,-0.69728,-2.57233,-0.15863,-2.33438,-0.60328,1.41078,0.74715,0.51456,-0.63858,-0.71229,0.50095,-0.24901,-0.45998,-0.54173,-0.84442,-0.09817,-0.29663,-1.09802,-1.53061,0.36532,-1.03407,0.11299,0.15944,1.89259,-0.63463,-0.18216,-1.12926,1.67333,-0.58496,1.2403,0.70646,1.03435,-0.23839,1.05644,-1.41804,0.42147,1.76742,0.98268,-0.67797,-0.51137,0.61822,-1.13103,0.05368,2.21068,0.71104,0.35055,0.6338,-0.08464,-1.62552,-0.17255,-1.47391,1.58519,-0.57278,-1.38352,1.50988,-0.48688,-0.19368,0.24149,0.23457,0.98984,-0.40287,-0.24566,-0.63535,1.07387,-0.44713,-0.71054,-0.31782,2.04244,-0.89152,-0.41029,-0.52041,-0.08126,1.82134,0.81553,1.12521,-0.33514,-1.83963,1.30979,-0.43523,0.75007,0.6237,0.6326,0.54846,-0.1553,-0.50076,1.35332,-0.12299,0.17338,-1.59662,1.0054,0.85952,-0.84243,-0.34543,-0.72581,-1.28589,-0.00944,-0.46558,0.81271,1.06341,-0.95894,1.29605,1.52227,-1.55773,-0.79256,0.62933,0.42221,0.96126,0.8434,-0.3624,-0.33755,1.28971,1.48567,0.48231,-0.71219,0.06493,0.33451,-0.71237,-0.15494,1.47473,0.09595,0.23017,-1.06203,-0.33563,-0.25228,-0.6491,1.03691,-1.03722,1.17287,-0.68736,-1.14391,-0.92931,-1.4937,-0.69884,1.27561,-0.65415,0.32894,-0.892,-1.72526,1.53904,0.16367,0.26523,1.59222,1.09535,0.34082,-0.47754,-0.62589,0.99035,-0.51502,-0.25716,1.75879,-0.11698,-0.15488,0.62261,-0.28308,1.71456,-0.17682,1.09376,-2.42638,0.51739,-2.57198,0.07325,0.77759,2.12302,-0.47261,-0.53652,-0.45176,0.04706,0.76581,0
-1.58215,1.33364,-0.15957,-0.92851,-1.90926,0.52183,1.53965,1.21384,-1.00139,1.67104,1.25516,-0.94921,-0.03459,-0.41956,-0.52372,-0.66985,-2.54933,-0.92277,1.26594,-1.02175,-0.85114,-0.5378,0.63229,-1.04455,0.89334,0.14686,0.85604,1.21486,-1.40696,0.7279,-0.94749,-0.31907,1.72464,0.8743,0.67701,0.48582,-1.11242,-0.35925,-0.30952,-1.40041,-0.56028,-0.59357,-2.02867,0.28338,1.64276,-0.58474,-1.44409,-0.76413,-1.10829,-1.32363,-2.19161,1.08726,2.04518,0.12485,-0.39573,0.16641,0.26216,0.85757,0.50923,0.22518,1.17325,0.52227,-1.59,2.01948,-0.6273,-0.93895,-0.08961,1.09776,0.06616,-0.392,-0.02218,0.62434,-0.47654,0.40432,-1.62816,0.72508,1.18724,0.57445,0.78551,0.9125,1.03126,-0.80724,1.24724,0.14523,0.28378,-0.08814,0.54697,1.35444,0.29128,-0.6639,1.47748,-0.75645,-1.14315,1.27407,1.67197,-0.9962,0.9486,-0.24983,0.14597,-0.35632,1.19327,-0.12972,-0.51939,-1.78492,-1.05973,-1.19442,-0.47426,1.55638,1.00834,1.12891,-1.0593,0.22244,1.69477,-2.02416,1.00786,1.23457,2.5816,-1.08375,0.44748,-0.45632,0.90614,0.22959,-0.14578,-0.60246,-0.58033,-0.94371,0.18867,0.11253,3.24486,-0.74815,-1.99439,-0.7671,1.239,0.8124,-0.51361,1.21169,0.43482,0.25414,-1.9072,0.30971,-0.17216,1.45801,0.87825,0.09314,1.52248,0.2842,1.98879,1.19934,2.05573,0.31416,-0.66279,-0.28059,-0.59918,-1.16925,-0.51952,-0.00185,-1.57945,0.76638,0.78774,0.70146,0.32856,-1.47271,1.82052,0.00634,-0.11182,0.1545,-0.08796,0.32399,0.05274,0.71762,-0.37389,-0.34312,-1.22091,1.28362,-0.25557,-0.86643,0.5271,1.06902,0.94331,-0.09495,1
1.1519,-0.42448,-1.26788,-0.50458,0.46368,-0.37755,-1.41747,-0.36411,-0.39088,0.01731,-0.12785,1.3566,0.13831,0.58733,-0.10356,1.46106,-0.04354,-0.7071,0.93196,0.99789,-0.9269,-0.74063,0.83421,0.14931,-1.66833,1.20205,0.12946,0.29142,-0.10929,0.02645,-0.12455,1.29184,-0.19492,-0.29872,0.41394,1.74263,-0.44,0.25922,0.74343,-0.5598,-1.898,-0.99148,-0.65991,0.64507,-0.63812,1.30336,-0.57882,1.20347,-0.72259,1.23978,0.48944,1.59021,1.18884,1.41253,-1.09254,2.14429,-0.83588,0.64131,-0.03284,1.7607,0.22606,-0.58224,-1.44544,-0.82829,0.72808,0.0302,-0.33298,1.08774,-1.18284,0.54814,1.32131,-0.17544,0.23393,0.03936,-0.02416,0.51617,-1.14177,-1.14668,-0.17915,-2.59187,-1.19697,-0.83091,1.21652,1.14524,1.41734,0.01748,0.17261,1.24885,-0.4756,-0.00921,2.22399,1.19633,0.7497,0.28934,1.24088,1.08078,1.57548,1.67585,1.41091,0.14935,-0.94359,-0.40122,-0.13724,-1.4135,0.58058,0.90808,1.42653,-0.65078,0.91616,-0.30934,0.43459,-0.1157,0.7405,-0.55214,-2.34356,-1.20862,0.01101,-0.81542,0.69925,2.0694,0.52917,-0.02413,0.78729,0.11833,2.78511,-0.50337,0.63283,1.11919,0.19573,0.68543,1.11644,0.023,-0.96945,1.07628,-0.77821,1.7266,0.4578,0.43811,-0.47528,-0.30508,0.17607,0.83763,-0.45452,-0.5669,-0.32098,-0.24003,-0.31552,-0.6046,1.20753,-0.04812,-0.14351,0.09277,0.79347,0.18438,0.01913,0.1133,-0.77339,0.30267,-0.23019,0.35393,0.99932,-0.29388,-0.70117,0.71312,0.22618,-1.51348,1.7935,0.69519,0.82657,-0.4371,-1.11261,0.2835,-1.78971,0.65765,-1.21119,-0.13565,1.95682,1.79769,1.79343,-1.21546,0
0.22042,-0.36471,0.0935,0.55015,-1.78934,1.26909,-0.21303,-0.71118,-0.15274,0.24222,-0.65551,-0.35842,-1.20603,-1.42584,1.06031,-0.95324,-0.14724,-1.88721,0.54258,-0.1945,0.32509,-1.33461,-1.75201,-0.16911,0.08598,-0.20732,-1.836,0.13439,0.21031,-0.5748,0.43693,0.25856,-0.75924,-0.07888,0.56404,1.25715,1.5649,0.30221,-2.59401,-1.24593,1.30447,1.34341,-0.13253,1.05166,0.44229,-0.13396,1.36167,1.69448,-1.14263,0.5399,-0.76318,-0.37142,1.26995,1.28324,1.23755,0.27687,-0.19692,0.23112,-0.83661,1.92221,0.06237,0.45291,0.90444,-0.55988,1.54601,-1.92151,-0.45411,-0.57838,1.06021,-0.75553,-1.42256,0.27738,-0.11548,-0.33394,-0.21427,1.58665,-1.08517,-0.6714,0.41695,0.23352,0.15324,0.27371,-0.09306,0.37426,0.43189,1.70089,-1.71516,-1.19764,-1.48417,-0.39407,0.23311,0.93609,-0.23055,0.15987,1.05053,-2.60745,-1.18467,-0.10149,0.6448,-0.41113,0.11547,-0.65069,-0.46374,0.7323,-0.81365,1.93516,-2.03048,0.35221,0.58022,0.19668,1.15345,0.6666,-0.2985,0.41213,-0.22746,0.70198,1.35565,0.29496,0.68014,0.02589,0.67042,0.87757,-0.05983,1.81149,0.14226,-0.5921,-0.14802,-0.20372,-0.42974,2.608,-0.08255,-0.9278,-0.65781,0.33698,1.01179,-0.61935,2.64191,-0.55269,-0.8818,-0.02281,-0.85734,1.30413,-2.61551,-1.87433,0.30051,-1.05034,0.04372,-1.29175,-0.45271,-0.57554,-0.11607,0.16405,-1.52378,-0.97637,0.78609,-1.4267,1.63378,1.90756,-0.41569,-0.08911,-0.51708,1.05206,0.52972,-1.62964,0.27029,0.42521,-1.47729,-0.98275,0.05561,-0.1695,0.54554,-1.93601,1.25732,0.13314,-1.35977,-0.8522,1.02782,-0.08278,0.28623,-0.67816,1
-0.62414,0.68432,0.84693,-0.00052,0.42051,0.59615,-0.95377,-1.3546,-0.91526,0.26388,1.80241,-0.23806,1.74646,-0.48797,0.02071,-0.3619,0.3044,-0.19497,-0.53006,1.94193,-0.64399,1.35125,0.56153,0.02719,-0.7506,-0.62692,-0.63443,-0.73917,1.56176,-2.01689,-0.64671,-0.37852,0.37446,-0.11123,1.30436,-0.24212,0.06644,-0.50089,-1.83835,-0.48915,1.95987,0.53033,0.47525,0.803,-1.68807,-0.08086,-0.7416,-0.76379,-0.55632,1.70905,1.63838,-1.47789,-0.01974,0.22339,1.42176,-1.12202,0.78576,1.15486,0.85511,1.13026,-1.50792,0.01201,0.64166,0.98685,-0.97437,0.40297,0.9783,0.00072,-1.05063,-0.75926,0.54227,-1.88664,0.09421,0.31285,-1.26818,-0.38446,-0.74259,0.44092,-0.2639,-0.34949,0.5774,-0.03688,2.93308,-0.23388,-0.54802,0.36683,-1.07077,1.02248,-0.39296,-0.11453,1.22076,0.22288,-0.18195,0.31363,0.4136,0.12392,0.31332,-0.65845,-0.30248,1.51726,-0.07138,0.68407,0.38547,-1.05875,-0.76119,1.21098,-0.44417,-1.10836,1.58057,0.25411,1.63854,-1.48208,0.89594,0.50751,2.07486,1.40916,-0.77353,0.83713,-1.28647,-0.50848,0.343,1.50796,1.69638,-0.72333,1.25552,0.21171,0.40274,-0.3773,-1.03935,-0.36675,-0.03102,1.19668,1.16913,0.58762,-2.21799,2.3253,-1.74104,-0.94645,-0.81201,0.79844,-0.35415,0.91162,0.08054,-2.73339,1.92989,-0.27818,2.17906,-0.04556,0.01247,-1.73762,-0.93218,-0.3212,-0.83407,0.08427,1.08241,-0.25968,3.43138,1.46844,-0.69742,-0.37945,-0.54565,0.97744,0.26851,-0.04368,0.38902,-1.21117,-0.5882,-0.79826,-0.72542,-0.70789,1.06029,0.63849,-0.32571,0.85339,1.14946,-0.59159,0.66922,0.44706,1.48855,0.60048,1
-0.71736,1.87903,1.00908,-0.14865,1.08953,0.38634,1.12818,2.81567,0.50635,0.44606,2.07725,-0.14193,0.30235,-0.33741,2.20487,1.13737,0.75128,0.10818,-0.46399,0.27643,1.70428,0.27606,0.16043,-0.54502,-0.40352,-0.45425,1.19837,1.31797,-0.56651,-0.06816,0.9482,0.44662,-0.24967,0.41764,-1.52204,0.10587,0.37065,-2.43613,1.48175,1.44788,1.15195,-0.85299,-1.06938,-0.85782,-1.70051,1.88468,-0.4208,2.04467,-0.66373,-0.83874,-1.03483,0.22393,-1.24714,0.42816,-0.25177,-1.27758,0.80636,1.63215,1.80308,-0.97798,-0.00351,-0.27262,-0.01686,-0.61998,-0.46469,-0.13818,0.50114,-1.04146,0.87207,-0.45139,-1.08672,-1.16058,1.51376,0.79449,1.2512,0.53781,-0.08507,-0.07232,1.6634,2.00794,-0.04585,0.44478,-0.91792,-2.85474,0.14659,-0.14235,-0.06116,-0.87557,-1.0639,-0.85627,0.50652,-0.55629,2.74231,0.63873,-0.48189,0.64355,-0.29361,0.20816,0.12951,0.68053,0.05661,-0.6197,2.09015,0.49427,0.84088,-0.14633,2.00224,1.33062,-0.07525,1.12454,0.7051,0.14141,0.17737,-0.66901,-0.55701,0.06892,-0.70343,0.71255,-1.39978,-1.98047,0.60029,0.70903,-0.59508,0.49241,-0.49083,0.56319,-0.83135,-1.08146,0.33034,-1.00496,-0.00653,-0.22141,-1.8258,0.1225,-1.69747,-0.52693,-1.8925,1.08963,-0.73352,1.13075,2.23766,0.04295,-1.13168,0.51723,0.57938,0.3181,-0.38901,1.33709,-0.12527,-0.42021,0.58286,-0.49098,0.88763,-2.86957,0.96107,-0.08216,1.3631,0.00319,0.4651,0.0745,-0.42782,-0.65344,-0.19648,-1.17461,1.11583,-0.27171,-0.02348,1.04669,0.99009,-0.16692,0.26797,-2.32811,0.33721,0.46717,-0.20724,0.55081,0.07625,-0.09763,0.32717,0.23804,0
0.48845,-2.68981,-2.02586,-1.3561,0.51183,0.04993,-0.13159,-0.80521,-0.60794,0.23332,0.27457,0.21795,0.25865,0.21667,0.88515,0.04516,0.38307,-0.68352,-0.68723,-0.7714,-2.46762,0.51068,1.81577,0.96986,0.75825,-0.81806,1.28218,-0.38076,1.3838,0.16562,-0.3594,0.1113,0.71181,-0.92212,-0.41915,0.58826,0.4498,1.42946,1.99398,0.32231,-1.40368,2.52746,0.64842,-0.0559,-0.35269,0.7804,1.12754,1.04184,-1.97848,1.83502,-0.80903,0.14804,-0.16579,0.22856,0.97152,-1.58476,1.33187,-1.37927,-0.52336,-0.40189,-0.10474,-1.22485,1.78838,1.01445,1.92123,0.73168,0.4796,-1.0388,-0.03286,0.94543,1.53488,-0.36489,-0.47516,-1.72941,-0.66906,-0.11592,1.17982,-0.87098,-0.17028,-0.36045,-0.80572,0.98868,1.58651,-0.20729,-0.47688,-0.57996,-1.19277,0.93552,0.15735,-1.3161,-0.18773,-0.04696,-0.82153,-0.23447,-1.65163,0.9205,-1.76224,-0.84572,0.32467,0.898,-0.27298,0.30855,0.29485,1.4612,-0.15941,-1.55428,-0.71556,-0.57029,-0.89599,0.35075,-0.55695,-1.64214,0.72595,1.18442,-0.46724,0.27066,1.43826,-0.28801,-1.72116,0.79292,1.90474,-2.11864,-0.4574,-0.98108,0.70445,-0.24471,-1.98953,0.83773,1.93616,0.0262,-1.05165,-0.85928,-1.15668,-0.51936,-1.36597,-0.44281,0.04688,1.79291,-0.69998,0.01278,0.23393,0.23322,-2.01905,-1.22817,0.24548,1.32846,-0.14441,-0.60746,2.27974,-1.42944,-1.39618,0.59162,-0.87551,1.24,-1.20916,0.15433,1.60001,-0.69901,0.97621,0.99225,-0.71956,0.11236,-1.20579,-3.26829,0.83503,1.00141,-0.31081,-0.18849,1.14092,2.75088,-1.69223,-0.05761,-0.4297,0.40189,-0.17041,1.95003,-0.3824,0.77188,0.11036,0.05201,0
-0.04157,0.67931,-0.46551,-0.64386,0.09856,-0.59477,-0.25235,-0.313,-0.18849,0.40992,0.76273,1.07837,1.59903,0.18332,-0.23629,-0.81775,1.22676,-1.02358,-0.43864,-1.50194,-1.49669,-0.49652,-1.26315,0.56643,-0.14139,-0.33865,-0.599,-0.12743,-0.92113,-0.97019,-0.41546,0.78813,0.18963,0.15236,-0.84165,-0.83421,-0.54977,-0.22186,0.79715,0.73791,0.40536,-0.44153,-0.75832,-0.64654,-0.16856,2.48617,-1.63929,-1.64673,-0.25869,-1.28799,-0.34768,-1.40186,-0.52794,-0.15715,-0.6565,-2.39963,0.23476,1.47397,1.8138,-1.25239,0.20547,0.47799,0.99485,-1.95964,0.3261,1.37299,-0.76112,-0.71412,0.93585,1.0272,1.27708,-1.7959,-0.01986,-0.26956,-0.01377,0.77843,-0.59198,-0.61947,0.15297,0.17436,1.44851,0.14097,0.81834,-1.29717,-0.29328,-1.12523,-0.28079,-0.92521,-0.5716,-0.74248,0.36273,0.76605,-0.27868,-0.07243,-0.44086,-0.39597,-0.44248,-1.17251,1.2194,-0.64813,-0.5781,0.28946,-1.02205,1.1922,0.28684,0.14492,0.10685,0.60878,-1.28099,-0.06946,0.37726,3.44588,1.7416,1.53482,-0.17897,-1.54727,0.54724,0.08416,-1.739,-2.5347,0.70086,0.69942,0.34298,-1.61926,-0.39681,0.22933,-0.79876,0.81323,-0.50173,-0.14311,-0.94696,0.55447,-1.15637,0.96046,-0.27992,-0.35492,-0.89454,-1.14991,-1.72883,-1.41293,0.42582,-1.3151,0.57751,-0.07152,-1.28203,1.2031,-0.54431,0.32512,0.21638,0.18911,-1.38584,0.63704,0.93413,0.12879,1.02937,1.36817,0.5781,0.66144,-0.36905,-1.12617,0.81201,1.55674,1.7956,0.26368,-0.90039,-0.14823,-0.71781,1.79346,-0.74131,0.86053,0.35665,1.84707,-0.53226,-0.3237,1.08019,1.30294,-0.81057,0.8294,0.13329,0.82768,0
1.15004,-0.45764,-0.06037,-1.84678,1.49661,0.16626,-0.35872,0.26776,-0.15467,0.52978,1.03191,-0.26445,0.04692,0.38061,1.53334,-0.24116,1.04833,-1.26729,0.83459,-1.1502,-0.24038,-1.99129,0.07742,-0.3897,-0.10818,-0.48391,0.00827,2.17651,-0.34045,0.50574,-1.0075,-0.34473,-0.18104,1.00144,-0.2248,-0.68374,1.34105,-1.00933,-0.16851,-0.46522,0.49143,-0.91972,0.23027,-0.55489,0.52145,0.586,0.22153,-0.07889,0.65883,0.43448,-0.27664,0.17162,1.68337,-0.20946,-1.66952,-1.38772,0.59082,0.19426,-2.36913,0.51139,-0.15333,-0.84501,0.74466,1.32679,-2.33033,-1.37802,0.13257,-0.2898,-2.82756,-0.34978,-0.64047,-0.36119,-0.14618,1.61766,1.37151,-0.2954,0.83238,-0.40961,-0.69006,0.11911,0.54068,-0.35032,2.03389,0.91149,0.20103,-1.41709,1.69056,-0.53217,-1.95552,-0.97133,-0.06435,0.64791,0.21811,-1.42136,1.49958,-1.8218,0.83622,-0.85928,1.04301,-0.61564,0.14864,-1.0329,0.05042,-0.45991,-0.6846,0.21933,-1.66502,-0.30762,-1.23728,0.59264,1.68908,-1.33884,-1.17416,-0.31805,-0.78131,0.47989,1.88696,0.37689,0.77024,0.08541,-0.25737,-0.49072,-0.41417,1.1632,-1.98704,0.71956,0.41466,-0.1727,1.36362,-1.00876,0.19278,0.29787,0.34023,1.14661,-0.3646,0.08206,-0.17585,-1.87618,0.26756,0.06535,-0.46155,0.3092,-0.71032,0.77738,1.99748,1.01822,1.15516,0.76348,-0.27736,0.98988,1.36823,-0.54953,0.83777,1.49283,1.59891,-0.38859,-0.88868,-0.36035,0.43305,-0.84821,-0.33747,0.40959,-0.5815,-0.1025,0.20153,-0.48492,1.71824,-1.48185,-1.11994,0.98435,-3.08435,-0.60821,-1.22238,0.38965,0.98449,-0.40004,0.39923,0.2077,0.45133,1.32802,0
0.47266,-1.5242,0.1467,0.67945,-1.00817,1.52548,-0.75043,0.65556,0.31776,0.88276,-1.28079,-0.3575,0.80971,1.10581,-0.01647,-1.07114,1.50292,0.25037,-0.9796,0.58298,-1.39154,0.10406,-0.58959,0.54235,2.60954,-0.04777,-0.41069,1.04238,2.23008,0.093,-0.78551,-0.3087,0.28338,-0.69646,0.58752,1.14865,0.81728,-1.1302,-1.38663,-1.33538,-0.25136,-0.30377,-1.66222,-0.50031,1.37284,0.32964,0.23122,-0.00126,-0.51619,-1.07764,0.64785,-0.57064,2.12219,0.38228,-0.38385,0.32969,-1.4546,1.01989,0.17983,0.64166,0.64235,0.39523,1.34857,-1.16824,-0.47527,0.76146,-0.76231,0.66185,-0.28155,-0.98937,0.46038,-0.30667,-1.61816,-0.55749,-0.21123,-1.37399,1.19102,-1.021,1.6965,0.50041,-1.58178,0.67053,0.5249,0.28867,-0.59286,-0.14695,0.13782,1.56501,0.05509,0.97687,2.15201,-0.52955,-0.74411,-0.90224,-0.47147,-0.17601,-0.12967,-1.24502,-0.88375,-1.69246,-0.20615,1.85947,-0.2592,-0.77709,0.02462,1.56232,0.57612,-0.88872,-0.10506,-0.72503,-0.32713,-0.47546,0.61088,-0.93014,-1.44442,-0.75358,-0.20412,-0.38928,0.79027,-2.39472,0.51785,0.15301,-1.16268,-0.33177,-0.57785,-0.55147,0.1441,-1.00359,0.47907,1.09224,-2.01397,-1.63395,0.73063,-0.30663,-0.19144,-2.24275,0.09626,-0.74409,0.54443,-1.17044,0.32246,-0.37324,0.67597,0.17591,-0.30933,0.46394,1.19166,1.74295,0.06759,-0.75029,-0.01312,1.35879,0.93832,-0.45826,2.49811,0.5261,1.23842,-0.79458,-0.72805,-1.67267,-1.44418,-1.33375,-1.08228,-0.59114,0.99631,1.454,-1.52012,-0.56724,1.2322,0.4618,0.04354,-0.53735,-0.38742,-1.19169,-0.66278,1.34442,0.6068,-0.52585,-0.61589,-1.3573,1
-0.31896,-0.98682,1.57537,1.42795,1.69125,-1.2907,-1.45542,0.51272,0.31059,-1.06244,0.73485,-1.19234,1.78251,0.41793,0.44103,-1.09905,0.23895,0.33128,1.20875,-1.446,-0.06821,-0.60902,-0.26824,1.45344,-1.01502,0.90369,1.66247,0.96633,-1.55233,1.19293,2.11677,0.35682,1.00458,-0.933,-0.88467,-0.87822,0.29744,-1.64798,-0.76576,1.04669,1.21595,0.56341,-0.48579,0.05082,-0.22215,0.32285,-0.3545,-0.06603,1.1508,-0.85907,0.48474,-0.28095,1.18419,0.22357,-0.1244,-0.89306,-0.80686,0.29688,0.17568,-0.5105,1.09627,0.33209,-0.87042,-0.92836,-0.96936,-0.92187,0.35642,-0.29749,-1.11395,-1.45942,0.15699,2.3946,-0.48567,-1.9746,0.92,0.5241,0.99558,-1.40432,-0.34192,-0.03754,-0.54562,-0.89984,0.32332,-0.02862,-2.05441,0.26339,-0.54237,-1.23642,-1.19281,1.04928,0.63516,-1.72557,-0.3839,-1.2666,-1.63347,0.51538,-1.47616,0.0591,0.54642,1.12086,-0.06539,-1.3978,1.32132,0.85159,0.09532,0.30086,0.32438,-0.60378,0.1672,1.74274,0.25782,-0.2709,-0.42171,-0.66254,-0.82586,-0.5074,1.21544,-1.24426,0.84465,-0.40713,-0.00742,0.02948,-0.62783,1.77878,-0.4523,0.79077,-0.3261,-0.45378,-0.55088,1.51343,0.8342,-0.94007,1.21885,1.01931,-0.95678,0.34039,-0.57419,1.3028,0.00042,-0.36931,-1.10407,-0.21372,1.57359,-2.17104,0.02758,-1.16205,0.78912,-0.57473,-0.38631,-0.64808,-2.3026,1.04986,1.17624,0.56837,-0.26008,-1.62735,0.2102,0.6787,-0.32897,-1.05732,0.58468,-0.58711,-0.77002,-0.9341,0.856,-0.57087,1.26519,0.64667,0.76078,1.93964,0.53136,-0.04009,0.93086,0.73094,0.62801,0.24216,-1.95104,0.93959,-0.58047,-0.0704,0
0.81239,0.15672,0.13706,-0.27491,0.72188,0.34276,-0.44599,0.45029,-2.15294,-0.50294,-0.35787,-0.60084,-0.0253,-0.06521,-0.42471,-0.57846,1.54073,0.01466,1.22584,0.06952,0.44013,-0.33913,0.43231,0.30481,-0.73576,-0.15547,-0.40251,0.64457,-1.41641,-0.15538,-0.35679,0.16789,1.2941,-0.77879,-0.14534,0.31854,-0.90676,0.6129,0.79714,0.752,0.19175,1.58167,-0.00955,0.89561,-0.81996,-0.66776,-0.40551,-0.38563,-0.00817,2.1202,-0.22446,-0.42801,-1.11029,0.57148,-0.97235,-0.25911,-0.39964,-0.04578,-0.24086,-0.84467,2.04164,0.0247,1.72236,-0.54361,1.6364,0.84982,-0.24668,2.34351,-0.22557,-0.51077,-0.62075,0.48545,1.26261,-0.7272,0.64651,-1.03004,0.6256,0.51292,0.96445,-1.01402,-1.39088,-0.26839,-0.01848,-1.20394,-0.98665,0.7237,-0.84075,-0.881,-0.2539,-0.71396,-1.43361,-2.26146,0.71671,1.62011,1.47733,0.3661,-0.47546,-0.95431,1.26085,0.46803,0.53752,0.20878,0.44649,-0.72445,1.09768,0.09946,-0.15035,1.49823,0.21453,0.37165,2.31414,-0.48286,1.60731,-0.11575,0.05344,2.80744,-0.19713,-0.12445,-0.00518,1.23332,0.13013,0.44408,-0.82092,-0.26125,-0.56793,0.28768,-0.22483,0.23278,1.2765,2.51443,0.06889,-1.28699,1.29278,0.91659,1.06228,-0.26481,1.01763,-1.55643,2.21966,-0.81174,0.15148,1.77038,-0.22945,0.20621,-1.07096,0.39153,-1.00249,0.78608,1.11904,0.62063,-0.22561,0.24777,-1.77801,-1.38203,-2.10963,-1.56308,0.80793,-0.17772,-1.7052,-1.28268,0.75756,0.71266,-1.43785,1.11547,-0.57806,1.91454,0.93159,1.64632,0.54489,0.50502,1.16941,1.12077,-0.4278,1.98615,1.5254,-0.37297,-0.30838,1.50226,1.86765,-1.35779,0
-2.30307,1.65791,-1.88203,0.0661,0.60411,-0.94032,-0.27272,-0.6644,-0.41936,2.42663,0.77122,0.20163,0.06647,0.1249,0.55724,0.49271,0.3603,-0.51962,-1.53559,0.51519,-0.17328,0.52979,-0.78273,-0.57828,-1.4336,0.7912,-0.06813,0.99318,1.2345,-2.10713,0.07633,-0.24187,-1.09933,1.13528,-0.16327,-1.75973,-0.99038,1.5315,0.13824,1.16933,0.41235,-0.39269,-0.28125,0.6444,-2.11477,-1.25372,-1.02392,-1.33778,1.3656,-0.76187,1.12749,-0.31664,-0.40953,-0.04468,-0.33995,0.76699,-0.82499,-1.05496,0.88139,1.38439,-0.64969,-2.18789,-0.17966,0.31527,-1.10961,0.94281,1.7718,-0.57683,0.11817,0.49209,-0.46319,0.19903,0.49015,1.65137,-0.88578,-0.2443,0.27592,0.58038,-0.15755,1.58103,1.07972,-0.69968,-0.07627,0.57477,0.15926,0.50141,0.49221,-0.20606,-1.12597,-2.39389,-0.84351,-0.62759,1.65549,-0.65789,-0.30399,0.49741,1.55036,-0.17108,-0.60176,-2.37827,-0.08506,1.27284,1.85522,0.20159,0.83869,-0.44731,-1.03592,1.49682,-0.25228,0.94843,1.24554,-0.54837,0.27835,1.02547,-0.10434,0.24929,-0.52043,0.77809,0.54114,-0.54653,-0.04718,-1.80303,0.03574,-1.1553,-0.73663,0.99775,-0.10084,0.66659,2.4713,-1.29377,-1.01099,0.15249,-1.30924,-1.89125,1.02237,1.19276,0.13629,-0.05894,0.51937,-0.25399,1.50985,-0.26867,-0.63775,-1.46332,-3.45079,-1.76214,0.04875,-0.30847,2.95748,-0.61503,-1.46597,0.94515,1.01386,0.54444,0.07851,1.45774,-0.67318,0.95335,0.75632,0.54499,0.27306,0.82436,0.07338,1.61312,-0.20807,1.65196,0.968,-0.87642,0.55124,-1.3665,0.63149,-0.07967,-0.43088,-0.84029,0.96213,-1.1913,0.49811,0.64729,-0.21829,-1.13251,1
-0.52727,0.12871,0.57839,0.45822,-0.96734,0.94785,-2.12092,0.15339,-0.70334,-1.68379,0.0606,0.30255,-0.96809,-0.84391,0.7396,-0.26818,0.57505,0.54952,0.79793,0.8927,1.78469,-0.3571,0.56919,-0.08328,-0.06326,0.40923,-0.30848,0.30383,-0.78696,1.54683,0.00871,0.7285,0.51875,1.11873,1.14883,-0.71434,-0.91681,0.54639,0.76632,-0.16134,-1.28755,-0.51153,0.49858,-0.77581,0.44267,-0.80334,-0.26088,0.26095,0.43775,0.18445,-0.16461,-1.17634,1.73285,-1.41979,0.01367,-0.40213,-0.64221,-0.20727,-1.44072,1.10928,-0.65939,-1.0274,0.90964,0.43243,1.4508,-1.2923,-0.90127,1.05655,-0.28396,0.21863,0.73058,-0.59803,1.61641,-0.67393,0.62917,-0.2652,0.37588,-0.07064,0.11076,0.30163,-1.14071,-0.72001,-0.11258,1.14064,0.19831,0.65305,1.02998,0.8537,0.98181,-1.82366,-0.02659,0.15851,-0.35273,-0.14406,0.12597,0.84035,-0.64931,0.36576,-1.14501,-0.90585,0.39217,-0.20287,2.05701,-0.46636,0.71881,0.14181,-0.76089,0.3293,-1.42261,1.53904,1.6167,1.3444,1.49382,-0.26146,0.10327,-1.21066,-0.38287,-2.05837,0.56816,-0.53083,0.47358,-0.8683,-1.82367,0.74182,-0.61995,-0.28683,-0.63214,-0.27141,-1.58464,0.41892,-0.75794,-1.26742,-0.15365,-0.90967,-0.42494,0.29936,0.43567,-0.42808,-0.15349,1.16845,1.71622,-0.99924,0.93475,0.59326,0.5415,0.23365,0.66108,-1.39791,0.7437,0.25433,1.20102,1.60324,1.14362,0.78538,1.69126,-1.18053,0.59524,-0.15202,0.41354,-1.20962,0.0767,-1.14957,0.43332,1.30245,-0.35216,0.16051,-0.01497,0.54815,-0.35672,0.06669,-0.60496,-0.22727,1.42684,-0.45498,-0.06936,1.00666,-1.51746,-0.68122,-0.15316,-0.05756,1
0.62894,-0.9999,-0.14223,0.11822,-1.13271,-0.20706,-1.92037,0.24079,-0.74578,0.87021,1.33435,-1.0525,-0.94893,-0.83935,0.45955,0.98951,0.32396,1.70999,0.19068,0.27274,0.94449,-1.43935,-0.82835,-0.60029,0.22399,-0.88242,0.83758,-0.01254,-0.14532,-1.30249,-2.64614,2.3234,-1.28525,0.97268,-0.04464,-0.76263,0.06782,-0.06709,-0.72974,0.87023,-0.93966,-0.15221,1.25638,-0.32111,0.00661,0.72814,-1.09651,-2.05286,-1.2306,0.36833,-0.00945,1.3105,-1.22916,-0.87322,1.01271,-2.71949,-1.09364,-0.19043,-1.60444,-0.19744,-1.7591,0.3267,1.25782,1.53366,0.54843,-0.07632,-0.87045,2.40451,0.58999,1.59886,0.15448,-1.68709,0.3376,-0.67517,-0.02772,-0.37339,-0.40531,-0.03962,0.83991,-0.01444,-0.08661,-0.10425,-0.07858,0.73617,0.41709,-0.51441,1.00061,0.19694,2.33329,-0.24897,0.28147,-0.58035,-0.70267,-0.22457,-0.0074,-0.15453,-0.25872,-1.54432,-0.70847,-0.10725,0.00768,-0.18902,-0.62226,1.18552,0.24036,-0.27928,-0.32962,0.19142,-0.73841,0.64948,0.79444,-1.13806,-0.91445,-1.28998,-1.68009,-0.1229,-0.3035,0.13117,-0.73978,-0.70362,-0.6459,3.42938,-0.42369,1.15642,-0.05079,0.38922,0.12923,0.19619,0.28732,-2.19425,1.15161,0.83756,-0.27133,-1.50148,-0.81505,-1.01688,-1.01083,0.45541,1.01781,-1.09341,0.50163,0.64341,0.16887,-0.01518,0.72805,-0.02106,0.2296,-1.13294,-0.09335,-0.94371,-0.86036,-1.86119,0.61173,0.92915,-0.48496,1.38817,0.29878,1.37022,-0.75384,1.57896,-0.57129,0.24108,0.2672,-0.80731,-0.77276,2.18339,0.72097,0.57344,-0.66915,2.23611,0.92436,1.2424,-1.01217,0.05605,0.7403,-1.34564,-1.13996,0.69439,-0.01176,-0.66013,0
-0.37318,-1.06764,-0.22167,-0.3031,0.79237,1.29067,0.0466,0.68636,-1.30916,-0.31986,-0.38299,-1.82785,0.87041,-0.6483,1.84642,0.33286,0.08262,-0.28563,-1.55785,0.55215,0.8072,-0.72328,-0.68521,-0.5815,2.02751,-1.20534,-1.34023,-1.01956,0.35666,-0.19838,-0.41957,-2.37417,1.88359,0.91133,0.26415,0.58725,2.22319,1.51313,-0.37057,-1.91792,-1.75735,-0.03321,-0.57654,0.10086,-0.10925,-0.38595,0.43008,1.80864,0.56823,-0.76458,-1.00326,-0.74299,0.73819,-0.31802,0.07177,0.76582,1.70649,-0.33974,0.7511,-0.27737,1.26301,-0.76958,-2.21582,-0.6798,-0.40732,-0.62049,-0.15741,-0.40189,1.0174,1.37779,-0.5323,-0.8002,-0.1762,-0.92449,-0.97495,0.52424,-1.40314,-0.87481,0.29218,-0.76425,-1.25297,0.40875,1.28809,1.89289,-0.79295,-2.35558,-0.75568,-1.50098,-0.13483,-0.11598,-0.86457,-0.56789,1.58758,-0.15076,0.17977,-0.36841,-0.12397,-2.00532,-1.04391,-1.46623,1.02852,0.90634,0.39097,0.99649,1.70574,-0.07078,0.20392,0.57159,-0.65556,0.79437,0.44541,-1.78722,-0.71462,1.23371,2.04189,1.23898,-1.23801,-0.67243,0.73098,-0.78494,-0.29223,0.17263,-0.07096,1.22562,-0.75248,-1.47974,-0.36593,0.09724,-0.5425,-0.2102,0.38264,-1.21266,-1.00923,2.28801,-0.84632,0.07124,0.15216,-0.03512,-1.26157,-0.44912,0.05445,-1.09108,-0.45133,-0.72015,-0.49499,2.4618,-0.70226,-0.05074,1.42437,-0.88569,-0.76542,-1.05474,-0.18506,0.57074,0.00666,0.21579,-0.23572,0.17829,1.00418,-1.28358,-0.50168,0.02224,-0.60395,2.1394,0.25954,0.61684,1.79193,-0.91948,0.45228,-0.31179,-0.12824,0.75028,-1.32221,0.71228,-1.52782,1.35751,-0.86687,0.82558,0.24683,0.62769,0
