v001,v002,v003,v004,v005,v006,v007,v008,v009,v010,v011,v012,v013,v014,v015,v016,v017,v018,v019,v020,v021,v022,v023,v024,v025,v026,v027,v028,v029,v030,v031,v032,v033,v034,v035,v036,v037,v038,v039,v040,v041,v042,v043,v044,v045,v046,v047,v048,v049,v050,v051,v052,v053,v054,v055,v056,v057,v058,v059,v060,v061,v062,v063,v064,v065,v066,v067,v068,v069,v070,v071,v072,v073,v074,v075,v076,v077,v078,v079,v080,v081,v082,v083,v084,v085,v086,v087,v088,v089,v090,v091,v092,v093,v094,v095,v096,v097,v098,v099,v100,v101,v102,v103,v104,v105,v106,v107,v108,v109,v110,v111,v112,v113,v114,v115,v116,v117,v118,v119,v120,v121,v122,v123,v124,v125,v126,v127,v128,v129,v130,v131,v132,v133,v134,v135,v136,v137,v138,v139,v140,v141,v142,v143,v144,v145,v146,v147,v148,v149,v150,v151,v152,v153,v154,v155,v156,v157,v158,v159,v160,v161,v162,v163,v164,v165,v166,v167,v168,v169,v170,v171,v172,v173,v174,v175,v176,v177,v178,v179,v180,alvo
-0.61242,0.79092,-1.36461,0.21613,0.54519,0.09531,-1.22701,-0.46134,1.32953,-0.35557,-0.53451,-0.49953,-0.36045,1.10611,-1.45451,-0.05895,1.28863,0.19808,-0.38084,0.95309,0.64877,0.62333,-0.73111,-0.42536,-0.04529,-1.65281,0.54615,-0.41214,1.11541,-1.4366,-1.11769,0.47832,0.91607,-0.29132,-0.22406,-0.26985,0.01422,-1.72873,1.01215,-0.44516,0.12073,-1.58887,-1.26357,1.7889,-0.30857,-0.36995,1.72611,-0.71476,-2.0785,0.50875,-0.10083,2.01206,-0.51128,1.55895,-0.0999,-0.25246,0.75033,0.71111,0.21264,1.96621,-0.95304,0.06404,-1.37468,0.93052,-0.20065,0.06434,-0.94087,-0.29446,-0.03698,-1.01339,0.6963,-0.01343,-1.61891,-0.00966,0.4311,2.72384,2.86172,0.47096,0.22775,-1.17043,0.52341,-0.72443,1.17938,-0.23005,-0.29113,-1.00015,0.64137,0.08862,0.08539,1.24385,-0.15898,1.64839,-0.86449,0.22309,-0.71507,-2.02836,-2.35283,1.03653,-1.13163,0.36994,0.254,1.42359,-0.42137,1.5338,1.56403,-0.2129,-1.06575,-0.8461,0.72751,0.79189,-1.03487,-0.48804,-2.31907,1.5192,0.67962,-0.50588,0.83629,-1.06216,0.90279,-1.47667,-1.293,-1.82959,-0.29907,-0.21091,-1.29386,2.15506,2.209,-1.30514,-0.01821,-1.11504,1.76641,-0.52739,-0.35785,0.48017,-0.98456,-1.14585,0.05332,0.86558,0.56255,0.0688,-0.65367,-0.45292,0.30833,1.61788,1.032,0.09676,-0.42385,-0.06399,-0.39911,-0.02713,0.34177,0.70352,0.34605,-0.61477,-0.77048,-1.38998,0.21139,0.69225,0.52694,-0.19396,-0.50299,-0.3647,1.23098,0.31273,-0.24993,-0.31955,-0.09732,-0.50408,-0.90284,-2.12611,0.80327,1.69555,0.36692,1.49451,0.29974,-1.14483,-1.5543,-1.81009,1.83248,-0.88674,0
0.77928,-0.69564,-0.15599,0.31423,-1.43139,1.30621,1.13604,1.37391,-0.18824,-0.11672,-0.19229,-0.16768,1.0404,0.24356,0.10949,-1.26684,0.18738,-0.7865,2.04732,-0.33897,0.431,1.13611,0.16163,-1.23536,0.4554,-0.84827,-1.07358,0.88699,-0.68713,-0.59188,0.15251,0.70943,1.74389,0.09084,0.09958,-0.06625,-0.75054,-0.81874,2.32396,0.58882,-0.49295,0.01213,2.38078,1.21578,-0.39141,0.90919,-0.24686,-0.3054,-0.71771,1.07557,-1.23274,0.29418,-0.06227,1.8119,-0.85776,-0.54889,-2.31451,-0.37571,-0.86271,0.97406,-1.03087,0.71455,-0.03514,1.19645,0.19431,1.22949,0.00145,-1.21168,0.51681,-0.17066,0.32794,-0.58253,-1.02645,-1.24378,2.37429,0.7982,1.69577,-0.1408,0.21079,1.11703,1.42266,0.00394,1.73825,-0.84449,0.47448,-0.94733,-0.68658,0.45361,0.57797,0.99458,0.9362,0.59445,0.3517,0.09999,0.53896,0.43744,0.76179,0.99235,-0.55207,0.56148,-0.9151,0.45691,1.49672,1.8673,-0.60894,1.21334,0.21053,-0.10967,-0.37917,1.16464,0.64382,-0.06844,0.9985,-0.68375,-0.41077,-2.10637,1.6136,-0.20416,1.05698,-0.05429,0.57815,0.88699,-1.76642,-3.156,0.39741,-0.51831,-0.17666,0.71283,-0.94666,-0.52073,-0.39109,1.70005,1.16259,-1.25677,0.93278,-0.09382,0.09279,-0.84654,0.28476,1.61461,-1.20615,-0.61823,0.26946,1.24781,0.37939,0.90692,-0.3279,0.15571,1.06046,-0.1028,0.44331,-0.03983,1.94087,-0.8061,-0.64745,0.89969,-1.13962,-1.12891,0.71159,-0.92098,-0.22926,-0.25406,0.29936,-0.09149,-0.19298,0.36586,0.00491,-0.35963,-1.37403,-0.50531,0.88165,0.21644,0.5841,0.91311,0.02976,-1.28967,0.22017,-1.6426,0.55844,0.88778,0
0.0022,-0.14617,-1.63645,0.93707,0.11042,0.73859,0.09043,0.90484,-0.55104,-1.5818,-0.62566,0.06252,-0.61089,-0.8455,-0.47429,0.16519,0.94735,0.7359,2.30456,0.17458,1.40722,-0.04939,-1.9847,1.75261,1.01661,-0.79234,0.87191,-1.06939,0.94556,0.46868,0.83127,-0.57366,1.387,-0.54699,-0.45304,1.26435,1.58482,-1.20582,-1.19696,1.3129,1.7405,-0.34565,0.63193,0.80311,-1.03199,-1.11647,0.44106,-0.97285,0.1696,-1.04597,-0.49838,1.10063,1.6203,1.26019,0.28021,0.24364,0.3784,-1.43692,-1.01161,-1.32088,1.87061,-1.74137,0.37178,-1.57866,-1.43538,0.19768,0.22917,-0.05332,0.25611,-0.53492,-0.71028,1.0536,-1.39653,-1.42952,1.15092,-0.86748,1.12566,-1.43336,0.75532,0.05757,0.57074,-0.36761,-1.79707,0.2174,-1.68332,-0.16434,-0.11456,0.84292,-1.24519,-1.4582,-1.30411,0.05641,-0.99186,-0.52197,0.28308,-2.72741,-0.52565,-0.21009,0.51132,0.33148,-0.07394,-2.6382,-0.03255,1.87567,-0.10637,-1.98236,0.05314,0.97346,-1.07568,-0.00819,-0.02637,-0.12988,0.49644,1.49717,0.94044,1.1852,0.75466,-1.7421,1.18568,0.3454,1.84582,-0.78395,0.35939,-0.47481,0.7317,0.89104,0.37345,-1.24607,-0.05258,-0.23454,-0.45876,-1.27743,-0.37946,-0.8719,0.3711,-0.28266,-1.29667,-0.9098,2.08358,-0.3512,-1.1401,-0.3372,1.53529,1.2012,0.07487,-1.7439,0.62519,0.9125,-1.15099,0.92537,1.12941,-0.77774,-0.07424,0.15601,-0.6993,0.44478,-0.58496,-1.30316,-1.1704,0.46542,-0.01323,-0.13325,-0.08224,-0.33999,0.04773,-2.11269,0.28334,-0.32857,0.80017,1.12667,-0.61262,1.66364,1.83048,-0.49757,0.35506,0.73313,-0.41214,1.74477,-1.2277,0.68313,1
1.65395,0.50475,1.94467,1.9807,0.31375,-1.3354,0.07538,-0.09244,-0.06282,0.02936,-1.17368,-1.45467,0.49568,-0.32075,1.38392,-1.19335,0.60129,0.9056,-0.67796,0.00328,-2.13138,1.3719,0.59483,0.72266,1.39347,-2.04865,-0.17504,0.32188,-2.45894,-2.52605,-0.23193,-0.59372,0.2261,-0.22917,-1.09389,0.71767,0.24422,-0.69062,-1.35606,-0.10493,-0.03249,-0.8363,1.1387,0.7315,0.06513,-1.21417,-1.0195,-0.15381,0.16308,0.67035,-1.14339,-0.2457,-1.39437,0.48012,-0.11788,0.0396,0.74419,1.10518,-0.76557,-1.88296,0.58725,-1.0264,0.95624,-0.31726,-1.06507,-0.2649,0.15077,-1.45753,0.22837,-0.27521,-0.94276,0.37914,-0.56032,-1.12209,1.02344,1.09608,-0.69033,0.11781,1.62532,2.03138,-0.80073,0.6893,0.58115,0.339,1.64822,0.30664,0.06502,1.2965,-0.61366,0.11793,0.69548,-1.43876,1.1919,-0.46456,1.0908,2.67725,0.40316,-0.14336,0.6258,-0.41339,-2.2278,0.64154,-0.45395,0.80512,0.07226,-1.83486,-1.05477,1.13985,1.44131,-1.55994,0.88518,0.16048,2.25929,0.06238,-0.47939,1.54123,0.45426,-2.58923,0.8937,1.18312,-1.02164,-0.0923,0.75813,0.77498,-1.71477,-1.17898,-0.18403,0.82424,0.07006,0.65668,0.72096,0.63637,-0.35825,-1.7461,0.7768,1.67366,1.38924,-0.96186,-0.38672,1.48072,-0.14496,-0.07243,1.5384,0.05181,0.81684,1.28033,0.30312,-0.02431,-2.50779,0.6709,2.06529,1.85057,0.31926,0.04004,0.81897,0.36742,-1.10068,0.45613,0.40266,0.70803,1.19347,1.65251,0.51912,0.78274,-0.44439,-1.6963,1.05293,-1.06655,1.07461,-1.07296,-0.10557,-2.13857,2.23045,1.7328,0.31228,-0.11532,-0.97858,-0.18441,-0.93199,-0.80398,1
-0.11478,-1.05342,-0.80568,1.63582,1.29083,-0.34365,-0.22466,-0.28055,0.29233,-0.404,-1.61232,1.35333,-0.87492,0.88087,1.50647,-0.65279,0.23547,-0.70719,1.58123,0.90421,1.70031,-1.10364,1.54685,0.92741,1.00788,-0.42622,1.96972,-0.10006,-1.23274,1.91493,-0.7581,-1.04094,0.95844,0.55351,0.99349,0.14448,0.40697,-0.15803,0.3121,0.66487,-1.63646,-1.55034,-0.27614,0.45215,-1.08995,-0.70702,1.61114,-0.56584,0.28341,-0.91248,0.63364,0.68138,0.8643,-0.46341,-0.86228,-1.00981,1.37297,1.51817,-1.58638,-0.72262,-1.79979,0.76455,1.51383,0.36776,-0.74224,-1.02397,0.30367,0.39125,0.06546,-0.8696,0.42002,0.5502,1.92057,0.68484,1.22895,0.1991,-0.95514,0.17009,0.12126,0.15489,-0.51234,0.71732,0.61814,0.86998,1.66054,0.96555,0.39839,-0.18408,0.67964,0.41617,0.67922,-0.22655,0.28763,-0.19737,-0.99723,-0.26565,0.73561,-0.18392,-0.88919,-0.29334,1.35832,-0.91197,0.71431,0.20793,0.18724,-0.40784,-1.05168,1.67552,1.23639,-0.01678,0.515,-0.39751,1.62121,1.00433,0.49897,-0.30588,-0.80189,0.93965,-1.33844,0.05314,0.6409,-1.32212,0.24142,-1.83509,-0.16509,-0.70786,0.91366,-0.19451,-0.22209,0.86389,-0.2867,0.99124,-0.28984,-1.5543,2.4668,1.74804,0.02046,-1.1645,-0.8656,-1.55027,-1.12323,-0.25337,-0.07125,0.98809,3.19561,0.1498,-0.11838,1.59368,-0.81998,1.12277,-0.84441,-1.93502,-0.24116,1.21243,-0.67214,0.53882,0.83218,0.34761,-0.62219,1.92733,0.64496,0.42992,0.54276,1.08961,-0.37158,2.02817,1.2896,0.46457,1.20014,-0.62635,0.24562,-0.64431,0.94047,0.37778,0.91878,-0.27798,-0.95872,1.15146,0.57992,0.96673,0
-0.78672,1.4569,0.24086,-1.60081,-0.26578,0.74764,-1.7812,-0.59479,0.26721,-0.02522,-0.0748,0.9323,-0.66079,-1.48025,-0.22597,-1.29758,0.48115,1.34814,-0.65469,0.26849,-0.70065,1.04474,-0.1628,0.11172,-1.56725,1.33635,0.09367,-0.50185,0.61578,0.50261,-2.17171,-0.25466,-0.43207,0.27429,-1.12444,0.31418,-0.01963,0.27846,-0.75108,-0.60469,-1.92023,0.53987,1.43503,-1.772,-0.23748,-0.16533,-0.03806,0.86362,-2.06611,-0.28083,-0.00088,0.3131,0.39884,1.60883,2.1991,0.69058,-0.40514,0.40421,1.15312,-0.07497,-0.35909,-0.41651,2.03504,1.10718,-0.95067,0.28998,-0.99018,-1.99071,-0.7307,1.02083,1.77202,-0.56985,-0.91343,1.5087,0.27622,0.13361,-0.30721,-1.46264,0.59085,-0.02355,-0.19992,-1.82491,-0.86513,1.85356,0.61196,0.87277,-0.03474,1.53299,0.57004,-1.19613,0.42687,0.46676,1.55272,1.41035,0.00037,-2.36491,-0.99588,0.18565,0.26139,-1.77305,1.19756,0.02246,0.54251,-1.5227,-0.31831,-1.60965,0.49624,-0.40469,-0.04371,-1.07015,-0.00393,-0.6443,-0.55788,-0.03922,0.76786,-0.65609,0.4663,-0.28605,2.69627,-1.52378,-1.96166,0.30786,0.13563,-1.21124,0.8001,-0.02105,0.21691,0.09073,-2.10972,-1.20467,-1.45369,-1.22659,0.01279,0.33355,1.0015,-0.47886,-0.5741,-1.75249,1.96877,0.03618,-0.28072,0.62507,0.52772,-2.24755,-0.57578,1.0788,-0.69784,-0.5698,-0.51751,0.17029,0.69491,-0.77524,-0.6001,0.92509,-0.36408,-0.1573,-0.43723,-2.83897,1.64873,-0.57584,0.20242,0.466,1.08171,1.03968,0.27002,-0.66165,-0.4099,-0.44811,0.39695,0.07227,-0.42083,0.21554,-0.87683,-0.40482,-1.43933,0.64862,-0.18809,0.16762,0.31221,0.07342,1
-0.72269,0.35385,1.19796,1.38686,-0.52334,-0.48688,0.80728,0.89015,-0.50184,-1.17176,-0.21945,-1.26843,0.80795,0.85701,0.09399,-0.15245,1.19043,0.4411,-0.44301,-0.54342,-0.77744,0.57373,0.7892,-0.97785,1.82672,-0.19702,-0.29678,-0.71057,0.72938,-0.91259,-0.8791,0.18927,-1.41524,0.38827,-0.05032,1.29981,0.55247,0.47405,1.51153,0.61426,1.1295,0.25902,0.99552,0.34268,-0.18989,0.38703,-0.5561,0.80709,0.97728,-0.09945,2.25797,-0.35406,-0.21232,0.27012,0.05816,0.6559,0.2386,-0.77166,-0.02925,1.28135,0.59424,-0.54226,0.51491,0.08626,-0.53393,-0.44178,0.55634,-0.27379,0.44304,-0.41259,0.19901,-0.04261,0.84078,-0.62107,1.15883,0.82865,0.1617,2.029,0.35247,-0.73323,-0.08296,-0.26354,-0.63537,-0.16073,-0.539,-0.31227,0.64367,-0.39952,-0.59554,-1.95764,-0.14908,-0.79331,-0.56826,-0.7845,-0.67161,-2.68377,0.31452,-1.05264,-0.98401,-1.88963,-1.19807,0.23718,-0.16716,0.22892,0.24658,0.04217,-0.70682,-0.96068,0.03804,0.27374,1.5855,0.20815,0.42615,0.41285,1.44011,1.04796,0.0415,-1.1563,0.48818,-1.07179,-0.11434,-1.08752,-1.46846,-0.95751,-0.45474,-0.16,1.11807,-0.53818,-0.41492,-0.3919,1.58572,0.67675,-0.55877,1.9925,0.79198,-0.45535,-0.6347,-0.95312,-0.78713,-0.54819,-0.03111,-0.6721,0.75691,1.69535,-1.40269,-0.51871,1.0606,0.21273,-1.32146,-0.36691,0.27015,0.15971,0.25312,1.04845,0.22201,0.45773,0.78645,1.34972,0.20787,-0.8502,0.25065,-0.27223,-0.17827,0.3253,0.5284,-1.74691,-0.54467,0.35262,-0.13308,0.13504,-0.22845,-1.35376,0.20243,-0.14726,0.81601,-2.15875,-1.40455,-0.31541,-1.11272,0.7621,1
-0.61751,-0.35081,-0.56585,0.12613,3.09356,-0.02308,-1.11167,0.83269,-0.26024,0.86997,0.41511,0.89742,-1.75244,1.01653,-1.38285,-0.19295,-1.06297,-1.00661,-0.8763,-0.57834,0.50543,-0.1573,-0.7727,-1.85099,-0.21427,-0.43035,0.6242,0.23277,2.22276,-1.61707,-1.01138,-0.54493,0.69717,0.475,0.25511,0.41297,-0.76092,-1.16217,-1.69585,0.27725,0.72967,0.52514,1.39182,-1.4312,-1.19657,1.17009,-2.57157,0.92829,-0.08945,-0.66752,-0.88454,-0.89,0.32726,0.7771,0.89645,0.99145,0.69862,-1.18619,0.60983,-0.70093,0.1389,0.10332,-0.26741,-0.13915,-0.10954,1.29924,-0.4483,1.98895,1.24899,-1.05616,0.23222,-0.11067,-0.84977,1.04626,-0.92624,0.00078,-0.94001,0.13154,-0.24681,1.10644,1.65284,-1.36516,2.07459,0.68412,-2.87035,0.34193,0.13217,1.00835,-1.11108,-0.31367,0.791,1.32878,-1.01027,-0.19398,-0.05427,0.97201,-0.1003,-0.20574,-1.36106,-0.38453,-0.08535,-0.37204,0.03286,-0.08222,-0.90755,0.58217,-0.10366,2.58986,0.92221,0.05746,0.98182,-0.14961,0.30182,0.54864,0.4661,0.44413,2.05728,-0.54434,-1.57206,-1.38094,-0.20456,-0.06015,-0.22472,-1.20808,0.23351,1.3475,0.62788,1.30551,0.14712,1.26546,-0.28324,0.13877,-0.61328,0.86268,0.23401,0.0379,-0.20204,0.51772,0.95239,0.03309,0.45172,0.22229,1.01511,-0.35209,1.6022,0.02036,-1.05783,-0.6391,1.17203,0.78495,-0.51279,1.61435,-0.4714,-1.69064,-1.49255,1.04625,-1.00357,-1.48664,1.13924,-0.5786,0.128,1.20878,1.37103,-0.02356,-0.26246,1.27304,-1.4295,-0.67108,2.00965,0.47331,-0.30828,-0.54995,1.1195,0.56473,0.0933,0.4719,-0.35678,-3.14288,0.28977,-0.16385,0
0.68784,1.43412,0.77454,-1.14016,0.49066,0.65949,0.08873,-0.72474,1.13487,1.8244,-0.82158,0.20224,-1.96826,0.52481,1.07608,1.3837,-1.87372,0.07163,-0.32424,0.23205,1.24003,0.22054,-0.56076,-0.90526,-0.03989,0.89952,-0.45027,-0.29037,0.43929,-0.28582,-1.09057,0.48377,0.58882,0.79785,0.31615,-0.88349,-1.27101,-0.3608,0.03606,-1.61473,0.73503,0.99833,0.01285,0.49615,0.31821,0.74681,1.13522,-0.76636,0.94252,0.88632,-0.94593,0.50464,-0.24107,1.06603,-1.64714,-0.19961,1.82442,0.00682,-0.84573,-0.8787,-0.688,-0.47385,0.37393,-1.49019,-1.70992,-0.08653,0.42234,-0.02572,-0.4026,-0.41882,-0.22719,0.85327,0.67273,0.97094,-2.00318,-0.97811,0.97799,-1.02295,1.1601,-1.80389,-1.34123,1.85095,-0.70652,0.33677,0.88807,-1.70783,0.90101,1.40356,0.40928,2.27528,-0.9413,-0.78028,-1.09839,0.46893,0.21745,0.34338,-0.7249,1.30791,-0.03948,-0.15126,0.86809,-1.18559,-1.01678,0.11848,0.21622,1.40264,0.14144,0.69732,-1.33629,-0.09594,-0.42301,-0.32098,0.6487,-1.47044,-0.19584,0.46445,-0.36562,-1.3762,1.58349,-1.14387,1.20989,1.0044,-1.72165,0.11594,0.09159,-1.32195,-0.00324,0.66045,-0.51535,2.55822,0.25213,-0.76397,-0.59566,0.38752,-0.57863,0.92405,0.13623,0.12821,-0.63835,1.45519,-0.19733,-0.4483,-0.45631,0.79633,0.48311,0.55458,-1.23095,0.85329,0.7592,-0.87661,-1.29377,-0.48329,-0.90658,0.53025,-0.83672,-0.08593,-0.15548,-0.88115,-0.42918,2.07126,-1.02818,-0.37564,-0.26804,0.84349,0.72411,1.98781,1.24743,-0.02645,0.27315,0.30562,-0.97963,-0.39025,0.03515,-1.01612,-0.75472,1.09563,0.82807,-0.63238,-0.33913,0.15615,1
-1.2071,-0.67575,0.01728,1.68417,-0.09055,-0.72114,-0.31653,0.46118,0.86797,2.56892,1.00844,-0.48065,-0.02997,0.32548,0.55803,-0.38845,-0.97316,0.76257,0.5545,-1.26014,-2.18388,-1.68301,-0.74144,-1.51344,0.64106,-0.21333,-0.22824,-0.18455,-0.67452,-0.53911,0.35526,-0.08761,2.02371,-2.6841,-0.28798,-0.87842,0.83497,2.00358,-0.19308,0.21743,0.82818,1.06191,-1.6878,-0.69845,-0.65597,-0.31128,-0.02055,0.31419,-0.47998,-1.48373,-0.33697,1.26501,-1.8985,0.68357,0.57169,-0.87593,1.12762,0.85202,0.60634,0.76437,1.20238,1.11569,0.45853,0.63408,-0.99427,-0.48082,1.63748,-0.07007,0.75451,1.73227,0.09603,-0.0724,0.48221,-0.46378,0.52967,-1.05212,0.3936,-0.36796,0.28496,2.76799,0.2422,-0.76256,-1.06844,0.62802,-0.82294,-0.45139,0.47648,0.27566,-0.26665,0.28508,-0.22125,-1.4842,0.06855,1.43394,1.39775,-0.60453,1.20044,-1.34633,0.43468,-0.47498,1.46716,1.48049,0.14029,0.92883,1.34962,0.4404,-0.48876,1.33128,1.74307,2.98461,0.60016,-0.36831,2.91333,-0.36059,1.16393,1.08982,-0.08885,0.47136,-2.30795,-0.22988,0.31505,0.40599,-1.30936,0.41074,-0.98354,-1.63079,-0.01989,-1.29181,0.1368,-0.16183,-1.34001,0.06267,0.61373,-0.64096,0.35214,-0.99165,0.4384,0.36489,-1.86891,-0.03361,0.72716,0.30262,0.31376,0.16303,-0.76815,-0.07746,0.18984,-0.07223,0.26512,0.51249,-1.17974,2.54,1.88863,0.34812,1.35641,1.56518,-2.27589,-0.90604,0.9913,-0.44432,0.21673,-0.342,-1.74059,-0.20163,0.6257,-1.24294,1.19379,-0.42969,-0.74021,0.48005,0.05315,0.03664,0.15185,-1.05016,1.44099,-0.61031,1.34327,-0.79524,1.06742,0.8234,0
-1.50551,1.08851,-0.31695,1.55955,-0.19254,0.10854,-1.59845,-1.88596,0.50529,0.0994,0.0997,-0.65288,1.55759,1.46307,1.5202,0.32746,0.77413,0.24784,-0.88038,-0.00759,-0.27082,-0.36063,0.88066,-0.78443,1.50486,1.00739,0.18219,-0.02319,-2.30685,0.64215,-0.72827,0.69807,-1.28983,-1.039,-1.25209,-1.06795,-1.57192,-0.63559,-0.6096,1.02858,-0.1869,1.52564,0.26611,-0.07204,-0.38681,-0.62948,-1.56986,-0.2475,-0.31511,-0.41597,-0.09272,-1.08007,1.00458,-1.61637,0.90936,-0.50561,0.07804,0.14487,-0.97237,-1.00339,1.24051,0.42473,0.56016,-0.83139,0.96541,0.53976,0.83321,-0.22528,0.58781,0.45841,-0.8968,-0.4514,0.16041,-1.07729,1.11008,0.986,0.89949,-1.99586,-0.13179,-0.24191,-1.94004,-0.60442,0.18635,0.04359,0.72906,-0.69911,-0.49803,-0.78926,-0.48338,0.88684,0.70894,-0.69443,0.53842,0.62195,0.09972,-0.75183,-0.02874,1.42926,0.33143,-1.83703,-0.05344,0.22587,0.21517,0.4903,0.36934,0.87841,-0.10988,0.49598,0.72528,-0.22894,-1.03559,-1.81681,1.12852,1.62589,0.40397,-1.85367,0.55468,0.34279,-0.59122,0.7027,0.97203,0.50366,0.36626,-0.35301,-1.49391,0.2551,0.59488,0.86677,0.30426,0.85495,0.19589,-0.59265,0.93274,-0.08008,0.12567,1.08226,0.9721,0.71914,0.55709,1.97091,-0.16705,1.49699,-0.27176,0.87807,0.27529,-2.0116,0.73016,0.63255,0.04084,-0.02572,-0.05686,-1.00011,1.0716,-0.29089,-0.00691,0.97203,-0.19944,0.28955,-1.70191,0.00981,2.17265,0.89087,-0.15118,-0.65471,-0.41291,0.35338,2.11421,-1.4846,3.05433,-0.23963,-0.03581,-0.80866,0.71456,-1.60913,0.70896,-2.62496,-0.52817,1.68381,-1.7011,-1.12506,0
-0.93865,0.03567,-0.18486,0.58236,-0.52589,2.41134,-0.36012,-2.0023,0.9828,-0.00261,-1.08115,2.82338,-0.32712,0.32448,0.10195,-0.08998,1.79512,1.04839,0.31467,0.30213,0.48476,0.67797,0.36777,-1.02866,0.35882,-1.67662,-0.981,0.37561,-0.13561,0.21487,0.28281,-0.72191,-0.73183,-0.98221,-0.17142,0.31298,-0.34731,0.05777,0.60868,1.2081,1.19764,-0.92841,-2.18866,-0.57895,-1.17776,0.29127,-0.18896,-1.19039,0.63981,0.27328,0.26228,0.57893,-0.64861,-0.79287,-0.26248,1.26582,-0.04643,-1.11327,1.15022,0.07255,0.87636,0.37965,0.10112,-0.59854,0.5579,1.35731,-0.76329,-2.71596,-0.58053,-0.53863,-0.00022,0.09204,-0.20611,1.39875,0.50149,-0.96107,2.15655,0.26988,1.16481,-0.61612,1.28278,-0.92869,1.05427,0.35302,0.33796,-0.94773,-0.20844,-1.19013,0.51147,0.37823,-1.60998,-0.6609,0.41802,-1.86026,-0.00277,-1.246,-1.71181,-2.34353,0.72875,0.76044,-0.2998,-0.14807,2.80367,-0.83733,0.04797,-1.01247,-0.645,0.90375,-0.24019,-0.16445,-0.05564,-0.63946,0.21587,-1.37153,0.05487,-1.30059,1.30755,-1.25693,0.40089,0.4679,0.2168,-1.19831,0.57068,-0.24288,0.76557,-0.29733,-0.73473,-0.15872,-1.0975,1.00936,0.49121,0.74998,0.41586,1.34835,0.29554,2.18871,-0.13208,0.10219,-0.69002,-1.59048,-0.56345,-0.72576,1.61384,0.16259,0.75132,-0.80829,1.92382,-0.00654,-1.37577,0.31779,-1.65216,-0.48184,2.77214,1.38116,-1.1735,-0.98027,0.3245,0.28134,-0.45118,0.76496,1.26864,0.93264,-0.49402,-0.96368,-0.63419,0.98174,0.82232,-0.16368,0.16939,1.11862,-1.08222,1.13221,-0.33169,2.53511,0.3117,0.55301,-0.03834,1.44822,-0.43131,-0.30085,0
-2.20675,-0.58967,0.44858,-1.40771,1.29604,-0.89912,0.7269,1.25587,-0.00408,2.42504,-0.42927,-1.42462,0.04476,0.023,-1.35425,-0.05648,-2.25399,0.09292,-0.60382,-2.08363,-3.1578,-0.13841,0.8643,-0.4448,0.12302,0.40461,-0.32901,-0.71047,-0.46617,1.81011,0.62317,0.05356,-0.1026,1.70589,-0.30346,1.59671,1.08631,-0.53601,-2.17644,0.97165,1.29574,-0.46294,0.77975,-0.00401,-0.55233,-0.54625,0.25369,-0.17681,-0.75018,-0.8565,-0.47223,-1.00557,-0.05221,0.30463,0.16564,2.49739,0.06729,0.09517,0.12341,0.83999,2.08958,0.17397,-1.29071,-0.65495,1.02459,-0.91094,0.10632,-0.10045,0.12895,-1.61084,1.64266,-0.85521,-0.52716,-1.22025,-1.27,-0.57945,2.47119,-0.14389,0.66224,-0.42103,-0.42627,-1.09244,0.57001,-0.88382,-0.70401,-1.65503,0.62993,1.00362,2.17005,-0.62993,0.23916,-1.03559,0.12081,-1.07586,1.80162,-0.53944,1.0299,1.04922,0.49401,-1.01222,0.98312,-0.44345,1.01548,0.06147,2.39236,-0.79458,-0.08064,-1.86221,2.12622,0.62991,-0.94429,-0.23602,1.67697,1.08202,-1.68525,-0.74614,0.07566,-1.72651,0.59313,0.16919,0.70102,1.09499,0.20617,-1.17808,-0.66994,-1.19553,0.15407,1.45165,1.06788,2.24129,-0.24138,-0.32531,-0.08529,0.35675,-1.66066,-0.4805,-0.74542,-0.02022,0.22753,-1.33486,-0.45036,-0.50028,0.60858,-1.22995,0.93571,0.12059,-1.54819,-0.2254,0.41093,-0.41164,1.74788,1.09973,-0.9802,-0.14423,0.14589,-1.1458,1.04066,1.61366,-0.94719,1.11215,0.67246,-0.21143,0.76911,0.0675,1.85464,-2.04406,2.35444,-0.27858,-0.5567,-0.52153,0.2679,-0.13291,0.5575,-0.63409,0.09302,-0.03709,0.46043,1.86878,0.48127,0.6187,0
0.26248,-0.06209,0.08219,0.96246,1.23783,0.36298,0.94606,-0.09729,2.51011,1.0793,-0.50911,0.28281,0.18446,-1.72464,0.6988,0.16266,-0.05817,-0.00286,-2.97483,-0.52005,0.28274,0.14798,0.3703,0.69684,1.76669,0.15418,0.72996,-0.78687,-0.45711,-0.06431,-0.8249,0.32188,-0.75452,-0.15232,0.35328,-1.38806,-1.0136,1.26569,-1.67123,-0.93701,-0.4922,0.30728,-0.14032,0.78746,0.47521,-1.04696,1.8963,-1.21129,0.64133,-0.95024,0.21851,0.14631,-1.90941,0.49738,-0.68159,-0.44139,0.61809,0.23872,-0.57716,0.67749,0.67508,-0.38992,0.49259,-0.27654,-0.63764,-0.68693,-1.74485,-0.31888,-0.1684,-1.18941,-2.53425,-1.4891,0.67369,1.66967,-1.13776,0.24327,0.32335,-0.42186,1.34541,0.48845,0.08575,1.13857,0.53084,1.72871,2.91814,0.01915,0.54315,0.9741,1.21524,-0.5495,0.67006,0.67774,-0.22337,-1.3465,-0.57056,-1.03707,1.05836,-0.24062,-1.5085,-0.7747,-0.13249,1.13432,-1.18349,1.05995,0.00086,-0.64161,-0.41885,-0.64833,1.45801,1.65991,-0.95444,0.88206,-0.52532,-1.91133,0.55989,-0.42476,0.86161,-0.71642,-1.53925,0.42289,0.58511,-2.43182,-0.35583,-0.03092,-0.50295,0.58637,-0.51018,-1.51432,1.99252,-1.09771,-0.27922,-0.23945,0.34936,1.60189,0.28953,0.09322,0.84075,1.90024,1.55597,1.55839,-0.5937,1.70933,-0.84256,1.82185,0.86129,0.27601,0.18463,0.17259,-1.0734,-1.73778,-0.48257,0.27958,-1.76621,0.36969,0.74283,-0.22145,0.58005,1.40536,-0.37889,1.61335,2.02216,-0.60463,1.6092,-1.03718,-0.08454,-1.40025,0.22833,0.16264,1.1353,0.22524,-1.51987,-0.08118,1.29507,1.66314,0.16278,0.21462,-0.93278,-0.90437,-0.04819,-0.44754,1
-0.60785,0.59571,-1.03207,0.9912,0.33058,-0.6003,-0.93521,0.48786,0.36003,0.6681,-0.98489,-0.71353,2.1897,0.48801,-0.60561,-0.56266,-1.04314,0.0264,0.02035,-0.62155,0.03957,0.40172,0.34005,1.02391,-1.53113,-2.14315,-1.16588,-1.334,0.09402,1.79725,1.37965,0.48603,1.37489,1.1697,0.09301,-1.30826,0.3882,0.26584,-0.41268,-0.56208,1.49934,0.7921,-1.69081,0.24869,-0.26096,0.01201,0.43679,-0.47997,0.02135,1.92887,0.77694,0.41609,-1.81379,0.84214,1.97646,-1.30886,0.32016,0.78878,0.27485,0.33166,-0.94175,-0.84397,0.42251,-0.12637,-1.44203,0.0085,-1.14778,0.87254,-0.13572,-0.83538,-1.09446,2.16897,-1.12867,-0.13004,0.39,-1.26657,0.8256,0.63579,-0.06039,1.19723,0.37936,1.73396,0.44113,-0.22982,-1.19257,-0.60154,-0.284,-0.41581,-0.56916,0.06012,-0.5644,1.8258,-0.66941,2.0716,-0.5756,0.5121,0.75488,-0.80161,-1.14941,-0.88672,1.58458,-0.44893,-0.02359,1.09025,-0.37899,0.78656,-0.1671,0.28656,-0.77125,0.65292,0.67299,1.3434,1.12064,0.10795,-0.91898,-1.04296,0.08086,0.43351,-0.33256,-0.76313,-1.41671,0.26736,0.76171,0.73948,0.18313,0.71204,0.93995,0.32104,2.13065,-3.21949,0.06356,-0.21851,-0.9742,-0.00236,1.86223,-0.793,-0.62464,1.69331,1.61386,-1.24975,0.27828,0.30445,-1.35859,1.19904,-0.19969,-0.37095,-1.44247,-1.25328,-0.69179,2.58239,-0.03703,-1.94502,0.36239,0.14035,0.35148,-0.48237,3.3974,-0.70739,0.60196,-0.45715,0.49836,-0.3435,0.36001,-0.29435,-1.48922,1.44224,-0.00099,-0.11971,-1.59438,-0.44897,0.57786,-0.96237,1.38985,-0.17157,-0.26657,0.53516,0.33126,-0.26138,0.61701,-1.10781,0
0.65586,-1.50887,-0.48307,-0.01072,0.31882,-1.10595,-0.99278,0.2187,0.21545,2.32711,1.06895,-1.40494,-0.25094,-2.23302,1.54358,0.06221,0.75483,-0.86595,0.54692,-1.34823,0.69846,0.84898,0.92656,1.21734,-0.27491,-1.26053,0.82847,2.35835,2.46488,-1.4533,0.83513,-0.08539,1.04512,0.29196,0.35802,-0.45955,0.20973,-0.09555,0.50114,0.22444,0.67475,0.76945,0.70371,1.38453,1.05304,1.16276,-0.84352,-0.42597,-0.8353,1.85075,0.22617,0.67295,-0.0767,-0.94711,2.96837,0.43144,1.62882,-1.47435,-0.16533,0.76111,-0.36739,-0.28456,0.98247,-0.98554,1.14556,0.50716,0.77333,0.845,1.09438,2.30899,0.68745,0.11522,0.54759,0.38216,-1.78919,0.74659,0.1205,1.86505,0.2929,0.73853,1.05446,1.3763,-0.60875,0.02133,1.21249,0.57094,-0.49401,1.42933,-0.60509,0.85529,0.3131,-0.36122,0.83506,2.3652,-0.444,-1.2265,-1.65107,0.45828,1.15086,0.51627,-0.20299,0.35791,0.73798,-1.4433,-0.41415,-0.86778,0.31373,0.26699,0.28018,-0.26124,1.76846,-1.08642,-0.66924,0.67877,-0.14368,-1.48131,-0.17308,0.55383,-1.67281,-0.79957,-0.04535,-0.54001,-0.50025,-0.16509,-0.59835,-0.12659,0.62171,0.62316,0.12023,0.75529,-0.49709,0.09154,-0.88219,-0.93434,-0.18446,0.08991,-0.35619,0.70505,-0.20801,0.57629,0.3561,-1.33719,0.28518,-0.11492,-0.13963,1.58017,-0.23417,-1.03074,-0.12355,0.11553,1.91364,-0.50851,0.38519,1.26831,0.03394,-0.58158,0.15007,1.00054,-0.93752,-0.59082,-0.97276,-0.08539,-0.49992,-0.08985,1.20128,-0.25869,0.71049,-1.70206,0.9057,1.04251,1.04492,-0.21946,-0.75381,-1.61901,0.65317,-0.4567,0.56423,-0.25678,-1.30563,-2.82968,1
-0.81027,0.41623,-1.46722,-1.06741,0.29694,-0.20957,-0.52435,0.72739,-1.20626,-0.85088,0.72385,-0.59772,0.26027,-0.34705,-0.73972,0.36959,1.47536,0.65304,-0.63683,1.81792,1.08946,0.54122,0.94088,1.45424,0.50718,-0.89182,0.95512,1.04854,-0.00773,1.13651,-0.9843,0.50264,2.94268,2.24723,-0.27361,-2.1965,-0.88675,1.8909,0.50199,0.91066,-0.47715,-0.53013,1.5741,-1.32693,0.94859,-0.43154,0.2713,-0.0,1.01646,-0.2757,1.51574,-1.59772,-0.52651,0.60635,1.41694,-1.47344,1.69011,0.89918,-0.76361,-0.91226,0.28916,1.90441,0.12498,-0.90639,-0.99607,-0.08511,-1.59423,0.0408,-0.11053,1.10486,-0.70087,-1.94249,-0.6572,-3.11698,-0.36798,-1.15602,1.22269,0.1805,-0.62852,0.78935,-2.50323,2.42899,-0.79457,-0.38624,0.77628,-0.02532,-0.20788,0.78371,1.67782,2.08055,0.86515,-0.20659,-0.98974,1.29305,-2.4501,0.79129,1.58843,-0.13973,-0.31955,0.49038,-1.11924,-0.42624,-1.06872,0.5319,-0.40653,-1.03348,0.37069,0.22961,-2.02475,0.49362,-0.26473,-1.75148,2.10733,-1.47795,0.1391,0.97933,-1.05404,0.64978,-1.46076,-2.19695,0.46448,0.26495,0.75973,-1.14809,-1.0552,0.27079,0.64845,0.2032,-0.10535,1.4784,-0.09734,-1.99939,-0.3821,-0.20756,-0.45126,-0.32914,1.68645,-1.01155,0.75877,0.92582,0.11316,-1.02847,2.33021,-1.52682,-0.4872,1.01274,0.72288,-0.99206,-0.03453,-0.10564,-0.14445,0.28862,0.17117,-1.06205,1.1715,0.55479,-0.06762,-0.57677,-0.13446,0.58417,0.0792,1.22881,1.61834,1.49805,0.06686,-0.97606,-0.03414,-1.8925,-0.23784,0.48102,1.07649,-0.60649,1.0638,0.09258,0.79326,0.88274,0.94832,-1.66105,-1.13413,2.00348,1
1.9756,-0.52702,-1.65069,-0.63334,-0.00454,0.27252,0.21924,-0.33303,-0.00283,0.85771,-0.07598,0.09058,0.06748,-0.24277,-1.1458,-1.26966,1.53986,1.04234,-1.33466,-0.44767,-0.41139,0.71109,0.57739,-0.79861,0.44287,0.36769,0.90551,-0.63086,-0.78058,0.1677,-0.84811,-3.11301,0.09976,2.2929,1.10674,-0.0905,0.51433,-0.74729,0.75691,-0.94879,-1.25979,-0.21373,0.24015,-0.77662,0.57323,-2.81297,-1.56966,0.36052,1.70666,1.8898,2.05847,-1.04739,-0.25097,-0.41563,-0.52703,0.84755,-1.09317,0.71826,-1.11053,-2.1455,1.71803,0.36986,0.62073,0.105,0.8415,-0.87702,0.64217,-0.27871,-0.68876,-0.53388,-0.2136,-0.54554,0.1509,-0.21002,-0.5443,-0.64642,0.07356,-0.3208,-0.05053,0.44406,0.31991,0.22924,-1.55169,0.43269,-0.82752,0.91801,0.44001,1.88405,0.86724,1.07522,-0.11859,-1.47058,-0.66531,0.30475,1.2115,1.28236,-0.85056,1.55909,0.11075,1.06577,-0.79606,-0.75786,-2.70995,-0.29786,1.32893,-0.71442,-1.59112,0.18408,-0.44682,-0.25923,-0.52182,0.60179,-1.88972,-0.6689,0.82821,-1.16165,1.26514,0.86496,1.18133,-0.53382,0.34785,-0.81189,0.57661,1.90151,0.65509,0.36543,1.64728,1.06745,0.25725,1.27923,0.10357,-0.17515,-0.78704,1.67534,-0.79943,-0.92055,-0.61252,1.31996,-1.11292,1.12462,-0.18292,0.832,0.40627,0.24145,-0.02696,0.69197,-0.79865,0.58609,1.06088,0.47228,0.2657,-0.38474,-1.83886,-0.83467,0.43491,0.80032,1.36111,-0.23975,-0.55768,-0.03742,0.43106,-1.50648,-0.71293,-0.18687,-0.63576,0.74482,-2.09725,-0.60809,1.88352,1.47711,-0.73437,-0.75333,-0.92878,-1.13656,1.04954,-0.75012,-1.00503,1.05857,1.68424,2.46493,0
0.22733,0.90229,0.14163,-0.78109,0.58641,-0.61268,0.62339,1.76367,-0.5984,1.35241,0.95583,-0.90729,1.41565,0.51657,-0.43954,0.98014,-0.58153,-0.71682,1.20363,0.80735,0.77152,-0.51112,0.5372,0.54659,-0.15623,-0.20657,1.15857,-0.60112,-0.0381,-0.14414,-1.24402,1.27055,-0.13848,-1.08004,-1.05207,-0.75074,0.46393,-0.36767,-1.05996,-0.85386,-0.76964,-1.07797,-1.28216,0.26575,1.30922,-1.60258,0.63506,1.96733,1.65372,-0.58046,-0.63721,-1.58302,0.06541,-0.81347,-0.40151,0.16543,0.77132,-0.44602,-0.1768,1.05327,2.24553,-0.44008,-0.03547,0.04566,-1.19463,0.08233,-2.23854,0.70121,0.68379,0.31804,1.07827,0.80089,-0.10849,0.38607,-1.38145,-1.35088,0.63915,1.43147,0.24134,0.15846,-0.68772,2.00666,-0.91423,-1.00023,-1.32631,-0.10546,0.03532,0.98246,1.68005,0.09853,0.92562,0.90983,0.82785,1.88967,-1.1623,-1.52942,1.59894,0.25955,2.05536,-0.32198,0.18339,0.6084,0.99841,1.41025,0.00543,0.45682,0.65501,-1.74911,-1.06862,-0.99898,-0.15009,2.03195,-0.90337,-0.39228,0.48363,0.43852,-0.04913,0.434,-0.10104,0.67891,0.69306,-0.5688,-0.25973,-2.87634,-1.37888,-0.84592,0.21804,0.01457,0.70665,0.35612,-0.38952,0.23948,-2.16172,1.06688,-0.24628,0.88552,1.05163,1.06786,0.79435,-0.06625,0.56095,-0.4565,0.87997,-1.02421,-1.04372,0.40076,0.90257,-0.10726,0.70788,1.19273,-1.48913,0.1628,-0.89286,1.59139,1.56478,-1.33542,-1.5205,0.44075,1.33948,0.60853,-0.44854,0.82156,0.83922,-0.71678,0.05428,-0.21024,-0.36308,-0.74934,-0.6382,-0.96483,1.21782,0.21002,0.26495,0.27553,0.67683,-0.08342,0.39165,0.76322,0.00475,0.16559,0
0.19856,0.36391,1.02121,-0.06935,0.59853,-1.067,0.96113,2.06562,1.16631,-0.50923,0.79564,-0.3519,-0.8367,-0.58629,-0.45897,-0.2906,0.56392,-1.31002,-0.93562,0.11833,1.26291,-0.08689,0.11929,-0.94938,-1.34749,0.72778,1.94811,-0.87765,1.62063,1.31518,-0.13315,0.18642,-0.0057,-0.83616,-0.69306,-1.79882,1.42467,0.11649,-0.39428,-0.03702,-1.26866,0.59409,-0.38975,-0.56227,0.05478,-1.26412,1.19513,0.56415,-1.18615,1.58005,-0.47539,0.54892,-0.1113,-1.15278,1.37546,1.38012,1.22634,0.20618,0.77399,1.65794,-0.33058,-0.50446,-1.0846,-1.12277,-0.91903,0.17734,-0.75666,-2.21748,-0.60155,0.73361,-2.0465,-0.19534,-0.46108,-0.86883,0.73155,1.58605,0.65441,1.73606,2.01106,-0.06194,0.1728,0.75851,1.05639,-0.95714,-2.62431,0.66545,0.14114,-0.42823,-0.48716,0.38266,0.78818,0.54581,-0.11734,1.11036,-0.07292,1.60894,-0.93303,-0.68298,-0.94146,1.13881,-1.86057,-1.56728,-2.34707,1.05331,0.36337,0.65007,-0.35072,-1.24099,-1.4352,-0.59779,-0.7059,0.39934,-0.52979,0.00696,1.20816,0.03961,0.70724,1.21401,1.30997,-0.39949,1.06015,-0.32173,-0.14025,0.52818,-0.67525,-2.47324,-1.21262,1.13113,0.65115,-0.45435,-1.64084,-1.52555,-1.20339,-0.53706,0.04955,-0.07482,-1.86617,-0.58087,-0.40458,-0.80735,0.16787,1.31876,-2.51361,-0.81196,0.22709,0.36519,-0.39422,-0.06524,-1.28633,-1.04492,1.16302,0.16206,0.26363,0.68493,-0.20974,-0.20386,-1.69644,1.046,1.55232,-0.24526,1.09708,0.34173,-0.86458,0.39753,1.37006,-0.29568,1.46532,-0.50822,2.24591,0.06562,1.49557,0.67164,-0.29103,0.75391,1.50598,-1.22272,-0.5171,-0.19673,-0.28877,1.08404,0
1.54718,1.01667,2.00576,-0.35296,-0.69751,-0.02329,0.84801,0.15587,0.82261,-0.76831,-0.05695,0.79958,0.7513,-0.89892,0.72544,-0.79372,0.14758,-0.7476,0.16931,1.15902,-0.87555,1.40013,-0.18258,-0.21555,-0.59281,-1.20992,-0.07559,0.30813,0.55828,0.37023,2.64468,-0.96753,-0.47538,1.39561,-1.30322,0.14416,-0.40645,-0.09792,1.70388,-0.21377,-0.36319,0.244,0.43595,-0.27178,1.05771,-0.19855,0.07191,0.69616,0.04672,1.51134,0.56893,0.71075,0.64519,0.95697,-0.80999,1.19927,-1.48218,0.19258,-0.3886,1.13257,-1.01463,-0.31184,-0.67007,-0.91476,-0.04143,-0.613,0.11612,-0.29071,0.63769,1.28024,0.95493,-0.37142,-0.86183,0.26829,-1.73347,-1.60427,-0.39531,0.40305,-0.76048,0.49498,1.01859,-0.34099,1.11252,0.83623,-1.85046,-0.78603,1.4763,0.37329,-0.14786,1.2521,-0.09098,-0.88758,0.23627,-1.81743,0.89536,0.4093,0.18373,-0.79548,-0.85049,1.4518,0.26529,-0.69667,-0.12322,-0.20972,1.25701,-0.07937,-0.25236,-0.87646,-0.97416,-0.58414,0.48483,0.83273,-0.07585,0.52207,1.60542,1.00137,0.55228,0.25934,1.08322,0.16088,3.25402,0.06723,-1.38503,0.88703,-0.97528,-0.15021,0.2775,-0.26523,-0.72033,-0.0361,0.72435,0.31342,-0.01493,-0.10712,0.91153,0.56721,-0.11423,-0.6651,-0.4348,-0.4585,-2.2891,-1.48703,2.37105,0.24047,-1.53665,0.18711,0.38827,1.00247,-0.97432,2.09382,-0.39754,-0.43622,-0.8285,0.68452,-0.10218,-0.39789,0.5563,-0.17681,0.61167,-0.91085,1.13538,0.54908,0.79294,0.02396,-1.2266,0.64869,0.13047,-0.64124,1.78236,1.14978,1.01084,-0.35347,0.22247,1.05152,-0.55532,-1.9928,0.72124,-0.39355,0.51066,-1.1584,0
0.72217,2.92637,2.14577,0.39677,-0.47713,-2.39126,1.29452,0.2416,-1.73997,-0.04533,-1.03123,0.69122,-0.47383,2.79934,0.40413,-0.46596,0.038,1.15436,-0.27013,-0.47102,-0.52134,-1.02556,-1.11826,0.44325,-0.44925,-0.05908,-0.6182,-0.12952,-0.40419,-1.39995,-0.04776,-0.13786,-1.22455,1.32628,-0.07099,-0.0441,0.71232,-0.27091,-1.82838,-0.91736,-1.52957,-1.01996,0.1756,0.0612,-0.43694,0.49976,-2.40463,-0.67539,0.20236,-2.35789,-0.69217,-1.26847,-0.94409,-1.63851,0.10908,-0.47652,-0.23935,-0.91758,-0.60552,-0.30175,0.34492,0.63393,-1.02862,-0.41608,-1.13358,-0.17541,0.12733,0.22878,-1.54556,1.14561,0.40422,1.20681,-0.79381,0.49076,-0.33484,-0.47041,0.0363,0.64294,1.35578,0.11235,0.96316,-0.33537,-1.20699,-1.01807,-1.45881,0.65327,-1.36024,-0.18256,-1.21008,1.34754,-0.82324,0.76966,0.53122,-0.73077,0.71047,-0.67389,-0.19245,-0.16444,0.70631,-0.85222,-1.80746,-0.36589,-1.57579,-0.84929,0.84025,-1.01284,0.15047,-0.26257,1.01295,0.97737,-0.18971,2.02262,0.22558,1.6028,-2.18537,-2.14809,0.03822,-0.24605,0.54931,-0.44414,0.27105,0.07197,-1.52477,0.52374,-0.05521,0.58115,1.17194,-0.5203,0.27578,0.91812,-1.04976,-1.21315,0.63087,-1.18885,-1.402,-0.20855,1.01466,-2.4122,-1.65398,2.26834,-1.11568,0.41084,0.25674,0.75386,0.56554,-0.08652,0.2422,0.71788,-1.66898,0.93294,-0.59187,0.41391,0.81208,0.76924,1.32532,-0.12376,-0.80171,-0.33637,0.95422,1.56606,1.03771,0.33869,0.47119,0.84349,1.68657,-0.91526,1.35732,-0.13749,-3.10002,1.39338,1.55157,-0.32966,-0.86358,0.48906,0.18431,-0.50133,0.22118,0.0537,-0.14396,-1.66699,1
1.28125,1.43023,-0.81842,-1.04515,-1.18529,0.02778,-0.905,0.81452,-0.6901,1.32326,-1.09538,-0.09758,-1.07845,0.22167,-0.70581,0.00106,1.07986,-2.50138,0.1625,0.76602,-1.06071,-0.79839,-0.52872,0.89115,-0.74021,-1.88213,-0.14687,-0.36733,0.73095,-1.06277,-1.26408,0.5744,0.73719,-0.26999,-1.53528,1.24453,-0.52903,0.35583,-0.18074,0.2148,-0.33154,-0.97602,-1.30233,-0.49265,-1.5274,1.68169,1.19083,1.09187,2.56724,0.3858,-1.86968,-1.64369,-0.8663,0.19032,-0.30927,0.67282,1.06124,-1.89595,0.05481,0.96187,-1.96981,-0.48163,1.03222,0.20093,0.64303,-1.90877,0.32945,0.25835,-1.33725,-1.50405,-1.17765,-0.66953,1.34295,-0.43737,0.49235,0.72898,0.80209,1.46737,1.71784,2.52191,0.47152,0.05889,-1.14345,-0.52643,-1.40694,-0.94185,-0.67911,0.04944,0.55331,-0.52081,-0.09238,-1.6108,0.93483,-0.59027,-0.7444,-0.63428,0.01132,1.60387,1.08305,-0.80407,-1.2108,1.69394,-0.29075,-1.48377,-0.56495,0.75521,2.11142,-1.05127,0.13593,0.73031,1.80068,-0.02434,2.06066,-1.49897,-1.22736,0.88971,-1.10275,1.60449,-0.65702,0.29705,1.55576,-0.18115,-2.60804,-0.157,-0.2662,-0.34969,0.03736,0.51596,3.12244,0.0675,0.91789,-1.90682,-0.54806,-0.8793,-0.06177,0.43462,-0.07314,-0.0402,-0.43392,0.11668,-0.11045,1.58303,-0.51326,0.83931,0.6127,-0.07273,-1.80663,-0.17243,0.83257,-0.18255,-1.59026,-0.41329,1.2596,0.5503,-0.75078,-0.81357,0.42929,0.673,0.22197,0.15277,-0.10013,-1.42766,-0.27242,-0.53756,0.46012,1.39549,1.00425,1.39253,-0.0127,-0.59048,0.04372,-1.2136,-2.13593,-0.46583,0.50934,0.09831,0.09755,2.14715,0.64109,-0.29238,0
-1.11576,0.06722,-0.90353,0.73931,0.33626,0.9734,-0.51095,-0.78781,-1.4909,-0.26738,0.0852,0.68548,-1.90883,0.97838,0.7265,-0.09308,-3.09763,-0.78007,0.40774,-0.96769,-1.20879,-0.14898,-0.20091,0.36586,1.11442,-2.13131,-0.90399,-0.08739,0.68452,-1.33043,1.62539,0.52236,0.55698,-0.90953,-1.75123,-0.06539,-0.53694,0.55961,0.58654,0.55392,-1.70988,0.8813,0.46396,1.27298,1.3586,-0.27826,0.12141,2.29843,-0.61056,-0.10113,-0.55746,0.26373,-0.40367,0.33165,-0.00616,1.59433,-1.42438,-0.88501,-1.0309,0.71622,0.26846,0.46059,-0.54446,-0.9962,-0.09833,-0.38229,0.04305,0.23021,0.01956,-0.17817,-0.353,0.79413,-0.52919,-0.37378,0.85957,0.8923,-0.35883,-0.60216,-1.22523,1.79319,1.05556,1.62531,0.39469,1.86226,0.97291,0.55395,0.48556,1.09787,0.96269,-0.1704,-0.02194,-1.33573,-1.1473,0.45141,1.95472,-1.35315,-0.36549,-0.72703,-0.64548,0.76243,-0.60705,1.51172,0.92917,1.10406,-1.35888,0.90358,0.16337,-0.21456,-0.0092,0.07546,-0.03698,-0.09776,1.404,-0.22361,-1.09261,-1.01412,-0.64258,-1.46775,0.69809,-0.56124,0.68144,-0.30844,0.84918,0.04948,-1.02888,0.74634,-1.27498,-0.13775,1.21664,1.76189,-0.00415,0.53316,-0.03235,-0.45382,1.37033,-0.1068,-0.81263,-0.60448,-0.52102,-1.56872,1.1973,-1.60839,-0.43056,-0.78394,1.21008,-0.90702,-0.70582,0.61763,-0.48313,-0.40603,0.81738,0.35264,-0.14787,-0.04545,0.03653,-1.32149,1.36449,0.04894,0.37897,-0.59088,0.91576,0.07107,0.20219,0.4114,0.57503,0.37512,0.17672,0.16379,-0.35425,-0.07848,-0.66539,-0.13797,-0.66922,0.97533,-1.64616,-0.71493,-1.36657,-0.95918,1.9079,0.83546,1
-1.71588,-1.2755,-1.6726,-1.03827,-1.51243,0.79708,-1.10515,0.93256,0.82766,2.23858,-0.84676,0.72582,-0.80387,-0.36637,0.0861,0.89057,1.13457,-0.07158,1.6874,-1.12993,-1.26811,-0.52936,1.10499,0.48169,0.31397,-1.24731,1.04804,1.53205,-0.07285,0.34624,-0.122,0.14324,-0.53545,-0.07534,1.1208,-1.64866,-1.62525,0.62983,0.0854,-0.02859,-0.34885,0.9332,-2.49771,-0.40937,-0.43528,1.44894,-0.54535,0.55967,1.38367,-0.37466,-0.50154,-0.20149,0.81106,-2.35444,-1.26325,1.4005,1.33622,-0.49801,-0.14138,0.34732,1.42263,-0.4628,0.87638,1.54254,0.43014,-0.16767,-0.20379,0.90214,0.23407,-0.27163,1.60862,1.18618,-0.90239,1.71254,0.90938,-0.03083,-2.23234,-0.38229,-0.65434,0.39439,2.78181,1.49598,-0.13385,0.53046,0.54809,-1.13425,-1.40625,-0.24318,-0.06329,-0.21528,1.2517,-0.41896,-0.5348,-1.33239,-1.87605,-0.44062,0.80238,0.41073,-0.25752,-1.86594,0.40123,0.55752,0.48914,1.15363,-0.1444,-0.30598,-1.90958,0.15341,0.37464,-0.49963,0.6989,0.881,-0.50297,-0.57586,-0.25487,-1.41297,0.4491,-0.33444,-0.05777,-0.86668,-0.43467,0.38179,-0.89782,1.40971,-0.94858,0.82238,2.12584,-1.41753,0.12563,-0.32472,2.15811,1.17147,-1.74665,1.63304,1.00268,-1.23838,-0.59434,-0.99982,-0.34383,0.3651,0.67426,1.68609,-0.3877,-0.19059,-1.71592,0.23495,0.87755,-0.33557,0.78065,-0.57091,-0.63508,-0.20539,-2.08445,1.64705,-0.4384,1.48932,0.74494,-0.63572,-0.56842,-0.04585,-0.23009,-0.57366,0.40733,-0.22881,-0.28439,-0.05183,-0.5582,-0.74848,-0.60609,0.52137,-0.84154,-0.26346,0.4647,0.08473,-0.9725,-1.06403,-1.09953,0.10039,-0.35344,0.45836,0
-1.44709,-1.87413,0.77686,-0.04226,-0.98881,0.20292,1.53758,0.64427,0.44792,1.00313,-0.9562,0.35334,0.80298,-2.12469,0.63716,-0.56702,0.36936,0.35011,0.9554,0.31745,1.65202,0.31529,-1.55333,0.57273,-0.86885,0.6925,-1.61426,0.53722,1.4261,-0.6043,1.13999,-0.83961,0.56315,-2.91353,1.98029,-0.0993,0.87463,1.34478,-0.87309,0.44792,-0.09753,-0.94834,0.37545,1.28767,-0.76976,0.57587,-1.29474,1.52075,-2.10059,0.90461,-1.44449,0.41648,0.18631,1.42613,0.69181,0.42918,0.2252,0.36732,-1.20249,0.75918,-2.69725,-1.52877,0.23354,1.0571,-0.48556,2.05768,1.03034,-0.04217,0.5583,0.70916,0.85326,1.91151,0.85043,-0.65974,0.6516,-0.65799,0.47688,1.98498,2.09679,0.75549,-0.35977,-1.16906,0.27568,-1.02068,-2.65875,0.0901,-0.48638,0.07101,-1.44092,-0.05552,-1.5376,2.7523,-1.05296,0.37023,-0.8443,0.45828,-1.55751,0.78829,1.88797,0.65254,-2.15991,-0.18574,-1.23465,1.61871,-0.67067,-0.87341,0.82271,-0.93702,0.81363,0.30163,0.22042,-0.29589,0.14744,0.69155,1.17203,1.67606,-0.13952,-0.84648,-0.1096,0.86119,-1.58702,-0.37023,0.26082,1.24739,-0.0287,0.71888,0.48417,-1.11003,0.35672,-0.83489,1.41621,0.58036,0.35622,0.38794,0.66542,-0.24485,-0.98187,-0.76615,1.07084,0.25133,0.68026,-0.73392,-0.65257,-1.18438,1.64292,-1.55091,-0.98052,1.29578,-1.43752,0.87941,-0.30831,1.2415,2.19561,-0.23655,0.35101,-0.48501,1.02823,0.18218,0.22453,-0.83882,-0.501,0.40196,0.08076,-1.21604,1.51048,-0.93001,0.21675,-0.45255,-0.35485,2.18992,1.93084,0.43291,1.58595,-0.54528,-1.96493,-0.11319,0.82559,0.61594,-0.62738,0.86863,1
0.44243,0.4294,0.05044,-0.4452,2.80174,0.61858,0.13341,0.4157,0.82529,2.26954,-0.77624,-1.04415,0.6904,1.33338,-0.12912,-0.08443,-0.52972,0.34829,-0.31261,0.1963,-0.21454,-2.65675,1.6132,1.00573,0.77065,2.64872,0.35569,-0.54093,0.17305,0.93677,0.52452,0.70478,-1.65873,1.08844,-0.2769,0.16561,0.73266,0.19094,-0.65262,-1.00559,-0.89324,-0.49977,-0.61003,-0.5668,-1.04717,0.76215,0.30357,0.02498,-0.19544,-1.53621,-1.11254,-1.17188,0.48326,0.49922,-0.91418,0.72141,-0.14932,0.9902,-0.7006,1.02302,-1.46609,0.69646,0.02104,-1.33315,0.77331,-0.24642,0.59705,0.53658,0.94511,-0.24682,0.84422,0.98022,0.26907,-1.92757,1.50224,-0.63449,0.32355,0.61137,0.64963,-1.76499,-1.13734,-0.78602,-1.65444,0.11034,0.54208,0.87336,0.30645,-0.77573,-1.41079,0.72023,0.91165,-1.28992,1.43159,0.26408,-0.22316,0.28983,0.34066,0.75735,0.40329,-0.03115,1.66377,-0.67516,-0.85992,-0.51597,-0.12991,-0.18035,2.04368,-0.50047,-2.26391,-0.52616,1.22512,-0.57153,0.80631,-1.08053,-1.68132,0.95194,-0.89295,-0.27112,-0.77278,-0.43692,-1.16472,0.24925,-1.60878,0.14786,0.36292,-0.7349,-2.45851,-1.28011,0.58174,-0.30519,1.36176,-1.6509,-1.10026,0.60404,1.68269,0.58807,-0.45611,0.98618,0.63366,-0.95097,-1.05894,-0.98732,-0.42978,-0.03173,-0.79397,-1.02117,1.33155,0.26878,-0.19389,-0.77075,2.33343,-0.01375,-0.06075,-0.1995,0.77142,0.8348,1.10325,-1.10329,-0.75966,1.00646,0.85097,1.35889,-1.02321,0.49469,-0.80379,-0.0538,-0.63337,-0.58633,2.03409,-0.52348,-0.98149,-0.90926,-0.22633,-0.65443,-0.98426,-0.22462,0.46204,0.65186,0.60903,-0.26449,0
-1.67933,-0.33219,0.57116,-0.63589,-1.65694,-0.76019,2.56734,1.02468,1.42766,1.29163,0.89028,0.2131,0.98635,-0.18777,-0.58788,0.53672,0.39986,-0.79549,0.45791,1.9613,-0.58448,0.45387,-0.02534,-1.61879,0.28373,-0.98525,1.77289,-0.21716,-0.79221,-0.73156,1.40465,0.53615,1.23361,-0.44195,0.48533,1.06323,0.69375,0.32282,-0.03238,1.29602,1.28722,-0.21821,1.14092,-1.00877,-1.4467,-0.42059,0.80337,0.27226,0.75578,-0.27854,-0.56663,1.24982,0.18949,0.50587,-0.63844,-0.5111,-0.37921,1.90265,-0.58628,0.30651,-0.20997,-1.52914,0.31333,-0.45213,0.5231,-0.44304,-0.24662,-0.11521,1.33122,1.0967,-1.43368,1.01868,-0.04923,-0.33443,0.1053,-0.6356,0.54696,0.45913,0.45538,2.38357,-2.27528,0.12959,0.24843,-0.73916,-0.26376,-0.74471,-1.90279,-0.14053,1.67274,-0.37947,-1.50652,0.49261,-1.38657,0.24579,0.36674,1.76521,0.65604,-1.4562,1.62664,0.85217,1.6516,-1.47922,0.32526,-0.90116,-1.44614,-0.63915,0.5173,0.77155,-0.20781,-0.72743,-0.61389,-0.21879,0.58374,-1.8865,-0.64163,0.9479,0.42629,-0.19515,0.37172,1.10113,1.56465,0.60861,0.95045,0.36135,-0.07962,0.43824,-0.8152,-0.16375,0.74347,1.53038,-0.77549,-0.99807,0.99413,0.3137,0.04389,-1.28985,0.27581,1.79305,0.17624,1.52541,-1.87779,0.42551,0.73056,0.40486,-1.63157,1.08746,-0.7202,-0.28587,1.30416,-0.37611,1.06842,0.87651,0.43784,0.00914,0.79371,-0.09232,-0.44122,-0.25396,-0.36424,-1.19608,0.95665,0.49429,0.2401,2.50324,-0.01247,1.34824,-0.24368,-1.62404,-1.40791,0.23525,-0.56742,0.03084,0.15704,0.05153,0.0309,-1.65858,-1.01519,-1.12482,-2.52848,1.64368,1
-1.66833,-0.16664,-0.45617,0.35688,0.82468,-1.58062,-0.24332,0.41932,1.09617,-0.03988,0.11379,-2.00216,0.19267,0.76371,-0.9067,-0.58783,1.34165,0.37209,1.3632,-0.88948,1.00199,2.43016,1.50504,0.50232,-0.00772,1.57393,-0.25764,-0.44605,0.11558,-0.36912,-0.86546,2.46325,-1.184,0.01752,-0.17946,-1.77116,0.61189,-2.08756,-0.23366,0.98953,-0.31119,0.14501,1.37038,0.14472,0.08569,0.03669,-1.2943,0.64403,-1.52223,-1.16315,0.9697,0.48156,-0.11071,1.21893,-1.2375,0.0724,-0.80168,0.47225,1.32926,0.34826,0.65143,0.14175,0.51649,-0.6035,-1.25026,0.46387,-0.0274,1.21537,1.08116,0.18458,0.62272,1.93698,-0.09945,-0.50794,0.30802,0.51807,-0.65807,-0.87895,0.76479,-0.6577,0.88542,-0.64272,-2.54538,1.39542,-0.96395,-0.48535,-1.63951,-1.91154,0.57026,-0.67643,-0.3942,-1.69801,1.01852,-0.84806,0.90243,0.65982,0.5503,0.05456,0.78655,0.43989,-0.4915,-1.63742,0.72359,-0.3056,0.9382,1.0934,0.34666,-2.12794,0.79245,-0.61557,0.29798,-1.68899,-2.3378,-1.00696,-1.0393,1.49892,-0.48537,-0.74769,-0.70609,0.44382,-0.95547,-1.44335,0.58938,2.69367,-0.34466,-0.70494,-0.26037,0.59952,0.7346,-0.18247,0.97347,-2.21825,0.74164,-1.68275,-0.46546,-0.45746,0.50973,-2.08829,2.23762,0.43453,0.97575,-0.01597,1.65272,1.27465,0.27586,0.37271,-1.24058,0.72638,1.07526,-0.27324,0.48321,1.00526,-0.95479,-1.9209,-0.524,0.01009,0.40916,-0.43651,0.95258,-0.06149,0.28485,0.00581,0.71373,-0.42838,1.66286,-0.79882,-0.4334,-0.98696,-1.28501,2.05142,0.03019,-0.74286,0.48281,0.96501,0.50556,0.13967,-0.22537,0.96646,-0.7699,1.0334,0
-1.53767,3.02262,-1.39178,-0.62819,0.84875,-1.37529,-0.7911,1.29262,0.0598,1.18759,-0.94512,0.27459,0.72989,-2.23093,0.15679,-0.60472,1.02338,-0.47499,0.10776,0.67717,-1.32977,-0.47366,1.34044,-1.35689,-0.56816,-1.95716,-1.23469,0.75462,-0.39739,0.29489,1.14437,-0.2278,1.05718,0.15834,1.7304,1.77292,-1.22988,-0.5187,-1.38843,-0.25623,-0.03265,-0.19808,0.45955,-0.55009,-0.50453,-2.75101,-0.68247,-2.77921,-0.17463,-0.18468,0.23214,-0.72612,1.47196,-0.51488,-1.28143,-1.1037,0.44753,-1.10693,2.07517,0.84931,1.38239,-0.31564,-0.77825,0.4846,-1.49167,-1.35114,0.90966,-0.34984,0.28181,0.25406,0.5638,0.51334,-0.7834,0.13046,1.36141,-0.49081,-1.29057,-0.36477,-0.64503,0.20357,-1.12195,-0.91214,-0.18039,-1.74738,0.62466,1.11331,0.14612,-1.29881,-0.66716,0.10927,-0.12701,-0.02153,-0.20194,0.70872,0.52192,2.93431,-0.32123,0.60411,-0.24277,-0.87158,-0.57713,-0.39388,-0.87725,-0.41919,-1.09408,-2.85273,0.68637,0.75394,1.75137,-0.78914,-0.52508,0.60176,-0.19659,-0.77649,0.50185,0.5494,1.80186,-0.21055,-1.94161,0.40747,0.01887,-0.42477,0.16487,-0.67332,-1.66258,-0.609,-0.70607,-0.49995,-0.48093,-0.72232,-1.905,0.73025,-0.61828,-1.12255,1.50317,1.10923,0.89844,-0.1415,-0.37271,-1.95721,0.26863,0.47334,-0.40361,-0.17105,0.92162,-0.20543,-0.1506,-0.31345,-0.3777,-1.2774,-0.34103,-1.90741,-0.39017,0.93201,-0.70436,-0.52846,0.29923,0.56175,1.35803,-0.63923,0.49355,-1.79689,0.20888,-1.17481,0.58904,-0.69932,-1.17335,-0.48667,-2.6865,1.73246,1.13625,-0.60841,-0.95823,0.22002,0.70997,-0.59024,-2.14068,-1.02638,-0.10971,1.84013,1
0.95195,-1.63604,-0.19814,-0.50146,-1.0595,-1.21054,0.07798,-0.21226,0.43283,-1.23966,-0.65487,-0.47888,1.09432,0.91637,-1.59369,-0.42345,-0.06335,0.35321,0.23911,-0.39307,1.40524,0.47359,-0.21382,0.34846,0.58868,0.77194,-0.13466,0.23569,1.68272,0.93663,0.76169,-0.78798,0.52447,-0.23745,-1.09014,-0.11815,-0.25475,1.25545,-0.21933,1.23398,0.02945,-0.98666,-0.4041,0.28505,0.0956,0.00745,-0.77228,0.04587,0.04107,-1.16236,-0.36625,-0.65843,-0.41043,0.26588,0.18062,-1.82015,0.32395,-0.55356,0.38109,-0.38473,1.56072,-0.35769,0.96989,0.90964,-0.46617,1.54045,-0.66652,1.79475,0.44874,-1.1809,1.05591,-0.23215,0.26701,2.11339,-0.34384,1.03887,-0.56629,-0.30016,-0.57424,-0.26177,-0.40977,-0.25676,1.30657,-0.6677,0.86652,-2.40529,-0.3708,-0.51071,-0.93539,-0.85817,0.3529,-0.66321,1.65592,0.02444,0.87582,-0.72527,0.30497,0.11747,0.04868,1.58879,0.90142,0.68129,2.09238,-0.16183,1.928,0.09823,2.00025,0.59012,0.69584,0.31015,0.61239,1.37033,1.63797,0.82045,-0.35291,0.92357,-0.60877,-2.39976,0.12392,-1.00678,-0.59547,-0.01432,0.74384,0.31519,-1.44107,-2.74738,-0.30695,1.76574,-0.58202,0.35057,-2.73304,-0.64947,-0.06627,-0.85654,-0.59622,0.97541,1.73773,-0.2942,0.4102,1.63312,-0.1256,-0.62507,-1.1676,1.0472,1.51743,-0.51755,1.34608,0.30428,-0.98714,1.45477,-0.99683,1.01709,1.48691,1.12051,0.44086,-0.11279,-1.5139,-2.29523,0.92514,-0.48527,-1.75074,0.49238,0.36815,-2.32658,-0.33251,-1.06173,-0.40759,0.65159,0.10072,-1.89164,-1.02885,-1.26646,-0.0895,-2.67058,0.2401,-0.54963,-0.21713,-0.71312,-0.57802,1.32848,1
0.35287,-0.09651,0.06021,1.11075,-1.00334,0.70366,-0.94927,-0.80166,-0.21012,1.14987,0.60191,-0.06364,-0.26558,0.0533,-0.10203,0.30604,-0.35411,0.29264,-0.05315,-0.01779,1.15002,-1.14131,0.19099,-1.0169,0.55651,-0.50279,1.05036,0.99681,-2.19638,0.3026,0.159,0.62241,-0.9763,-0.23826,-1.60122,0.37333,-0.02679,2.31872,-0.26294,-1.38923,-0.6609,0.64169,-1.09713,2.36876,0.23391,2.49788,-0.50715,0.9836,0.99113,0.13106,0.17245,-0.16884,-0.04413,-0.83523,-0.17616,0.54364,0.55067,2.04378,-0.63982,-0.29873,-0.74119,-1.9149,0.29941,-1.84916,-0.56642,2.34187,0.41739,-0.49012,-1.94013,-0.187,0.00584,0.35863,1.17332,0.6893,-0.57273,0.57648,0.71156,-0.95065,-0.9733,-0.96729,0.14295,-0.16245,-0.75861,0.15388,-1.42153,0.15098,-0.20577,0.14124,1.01447,0.37652,-1.42223,-0.93444,0.76901,1.92007,-0.38111,0.35991,0.17757,-0.11913,0.19587,0.94096,-1.61511,1.09146,-1.05094,-0.45516,-0.43123,-0.94697,-0.85605,0.97414,0.05138,2.26194,-0.48306,-0.76425,-0.49733,0.69235,0.96555,-2.08406,-0.24015,0.56836,-2.19206,0.12559,-1.45512,0.39618,-2.00167,-0.77331,1.25926,0.86663,0.70586,-0.59422,1.25891,-0.40677,0.83766,-1.6565,0.50671,-0.03275,-2.29611,-1.29681,-0.66072,-1.68015,-0.25463,-0.08076,0.70419,0.99006,-1.55342,0.17333,-0.33606,0.4434,0.07897,1.30274,0.05438,-0.93898,1.48154,0.30293,-0.12303,1.43733,-0.3868,-0.68744,-0.86181,-0.15867,0.45982,2.07776,0.48793,-0.71,-0.28724,0.33048,0.38855,1.79645,1.27702,-1.4404,-0.06125,0.53703,-0.0812,0.49515,1.09109,0.56042,2.01943,0.9395,-0.47236,-0.48757,1.43462,-0.67991,1
-0.9609,-0.4316,-2.82934,0.59582,2.24958,0.30063,1.40896,-0.0271,0.78029,0.47097,-0.53082,-0.26839,2.77258,-0.19429,-1.311,-0.51021,0.68787,0.86874,-0.85066,-0.24249,-0.31852,1.23739,0.2567,1.03727,0.11213,0.6825,1.30754,1.10083,0.36098,0.3883,-1.34798,0.63032,1.72368,1.20761,-0.54329,1.81587,-0.62682,1.36167,-1.27576,-0.82667,0.20453,-0.14446,0.32935,0.72071,0.83477,0.54096,-1.44305,-0.25236,-0.51258,0.81572,1.32931,1.21946,-0.4801,0.87808,1.30443,0.09932,-1.53349,0.30159,-1.16851,-1.43241,-1.5413,0.14355,-1.05355,0.71205,0.30768,-0.46493,-0.01306,-0.40048,0.0895,1.13247,0.16496,-0.36444,0.63931,-0.54619,-0.12267,0.39076,0.70694,-1.02198,0.4522,-0.23818,0.74338,-1.63433,-1.25211,0.69529,-0.345,-1.18179,-0.71853,-1.38564,-0.8761,0.5416,0.74215,1.28572,-0.66629,-0.25745,0.49574,-0.51447,1.70769,-0.25379,1.43348,-0.01699,-1.37618,0.67436,0.88792,-1.2836,-1.41648,1.72288,0.78288,0.07812,-2.34867,0.5606,0.32373,-0.08869,-1.78237,0.06555,0.82977,0.16707,1.30824,-0.89736,0.67191,-0.80924,-0.37481,0.1728,0.17746,-1.10059,0.30539,0.77824,0.17367,-0.13282,-0.00861,-0.9092,1.20754,-0.80961,-0.78054,1.1416,2.72927,-2.26085,-2.37277,-0.71774,-0.69077,-1.42419,0.79331,2.04262,0.33554,0.01812,1.46442,0.21606,-0.62874,0.36702,0.54532,1.5199,0.06753,-0.00611,-0.55723,0.27923,1.4912,-0.29258,0.16073,-0.64434,-2.74693,-0.53567,1.4734,-1.55842,0.3709,0.00279,2.00906,0.86082,0.67447,1.09648,1.11028,0.91901,0.34315,-0.77849,-0.08405,-0.42326,-0.96319,-0.15353,1.28901,0.10881,-0.40594,0.25865,0
-1.48514,-1.24323,-1.88424,-0.77149,0.86323,0.37547,-0.6317,0.73448,-2.62628,-0.338,0.87021,0.06271,0.3447,-1.64009,0.24793,0.08588,0.34563,-1.41976,1.43714,-0.65846,-0.8906,0.1299,-0.26517,1.01304,-0.45072,0.70663,-0.68643,0.33527,-0.84399,0.10257,-0.43588,0.55954,0.3711,0.01311,-0.42483,-1.2786,0.01693,0.32237,0.51136,-0.75616,0.67338,-0.03714,0.22812,-1.21184,0.89608,1.19334,-0.88154,-0.15423,0.7659,0.88972,-0.77133,-0.23275,-1.01334,-0.10404,1.27955,0.54829,-0.20892,0.02745,-0.93204,1.42768,-1.57614,-0.45432,0.82291,2.48182,1.47833,-0.94996,-0.60309,0.93483,-1.4734,-0.97021,-0.50934,-1.23317,0.50732,0.78075,-0.55869,-0.50192,0.05725,1.93288,-0.31557,-1.39886,-0.13014,0.0824,0.18027,1.03932,-1.69268,0.0286,0.18408,0.27237,-0.33491,-1.10973,-1.17371,1.87382,-0.87813,-0.94188,-0.08956,0.66311,0.91567,0.19618,1.76215,-0.055,1.82911,0.13584,-1.47091,-1.48613,-0.48615,0.00775,2.99786,-1.41167,-1.03524,0.44193,-0.5081,-0.49829,0.62511,0.62902,0.6684,0.35292,-1.19577,1.14343,-0.37511,0.14506,-1.32902,0.45178,0.59542,0.14782,-0.39283,0.25055,0.2613,-0.7677,0.65931,-0.81576,0.14046,-1.44607,0.01634,-1.71756,-1.26998,-0.58047,-0.14625,1.78905,0.09549,0.12372,0.54922,-0.98868,0.05255,-0.79688,0.16066,-0.04505,0.73509,-1.85394,-1.07714,1.64486,-0.60743,0.94639,2.26971,0.22997,1.29313,-1.53663,-1.11431,2.20688,0.04973,-0.08734,0.75277,1.14251,-1.11971,0.39088,-1.39189,1.87451,1.38689,-0.9749,-0.87825,-1.71346,-1.23823,-0.51163,-0.43796,0.2648,-0.69498,0.8496,-0.62644,-1.41972,0.05598,-0.62382,1
1.4891,0.74221,-1.67048,-1.08147,-1.50783,-1.62503,0.5095,-0.91667,-0.38214,-0.24196,-0.38502,-0.02545,-0.63007,-0.43435,1.89637,-1.33217,-0.33341,0.36647,-0.39062,0.81677,0.90287,0.30578,-0.99892,-0.07883,1.15537,0.02085,-1.07245,1.72487,0.31958,-0.57487,-0.83621,1.40051,1.04061,0.10903,1.54746,-2.32689,1.97495,0.64453,1.05953,0.16763,1.28225,0.13241,0.23251,2.2112,0.28131,1.13714,-0.00499,0.80096,-2.13952,2.73565,-0.45493,0.31081,-1.55036,-0.70963,1.24721,-0.00791,0.23226,-1.63825,0.11916,-1.41669,1.06754,1.1902,-0.73461,0.71847,0.63007,1.938,1.34974,0.15939,0.68571,1.78012,-1.01601,0.01184,-0.54025,-0.49855,-0.18813,-0.60813,1.08394,1.18076,-1.4819,-0.87002,-0.51892,-1.70503,-0.07045,0.66599,0.16872,-0.62392,-1.42287,1.23195,-0.48474,-1.08933,0.18624,-0.03331,1.9734,0.20267,0.21904,-0.50189,-0.17121,0.67974,0.77818,1.04882,-0.73245,0.98768,-0.57676,0.25893,0.48252,0.44483,0.75641,-0.34663,0.39765,0.39209,-1.30882,-1.52526,-0.39686,-0.37945,0.68857,-0.23936,0.70571,1.3746,1.4459,1.25581,1.30346,0.6402,0.14921,-1.14822,-0.11909,2.71896,-1.1345,-0.1653,0.55494,1.11923,0.86399,0.52811,0.15023,0.71085,-0.13901,0.37253,-0.11271,-0.0973,-0.65564,0.70786,0.44668,-0.03577,-0.99644,1.43697,0.33218,-1.36766,-0.0868,1.50455,0.22352,0.08221,0.81057,-0.09975,-1.72645,-1.24957,2.25227,0.40263,0.53211,0.71679,0.64251,0.56176,0.29237,-1.72893,-0.12734,1.05802,1.3353,-2.26333,-0.15124,-0.30697,-0.66425,0.84355,1.34258,-0.10739,-0.4578,1.40548,0.34406,-0.65745,-2.09921,0.80359,1.42857,1.09368,0
-1.18903,-0.70836,-0.37722,1.39515,0.70474,-0.40452,0.05014,1.49684,-0.15564,1.04222,0.49154,0.78382,-0.12296,-0.07691,-0.36173,-1.67574,-0.87414,1.53901,-0.5166,0.28323,0.6751,-0.21488,0.40425,-1.06556,-0.93264,-0.22329,0.24936,1.92779,-0.51783,0.82319,0.41651,0.08806,0.4836,0.46151,0.15065,-1.56315,0.56965,2.22642,0.06973,0.04927,-0.55825,1.00378,-0.98157,-0.54034,1.16735,-0.21645,-0.68814,0.10191,-1.69277,1.09443,0.19317,-0.32787,0.80619,-0.89352,1.17391,-0.24553,-0.45932,-1.19424,2.83941,-1.19431,-1.0691,-0.9365,-0.57939,-2.72185,-2.31276,-0.8182,-0.26288,0.76147,-1.07418,-0.72895,-0.42261,1.73219,-1.10839,-1.22002,-0.21193,-1.31293,0.69573,-0.02006,-0.17006,0.2289,-0.18589,1.51385,-0.739,-0.78351,2.84901,1.31724,1.69626,0.02632,-0.27633,0.39502,-1.11096,-2.46562,-0.19678,-0.16863,0.53506,-0.9508,-1.46904,0.31671,-0.82696,0.59669,0.32276,0.50732,-0.8657,-0.33939,0.42196,-0.06312,-1.0317,-0.0485,2.42908,-1.1668,-0.46917,0.20852,0.51717,0.43016,-1.37234,1.16317,0.02251,-1.11105,-1.41457,2.15282,-0.65852,0.05867,-1.17821,0.34725,-0.28306,0.44696,-0.00189,0.68067,0.67417,2.86469,-0.39785,-1.68582,-0.68597,-0.26736,0.8871,-1.29169,0.54221,1.45954,0.83066,-0.64283,0.84536,1.70941,-0.32825,0.50779,0.06461,-0.95205,1.58733,0.17048,0.67304,0.39129,-0.63009,1.50838,0.55174,0.56696,-0.19272,1.11115,-0.52322,-0.09044,-0.50433,-0.22161,-0.40356,0.22468,2.25449,-1.65304,1.31815,-1.58775,0.28723,-1.7938,1.31595,-1.40682,-1.01999,0.40164,0.97047,-0.15524,1.49329,-0.06896,0.78414,-1.88441,0.52223,-0.69384,0
0.72202,-0.51037,-0.047,0.78924,0.42641,-0.39948,-0.93145,0.85509,-0.27952,1.67339,0.68763,0.48011,0.97128,-0.47252,-0.43671,-0.58343,0.33117,0.97325,-0.13138,0.18377,1.00935,-1.7609,0.0674,-0.53097,-0.56548,-0.36088,0.90539,1.18644,0.35046,1.12809,0.84497,-0.46076,0.60073,-1.08701,0.1229,2.30849,-0.12629,0.01372,-1.42562,-1.17762,-0.52572,-1.32434,-1.43147,-1.69934,-0.01375,2.16871,0.76023,0.21397,-1.04036,-0.13226,-0.73964,0.31254,-0.63733,0.33101,0.73039,-0.86445,-0.34729,0.95086,1.09476,0.4818,-1.99366,-1.36621,-0.65689,0.73428,-2.28304,1.10375,1.40925,-1.48341,1.33685,-0.6258,1.28031,-0.06919,1.2019,-0.63764,0.14102,-1.26404,0.38003,-0.44915,1.1776,-0.85558,1.02445,0.05501,2.36188,1.25149,-0.85965,0.65353,1.53025,-1.64146,0.20234,-0.19742,0.20925,1.99578,0.23823,0.43561,1.68889,0.52128,-1.89052,1.07826,-1.02919,0.04373,-0.87347,0.58264,0.36746,2.36687,1.47542,0.93777,1.4388,-0.86516,0.04247,0.88161,0.29725,-1.06698,0.83394,-0.41233,2.30086,0.22915,1.65124,-0.15517,-0.01512,-1.68101,-1.46289,-0.9582,-0.06532,-1.18328,1.15326,0.31654,-0.95162,0.76593,-0.36348,0.27417,0.20765,-0.0488,-0.16388,-0.23398,0.42045,-0.56881,-0.55155,-1.03487,0.04617,-0.68129,-0.97369,-1.75166,0.34764,-1.46051,-0.18934,-0.11383,-0.12443,-2.23692,0.41118,1.20846,0.66049,1.0179,-0.95606,-2.43507,0.62748,-2.67208,0.76206,0.78948,-0.96536,0.41491,-0.17342,-0.98273,-1.46886,-0.50986,-0.61047,-1.07442,1.42913,0.27363,-0.58813,-0.12916,1.94864,-0.81154,-0.34541,0.56344,-0.6544,-1.29597,-0.18558,0.0915,0.21579,0.17637,1
1.74161,1.72722,-1.17315,-1.54184,-0.07051,-0.23057,-0.54907,-0.31139,0.53616,1.49904,-0.4173,-0.0075,-0.68368,-0.9603,1.06528,1.62974,1.02393,-0.10616,0.58242,-1.16806,2.1167,-0.28633,-0.35904,0.61575,-0.59621,0.16391,-0.38998,1.46811,0.44084,0.85803,0.85907,-1.03456,-1.24915,0.42473,-0.74921,0.32777,-0.38469,-1.3281,-0.2879,-1.6476,-1.27697,-0.20116,-0.95046,-0.05254,0.18278,-0.11307,-0.18041,0.40055,-1.29119,0.57112,0.31425,-1.06378,-0.03562,-1.46278,0.51244,0.84984,0.61968,0.08698,0.78276,-1.74941,-1.12287,-1.15419,0.17676,-0.17645,-0.47318,-0.706,-0.66265,-2.36056,0.38762,0.4204,-0.38389,-1.51671,0.05639,0.26091,-0.87593,-0.27133,0.61857,-1.62372,0.05251,-0.76033,-0.39261,-0.96154,-0.73326,0.16577,0.01544,1.13202,0.89823,-0.31953,-1.39931,1.17443,1.1972,2.02971,-1.5415,1.46616,1.5184,-0.68922,0.51604,-0.11009,0.28842,-1.4567,-0.62584,-0.04613,1.29151,-0.61748,0.66254,-0.16492,0.33831,-0.61975,0.67093,-1.25624,-1.37779,-1.97343,0.46407,-2.28275,0.37295,0.66598,0.02082,1.47695,-0.14774,-0.12788,-0.59781,-0.54246,0.36919,-0.02324,-0.43838,-0.85028,1.44847,-1.04018,0.92838,-0.88109,-1.87082,-0.40231,0.06425,-1.26927,-1.84135,0.02606,-0.62114,-0.89427,2.10612,-0.62509,0.69176,-0.26407,0.22112,-1.22551,1.13362,-1.32061,1.10671,0.49179,2.18322,0.65373,-0.76481,-0.06476,-0.48698,0.99467,-1.43704,-1.34935,0.83514,0.10345,3.03013,0.28665,-0.60301,-0.3954,-0.22227,-0.91074,1.92405,-0.14759,-0.87126,-0.96318,-1.33494,-0.75095,0.2601,-0.86482,-0.03869,-0.04587,0.75989,-0.85058,0.37175,1.61773,2.02513,-0.48048,0
-0.97883,0.23572,-1.26187,2.12634,1.25203,0.64612,-0.33245,-1.24576,1.48534,-0.5461,0.01785,0.50406,-0.38139,-0.98436,-0.25486,-0.85073,0.24813,0.18141,-1.13484,-0.07639,1.77309,0.29416,-1.61259,-0.61597,-1.58529,0.6516,1.33901,1.57712,1.05725,1.37043,1.24171,0.98642,-0.82169,-0.63471,-0.80153,0.33213,-0.99923,-0.32419,0.14596,0.45623,1.48983,0.34779,1.3228,-0.57433,-0.39194,-1.67991,-0.18081,0.98576,-1.21632,-0.10344,-0.16824,-0.07931,0.06502,1.06852,0.90255,-0.46946,0.02488,1.22807,-0.17315,0.06402,0.85827,-1.60622,-0.07524,-1.12802,0.4454,0.3636,-0.95453,0.94659,0.59612,1.42329,-0.37919,-0.72887,1.98751,-0.45276,0.20344,-0.90442,0.43099,-0.26395,-1.39389,-0.46755,-0.73728,1.27869,-2.10129,-0.78121,0.18925,1.34435,-0.32563,-0.74912,-0.68856,-1.75976,0.26365,0.19359,-0.82454,-1.47365,-1.36216,1.83231,-0.52724,0.87427,-0.85671,1.80307,0.8141,-0.11273,1.09732,1.19215,-0.2503,-1.35414,-1.25143,-1.34478,-0.69535,0.57509,-0.81368,0.45339,0.79334,1.63954,-1.61757,-0.27607,-0.64534,0.82258,-0.19314,-1.27836,-1.4219,-0.2678,0.60821,0.48727,1.30038,0.58551,1.47964,0.00396,0.63903,-0.15114,1.45577,-0.44169,-0.19101,1.01616,0.13396,-0.63623,-1.21597,-3.83375,-0.19239,-0.04589,-0.93704,0.55935,-2.39878,-1.67785,1.35646,0.42007,0.74333,-1.15655,0.44045,-1.32918,-0.16208,-1.76454,-0.41896,0.3188,-0.84639,0.6549,-0.60505,1.03696,-0.52987,1.60218,1.64388,-0.97007,2.61555,2.02828,0.41615,-0.7292,0.98493,1.08019,0.47585,0.15526,-1.24585,0.77013,0.31026,-0.2839,2.05534,0.89203,-0.88856,-0.71789,0.52646,-0.24846,0
-1.65665,-0.60176,-0.90695,-0.50698,0.16608,-0.34636,-0.84884,-0.34119,-0.26705,0.11573,1.07697,2.38319,-0.1268,-0.12983,-0.89698,0.90617,1.19897,1.41787,-0.49962,-0.27256,-0.213,-0.09219,0.18944,1.43034,0.8555,0.31079,1.06576,-0.64547,-0.24408,0.01752,0.42926,-1.98038,0.40373,0.40413,-0.02532,-0.86882,0.49373,-0.57592,1.27427,-1.11201,-0.01581,0.85978,-0.31682,0.10991,0.41278,-0.87658,1.34635,0.98496,0.12087,-0.8932,0.89683,-2.79934,1.06239,-0.72334,0.04147,-0.06387,-0.597,-1.20948,-1.06551,1.01809,-0.22518,0.08367,-1.98053,-0.89996,-1.01841,-0.14592,0.06581,0.40296,1.13396,2.68597,0.62712,-1.26854,-0.25169,-0.35713,0.26876,2.07137,0.9305,-0.18097,-0.46038,1.10325,1.37696,0.78852,0.88519,1.71758,0.10497,0.07362,0.65592,0.04794,1.66683,0.08259,0.41142,-0.19937,0.41632,-0.129,-1.88804,1.30561,-1.47876,2.2159,0.46423,-0.67233,-0.90039,0.17001,0.7471,0.58703,-0.30214,0.66547,-1.65437,0.70713,1.16178,2.42846,-0.1587,1.60025,0.43056,0.47629,-0.9479,-0.80606,-0.32788,-0.36925,-0.02804,-0.81794,0.19715,-1.57326,-0.64354,-0.00271,-0.5388,0.64821,-0.3065,-0.46518,-0.18811,-0.05318,0.78801,-0.47106,0.70569,-1.46305,0.2707,-1.21699,1.03384,0.15648,-0.90494,0.47482,0.58629,-0.40751,1.69823,0.34163,-0.59097,-0.81368,-0.81453,0.48617,1.24977,0.9534,1.26652,-0.67619,-0.96292,0.20583,0.98003,-0.11745,0.02766,-0.21531,0.12547,-0.17725,1.0104,-0.12493,-0.45564,1.53635,0.45207,0.06729,-0.04107,0.74572,0.58813,-0.24809,1.64752,0.94796,-0.24302,-0.35773,-0.66339,0.31064,0.33432,0.20976,-0.81014,0.24463,1
0.94114,-1.06404,-0.32902,0.52009,0.25442,0.33419,1.25376,1.55603,-1.18608,-0.82898,1.24895,-0.83773,1.51073,0.492,0.22328,0.07055,0.0567,-1.85255,-1.34981,-1.47491,0.4546,-0.38198,3.10647,-0.79068,0.36596,0.71912,1.23569,1.44212,0.376,0.47559,-0.87917,-1.62083,1.03868,0.13723,-0.67134,-2.59503,1.98834,-0.45411,-0.06079,-0.44706,-0.38902,1.26675,2.15102,-0.17375,0.47647,-0.65987,-0.39063,0.40447,-0.40874,-0.65741,-1.10105,1.0591,-0.0455,-1.52538,0.76041,0.29111,0.16564,0.06372,-1.71814,1.62088,0.4737,-0.52942,-0.19209,0.61526,-0.00616,1.83563,-2.14825,0.91734,1.02342,-0.97593,-0.66948,-1.1518,-1.0683,0.3367,-1.53998,2.01155,-0.7129,-1.54974,-2.24594,1.16221,0.25865,1.67982,-0.52013,-1.19009,0.30544,-1.15192,0.35069,-1.29736,-0.52218,1.17178,-1.31244,-0.19829,-0.63262,-0.40935,0.48212,2.08461,-0.05926,-0.49666,-1.07065,-1.01664,0.29736,0.45852,-0.54367,-0.05968,-1.66453,-0.15045,-1.2264,-0.35361,-0.6032,-0.22383,0.87185,0.72878,0.51056,-1.1015,0.98634,-0.16608,-0.31601,0.60582,-0.51911,-0.38071,-1.16742,-0.75995,-0.08964,-0.86672,-0.5452,1.09332,0.36791,-0.67643,-0.21711,0.10486,1.10918,-0.47962,0.39488,0.24231,1.03644,1.36567,-0.2874,-1.05538,-0.23703,-0.21188,0.43004,-0.3216,0.68159,-1.08737,-1.44733,-0.3158,-1.45915,-0.93498,-0.00122,-0.68235,0.22211,-0.21676,0.36533,-0.63344,-1.43992,-0.70945,2.56446,1.9694,0.93798,1.35139,0.46509,-1.54383,0.26119,0.23522,-1.49885,-1.44951,0.76099,-0.81146,0.6971,1.23603,-1.02962,-1.09996,-0.13066,0.66761,0.33514,0.77881,-0.5534,0.24013,1.67083,-0.35048,0
0.78199,0.04975,0.9961,1.39654,-1.18531,-0.78698,0.19615,0.56612,-0.88814,0.42784,-1.08072,-0.41795,0.49132,1.18618,0.95022,0.52806,-1.40747,0.16447,-0.3023,0.05054,-0.42964,-0.08308,-0.3502,2.03906,-0.93063,-1.17775,-0.34288,-1.03146,0.68252,0.22434,-0.12221,-1.40947,-1.68937,1.21118,1.12782,0.62489,0.51562,0.53186,-0.13518,-0.56439,0.16126,1.28432,-2.33831,-0.04023,-0.39083,0.69933,0.31401,-0.41853,-1.84385,0.09828,0.53439,0.53526,-0.93116,1.46732,1.26885,-0.6789,-0.77113,0.14901,1.31999,-1.16355,0.93344,-0.27194,0.10947,-0.68926,-0.77153,1.53338,0.25619,1.00106,-0.18482,1.2556,0.35484,-0.80986,0.76933,0.42863,-0.01356,-0.14106,-0.61874,0.21285,1.87934,-0.76851,-0.32029,0.1078,-1.96783,0.01665,0.17574,-0.20037,2.29877,0.96975,-1.43894,-0.4267,0.29895,-0.79962,0.56805,-0.10035,-0.65628,1.05904,1.16849,-0.05972,0.13372,1.42383,0.13216,-0.9841,-0.74305,0.30111,-0.33385,0.56739,0.27839,0.66084,-0.21957,-0.76434,0.04291,-1.46804,-0.35089,-0.31285,0.25517,-0.07899,-1.37392,-0.9871,-0.71839,0.08826,0.3643,-0.99432,0.91307,0.80753,-0.40161,-0.55556,0.3263,-1.11615,-0.82504,0.98259,-0.03803,0.21421,0.84766,1.32169,-0.50968,-0.51764,0.26233,0.22551,0.23986,-1.33813,2.05106,-0.84386,0.80328,0.42719,-0.37159,1.38958,1.62111,0.54455,-0.55207,-0.83594,-1.64809,1.76299,0.16955,0.58206,-0.53656,1.27105,1.20586,2.33043,0.18344,-0.20563,1.29227,1.03074,-0.94608,-1.42206,0.82291,0.31798,0.11714,1.1506,-1.47674,1.01505,0.59395,-0.54189,-1.35811,1.34791,1.08425,1.34783,0.83011,-0.30957,-0.74771,0.89947,0
-1.54713,-0.23016,1.21011,-1.159,-0.33944,1.83714,-0.30956,-0.51782,1.17777,0.72932,0.62109,-0.90978,-1.80116,0.74162,0.16986,1.79727,0.65583,0.9469,-0.15036,-0.23704,-0.28124,-0.82517,0.24247,-0.37595,0.27975,-0.51856,-1.94322,-0.34969,1.43227,0.84846,1.80049,-1.05256,-0.35072,-1.25068,-2.14445,-1.12345,1.79344,-1.22114,0.19171,0.65891,1.75781,-0.59669,1.99983,1.02863,0.28322,0.99448,1.79725,-1.69116,-0.82656,1.41967,-0.30063,0.84509,0.09238,-0.3925,-0.15301,-1.5568,0.64612,-0.38867,-1.08989,0.69728,-1.14484,-0.72396,-0.96023,-0.41562,0.59015,-0.3854,0.8845,-0.80975,-1.23567,-0.10007,0.46526,0.03753,0.31783,-0.29505,-0.45296,0.54793,-0.4283,-0.28968,0.41636,0.66832,1.12117,-0.73968,-1.59977,1.04343,1.26268,-0.68272,-1.09807,-0.43475,-0.9275,-0.72971,0.9882,-1.047,1.16004,-0.12485,-1.31287,-0.95656,0.65385,-0.69119,0.34976,1.50158,-0.96347,-0.19101,0.6811,0.36783,-0.47528,-0.42756,1.69534,-0.25004,0.05849,-1.32896,0.91099,1.40029,-1.638,-0.61063,-0.21772,0.11796,0.70294,1.24243,-0.98226,0.64302,1.66586,1.07574,0.44527,0.09054,1.04171,-0.2488,-0.17276,-0.56245,0.22431,-0.50911,0.20821,0.28845,0.12056,0.33419,-0.16267,-0.42652,-0.95119,-0.06288,0.603,0.25996,0.29868,-0.0495,-1.14975,-1.74743,-0.98956,-0.17835,0.10823,-1.43098,0.19908,-0.01449,-0.86422,-0.99265,-0.65098,0.5424,-0.77372,1.18118,-0.56616,-1.10468,0.8759,0.47139,0.33488,0.03841,-0.20779,-1.50997,1.81085,1.52767,0.8931,-0.87251,-0.22729,0.34768,0.8164,0.77918,-0.79761,1.57333,-1.05467,0.46743,0.38356,0.84573,0.39084,1.0284,1
1.30689,1.24267,-1.00846,1.00701,-0.25836,-0.1415,0.29152,0.62526,0.05762,-2.29386,0.20769,1.24749,1.00549,-0.09553,0.69197,-1.87613,-0.4768,2.2161,0.53362,0.10149,-0.085,-1.4476,0.07503,1.15422,0.98796,-0.37601,0.09079,-0.83942,-0.5849,0.5133,1.19749,0.09662,-0.9606,-0.7975,-0.49532,0.6467,0.69277,-1.1953,1.19124,0.5465,1.77464,-1.29378,0.8369,0.16656,-1.02382,0.77619,0.46289,-0.29314,-1.24625,-1.20894,-0.56637,1.02337,1.05198,0.67228,-0.04905,0.61872,0.25717,-1.06909,-0.1307,-1.15575,0.14617,-1.30912,-0.29775,0.03933,1.01567,-0.15127,0.75231,-1.18153,-0.08743,0.9323,-0.28925,-0.70919,-0.80188,-1.56977,-1.32696,-0.52916,-0.0217,-1.4725,0.12368,-0.04917,-0.9726,0.37423,-0.00012,-2.18171,0.57061,-1.50615,0.90977,0.4795,-1.01651,0.34209,0.97764,-0.32083,-0.41758,-1.10802,-2.37506,-0.37925,1.56156,-0.13335,0.65982,1.04141,-0.51505,0.50827,1.28888,-2.02871,-1.42784,0.779,0.16912,0.53544,0.11536,2.16963,-0.47309,0.02575,0.15138,0.99762,0.45556,-0.8716,0.07908,0.09625,1.09374,-1.14277,0.53834,-0.61017,-0.29104,1.64872,-0.90839,0.95322,0.70203,-0.53515,-0.86578,2.40151,0.00873,0.83988,-1.30798,-1.08711,1.70512,1.5673,-1.51282,0.42026,1.21191,-0.55672,-1.27751,0.23674,-2.80466,-0.1765,1.33857,-0.43354,-0.31325,0.34603,1.44093,0.92283,-0.18801,-2.47352,-0.52315,-0.42059,-2.25416,1.02278,-0.30672,0.38309,-1.57379,-0.47618,-0.01417,-0.42657,1.34826,1.56857,-0.4476,-0.85305,-0.17275,0.6237,0.48991,0.35764,0.75374,1.26953,-0.02913,-0.28285,-1.80288,1.04452,-0.58724,-0.65208,1.05254,1.18812,0
0.79316,-0.00709,0.75546,-0.12887,0.8652,0.70671,0.34087,-1.05638,-2.14659,-0.05837,-0.07364,-1.37366,-1.29979,-1.86683,0.37153,0.2922,-0.75949,1.57374,-0.67022,-0.49084,2.03885,-0.48295,1.04789,0.48925,-0.62677,-1.32025,0.16462,0.98041,1.9639,-1.77452,0.22526,0.73539,-0.31785,-2.63057,-2.25211,0.56901,0.97308,-2.04234,2.08857,-0.05782,0.90059,1.87774,0.39792,0.96972,1.24063,0.32772,-1.08579,-0.81603,1.04706,0.18442,0.56909,0.46902,0.25623,1.09256,-1.19813,0.15384,0.76583,1.84984,-1.86564,0.79596,0.8548,1.53823,1.28068,0.2029,0.40495,-1.638,1.22611,0.3841,-1.88957,-0.10523,-0.47516,-2.40832,1.5499,-1.85438,0.20689,0.33034,1.61091,0.55095,-2.35138,-0.46496,1.01313,-1.62308,0.94384,0.6472,0.39974,-0.57841,1.23644,0.50539,-0.5585,1.17703,2.74207,-1.02497,-0.44636,-1.13705,0.72344,0.82146,-0.43717,0.95737,0.58261,-0.26132,0.62911,0.48076,-0.98772,-0.91294,-1.16795,0.22589,0.16183,1.61458,-1.88022,0.63098,0.36287,-0.62656,1.18982,0.77144,-1.264,-1.83453,0.18681,-0.29483,0.59666,-0.83643,0.32426,-0.2792,0.22977,-0.25273,0.56263,-4.40373,1.29005,-0.49774,-1.41746,0.31571,-0.60756,0.90795,-1.35477,0.01914,0.76953,0.32587,-3.01787,0.07729,-0.24346,2.99294,-1.07214,0.36438,-1.32957,1.34548,2.24275,0.21791,0.23076,0.66137,-2.12679,-0.80648,0.12711,0.82271,-0.04818,0.81178,-1.10714,1.49945,-0.47744,-0.97058,-2.49152,-0.88469,1.72585,0.53419,-0.17625,0.00703,0.0786,0.10261,0.63519,-0.53189,-0.47987,-0.13102,1.26941,-0.07961,-1.14834,-0.25029,-0.84423,0.45677,-0.41423,0.32764,-0.26304,0.55841,0
0.63424,-0.75179,-0.55003,-1.32484,-0.88608,0.31603,-0.0659,-0.00058,0.62799,0.67781,1.15815,0.26122,0.81131,-0.8314,-0.70116,0.33969,-0.54615,-0.39126,-0.29656,1.28987,-0.10933,2.72476,-0.32986,0.09054,-0.19178,0.8951,-3.05834,-0.52624,0.47493,-1.58855,1.61392,0.38972,-0.06511,-0.46198,-1.1295,-0.64109,-0.7718,0.91986,-0.20494,0.19367,-0.08211,-1.02754,-0.83615,0.44978,-0.53429,0.31418,0.72029,0.25752,0.56599,-0.33936,1.1327,0.18697,0.06186,0.26086,1.27704,-1.18677,-0.38775,0.83785,-1.02956,-0.69643,-0.96084,0.25989,0.69322,-0.96014,0.64709,0.77354,-0.62986,0.48998,-0.13903,-0.45553,0.26586,0.30813,-1.14482,-0.04764,0.62863,1.02386,-0.37079,1.13178,1.74381,0.84799,1.1258,0.99827,0.38272,1.58532,-0.58869,-0.49081,0.48601,0.67022,-0.05744,-0.9684,1.55778,0.04364,-0.75955,-1.81428,-1.08637,-0.7157,-2.11135,0.02637,-1.00775,0.47749,0.52891,-0.15938,-1.52378,-1.3142,-1.09669,-1.41338,0.37626,-0.91433,-0.48414,-0.93842,0.78592,-0.5584,1.8681,-0.11533,-0.38777,1.09878,0.7109,-0.72638,1.0261,0.1144,-0.7864,-0.95884,-0.84368,-0.57853,1.67663,-1.21986,-0.05773,-0.74265,-0.69353,-0.14201,0.99908,-0.23312,-0.61209,-0.60387,-1.13629,-0.34291,-0.03419,-0.86696,-0.28931,-0.43847,-0.13888,0.04633,-0.83456,-1.34627,1.11794,0.24376,0.84164,-2.13073,0.01998,0.12946,0.61513,0.50192,-1.17938,-0.77448,-0.15472,0.60766,0.55675,-0.31706,-0.62586,0.49593,1.0764,-0.44434,-1.588,-0.65192,1.17342,0.5661,-0.33701,1.65442,-1.18431,1.25882,-0.6975,0.49447,-1.40086,0.89256,-1.0533,-0.17618,0.60073,0.02204,0.07469,-1.3112,0
1.93442,-1.14129,0.41792,-0.98091,-0.02295,0.61107,0.71123,0.13406,-1.04126,-1.19151,-1.31698,-1.06888,-0.465,-1.98113,1.30613,-1.22399,-1.06928,1.01732,-0.05205,-0.8565,-2.33362,-0.06832,-1.2428,-1.1597,1.47663,-1.3959,-0.62142,-0.27353,-0.57223,0.70988,-1.54257,0.55792,-0.33161,1.07403,1.6123,0.65732,-1.27905,-0.43856,1.32158,-0.88218,0.26919,-0.55004,0.40842,0.23062,0.91364,0.48422,-0.7876,-0.74723,0.81181,0.83713,-1.2369,1.63345,0.27268,0.85973,-1.18949,0.731,-0.43876,1.24694,-1.10561,0.42595,-0.57646,0.44775,0.49552,1.08883,-2.57023,0.34349,0.1364,1.22909,0.97858,-1.38571,-0.08301,1.07376,-1.13907,0.13224,0.23946,0.88187,0.38246,-0.09957,0.91989,-0.31208,-0.73724,0.07046,0.47072,-0.6944,0.21784,2.46065,1.14698,1.89744,0.99787,-0.5588,0.38544,-1.21452,-1.29861,-0.22305,-0.4238,0.34034,0.45602,2.25324,-0.71168,0.69033,-0.28703,0.16922,-0.31088,-0.07915,1.06959,-0.50725,0.03169,1.63412,-0.19331,1.71586,1.66733,-0.46101,-0.00872,-1.31213,0.84263,-0.32202,0.04488,0.45894,0.52886,-1.8309,0.14689,-1.19815,-0.44367,0.08808,-0.77217,-2.39916,0.39962,-1.20238,-0.62992,-0.79578,-0.37024,-1.38632,0.02601,0.71701,-0.00848,0.4546,-1.24058,1.08275,-1.09219,-0.9892,-0.10313,0.3495,0.4328,-0.85325,-0.35459,-0.17522,-0.22198,-2.93265,0.02112,1.69276,0.91262,-1.24152,1.68457,0.21533,-0.31032,-1.85262,-1.55147,0.76315,-0.63714,0.45781,1.74525,-0.45557,-0.37449,0.25812,0.70303,2.25299,-0.52471,0.6405,1.13421,1.74608,-0.36744,1.10427,0.51489,0.61747,-0.72561,0.14822,0.40012,-0.86244,-1.82474,-1.0098,0
0.11548,-0.00408,-0.23696,-0.17731,-1.59906,1.15602,-0.82154,0.80425,0.28486,-1.69756,-0.54732,-0.08223,-0.32398,-0.218,-0.49657,-1.22454,0.35351,-1.51504,0.26019,-0.62162,-0.63868,-1.12029,-0.17598,0.21593,-1.73988,1.1368,-0.7703,-2.27154,0.82188,1.41409,-1.45966,0.5815,1.07614,0.81176,-0.6041,0.0777,0.26402,0.14489,0.47836,-1.86535,-1.59651,-1.14406,0.97871,0.61398,-0.21712,0.20868,-0.85312,0.41901,-0.59502,-0.19196,0.43998,-0.24373,-2.27359,0.11412,1.0314,-0.75997,0.2626,-0.75364,1.55451,2.4417,0.18531,0.64312,-0.63034,0.09735,-0.76932,-1.27824,-2.58532,-0.11805,-0.14995,0.40614,-0.06422,-0.99727,1.08554,-1.16004,-0.20064,-0.14399,1.465,-0.41004,0.10304,-1.56958,0.05467,0.34548,0.33383,0.27239,0.06767,0.35001,-0.9514,1.52083,-0.46439,2.66568,0.20397,-0.48458,-1.92812,-2.58575,-1.52336,-1.2037,-0.38019,-0.4147,-0.22523,-2.14124,-0.16685,-0.95992,1.14516,-1.13223,-0.27055,0.13827,-0.4609,-0.58455,1.4787,0.36757,0.21925,0.69352,0.45868,0.44778,-0.30671,-0.49577,0.68726,0.92139,-0.81698,0.53894,-2.56405,1.44465,-0.28894,-1.30946,0.58455,0.10299,1.53926,-1.80539,-0.75083,0.72521,-0.2381,1.5237,-0.31242,-0.93621,-0.60313,-0.11064,-2.15724,1.14773,0.00033,-2.18725,-0.21238,0.44524,1.71953,-0.92474,1.29187,0.17851,-0.44612,0.47991,1.32635,0.31145,2.11656,1.42077,-0.49329,-0.0591,-1.31211,0.48331,-1.7196,1.47479,0.34147,-2.02807,0.4007,0.30323,0.83813,-0.81106,-0.16206,1.02238,0.3744,-0.34497,0.90168,-1.53736,1.11194,-0.85893,-1.29362,-0.25622,-1.36757,0.20998,-1.54354,-0.55617,0.64098,-0.08716,0
-0.79289,-0.88732,0.0052,0.84785,-0.653,-1.14364,-0.80266,-0.27319,-0.1466,-0.92473,-0.18169,-0.35503,2.08818,-0.90894,-0.87395,0.43847,0.53685,0.46641,0.69403,-0.05291,1.27324,-0.62699,-0.8169,-0.16723,0.89827,-0.35936,3.23043,0.73231,-0.1477,0.18152,-1.40884,0.28465,0.90284,0.51477,-0.23218,0.64299,0.72422,-0.31414,-0.13111,-0.31086,1.54332,0.97553,-0.38411,-1.47385,0.81635,-1.32104,0.48074,-0.34798,-1.79731,0.32735,1.11511,-0.99475,2.11946,0.59782,-0.74592,-0.22048,0.44924,-0.0564,-0.73734,-1.11566,0.07269,1.13356,-1.00001,-0.57076,-0.19851,0.89819,0.14988,0.86349,0.0651,-1.16441,-0.15284,-0.58207,-1.04014,1.92054,0.88331,-1.86007,0.56068,-1.54944,0.41511,-0.32656,0.40666,-1.13866,-0.13051,-0.54187,-0.60854,-1.04596,-0.10712,0.05636,-0.61958,-0.73021,0.03965,-0.39082,1.5284,0.95068,-1.04969,-1.58743,-1.54913,0.48451,2.40138,-0.1562,-0.28369,1.38694,1.11561,-0.82929,-0.90111,-0.95258,0.34081,0.3445,0.43424,0.95137,0.94138,-0.14934,1.10238,0.0764,-1.5155,1.26664,-0.73673,0.76542,1.0019,-0.28392,0.51953,0.47205,0.67534,-0.54339,-0.6693,-0.0975,0.31461,-0.82992,-0.62926,0.77606,-0.68331,-1.22726,-1.23818,0.03907,-0.5384,-0.54337,-0.65974,0.45932,0.71346,-1.25683,0.03549,0.42981,0.66221,0.48694,0.00147,-0.89294,-1.1128,1.86013,1.48016,-0.32777,1.17736,-0.51317,-0.92743,1.36309,-1.80093,0.28054,-0.53466,0.88876,0.1045,0.68424,-0.34558,-0.28275,-1.02301,0.68675,-0.7772,-1.22262,2.65966,-0.34825,0.69548,-0.7731,-1.29654,-0.72774,-0.39476,-1.55487,1.52183,0.30191,0.64701,1.04465,-0.17751,0.3445,1
-0.60437,-0.49048,0.27617,1.20621,-0.09808,0.42125,-0.39478,-0.44249,-0.10491,0.45787,-0.04712,-1.47221,-1.61951,-1.30357,-0.3303,0.7834,0.95207,-0.49696,-1.75718,0.90118,1.05011,-0.44945,-2.4358,0.84989,0.00222,-0.45046,-1.93327,0.68007,-0.61459,-1.54611,-0.2975,1.69538,0.34599,0.34061,-0.00414,1.39919,-1.12789,-0.84598,-2.11875,0.28869,2.1599,-0.39939,1.53787,-1.12676,-0.62347,0.42829,0.10794,1.43643,1.18302,-1.37878,-1.32595,2.06176,-0.30978,-0.09543,-1.33222,1.31809,1.09539,-0.74187,1.66799,-0.77892,0.58723,-0.82835,1.24489,1.31582,-1.38838,-0.74639,0.2684,-1.02862,1.42618,-1.26671,-0.53202,1.35446,0.75399,0.0276,-0.0156,-1.06585,-1.09274,0.41942,1.03395,-0.40081,-0.05453,-0.05309,-0.90577,0.41602,1.76605,-0.13606,-0.50133,0.28991,0.20966,-2.06081,0.05052,-0.60203,-0.83873,0.11294,-1.26959,-0.48563,0.87893,1.609,-0.1332,-0.34037,-0.96548,0.26392,-1.13319,-1.60156,-0.08126,-0.4563,0.44482,-0.77299,-0.85436,2.26881,1.86078,-0.45881,0.6738,-0.05642,0.71077,0.60923,-0.23018,1.2381,-0.61781,-1.09938,-0.13171,-1.87225,-1.7834,-0.13506,0.99042,0.33175,0.06359,-2.09617,0.99869,2.79621,0.77349,0.59069,-1.86294,1.60497,-0.53273,-0.12188,-0.70192,-0.2683,-0.86445,-0.95085,0.89372,0.35931,-1.05293,-0.78667,-0.42413,0.35067,-1.09499,1.75988,1.35058,1.34475,-1.07327,1.19913,0.96353,0.44928,1.27321,-1.80289,-0.00557,0.24673,-0.5533,1.48159,1.37774,0.52228,-0.183,0.43856,-0.7741,0.5433,-0.34069,-0.00469,0.29874,0.0239,2.52232,-1.20549,1.55481,-0.12613,2.52218,-0.98406,1.51033,-0.20315,-1.37419,-2.53279,0
-2.22805,1.37531,-0.28716,-1.26809,1.35102,0.23438,-0.78347,-0.58475,0.14343,-1.53384,-0.38442,0.51825,0.78969,1.6467,-0.27306,-0.31074,0.47732,-0.76111,1.41114,0.29401,-0.2458,1.056,-1.00895,0.77668,0.36385,0.537,-1.26336,0.37136,-1.51166,0.75903,0.35696,-0.07031,0.20099,-1.08859,0.05303,0.00266,0.10781,0.44712,0.10088,0.95336,0.18383,0.14746,-0.62513,-1.07258,0.25796,-0.42428,-0.87449,-1.20054,-1.10583,1.0899,1.08988,-0.84905,-0.06876,1.26793,1.03152,0.42433,-0.39151,0.83233,-0.79799,-1.01428,-0.65194,0.24924,0.65317,-0.96919,-1.78267,0.63028,-0.22989,1.43229,-1.00755,-0.56254,-0.8121,0.67665,-2.41114,-0.73803,0.59336,-1.86116,1.51921,-1.23959,-0.4654,0.5547,-0.02813,-2.28977,1.14596,2.93223,1.25148,-0.05147,0.35247,-2.24818,-0.5272,1.06091,-0.07556,-0.94799,1.3702,-1.84009,0.78173,0.86846,0.85379,2.70836,-0.11335,-0.67855,2.74353,1.20675,-0.50124,0.32581,1.19,0.88733,0.41159,-0.74787,-1.14786,-0.45413,-1.66422,0.3782,1.41459,1.29551,-0.59805,-1.28026,1.76965,-0.15591,1.21116,0.62381,-2.11399,0.23357,-0.34178,-1.37616,0.67754,-0.32481,-1.35369,-0.47593,2.16332,0.43576,0.5505,1.37086,0.09165,-0.63994,1.52409,-0.5732,-0.69836,1.59207,1.13546,1.48047,-0.09389,-1.08181,-1.16734,-0.35173,-0.59363,1.48586,-0.75468,-0.40074,1.12059,-0.58413,0.3807,-1.6931,1.00995,-0.75814,-0.18328,-0.36455,-0.98027,-0.7389,-0.24203,-1.03887,-1.13538,-1.01879,-1.56462,2.08173,0.00413,-0.78108,0.47117,1.16993,1.11867,-0.97616,0.17807,-0.38136,2.12124,0.03423,-2.27476,0.17591,0.22056,0.8588,-0.21364,1.44714,1
-0.30225,0.05086,0.23936,1.43612,-0.3237,0.75004,-1.83052,1.41871,0.8245,-0.01714,0.32252,0.10257,-0.26152,-0.52931,0.39774,0.94422,-3.31577,0.13315,-1.25409,0.20209,0.2849,-0.78996,-1.12779,2.54698,0.49494,0.42906,0.56513,1.17054,0.23875,1.45545,-1.75231,0.33325,1.091,-1.46774,-1.01885,0.18323,0.79691,-0.76868,-0.01238,-0.04615,0.28582,0.53431,-0.68697,-0.09433,-0.22116,-0.1583,-0.55208,-2.61769,0.60037,-0.46893,1.11614,0.35863,2.04219,0.26007,-1.27191,-0.70027,0.49447,2.1404,0.05459,0.45692,-0.80636,-0.19072,-0.81757,1.29991,-1.62969,-0.69417,2.35259,-0.95478,-0.15974,-0.34613,0.18364,-1.83441,-0.38971,-1.55553,1.25787,1.93236,-0.13576,0.08161,-0.70214,0.12768,-0.55738,0.01962,0.72718,-0.71825,0.64182,-1.45167,-1.51336,0.6758,-0.12179,0.54756,0.84807,-1.4206,0.17259,-0.30446,-1.80683,-1.02221,1.47943,-0.42782,0.62222,-1.39276,-0.14279,-0.03568,2.84792,0.95305,-0.86926,-0.45015,-0.49681,-1.35287,-0.73387,-0.2744,-0.88542,-0.46978,0.42018,-2.11797,-1.20071,0.25531,0.4771,-0.90851,0.49427,-0.36565,0.38064,0.06809,-1.06774,0.13127,2.4055,-0.11044,-0.89992,0.96033,0.61248,0.00649,-0.39264,-1.50936,-0.78797,-0.61454,-0.85703,-2.24074,2.47796,-0.02347,-0.16481,-1.05469,0.37811,1.18851,-1.92608,0.98373,0.06987,0.31278,1.52263,0.01823,0.50055,-0.60511,-0.5075,-2.19852,-0.78988,0.81892,-0.15931,2.02549,1.21235,-1.54992,0.20949,1.40365,0.39969,1.12096,0.40357,0.91536,-1.2812,-0.71179,2.10086,-1.40076,0.12303,0.81615,-1.69911,1.03125,-1.03508,-2.06918,-2.10848,-0.79237,0.66906,-1.17478,-1.29146,-1.95948,1
0.969,-0.20559,0.27648,-0.34163,-0.47539,0.08801,0.25986,0.81054,0.14644,-0.18479,0.5032,1.18752,-0.27541,0.14934,-0.58115,-0.71314,1.22729,0.00878,-1.06255,-1.00537,-0.17584,-0.07604,-0.08506,-0.73639,-0.1288,0.86491,0.12751,-0.76448,-1.08733,-0.99723,-1.32095,0.81392,-0.93229,0.22313,0.21272,1.3483,1.76497,1.8331,1.59031,0.01654,-0.77054,-0.90762,0.29016,1.66597,1.05645,-0.12709,1.26195,-1.06392,-0.35948,-1.63075,0.29267,0.3943,1.69295,-1.20362,0.18883,0.46316,-1.10797,0.78705,0.41266,0.08428,0.69236,0.19696,0.83184,-0.86689,0.13612,0.46334,-1.27591,1.45528,1.53536,0.33159,1.57928,1.49932,-0.87751,-0.34571,-1.26521,-0.03759,-0.75519,0.35793,0.2622,1.56991,0.35361,1.81835,-0.02945,1.18674,1.83508,-1.29453,-0.45856,-0.73503,1.3947,0.13986,-0.68376,0.07668,0.7702,-0.08993,2.4208,-0.59893,2.06353,1.49571,-0.92955,0.03581,1.47833,-0.81012,-1.39842,-1.08275,-0.67449,-1.46306,1.13806,1.29654,1.6839,0.98507,0.22423,-1.54437,0.02476,-0.02452,-0.0592,0.08682,-0.51386,1.06566,-0.86078,1.82119,-0.78976,-0.81863,-3.65479,-0.49746,0.06519,0.26515,-0.9864,-0.34967,0.12347,-0.75925,-1.77783,0.98188,0.26812,0.79154,-0.27826,-0.19806,0.07602,2.29656,0.57569,-1.03227,-0.31486,-0.18803,0.00668,0.08377,1.0559,0.20192,0.58475,0.13334,0.00826,-0.75116,0.33894,0.67203,-0.48164,0.34448,0.03225,-0.28374,-0.43127,-0.0328,-0.37956,-0.01451,1.96516,1.35282,-1.20121,-0.30689,0.03932,0.55062,-0.20636,-1.07757,0.19562,-1.45255,0.92285,0.16236,-1.85442,1.95402,-0.19365,-0.76155,-0.69232,0.20193,1.80757,0.51604,1
0.72809,1.63162,-1.0213,-0.32754,0.30978,-0.90199,-0.14724,0.85761,1.10502,0.57471,-0.07015,0.85638,0.95894,-0.19911,0.21287,1.33196,0.58234,-2.04164,-0.29347,-0.24532,-0.25566,0.13988,-0.09813,-0.76624,0.25091,-0.59062,-0.59654,-1.56493,-0.83939,0.4084,1.95423,1.99968,0.20819,-1.18495,0.38294,0.36516,-2.65109,-0.84721,-0.05402,0.19313,0.01482,-0.14124,-0.4415,0.61721,0.50435,0.20332,-0.37033,-0.47965,-0.86139,-0.55881,0.36374,1.86855,-0.34073,0.63506,1.28509,-0.99448,-0.27833,-1.61751,-0.63499,0.25793,1.01631,0.06134,-0.44232,-0.21481,-0.6614,0.78949,-0.2634,0.71924,0.10683,0.61155,0.29086,-0.33834,0.06508,-0.07629,1.53677,-0.1693,-0.15372,0.11467,-0.29204,0.32598,0.33507,0.72615,1.04443,0.24703,0.6116,-0.20266,-0.15797,-1.59423,-1.19426,1.55011,1.20231,1.63837,-0.16121,-0.14567,-0.3865,-0.40134,-0.98748,0.97701,0.97999,-0.03704,1.02225,-0.89331,0.47715,-0.21327,-2.35142,-0.02527,0.74812,-1.20104,0.64312,1.96296,0.85323,1.24536,1.4087,-0.01758,-0.1846,1.30072,-1.91006,-0.00721,-0.39203,1.46666,-0.49716,-1.6385,-0.37159,-0.66161,-1.45933,-1.1532,-0.24648,1.55575,0.60839,-0.38598,-1.0726,0.67917,0.90435,-0.27036,-1.43485,-0.03068,1.31429,-2.13949,-0.66844,0.6771,-0.80919,-0.35703,-0.1507,-1.27188,1.13539,0.02668,-1.14313,1.11612,-1.61746,-1.86945,-0.45434,-0.32254,-0.43798,-0.87603,-0.04648,0.44449,0.63286,0.66269,-0.1517,-1.49919,-0.447,0.21849,-1.92006,-0.2812,-0.90526,-0.14525,-0.23507,0.49366,-0.15128,0.92803,-1.01995,1.36409,-2.90505,1.91232,1.10678,1.82841,1.10284,2.41641,-0.32942,-1.48025,0
-1.96255,-0.53994,-1.70029,0.04808,0.5906,0.61334,-1.55457,-0.06705,-0.95153,-1.5657,0.1731,-0.63308,0.4639,-0.89137,-1.03394,0.87113,0.48567,0.43528,-1.11716,-0.39268,-0.56778,1.33433,-0.66072,0.11866,-0.40417,-0.91187,2.08272,1.60332,0.0748,-1.05161,0.33898,1.42943,1.31348,0.53652,-0.25346,-1.40008,-1.19662,-0.04739,-0.32187,0.77576,-0.17849,-0.78174,0.06562,-0.23867,-0.78756,-0.3027,-0.95466,0.41936,0.17279,0.40216,0.79403,0.28604,0.73944,-0.75717,0.97699,0.99232,0.26277,-2.22092,2.11015,-0.72034,-0.83582,-1.52638,2.08636,0.24911,0.30277,-0.24006,-0.20854,-2.00016,1.5031,0.44165,1.15911,-1.04667,0.19833,-2.15519,-0.24824,0.28323,1.19084,0.40047,0.26009,-0.49128,1.03266,0.49041,0.96143,0.95946,0.12922,0.1021,0.73111,-0.66785,0.16052,-1.30875,0.00035,0.64132,0.72071,-0.19433,0.14762,-0.23348,0.22341,1.30953,-0.57841,0.55337,0.32961,0.19268,-1.9564,-1.08419,-0.70284,-0.76075,-0.94389,0.02456,0.6145,2.29949,-0.12615,1.34058,-0.33961,1.51385,0.78988,1.22982,-1.01219,0.14603,-0.32867,0.32324,0.88141,0.1368,0.81764,-0.20419,1.2637,-0.06803,0.06966,-0.37281,1.34593,0.32909,-0.27991,-0.34084,0.62568,1.33249,0.1106,-1.70193,0.96122,-0.22298,0.47467,1.00296,-1.10452,-1.38024,0.51539,-1.34003,-0.38673,-1.88239,-2.61263,1.56786,0.72624,0.37318,-0.74401,-1.08981,0.21409,-0.45815,-0.61091,0.9624,0.07621,0.49673,1.66391,-0.6736,-0.55233,0.09713,0.07839,-0.93542,0.59995,-0.04727,-0.01107,-1.24661,-0.7953,0.662,2.61043,-0.08188,0.70347,0.30743,0.52,-0.05478,-2.49353,-0.77099,1.08604,0.83803,1
-0.48646,0.96204,0.00475,0.67005,1.21105,-0.25648,0.14056,-0.12587,0.81024,0.5744,-0.01596,0.15136,-0.34565,1.03495,-0.4223,-1.15338,1.18525,0.15205,1.6588,-0.35449,0.44136,1.38258,-0.15989,1.87856,-0.83967,0.21307,-0.44103,1.01985,0.9524,1.01945,0.32525,-0.79104,-0.60622,0.77842,-1.13805,-0.46262,1.46547,1.20903,-1.03343,0.3606,0.85011,-0.81598,0.84952,-0.64106,-1.86957,0.59608,0.15968,2.02679,1.47786,-0.38519,1.21386,-2.58044,0.24149,2.76388,0.02065,-1.62072,0.32572,-0.80586,0.31151,-0.94197,0.08403,0.05372,-0.78953,-0.76786,0.23453,-0.29984,1.26224,0.22167,-0.06658,-0.48148,-1.51132,1.08122,-0.22473,-0.32008,0.36474,-0.9707,1.65574,0.41529,1.30438,0.58266,-0.20095,1.40037,0.77221,-0.79058,0.09559,-0.66329,2.09358,-0.57003,-0.37725,1.3232,0.85858,1.50006,1.1502,0.52235,-1.58794,0.11886,-0.74739,1.89647,-2.00293,1.51922,1.04732,0.10444,-1.28581,0.04357,-0.4491,-0.67032,-1.69308,-0.44959,-0.29869,-0.75623,0.3504,0.25572,0.99592,0.97355,-0.89846,-0.79409,-0.29472,0.13286,0.98535,1.31021,0.20676,-0.59116,0.37601,0.77981,0.44994,0.79287,-0.76968,-1.69375,-1.463,-0.63925,0.58846,-1.06846,0.15569,1.89437,1.87124,2.05794,-1.12177,0.02638,0.16123,1.15334,-0.28594,-1.50261,0.02098,0.61923,-0.55829,-0.05837,-1.23037,0.38824,-1.52842,-1.94008,1.38549,1.6306,1.18164,-0.00591,1.42779,-1.0215,2.12113,-0.86834,-0.3606,0.37925,1.15797,-0.12507,-1.04812,-0.19486,-0.42221,-0.64663,-0.89345,0.31519,0.23961,0.66405,-1.56776,-0.98939,-0.20371,-0.5625,0.05538,-0.26761,1.07989,1.35308,0.87464,-0.2356,0
-0.16108,-0.70281,-0.61929,1.72026,-0.71826,-1.33419,0.83501,0.42817,-0.46117,1.40654,0.02177,0.46161,-1.23586,1.20608,-0.08672,0.17243,1.36965,0.63681,-0.99025,-0.05374,1.02509,1.58034,0.40508,-1.38733,-0.59988,2.03816,-0.35326,0.69465,-0.89421,0.86714,-1.01902,0.6575,0.1658,0.59653,-2.42456,1.02421,1.13516,-0.48132,-0.11865,0.60468,0.08644,0.34287,0.42506,0.31939,0.73811,0.64856,1.03021,-1.17703,2.11759,2.13214,-0.05279,1.26757,0.28435,0.50617,-0.97079,-0.50954,-1.37068,-2.09136,0.4461,0.96168,0.94719,-1.68305,0.60175,0.79023,1.78015,0.03787,-1.57754,-0.45938,2.58854,0.49125,-0.75298,1.14943,0.17092,1.23007,-1.04243,-1.91491,-0.19568,1.11476,0.11917,-1.13713,0.07339,1.32432,0.41387,1.0179,-0.19297,0.5343,1.1856,-0.68823,-0.86626,-0.34307,-0.76258,0.55075,-0.53817,1.294,0.0122,-1.29073,-0.42521,-2.16677,-0.80725,1.39884,0.24587,-0.22509,0.96089,0.49662,0.63205,0.92425,0.18896,1.07393,-0.99945,0.54314,0.43885,0.21298,-0.18883,-0.85912,1.01287,1.12669,0.16233,0.79992,-1.14902,-1.56389,-1.17905,-0.50236,1.54568,0.52905,-0.89617,1.0186,-1.49033,-0.1903,0.00962,-0.20842,-0.70775,-1.63156,0.28162,0.46818,0.63939,0.81464,-0.41769,0.61878,0.18029,0.44402,0.33352,-0.53234,0.40168,1.10414,1.13224,0.84461,-0.70069,0.98936,2.96842,1.23002,-0.84081,-0.27881,1.77407,1.51227,-1.76052,0.51096,-0.50474,-0.14199,1.29546,0.69645,0.15986,0.55922,0.43999,-0.31019,0.08303,0.67924,1.14593,-0.22663,-1.21946,1.01651,0.52461,-1.09897,0.06468,-0.60729,-1.94612,-1.54142,-0.85701,-1.11058,1.8258,0.12078,1
-1.53574,0.94621,0.58002,-0.13383,0.62359,0.86064,0.66691,0.10419,-1.89602,0.93781,-1.57065,0.032,1.28898,0.79553,2.89267,-0.58939,1.62416,0.61779,0.52494,-0.13194,0.06917,-1.71295,0.33703,1.00703,-1.1097,0.46754,-0.91333,-1.81518,-0.66553,1.62495,2.24438,-0.44446,-0.23811,-2.0564,-0.22064,1.8697,-0.20262,0.39686,-0.33424,0.39553,-0.20154,1.22392,0.13204,-0.19798,-0.40083,0.18737,0.16365,0.88141,-1.13386,1.04351,1.23425,-0.57162,0.10106,0.68987,0.70112,-0.5432,-0.81653,-0.86785,-0.8895,-1.78609,0.80639,-0.79984,-0.44524,0.82487,-0.9843,-0.63774,-0.52206,-0.20068,-1.21352,0.83763,0.11621,1.42513,-0.48532,-1.28447,0.2349,0.6364,1.56992,-0.94057,-0.0244,0.19727,0.57184,1.31652,0.57766,-0.05209,1.11457,-0.40962,0.77915,0.2737,-2.41037,0.71593,-0.08506,-1.10108,0.49801,-2.53435,-0.34602,-0.47373,0.15939,1.17627,0.46121,-0.77804,-0.54373,-0.90336,1.02231,-1.42454,-1.0864,0.51596,0.09738,-0.21718,0.31938,0.84561,-1.04839,1.0529,-0.77552,1.22245,1.94367,-0.44936,-0.20702,0.08819,1.39024,0.04611,1.12377,-0.45845,0.22783,1.12404,-0.9768,-0.87672,0.2949,-0.64793,0.36936,-1.25129,1.03805,-0.15218,0.53065,-1.02524,-1.32006,-0.41329,-0.17943,1.59918,-0.00171,0.59495,0.43719,0.25561,-0.43014,-0.47399,-0.17174,-0.89013,1.68192,0.72561,-0.2934,1.73486,-1.57334,0.49661,0.54347,-0.46106,-0.64805,0.36111,0.41978,0.64197,0.37435,0.32823,2.03728,0.78383,1.39037,0.678,-0.16487,0.21111,0.54273,0.08452,-0.61049,0.94593,0.11746,0.11432,1.32557,0.30847,0.26372,-0.9876,-1.34715,-1.00158,1.6617,2.28001,1
-1.35786,-1.76589,-1.19928,0.68988,-0.08188,-1.18699,0.43784,1.2999,-1.42649,1.2108,0.75483,0.15479,1.23346,-0.69982,-0.84181,0.26004,1.11941,-0.57213,-0.49278,0.42682,0.60224,-0.29815,-0.81621,0.35819,1.60086,0.12397,1.42247,-1.13267,0.84595,0.28816,0.91373,-0.91163,0.7761,-0.38856,-0.47934,0.54419,-0.08574,-0.54704,1.22405,1.53208,1.01305,-0.03039,0.50087,0.94717,-0.25698,0.59032,1.35625,-1.24011,-0.15331,-1.18818,-0.91274,-0.08403,1.09067,-0.87455,-0.24795,0.50211,0.15068,0.01339,0.11252,0.61625,-1.06624,-0.22605,0.16319,-1.2275,-0.0635,0.56991,-0.44996,0.2007,0.2245,-0.46717,-0.21524,-0.97148,1.22786,-0.23341,1.20342,-1.92733,0.45128,0.45198,-0.35363,-0.99108,1.93349,0.58178,-0.55636,-0.82332,-2.69354,0.25752,-0.24481,-0.59212,-1.04991,-0.15952,1.49278,-1.25669,-0.24289,-0.29786,-1.13813,-0.15437,1.05973,-0.15414,-0.19093,0.38036,-2.73289,-0.61961,-1.15756,0.41158,-0.10222,-0.25577,1.07609,-0.75487,0.41755,0.50707,0.7111,-2.04669,-0.15472,-0.51353,1.30207,-0.89742,0.49116,-0.98909,0.55757,-0.50526,1.32002,1.49086,0.43863,0.69867,0.57609,1.3918,-0.63277,-0.16967,-0.45543,0.36208,0.92429,1.18359,0.10353,0.67829,0.04345,-1.63047,1.83306,-0.81167,1.55568,1.06901,1.02456,-2.46137,0.94443,0.37854,-1.20844,-0.73704,-1.50179,0.02874,-2.02458,-1.55322,-1.42318,-1.62959,1.41822,-0.42727,-0.90933,-0.94089,-1.12991,0.37264,1.21077,0.71188,0.53261,-0.72653,-0.78585,0.18439,2.02558,-0.03165,-0.23849,0.76009,-0.0985,-0.26999,1.29023,0.03126,-0.07538,0.07763,2.48624,0.93543,0.96114,-0.77093,-1.67118,-0.01123,1
1.46055,1.46761,1.31728,0.00813,-0.18678,0.2849,1.99644,-1.11298,-0.84309,1.43926,-0.83304,-0.66093,1.08749,-0.70613,1.09639,0.63477,-0.94835,0.9871,-1.52848,0.89492,0.83047,1.40536,-0.25066,0.39936,2.35643,0.99973,-0.36098,-1.52026,1.55204,1.62646,-0.72597,0.67399,0.83817,-2.12269,-0.9298,0.33646,-0.60184,0.03352,-0.94307,-1.3829,1.15779,0.31746,1.18955,-0.70245,0.71897,-1.75705,0.12093,-0.8711,1.74516,0.09228,0.04564,-1.59901,0.15607,0.10541,0.17502,0.67093,-1.43989,-0.26346,0.27414,-0.97618,0.47126,0.43875,-0.34097,-1.77573,-0.89715,-0.09083,0.24482,0.79122,-0.43216,-0.22373,-0.85124,-2.45044,-0.6183,-0.08731,-1.19813,0.18118,0.6972,0.59266,-0.11777,1.28956,-0.01598,2.04189,-0.78045,-0.25185,-0.8622,-0.12284,1.41645,-0.0767,-0.52485,-1.65139,-2.16566,-0.25259,-1.347,-1.41598,0.82886,-0.19445,1.52577,-1.498,-0.69454,1.94898,1.58547,-1.27781,1.29013,-0.18346,-0.91668,0.14205,0.68611,2.20865,-0.64685,1.07965,1.07329,-0.50579,-1.18711,-0.29893,-0.09146,0.35862,0.52563,-1.26979,-1.5031,-0.706,-0.02789,-0.11747,0.92023,-0.21449,3.10517,1.13752,0.22951,1.05184,1.33164,-0.433,-0.09889,0.35421,-0.01347,-0.23682,-0.60484,0.85288,0.43887,0.07994,-0.8033,0.56215,0.65526,1.02054,0.78863,-0.21032,-0.0909,0.73417,-0.94301,0.31273,0.60527,-0.98128,-1.83911,-0.10129,-0.28628,0.26251,0.55955,0.50714,0.37747,-1.55168,-2.0933,1.5882,-1.29585,-0.73083,-0.03515,-1.60376,-0.60296,-0.02111,0.43115,-0.27071,0.31178,0.48481,-0.22591,-0.82539,-1.44568,-0.22768,1.56434,0.70302,-1.5059,-0.53098,0.54251,0.65873,0
-1.18957,1.35362,-2.1078,-0.32283,1.71413,1.90001,1.10608,-0.34202,0.14896,0.53605,0.78524,1.66779,0.80554,-0.16303,-2.7061,0.94932,-1.41151,1.42766,-0.37716,2.0607,0.07057,-0.46624,-0.48113,0.28249,0.25291,-0.14973,0.01999,0.6484,-0.99352,0.24077,0.7654,0.63373,-0.55687,1.15929,2.50995,-0.55083,1.17833,-0.12479,0.35337,-0.39178,-1.48821,-0.55965,1.29752,1.89659,0.50204,0.81563,1.25446,-0.60248,-0.26571,-1.7767,-0.53623,-1.18302,0.00975,-1.78717,-1.32871,0.72068,1.3485,-1.99662,0.6729,-0.6742,-0.38992,-0.15426,0.85778,-1.27451,1.12607,-0.86421,0.3539,0.13121,-0.20824,1.19753,1.44264,-1.47071,0.04713,-0.65569,0.17375,1.50782,0.05446,-1.43739,-0.97204,-0.15149,-0.27661,-1.5476,-1.39862,0.02088,1.03171,-1.1304,-0.60065,1.75711,-0.57063,0.07737,-0.24254,2.03961,-2.14831,-0.79649,0.40914,0.30775,-1.4233,0.20569,-0.27536,0.97395,0.04726,-0.61293,-1.26515,0.73697,0.08523,-0.34056,-1.17187,1.12,0.65085,0.10705,-0.37071,-1.22688,1.42154,0.7331,1.57385,0.90267,0.30989,-2.03614,-0.32488,-0.43787,0.17537,-1.03493,-0.52669,1.44731,-0.52841,-0.87858,-0.05966,0.01428,-0.28331,1.6561,-0.74889,0.25201,0.32056,1.62007,-0.48778,0.52259,0.78126,1.75838,-0.5686,1.0088,-0.50841,-0.13066,-0.98341,0.73649,1.15279,-1.26837,1.72342,-0.79415,0.47339,-0.29978,-0.27909,0.83548,-0.5547,0.55175,0.63475,1.11028,2.40333,0.25174,0.26674,2.03006,0.53194,-0.21794,-0.65131,1.36379,1.19474,0.1486,-0.80921,-0.3111,0.76028,-2.07029,-0.60912,-1.29747,0.39975,0.76984,-0.794,-0.32944,-0.21627,0.10736,0.64814,-0.34873,1
-0.24551,0.8398,0.23501,0.74116,-0.03176,-0.74461,-0.55383,0.53052,0.51728,-1.30036,-0.01976,-2.09269,-0.33417,-0.82145,-0.22555,-0.61315,0.51415,1.63082,-1.27088,0.09179,-0.48239,-1.14487,-2.1633,0.17333,-0.50462,1.24681,-1.75029,-0.51684,0.22477,-1.04081,-0.70725,1.12393,0.99755,0.42449,0.72481,-0.2806,-0.02768,1.92052,-0.1848,-0.58456,-0.62815,-0.12703,-1.92591,0.10316,0.71511,-0.46874,-0.26249,-0.94412,0.42517,0.65535,0.73313,2.31574,-0.41493,-1.90036,-0.02097,0.85856,0.52419,0.58188,0.1532,-0.51219,-0.01849,-1.47456,0.36205,0.87231,-0.69479,1.6443,-0.11989,0.13621,-0.92638,-0.33167,-0.29212,0.46401,0.31179,0.56272,0.66789,2.14136,2.75244,-0.02044,0.14209,0.72042,-0.18589,-0.70869,-1.52127,-0.68274,0.97665,-0.64259,-1.61986,0.59263,1.43253,0.6516,-0.56298,-2.45128,0.50538,0.48173,-1.05637,-0.02348,0.23455,-1.08578,-0.57865,-0.14087,-1.07187,0.42629,-0.21546,1.17391,0.97183,0.75232,-0.47729,-1.12923,-0.69587,1.91498,-1.68137,-0.04015,0.64017,0.10101,0.43407,0.86971,0.05463,-0.56251,-1.01661,0.39783,-0.12788,-0.47423,-1.92018,0.00556,-0.76214,1.16739,0.28439,1.91892,1.17975,-0.2621,-0.86686,-0.19758,-0.32352,-0.65788,-0.70177,-0.43328,1.89896,-0.94089,0.70009,0.1224,0.46316,1.43143,-1.72206,-1.82051,-0.02324,1.90085,-0.35898,-1.79481,-1.23824,0.55452,1.18022,0.92181,0.33574,-0.03122,0.28242,1.91569,-0.59892,-3.00455,-0.9717,0.11241,0.1967,0.86611,-2.38956,-0.28572,1.1865,0.73081,1.14534,0.22727,-0.91682,-1.8718,0.36868,2.99808,-0.26205,-0.56915,1.11852,0.23641,0.39284,1.11148,0.6456,0.72947,1
-0.92193,0.02702,2.16705,0.19413,-0.57839,-0.23987,-0.5834,-0.69794,-0.30887,-0.03985,-1.10006,2.02959,-1.38239,1.20968,0.57415,-0.83306,0.41299,-1.14235,-0.19529,0.4738,0.84439,-0.30823,-0.86142,1.1097,-0.08784,-0.48043,-0.18961,-0.26741,-2.48923,0.18662,-0.7264,1.53725,1.73949,0.94837,0.16326,-0.45086,-1.24384,-1.90555,-0.8676,0.36985,-0.94798,0.09488,1.7393,-0.82326,0.69431,0.54071,-0.03366,1.03512,0.721,-0.07227,1.0113,-1.96385,0.22315,-0.60947,-0.09014,1.24654,1.50481,-0.12873,-0.72791,-0.39461,0.38872,-0.55307,-0.51924,-0.96831,-0.75575,0.15227,1.27207,1.18575,-0.83471,-0.6373,1.24652,2.55596,0.88653,-0.17107,-0.07946,-0.84285,1.85866,0.48021,-1.0121,0.06817,-0.37957,-0.45122,0.36867,-0.64387,-0.57141,-0.11894,0.80984,-1.44134,0.53321,1.71313,-0.13824,-0.2804,-0.05175,-2.08002,-0.93108,0.2699,1.11195,-1.00114,1.14162,0.22351,0.62987,0.98351,0.97592,-0.97927,-1.56764,-0.31315,0.07334,-0.83436,0.47896,1.21025,-1.07658,2.08914,-0.0379,-0.31628,0.22503,-0.47685,-0.52842,-1.10365,-0.48853,0.06325,0.4028,-0.49139,0.18964,-0.11741,1.37892,-1.50163,1.50919,-0.13664,0.537,1.71223,-1.94145,1.90321,1.36927,-0.10173,-0.3989,0.13856,-0.35986,0.04341,-0.26948,-0.998,-0.41214,0.0691,1.20423,0.39515,0.36347,-0.53494,0.35444,-0.09563,1.03034,-0.48213,0.06201,0.1913,-0.8525,-0.7707,-0.57758,0.85,-1.06119,0.23647,-0.89559,-0.96141,0.73606,0.05696,0.88332,-0.92589,-0.03726,0.39277,-0.10878,0.1802,-3.49178,0.6289,0.64087,-1.62707,-1.41948,-3.25959,1.29613,1.34717,-1.351,2.04635,2.23418,1.78977,0
-0.07047,0.4034,1.67868,0.09146,-0.75531,-0.69408,1.90258,1.12576,-0.09872,-0.81715,0.41305,1.08966,0.96016,1.01098,-0.58762,-0.34439,0.55114,-0.58431,-2.59995,0.71653,1.83105,-0.66694,-1.46824,-1.09479,0.64995,0.46064,0.91642,0.11564,-1.38796,-1.04979,0.02997,-1.77963,-0.34602,0.10974,0.44583,-0.43519,0.23557,0.18358,0.51682,-1.36897,-0.66358,0.1401,0.38885,-1.49908,-0.00234,-0.06795,-0.94486,0.26426,-0.22381,1.29599,-1.88808,-1.1496,0.37749,0.56334,0.82972,1.60122,0.71532,-0.03889,0.3955,0.42282,2.03201,1.50452,-1.42296,-1.5886,-0.53018,-0.24327,-1.45006,-1.13621,-0.42682,0.07995,0.03623,0.87838,1.11545,-0.78985,-0.72516,0.31764,0.37246,1.23506,0.77686,0.15557,-0.7226,0.04311,1.42691,-1.48836,0.87328,0.39378,0.2889,-0.42934,0.08849,2.04794,-0.17825,-0.50676,-1.68569,-1.38116,0.30673,0.14562,-1.06727,-0.42125,-0.28139,0.82095,-0.12026,0.51234,-0.13296,-0.32374,0.78522,0.83534,1.35407,1.17156,-0.6051,0.21797,0.39554,-0.92773,0.13082,2.00537,1.49218,-1.04424,-1.19689,0.65943,1.7718,0.12684,-0.60847,0.53464,-1.30073,-0.96738,-0.15683,-1.44567,-0.56611,-0.31889,-0.52994,0.00976,-0.62575,-0.90248,-0.27588,1.74597,-0.27373,-0.5257,0.78098,-1.65266,0.65736,0.59281,0.24687,-0.73836,2.41694,-0.87181,0.67901,0.46738,-0.53193,-0.49995,-0.35019,-1.41503,0.01799,-0.4903,0.24006,-0.44601,-0.50136,-0.5115,0.55657,1.55514,-1.35712,1.01267,1.07396,-0.59953,-1.43032,0.02081,0.12752,-1.15471,-1.25141,-1.39491,-0.77682,-0.91154,-0.1448,-0.6953,-0.13347,-1.82319,-2.57364,1.70179,0.91924,-0.03954,-1.32384,-1.49567,0
0.72358,0.60006,-0.27593,1.33953,-2.25326,0.32761,-0.34607,1.35947,-0.40025,-1.25026,-0.09197,-0.93423,-0.32383,1.67618,0.76466,1.31543,-0.85773,-0.76746,-0.08048,-1.36661,1.19389,0.69563,-1.36825,0.03041,-0.41366,-0.11248,-0.15257,0.24165,-0.10133,0.09439,0.07923,0.24407,0.113,-2.44949,-1.7527,0.73455,0.78875,1.1704,-0.0559,-0.37326,-0.06555,-1.46018,0.0382,0.29138,2.29868,0.95393,-0.94423,-0.08305,0.69842,1.59965,-0.06059,-0.8414,0.00703,1.5656,0.13357,0.14706,0.12686,0.56809,-0.47212,0.06059,1.47053,-1.20733,-0.40467,0.63553,0.4114,0.42942,1.20175,0.7205,-0.81246,-0.13855,-1.1427,-0.55531,-0.48082,1.22313,-0.93649,-1.34065,-1.77325,1.27994,1.25217,0.00488,1.78173,2.33525,-0.27213,1.58643,1.37588,0.12872,1.79621,0.07375,0.91988,2.71952,0.37139,-0.51148,0.83625,-2.04033,0.52562,-0.30628,-0.70811,-1.14349,-1.61339,0.81377,1.33345,-0.22349,1.48879,0.09706,-2.95963,-0.1409,-0.12566,-0.5831,0.09466,1.6067,-0.25968,-0.44849,-0.36162,1.45349,-1.61717,-0.70449,1.78216,-1.03495,-0.20229,-1.83242,-1.50997,-2.15939,-1.2718,0.05427,-0.82598,-1.25321,1.70231,1.40969,-0.54889,1.72281,0.49292,0.08074,-2.06284,-0.0726,-0.09638,-1.8018,-0.73902,1.33175,0.18636,-0.79579,0.57917,-1.69065,-1.1539,-1.03418,0.40495,-1.24216,1.63235,0.52379,-1.15427,1.37849,-0.78909,0.44037,0.09832,1.25966,1.01457,-0.92714,0.25612,0.46988,-0.58713,0.96277,0.04635,-0.69517,-2.22632,-0.4163,1.57517,1.1849,0.41622,-0.51035,1.35265,0.00978,0.27795,0.77002,0.03154,1.13763,-0.60534,-0.17684,-0.06159,-0.79424,0.2651,-0.81697,1
-0.32279,0.83954,-0.75553,-0.89723,0.82124,-0.49957,-1.33648,-1.02916,0.14228,1.49589,0.44243,1.45357,-1.05465,-0.20564,-2.47962,-0.19321,-0.27692,-0.3699,-0.5069,-0.72635,-0.76425,2.13792,1.08667,-2.01277,0.54573,-0.54386,0.82311,2.02225,-0.042,2.06462,0.90004,0.94682,1.62026,0.37927,0.35055,0.84453,-0.96215,0.52868,1.01448,0.17984,0.38504,1.16614,-1.64979,-0.96051,-0.83293,1.22107,0.0037,1.02706,0.69321,-0.3776,-0.16688,0.12174,-0.72541,1.23114,0.40216,1.03897,-0.79576,-0.97368,-1.21545,0.45907,1.47325,-0.51859,0.80534,0.57429,0.9461,-0.71784,-1.31779,-0.19718,-0.3726,-2.18565,0.22815,-0.40451,2.32652,3.2093,-1.50483,-0.6792,0.41854,1.43592,1.11389,-0.50457,-2.18313,0.30398,0.54926,0.69037,0.18112,-0.50598,0.54983,0.60723,0.25222,-1.17184,0.58804,-0.22308,-1.82482,1.63529,0.08171,1.38295,0.49501,1.88152,0.56358,0.0212,-0.96214,-0.08769,-1.04157,1.26583,0.84316,0.54966,-0.39246,-0.52428,-1.75755,0.01892,-0.24978,-0.84938,-0.745,1.07246,-0.35485,0.40128,-0.5426,1.51043,-0.21769,-0.23088,1.47129,0.34343,-0.08437,-1.45189,0.40626,-0.10894,-0.37104,0.88024,0.54406,-0.24606,2.93867,0.19245,-0.20726,1.72743,-0.84554,0.22258,1.24921,0.72202,-0.33007,-0.15564,-0.89153,-1.2749,0.06852,-0.28387,-1.2804,0.4859,0.07697,-0.0806,0.07753,0.94829,0.20933,0.16247,-2.01856,0.86429,-0.69883,0.03851,-1.63791,-1.45548,-0.50049,0.22982,0.14684,0.52635,-0.80712,1.28523,-1.48724,-0.74719,0.59087,1.18351,-0.69921,-2.10105,0.99803,-0.7667,0.5933,-0.32173,1.01829,-1.68589,1.10117,0.09221,1.96642,-2.60901,0
-2.767,1.13133,1.66864,-0.86769,0.78284,-0.73953,0.14634,0.61517,-0.11061,-0.13771,1.00726,-0.40112,2.13611,-0.62662,1.64694,1.39912,0.15633,-2.32499,0.17588,-0.3919,2.82205,0.45893,1.2214,-0.57724,-1.29127,-0.64016,-0.02814,-0.53418,2.0658,-0.56635,-0.20769,-0.27369,1.55476,0.37222,0.68635,0.48144,-1.89344,-1.24123,0.1938,1.1499,1.17486,0.27019,-0.26047,0.14869,-1.7822,-0.69451,0.29165,-0.65104,0.44287,0.36291,-0.15809,-0.51439,-0.05122,-0.63554,0.90268,0.87284,-1.05417,0.82966,1.74629,-0.64872,2.73786,1.38154,-0.21071,-0.13819,-0.13989,0.40733,-1.22891,-1.1774,0.73324,1.32786,-0.9463,-0.16789,-0.27425,-0.29314,-1.59137,-0.41645,0.16947,0.80775,0.23086,0.67396,0.7695,-0.40851,-1.26009,-0.57311,-0.27887,0.76637,1.11739,1.29162,1.24385,1.61637,2.0152,1.62963,0.32363,0.4493,0.15313,0.51127,0.67545,-0.23568,1.1928,0.56278,0.60689,0.08557,2.05926,-2.1368,0.33765,-0.13841,-1.2838,-0.01442,0.68166,-1.40239,-0.3203,0.80567,0.363,-0.28754,0.69328,-0.67204,-1.14757,-1.10129,2.26126,-0.38046,0.83384,0.80105,-0.63327,-0.93946,2.00757,-1.02208,1.01538,0.56615,0.00653,-0.05277,0.78952,-1.67502,0.61575,-1.48809,1.05503,-0.61134,0.59268,1.50435,0.54414,-0.89756,0.4841,-0.10023,-0.53255,0.06739,-0.73089,0.13657,1.99023,1.41086,-0.48016,0.00748,0.61027,-0.94548,-0.79795,-1.07045,-1.15456,-0.63785,0.1822,-0.22811,0.12006,-0.27426,-0.06061,0.676,-0.8233,-0.66841,0.48828,-1.11221,0.06191,-0.34962,1.15033,1.06841,-0.1696,1.35343,-0.40274,-0.22455,0.2059,-0.53045,-0.13511,0.42975,1.90415,1.87565,0
-0.81716,0.66632,-1.93989,-0.19807,-2.42119,0.1009,-0.82262,-1.09925,0.46319,-0.0627,0.79475,2.50666,-0.95905,-1.29016,-2.65451,0.33613,0.3891,-1.98782,-0.36893,1.30747,0.62008,0.70127,-1.68167,-1.02013,-0.54938,0.03064,0.87711,-1.26511,0.90987,0.30698,-0.6661,-1.14755,1.66813,0.14259,-1.21121,1.3801,-1.58043,1.52212,0.27129,0.00429,-1.80539,2.48352,-2.07584,-1.19093,-0.87279,2.53242,0.21461,-0.1702,0.09103,0.91585,-2.00292,-1.20876,-1.33545,1.75187,0.13348,0.35773,0.27258,-1.18937,-0.51529,0.10187,0.3358,2.9725,0.69226,-1.81021,0.06307,-0.18361,-0.19816,0.98248,-0.3854,-0.36877,0.9759,-0.39165,-0.78173,-0.03037,0.59444,-1.10017,-1.98391,0.29154,1.02257,-1.72587,1.55063,1.0965,-1.04154,-2.29266,2.54559,0.07455,0.29139,-1.40556,0.39841,0.84448,1.08856,-0.65162,-0.2495,-1.83144,-0.4963,0.65395,-0.2992,-0.58173,0.92348,-0.41749,-0.49279,-0.18144,-0.28945,-0.16755,1.73922,-1.84105,0.41408,-0.45589,-0.19642,-0.23002,0.14848,1.32193,1.09621,-0.49157,-0.57939,2.15239,-0.30492,0.40717,-0.04447,-0.40912,0.58284,-0.90446,1.95887,-0.28746,1.17735,-0.38023,0.54055,-0.209,-3.24815,0.57072,-0.00838,1.22485,0.5261,-1.95027,0.86425,1.12433,-0.02879,2.56562,0.04624,-0.34049,0.42634,2.01279,0.54586,-0.08014,0.05769,0.04129,-0.02007,0.09921,0.68231,-0.70395,-0.63606,-0.26889,0.29777,0.23118,-0.58047,-1.56562,-0.28302,0.62335,-2.52752,2.08939,1.69577,-0.18941,1.83685,0.68009,-0.16163,-0.64716,0.57966,-0.43304,1.02772,-0.03646,0.15158,-0.79189,2.24911,-0.86347,-1.21154,-1.95466,1.29195,0.01045,-0.65775,0.32538,1
-0.69219,-1.2952,-0.86921,-0.70166,0.53223,-0.99053,-0.4355,-0.89771,-0.72683,0.07902,0.97982,0.53403,0.49841,-0.61263,-0.55048,-0.94711,0.43489,-1.38899,0.91942,1.40246,1.07221,0.04241,-0.44412,2.37581,-0.95978,-1.20468,-0.99001,-0.61863,0.4566,1.64272,-0.28453,-0.84873,0.31217,-0.38015,-2.22138,-1.35061,0.30981,-0.022,-1.29718,0.23323,-0.98124,0.81318,1.35173,0.83205,0.14976,-1.59205,0.30108,-0.69924,-0.02987,1.73813,-1.42398,-0.03511,1.26992,-0.88082,1.67101,-0.13244,-0.95064,-0.32472,-1.1982,-1.14096,-0.59537,-1.11468,-0.8114,-0.61033,-1.05926,1.28144,1.5594,0.62093,0.91679,1.54921,1.21931,-1.98381,1.35439,1.32541,-0.71352,-1.76051,-2.49588,-0.57455,-0.57122,0.60931,0.17221,1.07704,0.66882,0.19244,-0.65778,-0.17498,2.48872,-0.95036,1.03298,-0.34714,-1.1989,-0.93179,-0.99878,1.01395,-0.8082,-1.00164,-0.20136,0.36474,-1.17115,1.00956,-0.31907,-1.84664,-0.30295,-1.76576,0.45028,-0.08111,-0.26707,-0.54563,0.21445,0.78712,0.64521,-0.32074,0.31647,-1.3424,0.50308,0.29521,0.52422,-1.36372,0.5954,1.15881,-0.72938,-1.71337,-1.74185,-0.23417,0.01155,-1.4157,0.13055,-0.97956,-0.48211,-0.60728,0.4924,-1.42508,1.33814,-0.6821,1.05313,-0.57293,-0.36212,0.37959,-0.92965,0.3691,0.30993,1.02423,-0.57866,-0.17266,1.63919,-1.51639,-2.68292,-0.66064,0.20168,-0.65333,0.51977,0.13938,-1.6955,-0.76085,-1.72911,-0.53993,2.07877,1.32609,-0.66946,0.85013,-1.26084,1.04128,0.17164,-0.33029,0.9013,-0.74674,0.75425,0.31539,-0.73242,0.45087,-0.60304,1.19171,-0.43045,1.5949,-0.71025,1.01221,0.27521,-2.41141,-1.04014,-0.99315,0
0.56177,-0.63869,-0.83601,-0.3326,1.26081,-0.23389,-0.65219,0.68957,0.54546,-1.21551,1.05724,-0.24413,-1.46697,-0.47796,2.56953,0.75981,-1.0686,0.73356,0.313,1.23217,0.25423,-0.49626,0.009,-0.87229,0.84826,0.86471,0.87246,-0.39405,1.65362,-0.10627,1.30349,-0.6232,0.78171,-0.55611,-0.32555,-0.97212,-0.02913,-0.85969,0.06073,-0.77485,1.0209,-0.04943,0.50961,-0.03422,0.40323,0.52993,-1.61342,0.22007,-1.68358,0.0016,0.00419,-1.03282,0.67188,0.07748,1.33343,0.73868,2.04025,0.17872,-0.47374,-1.06135,0.6238,-0.47597,0.10003,0.4793,0.33688,0.85165,-0.58567,0.57351,0.20752,-1.22628,0.20957,0.38534,0.55632,-0.38575,-0.27413,0.19885,-0.0311,0.2115,0.33555,1.17691,-0.09083,-1.38872,0.44538,0.93743,-0.61228,2.20176,-0.31684,0.15922,-0.12262,-0.15272,-1.52825,-1.50608,0.94725,-1.21615,-0.6136,0.01914,0.66493,0.36047,0.52735,0.25814,0.04899,1.30017,0.9768,0.55332,2.35671,0.04414,-1.50035,-0.19481,-0.72719,-0.48533,1.54764,1.55813,1.6287,1.79259,1.61225,0.79594,-0.55857,-1.08994,-0.20486,1.24339,0.74012,0.23717,0.37144,1.91279,0.98763,-0.62781,0.12193,-0.28611,1.60514,-0.67135,-0.35524,0.87095,-0.5673,-0.1106,0.79035,-1.30037,1.02563,-0.49401,1.97252,-0.51239,1.22333,-1.13492,0.81175,0.37019,-0.16782,1.64962,0.13402,-1.35398,-0.55844,1.31015,0.72877,-0.09379,-0.76686,-0.33044,-1.30757,-0.09156,2.48265,-0.55152,-1.49575,-0.19931,-0.36242,2.10428,0.80137,-1.56471,-0.64632,0.00161,-0.19644,-0.76152,-0.87042,-0.31347,0.70963,0.4163,0.16107,-0.99969,-1.25409,-0.92694,0.77136,-0.83338,-0.98825,-0.12802,1
-0.59353,2.69134,0.78554,0.0411,-1.13593,-0.84607,-0.32467,0.77141,-2.06193,1.80204,0.11803,-0.50313,-1.4204,-0.96741,-0.19722,1.08307,-0.97183,1.01679,0.00465,-0.17021,-0.57224,1.18203,0.70751,0.41304,-0.78171,2.13432,-0.91132,1.23845,-0.11565,1.12129,1.01328,0.97994,2.25299,0.59848,-1.40582,0.37493,1.13545,0.57942,-0.29656,1.9577,-0.10412,1.77882,-0.14394,0.81734,-0.52887,-0.67274,0.69979,0.29799,0.70274,-0.34666,0.35965,-0.56449,0.08788,-1.51396,1.84954,0.14247,-0.75436,-0.14726,0.37541,0.13234,-0.72996,-0.76194,-1.16647,0.77462,0.62789,0.60752,0.79363,-2.16854,-0.65915,-1.27671,-1.34652,-2.34093,-1.20997,0.0041,-0.37768,-0.11438,-0.72136,-0.65292,-0.57008,-0.60913,-0.57188,0.63818,-0.37978,-0.79867,-1.9864,0.53102,-0.55267,0.32969,1.17799,0.73903,-1.04284,0.4966,0.40194,2.30554,0.70582,0.56945,-0.70682,-0.2565,-1.61096,0.76281,0.34416,0.18485,0.77522,0.8907,2.26046,1.15925,0.69115,0.47303,0.61417,1.04218,2.0925,0.15899,0.17622,-0.565,-0.34618,0.47421,-0.64985,0.50044,-0.62019,0.36637,-0.59657,1.97334,-2.51919,0.64694,-0.39015,1.10539,0.20352,0.18495,-0.40537,1.04861,1.34116,1.22597,0.12996,-0.19342,0.36631,0.53306,-0.00572,1.0914,-0.31347,0.34828,0.36997,-1.41131,-1.49419,0.47912,-2.60806,0.02093,1.61162,0.94915,1.12023,-0.15156,-0.1293,-1.71277,-0.592,1.93007,0.25329,0.64637,0.828,0.24916,-0.45602,0.7888,1.14111,0.70871,-0.76018,-0.09662,-0.97919,-0.20845,-1.31428,-0.35018,-0.5855,2.5821,-0.69068,0.19991,1.0033,-0.64232,-0.08221,-0.39533,1.53165,-1.31421,-1.66673,-1.12906,0
0.72761,2.67569,0.66359,-0.33786,1.16946,0.80394,-0.87689,-3.34897,0.84959,1.00517,1.12448,-1.45948,-0.04097,2.05243,0.80732,0.72756,-1.14708,-0.73299,-1.17861,-0.13152,-0.70216,1.42259,-0.78448,0.85514,0.64023,0.42421,-1.24386,0.05585,0.28586,0.99341,-0.30723,-1.19786,0.43048,0.92075,-0.54883,-0.8685,-0.92077,0.30312,0.80438,0.0992,-1.32968,0.86806,0.26005,0.65786,0.81556,0.254,-0.58651,2.34139,-0.72479,-1.43962,-0.36395,-0.56018,1.34349,0.53676,-0.4782,0.18039,-1.47952,-0.7416,-0.54945,0.42284,0.03288,-1.61383,-1.60659,1.58573,0.49634,-0.94986,0.96272,-0.13729,0.60208,1.03691,-2.52888,0.7644,0.66154,-0.63364,-0.40194,-0.34984,-1.40914,1.30683,-1.03765,0.28549,0.65431,-0.04628,-0.16872,0.43033,-0.49631,-1.36759,1.02209,-0.30629,0.52533,-1.48955,-0.81591,-2.3784,-0.52286,0.41581,-1.01591,-0.3807,1.51451,-1.30367,0.64505,0.34271,-0.33127,0.52022,-0.94735,-0.31397,0.33121,-2.25131,1.24476,0.03395,-0.71049,1.32785,-0.58541,-0.26735,-0.32312,0.68945,-0.34308,0.22467,0.16772,-0.79897,-0.11438,-1.16946,-1.45083,-1.74558,-0.51934,-0.36561,1.84968,-0.66733,0.46756,0.91438,-1.52562,2.61135,-1.80095,-0.43184,-0.68737,-0.35272,0.70618,1.38658,1.3049,-1.69586,0.08872,0.89082,-0.23933,0.4489,0.76115,0.74937,0.22287,0.03784,0.88052,1.84881,0.55845,0.51054,-0.19021,0.05884,0.17501,0.15062,0.09479,-0.16712,-0.8564,4.178,0.11641,1.85852,-0.46995,1.13313,1.07844,-0.00848,-1.28271,1.04076,-0.48145,1.67559,-0.27225,-1.16268,-0.99773,-0.82469,-0.67499,0.67491,0.02843,1.37526,-2.05095,0.77391,1.26899,-0.10718,1
-0.57792,0.39953,-0.57947,-2.22172,0.59277,0.84011,-0.89593,-1.31179,-1.31783,1.49275,-2.35078,0.68027,-0.10575,1.87029,-0.36548,-0.01696,-0.60013,0.69276,0.88267,-0.30328,-1.47126,0.7584,-0.85908,2.52398,0.51246,-0.77215,-0.92875,-2.11168,-1.04623,-1.91709,1.34376,-0.54957,0.88219,0.20732,2.17082,-0.97133,-0.38633,1.48342,-0.41459,0.46891,1.55639,-1.19426,1.3918,-0.84799,-0.90346,0.78344,0.73727,-0.28529,-0.90116,-1.49929,1.13272,1.84218,0.2833,1.50284,-1.14477,-0.54455,0.49489,-0.49668,0.40541,-0.26665,0.82192,1.22985,0.1145,0.11705,-0.82868,1.26295,0.14579,-1.36815,1.12152,0.70879,1.01516,-0.18873,-1.22095,-0.55467,0.19332,-0.65487,-1.19382,0.26404,-0.61303,1.06314,-1.20957,-0.78921,0.59632,-1.44972,0.14915,-2.06023,0.14826,1.13979,-0.71036,2.19608,-0.50597,-0.6431,-0.41429,0.85709,2.03961,0.83748,0.15557,1.03118,-0.05145,-1.56105,0.76885,-1.6166,-3.08816,1.82954,0.12235,-0.56541,-0.36819,0.11569,1.31829,-1.31629,-1.84547,-0.60091,-0.36935,1.25662,0.16483,-0.5633,0.75293,-1.41399,0.56706,-0.36184,-1.10407,-0.10713,-0.31151,-0.25639,0.42912,1.51223,1.90386,1.03349,-1.46899,-1.4406,-1.45704,1.30411,1.90106,0.43402,0.33931,2.06636,-0.44342,0.94492,1.58658,0.20992,0.88088,-0.81438,-1.54223,-1.22184,0.46245,1.56649,1.35164,0.49634,0.19006,0.23241,-0.77623,-0.44342,-0.15159,-0.67323,-0.51333,-0.29802,-0.06091,-0.42616,-1.14488,-0.39689,0.46432,1.59704,0.90338,2.27833,0.79518,-0.10031,-0.61036,0.49373,0.35379,0.79065,-0.57644,-0.86065,0.85746,0.00462,-0.99188,-1.32232,-1.62028,1.08634,-0.19591,1.51612,0
-0.6003,0.20178,-1.12049,1.23923,-2.00662,0.65492,-0.61845,-0.11144,-0.10853,-0.14665,0.63298,0.79142,-0.30659,-0.51171,-0.46224,1.64985,1.62395,-0.77122,0.51879,0.24474,0.29733,1.60734,1.28926,-0.29165,-0.37841,1.03668,0.08001,2.09693,2.28576,-0.44318,-0.58592,0.76686,0.90702,0.57356,-0.43667,-0.65583,0.01906,0.89394,-2.36111,0.44927,-0.1678,1.2229,0.07074,0.12726,1.20831,-1.26179,-1.03097,-0.3038,1.08296,-1.3436,0.74532,-0.62196,0.57794,1.92292,-1.81669,1.03894,0.38144,-1.47932,0.30054,-0.58321,0.45101,-0.24738,-0.06299,-0.0126,-0.3199,0.54435,0.88091,0.7394,-0.65506,-0.09733,-0.41797,-1.98995,-0.55462,0.34661,-1.78873,0.78123,-0.96924,0.54338,-0.77755,0.64781,-0.35682,0.13202,-0.91108,-0.35734,-0.60919,0.23184,0.30092,0.67754,0.34885,-1.16403,0.00777,0.1104,2.10534,-0.69701,-0.86499,-1.20748,2.02197,0.32679,0.26105,0.88646,1.10186,-1.12159,1.35461,1.55159,0.86486,-0.19621,0.32826,0.96122,1.16539,1.05967,-0.76386,0.36383,0.45532,-0.33364,0.2548,1.06167,1.93412,0.00959,0.5946,-0.38292,0.37673,-1.18369,-0.13938,0.27932,-0.4476,1.95247,0.12374,-0.18358,-1.20201,-1.20027,-0.17679,1.13631,-0.75459,0.18853,-0.12777,-0.28294,0.51424,-0.13933,-0.42399,-1.04283,0.54619,1.28938,-1.03633,0.22515,0.60132,-0.09368,-1.16499,2.07432,0.34893,1.25268,0.37562,-1.03351,0.04693,0.58476,-0.79281,1.14705,0.4053,0.0268,-0.76584,-1.25722,-0.57053,-0.46727,0.29995,-0.12676,-0.22495,-1.34576,-1.02165,0.58234,-1.21754,0.63537,-0.34506,0.2503,-0.83817,-1.29572,-0.51166,0.227,1.43098,1.17934,1.50696,-0.2382,1
0.67537,-0.45354,-1.50796,0.58035,1.15572,-0.58263,0.20621,-1.54617,0.30056,-2.45825,1.79792,0.39517,-2.00749,-0.73231,0.19592,-1.00578,1.61879,-0.59401,-0.02326,-0.67958,-0.03463,-0.83466,-0.76525,1.6973,-1.161,0.85318,1.14313,-0.39916,-0.2617,1.91101,-0.34991,0.72512,0.88249,0.65575,0.04409,0.80255,0.38904,-1.09429,0.71778,1.30264,-0.24318,-1.31499,-0.59928,0.73502,0.62458,1.90309,-2.47456,0.6843,0.52632,1.34344,-0.97882,1.73828,2.14289,-0.15881,-0.09091,-2.69504,-0.26788,0.62453,1.38775,0.6498,-0.68704,-1.52411,-0.39262,-0.76103,-0.50115,0.27823,1.02336,0.34659,-0.43209,-0.50563,0.8892,0.49188,-0.05671,1.48911,0.60294,-0.15373,-0.03058,-0.37568,1.52369,0.54419,0.75058,0.30162,-0.60139,-0.41731,1.38916,-0.80104,1.16321,-0.043,0.66912,-1.9537,-1.04512,-0.14666,2.40961,-0.07442,-0.24805,-0.98451,-0.9107,-0.63775,2.86861,0.80842,1.62424,1.55983,0.0377,0.5426,-0.8326,1.38905,0.4441,0.07788,0.09056,0.96474,1.9679,0.27294,-0.40465,1.15619,-1.39078,-0.00508,-1.90145,0.33256,-0.01799,-1.48644,0.49979,0.93188,-1.30518,1.35838,0.11612,-0.51206,0.02932,-0.03223,0.28617,-0.66135,0.15016,0.13675,-1.55459,0.05244,1.52045,1.25398,-0.50827,-0.8102,1.58705,0.09544,-0.82278,-2.0281,-0.01177,1.4869,0.78653,-0.26467,0.67098,1.2956,0.35845,-0.9823,-1.0322,-1.10056,-0.19445,-1.60359,1.00667,-0.84259,-0.38181,0.25607,-0.7653,-0.27346,-0.73654,-0.29522,0.92248,1.5495,-0.7789,0.78453,1.18355,0.08805,-0.83228,0.17314,-1.93341,0.54795,0.75824,0.20265,-0.39975,1.40409,0.83007,-2.03984,-1.12721,-0.76094,0
-0.51356,0.32912,-1.72768,1.30377,2.20889,1.97807,-0.30971,1.5712,-1.3093,0.33501,-0.89532,-2.15971,1.16672,-0.59783,0.72244,-0.25849,-1.66112,-0.24239,-1.4717,-0.26526,-2.33296,-0.58271,-0.23853,0.19672,-1.70522,-2.13083,0.80406,-2.25303,1.65089,-0.55149,-0.6812,-0.28855,-1.25784,-1.1486,-0.17647,0.42962,-0.27687,-0.15763,0.71585,1.23827,-0.89445,0.1007,-0.47045,-0.63325,-2.85315,0.20852,1.39233,-0.72595,-2.52487,-1.00833,0.15558,0.1841,-0.59521,-1.45616,-0.45012,-1.33788,-1.01964,-2.2849,-0.15979,0.5972,-1.19006,-1.37249,-0.13045,-0.8868,-1.97511,0.13214,0.45555,-0.75213,-0.71708,1.75982,-1.93942,0.48731,1.54763,-1.25968,0.84813,-0.17518,1.05689,-0.20925,0.22095,-1.15876,-0.72076,0.69305,0.9237,0.2705,0.23916,0.35887,-0.30973,0.19021,-1.36111,1.16069,-0.81385,-1.67333,0.6633,0.24211,-0.1854,1.21845,0.61872,-0.91747,-0.54617,0.08597,-0.05189,0.8676,-0.93509,0.75959,1.02603,0.49319,0.90842,-0.10231,-0.46407,-0.94142,0.12615,0.63246,1.57518,0.37834,0.18849,-1.51548,1.00646,-1.23063,0.48777,-0.90848,0.74796,2.17309,-0.082,0.77657,-1.484,0.50771,0.51008,0.95465,-0.37853,-0.8291,0.24415,0.87526,0.72898,1.02578,0.19201,2.06012,-0.23717,-0.5836,0.39891,0.70999,0.66178,-0.3756,-0.4344,2.75158,1.01454,-1.83595,-0.60778,-0.64472,0.61044,-0.30858,1.18379,-0.07712,0.20349,0.56324,-0.57611,-1.66968,-0.67819,-0.14271,0.81873,0.28571,0.41205,0.85906,-0.43758,2.64793,0.34596,0.08215,1.35341,1.18489,-1.20183,0.60925,1.26515,0.34144,0.7969,0.58007,0.87769,0.337,-1.71042,1.33669,0.934,0.90688,0
-0.16038,-0.14042,0.3411,-0.4852,-1.89695,-0.03451,-1.06451,-0.08319,-1.17237,0.24972,-0.16059,0.54868,0.48448,0.39007,-0.32507,-0.08499,-0.1532,-1.03923,-0.43482,1.35025,-0.66238,-1.10876,-0.37303,0.22243,0.26281,-1.60014,0.89397,0.10509,-1.30404,-0.39765,-1.22856,0.20044,0.15031,-1.71111,0.21003,-0.40983,0.85007,0.59156,-0.11174,0.72393,0.22999,0.53047,-1.08727,0.87347,1.04522,-0.86458,-1.25473,-0.16561,0.29005,-0.07724,-1.47151,0.15681,1.69037,0.42656,0.6681,-0.98942,1.64457,0.5608,-0.352,-0.53497,-0.37036,-0.56645,1.26532,-0.36362,-2.13126,0.0299,-0.58963,-0.19168,0.02258,0.0911,-1.04745,-1.07909,-0.58603,0.19787,0.14825,-0.51063,0.20214,1.47031,1.05739,-0.28092,-1.18883,1.58949,-0.2391,1.83363,-0.1779,-0.49027,-0.56792,0.85816,-1.14433,0.00052,-0.3452,0.48377,-1.56992,-1.43799,-0.24297,1.96307,-0.37956,-0.27169,2.22436,-0.60044,0.56623,-0.16264,-0.00054,2.34706,1.40159,-1.2631,-1.67674,3.17007,-0.15405,-1.3612,0.06876,1.13106,0.44595,0.17338,1.94622,-0.22218,0.13259,0.62844,-0.65408,-0.38634,-0.21221,-1.45025,1.82607,-2.12974,0.44277,0.46079,1.1001,0.22014,-0.93022,0.66461,0.3846,0.35292,1.3941,-0.6105,0.48108,0.14528,-0.51974,-1.15843,0.50554,-0.42073,-0.97274,1.77437,0.7041,0.19337,0.34494,2.49967,-0.41689,-1.21195,0.59458,1.47969,0.5154,1.83714,0.696,-0.69108,1.16396,-0.55546,-0.21217,1.59996,-0.67391,0.96873,-0.80721,0.05103,-2.3413,1.10428,-1.12138,1.07116,-0.02959,1.04654,1.61252,0.07712,0.02545,-0.65154,1.10796,-1.40825,-0.54448,-1.23609,-3.03604,-0.17981,-0.90163,0.12562,0
0.76892,-0.03056,1.12074,-0.2703,-0.68071,0.43485,0.57447,0.08663,-0.566,0.61045,-0.33806,1.37346,-0.41142,-0.18948,0.54451,-0.27218,0.77322,0.63705,0.06931,0.55482,-0.43809,-0.02329,-1.09406,-1.53749,1.80939,-0.01113,0.59854,0.60165,1.49224,1.05554,0.76714,0.05625,-0.03731,-0.27782,-1.33881,-0.76382,-0.30467,0.46264,0.13202,-0.84635,-0.07294,0.30836,0.12791,1.06865,-0.52215,-0.20302,1.42485,-1.58783,0.04034,-0.69151,1.37342,-0.26531,-0.00857,-0.11391,0.47144,-1.80802,0.72909,-0.24373,0.09563,1.29706,-0.84541,1.93378,0.82239,0.08494,0.81447,-0.4814,0.13301,-0.55815,-1.23369,0.95861,-0.22292,0.03869,0.81508,0.62512,0.22974,1.1832,0.94012,-1.10002,-2.75075,-0.10145,-0.01436,-1.33524,-1.15853,-1.66906,-0.50681,-1.4573,1.04772,1.33372,-1.5026,1.65575,-1.09479,0.87517,-0.13655,2e-05,0.98985,-0.3183,0.12458,0.09004,0.87567,-0.09019,-0.49358,0.29777,-0.97166,-0.49371,1.17884,0.25935,-0.19015,-0.08933,-0.18757,0.23728,0.7952,-0.16337,0.89989,-0.77069,-1.99865,0.54718,-2.15751,-1.0737,0.72334,-0.2741,0.47175,-0.27863,-1.79832,-1.10306,-1.70315,1.74893,0.46683,-0.57672,0.47535,-0.03818,-0.78991,0.08022,0.03875,-0.60856,-0.87169,0.38405,-1.35433,-1.31099,-0.23776,-1.00455,0.68967,0.06945,-1.16809,-0.12296,0.55653,-1.74463,1.60824,-0.15845,-0.18825,-0.17506,-0.12558,-0.65862,-0.44638,0.36681,-1.92197,-0.99808,0.32499,-0.33606,-0.28656,-0.82847,-2.09005,-0.03338,0.29799,-1.72154,-0.11855,-0.28923,0.61227,-0.57331,-1.3939,0.73761,0.7092,-2.101,1.48048,0.91723,-0.29418,-1.32953,0.16011,0.16802,0.36649,1.09035,0
-3.77371,-0.08771,0.11379,-0.59014,0.54141,-0.29223,0.26271,-1.82821,0.25834,1.05165,0.75479,0.1383,-0.71566,0.99874,-0.3351,-0.34861,1.13166,-0.81851,1.5855,-0.29788,0.621,0.37932,0.22575,-0.31137,1.61941,0.24634,0.98753,-1.0713,0.0841,2.29204,1.29467,0.7841,0.36777,0.64867,-0.65107,1.39256,0.43288,-1.42639,0.51594,0.00711,0.66213,1.78985,-1.05145,-0.16186,-0.27108,-1.72209,0.54585,1.31362,0.50556,0.99667,0.68017,-0.77846,-0.07365,-0.49447,2.53515,-0.63989,1.72043,0.362,-0.27588,-0.39545,0.40218,-2.05686,0.54412,-0.70176,-0.92131,-0.83611,1.09091,-0.54564,-0.76238,-0.0555,-0.32253,0.39793,-1.16564,0.04499,1.19755,0.26757,0.67939,-2.01472,-1.8412,0.8506,0.37107,0.4508,1.36904,-2.11239,0.23191,0.3877,-0.24288,0.56549,-1.19484,1.20708,-0.66154,-0.65677,0.63236,0.5918,-0.77758,0.24045,-0.59728,-0.51389,-0.38913,0.16602,-0.28244,0.9398,-0.63324,-0.76095,0.12677,-0.08869,-1.2631,-0.36753,-0.71182,2.02269,-0.69093,0.4934,-0.42595,-1.66128,0.32988,0.91448,-0.0622,-0.44016,-0.50978,0.42986,-0.09806,2.10599,0.12655,-0.52938,-0.49828,-0.4979,0.19857,0.66151,-0.06357,0.87236,1.07316,-1.76576,0.95011,1.00045,0.34503,-0.09821,0.96502,0.94149,-0.71177,1.82928,0.62972,-0.04602,1.00523,0.53301,1.11581,-0.60375,1.4447,0.27749,-0.24236,0.8572,-0.31289,-1.21871,-0.31965,1.03766,0.44097,-0.10021,0.81797,-0.96824,0.14857,-0.13257,1.34092,0.48648,-0.02031,2.14399,0.55668,-1.37154,-0.19851,1.73047,1.08181,-1.88644,1.73032,0.7446,1.14053,-1.03767,0.74031,1.33782,-3.57811,0.58747,0.65568,-0.14774,1
-1.44996,1.36688,0.26411,0.53912,0.13104,-0.22139,-0.90829,-0.88791,-1.21083,-0.04898,-0.66954,0.05979,0.49106,-1.23541,0.16596,-0.50992,-0.65522,-0.59347,-0.42417,-0.76447,1.09129,0.36439,-1.41103,-0.13667,0.4161,0.57412,0.65015,0.30314,1.4242,-1.04216,2.72869,-1.98695,-0.37833,-0.81865,-0.74525,0.98744,-0.4281,1.24262,0.35219,0.66534,-1.07815,-0.30433,0.22399,-0.83691,-1.65101,-1.09247,-0.42488,2.01439,1.02798,0.83589,0.43378,-0.69686,1.19085,0.2854,0.6922,1.02568,-1.23754,0.57275,-0.09918,0.68423,-1.30741,-1.2166,-0.57257,-2.30285,-0.22883,0.79155,1.65238,-0.29068,-1.2198,1.42169,-0.20351,-1.19642,1.09582,0.15276,1.78022,-0.33727,-0.41708,-0.7127,0.05837,-0.50555,1.7314,1.73874,0.37281,0.42637,2.56478,0.4662,-0.63685,-0.16966,0.56577,0.36673,-0.08503,0.82666,1.03774,-2.40045,0.53537,-0.25038,-0.69392,1.01404,-0.26902,0.94052,-0.54571,-0.08173,-1.01637,1.29979,-0.67292,0.71668,-0.63734,0.76615,-0.05593,-0.77602,-0.23987,0.78789,0.94083,-0.88883,-1.32043,0.76824,2.13744,-0.12165,0.80775,1.02301,-1.24565,-1.02045,-0.62738,-0.55824,0.08963,-0.1483,-2.70176,-1.4089,0.0066,-0.99834,-2.65939,0.18237,0.76107,0.07127,-0.89626,-1.95282,0.20105,2.62954,0.03495,-0.23619,0.88386,0.60067,0.61508,0.37908,-0.17892,1.90018,-1.17723,-0.15095,-0.43655,-1.39276,-0.88511,0.32067,-0.58046,-0.43709,-0.72506,0.55765,-0.03932,1.36921,0.07732,0.43241,1.68472,1.13419,-1.00849,0.61402,-0.17037,0.09121,0.30012,-1.08449,1.24489,0.2601,-0.20026,-0.16996,-0.8167,0.5988,0.52852,1.63976,-1.53156,1.20317,-1.11597,0.08448,1
0.02512,0.19397,-0.70932,0.16888,1.04623,0.00959,-0.16682,0.66424,-0.68563,0.72326,1.7402,0.53685,1.26652,0.58734,0.81258,0.07847,-0.22176,-0.64717,-0.02996,0.36248,1.12589,0.32291,0.61478,0.16183,1.10236,0.29003,0.32399,-0.70726,0.30329,0.35157,1.12248,-0.37985,-0.60674,1.20349,-0.31618,-0.42725,1.01608,-0.39486,0.52825,1.56846,-0.53446,0.23396,0.79745,0.05444,-1.70078,-0.35356,-0.50657,0.62002,-0.07961,-0.02548,-1.04543,0.98418,-1.70747,-2.32421,0.08024,0.05549,1.88957,0.13598,-0.58352,0.07937,-0.29783,-1.1674,-0.46041,-0.03244,-1.31462,0.35835,-0.0402,-0.38066,1.16364,0.87605,0.63722,-0.33053,0.32972,-0.97,-0.00538,-1.66626,1.50136,-1.06557,1.25485,-2.25578,-1.00404,1.24927,-0.15109,1.01281,0.72041,-0.58662,2.16748,-0.51616,-1.11168,-1.02193,1.01055,-1.07507,0.28466,-0.0527,1.80726,-1.36443,0.47713,-1.46918,-0.19751,0.42468,0.03561,-1.38724,1.41887,0.36017,1.06542,-0.217,0.39489,-0.01735,0.19605,-0.14866,-0.8627,-1.17853,-0.35101,-0.60643,0.26558,-0.24473,-0.45498,0.07844,0.67015,1.48394,-1.16471,-1.00828,0.27818,1.63269,0.05948,-0.38732,-0.57724,1.70686,0.66941,-2.23346,0.20683,0.05127,0.52113,-1.07922,-1.27274,-0.20743,0.16746,-0.72484,-0.08691,-0.42644,1.13246,0.64426,-2.49777,1.27535,1.05499,-0.17607,2.7493,-1.46651,1.21072,-0.53767,1.02084,0.51152,0.07491,-0.68373,0.72588,-0.05377,-1.44891,0.85087,0.67298,1.0464,-1.21121,-1.1107,0.77563,-0.49773,-0.14888,-1.45525,-0.01188,0.54955,-1.17425,0.62092,0.27458,-1.08421,1.84836,-1.95828,-0.20691,-1.22604,-1.1331,0.59872,-0.37536,0.47981,1
0.65574,0.4309,-0.22278,0.20492,-1.01177,-1.05207,-0.3691,-0.6674,-0.07095,-0.62861,-0.20914,-1.26686,0.30038,0.52995,0.07349,-1.00606,-0.58006,-0.14891,-0.70171,-0.23894,1.35609,2.11377,-2.21947,-1.04629,1.07745,-2.22763,-1.15176,-0.3311,0.03145,0.36442,-0.56882,0.62405,-0.24949,-0.4256,-0.06527,0.43127,1.77144,-1.36801,0.37407,0.2318,0.13302,-0.95425,0.14844,0.65683,-0.86474,0.53115,-2.10678,-0.17795,1.46195,0.46976,-1.79667,0.67954,-0.51863,0.08032,1.01941,1.10548,2.68317,-1.13623,-1.03293,0.08948,-0.75183,0.56989,-1.64242,0.79635,-0.07895,-0.07275,0.82305,-1.57388,1.28615,-0.33098,-0.52757,-0.19053,0.75818,0.01351,-1.73183,0.57009,1.00685,-0.7602,-0.45052,0.11849,0.63209,1.70462,0.75176,-0.67947,1.87756,-0.76755,0.40042,0.61764,0.9486,1.6313,0.11298,-0.69757,0.64173,-0.13739,0.86491,-1.02045,0.37877,0.1403,-0.2303,0.8042,-0.40361,-0.47024,-1.57698,1.14456,0.69734,-1.7959,0.4625,0.26606,1.33035,0.14704,-0.66933,-1.4339,1.80951,0.82682,0.35856,0.97671,0.6727,0.69168,0.64728,-1.25175,0.8773,-1.05391,-0.48228,-0.38007,-0.16637,-1.04631,0.21138,0.54097,-0.0732,0.03669,0.99918,0.59516,-0.06787,0.17771,-0.23068,-0.20043,-1.2076,2.04457,-0.39186,1.52669,0.2215,0.61821,1.09744,1.76191,-0.71754,-0.75306,1.53195,-0.35237,0.34621,1.36313,-0.0116,0.11483,1.38833,0.18923,-1.02342,1.2756,0.2091,-0.30706,-0.82737,0.28971,2.53836,0.32545,-0.42254,0.47947,0.31503,0.86049,-1.46345,1.3907,0.70425,0.7933,0.07426,1.14366,2.09738,0.0855,-0.17214,-0.40985,-0.0446,0.21132,-1.45902,-0.86596,0
-0.18536,-1.71893,-2.18213,1.09862,-0.97439,-0.46695,-0.66274,-0.95048,-0.44444,0.08126,0.79769,0.62603,0.37839,-0.21807,-0.49025,0.93654,1.63092,-0.38509,0.8845,-0.69535,-1.01488,-1.41009,-0.18797,1.18048,1.2001,-1.3335,0.10878,0.76416,-1.86601,-0.52669,1.1372,0.4074,0.02266,0.91061,0.9896,0.74079,-0.35261,-0.54752,0.2284,-2.4069,-0.6239,-0.10738,-0.33195,2.00043,-1.44458,0.68945,-1.20639,0.74126,-0.41778,-3.01225,-0.28562,1.38903,-0.07387,0.1056,0.42633,-0.82286,-0.64826,-0.24649,0.34682,2.03182,-1.25228,2.0899,-0.6647,-1.51162,0.28843,-0.59915,-0.9715,1.82626,-1.06315,-0.14855,1.02831,-0.21503,-0.22917,0.70487,-1.04411,-0.15399,-0.38367,-0.36485,-1.32938,1.41252,-0.77192,0.20178,-0.6225,0.24551,1.62967,0.35569,1.83993,1.03555,-0.5445,-0.57083,0.4792,-1.25822,-0.14071,-0.01404,0.67827,0.6748,-0.03567,1.81744,-0.85021,1.35779,1.30212,0.21294,-2.40969,-1.00301,0.84614,-0.25032,0.99711,-0.49839,-0.38506,-1.36751,0.50222,-1.12305,0.64774,0.52043,0.06039,-0.1635,-0.64871,2.57737,-0.94584,-0.65893,-0.42072,-0.71035,-1.01141,0.89685,-0.73194,-0.92193,0.44646,-0.00123,-2.53324,0.40026,0.38806,1.16067,-0.82636,1.94011,-0.00449,-1.65614,-1.28986,-1.67312,-0.07574,-0.44961,0.69775,-1.07543,-0.95668,0.19591,2.08222,0.09367,0.97371,0.50396,-2.16419,0.07932,-0.36336,-2.34635,0.76065,-0.06806,0.45291,1.7666,0.00876,0.5712,-2.01992,0.77245,-0.02625,1.43679,-0.92487,0.44483,0.28291,-1.04532,1.2193,-0.57621,0.28937,1.3028,-1.02563,-1.5189,-0.30922,0.23589,0.48421,0.69719,0.99661,1.69697,0.57933,-0.1682,0
0.88215,-0.1883,0.90661,-0.05168,0.03306,0.78806,-0.74525,-2.17478,0.20735,-0.22562,-0.18206,-1.16382,1.39402,-0.32812,-2.13325,0.8151,0.10477,2.16891,0.13182,-0.84225,0.24118,-1.08734,-0.87805,0.63571,0.63989,-0.54487,1.36065,-1.98851,0.23478,-0.18026,-1.31073,2.36077,-2.2085,-0.87648,1.24761,0.99963,-0.33758,1.38163,-0.90664,0.93339,0.91282,-1.28125,-2.03313,2.12956,1.96914,-0.33658,-0.71395,0.06835,0.97892,-0.02711,0.15773,0.62471,1.86798,0.61636,-0.59438,1.20768,-0.15856,0.60872,-0.82314,0.80632,-0.73681,-0.93448,-1.42161,1.17545,0.39561,1.03899,0.78257,-1.49917,-0.90436,1.71126,0.31546,0.57622,0.49309,-0.2534,0.48917,0.13471,0.32352,-0.91607,-0.42741,0.34,0.38212,-1.34095,1.32796,0.02532,1.15641,-1.27765,-0.30835,0.37546,1.41408,0.77342,-0.21946,-0.9227,0.839,0.15214,0.91734,0.98131,-0.8533,1.46221,0.22362,0.51136,-0.51835,0.30647,1.61769,-0.24972,0.60436,-0.05822,1.40338,0.25168,-0.67125,0.43775,1.08749,0.1518,-0.27681,-1.93176,1.19372,-0.06666,-0.64767,-0.09636,-0.03269,0.29772,-0.43304,0.75112,1.51424,0.13629,-0.10133,1.82306,1.70375,0.8942,-0.49228,0.83176,-0.64047,-0.93936,0.07606,-2.95603,0.10546,1.74471,0.49305,-0.87674,-0.87029,-0.48759,0.33089,0.31641,0.14347,-0.9167,0.60271,1.18756,-0.45806,-2.23333,1.18023,0.24394,-0.67172,1.17807,0.6342,-0.54089,-0.53042,1.14089,1.12406,0.21491,1.09724,-0.45419,-0.54476,-0.71438,1.84061,-0.08232,1.10603,-1.1708,-0.18097,-1.42372,-1.85652,0.49104,0.80324,-0.92266,-0.05395,0.6442,1.67019,0.08984,0.17686,-0.37248,-0.33665,0.26207,0
0.01225,-0.91548,-0.42411,1.59191,-0.90427,-0.23282,2.39412,-0.3993,-0.20613,0.32066,0.83284,-0.91905,-0.09324,0.48928,-0.36175,0.17056,1.20453,-0.18495,0.80025,-0.3992,-0.54069,0.68806,0.25041,0.69535,-2.35905,-0.39089,-0.24315,1.27126,1.97617,-0.22012,-0.46124,-0.16043,-1.21631,-0.93343,0.38615,0.33782,-0.91245,1.08867,0.03668,-0.28312,-0.86534,0.0314,-1.15471,-0.15883,1.00957,0.16079,-0.33727,-0.35787,0.40836,-0.35436,0.24581,-1.04463,0.70205,-1.45009,-0.53468,0.59962,1.70069,0.34307,-0.17037,0.57628,-0.75618,0.09621,1.39169,-0.66667,0.33574,-0.18805,2.06686,-0.54764,-0.90602,-0.42166,0.6978,-0.77781,0.87153,0.44958,0.33559,-1.18214,0.88484,1.20762,-1.05303,0.70858,-0.60857,-1.15818,-0.62757,-1.11287,1.25656,0.12365,-0.28736,0.45636,-0.32925,0.71608,0.00188,1.41786,0.37725,0.04626,1.42443,0.03821,0.06062,1.71944,0.0635,1.00662,1.61014,-0.92914,0.91338,1.47737,0.1074,-1.65484,1.48183,1.06921,1.10027,-1.14378,-1.01066,-1.47245,0.26117,1.56533,-0.34245,0.11574,0.40262,-0.46339,0.4461,1.28503,-1.71637,0.0849,0.46178,-0.09932,-0.30722,-0.05725,-1.04309,-1.40318,0.69986,0.46418,-0.30944,0.22242,0.44652,-0.70337,-0.76347,-0.55695,-1.45786,0.12663,-0.42139,1.04879,0.94449,-0.19927,-1.32596,0.66517,1.31209,-0.86882,-2.57953,1.80087,-0.62505,-1.86877,2.60581,-1.27686,-0.79326,-0.14534,-1.39265,-1.60958,1.03121,0.05427,0.76701,-0.34608,1.13054,-0.42196,-0.23441,-0.62001,0.35421,-1.0442,-0.48063,-1.66297,0.88501,-2.08362,-0.40763,0.53295,0.33746,0.41778,-0.53332,0.30266,0.80036,-0.08217,0.81091,1.18493,1
-0.89662,-0.64085,-0.03117,0.25066,1.18716,-0.7116,-0.69805,0.96832,0.80139,0.10705,-0.88525,1.46921,0.01368,-1.79296,0.3859,-0.81922,1.56517,-0.21251,0.75933,-0.2552,0.03519,-0.81996,1.32985,1.68648,-0.86451,-1.50752,2.33954,1.16642,-0.32369,0.38682,-0.23406,1.07741,-1.53221,-1.11062,-0.88014,-1.40252,0.40118,0.71513,-0.75547,-0.19627,1.05425,1.03623,0.79969,-1.10579,-0.95343,-0.28583,-0.675,-0.13933,-0.81385,-0.1331,-1.98404,0.35978,0.54584,0.52455,-0.0016,-1.15634,-0.40973,-0.97399,0.21195,-2.09428,0.20985,0.03352,-0.28554,0.63976,-0.93862,0.84368,-1.00743,1.00029,2.09434,-0.20749,-1.35689,0.75714,-1.27033,2.30832,0.78609,-0.45029,0.94233,-0.7492,-1.27949,-0.7795,-1.1713,-1.50664,-0.33955,-0.43479,1.18458,0.31286,0.85101,-0.12179,0.17202,-1.09728,0.68946,0.36685,-0.89966,0.52517,-0.02332,1.34641,-0.39091,1.20804,0.43605,-0.31509,2.17034,-0.22294,0.46133,-0.28323,0.56138,-0.42668,-0.50482,-0.08547,0.87792,0.74055,0.79403,0.2317,0.64358,-1.10659,0.05915,0.51864,-0.23497,-2.13918,-0.41801,0.29235,1.61571,-0.78043,-0.28578,0.13288,0.08033,1.32533,-2.93409,0.7867,-0.94588,-2.86378,-0.04379,2.14875,-0.46168,-0.48481,-1.66794,0.92445,-1.71669,-1.62867,-1.70247,-0.5155,-0.17682,-0.38799,-1.18996,-2.46975,1.03026,1.25719,-0.0525,-0.08414,0.00442,-0.77104,-1.65974,1.29776,-1.4257,0.31923,1.32749,1.47026,-0.59981,-0.08631,1.55237,0.26645,-0.28921,-2.14498,-0.11747,-0.84749,0.13976,-0.46895,-0.22603,-0.37883,1.13586,0.69163,3.33191,0.15506,-0.14118,1.1758,-0.3629,-1.1948,-0.00548,2.91315,-1.46622,0.25048,0
1.05615,0.05465,0.59496,0.071,-1.60652,-0.24568,0.44704,-1.36186,-0.2247,-0.32613,-1.94762,-0.87906,0.17139,0.10494,0.15698,0.42049,0.53488,2.04017,-0.31824,0.041,-0.31119,-2.36527,0.40772,-0.63779,-0.93966,-1.20659,-1.2215,-0.01502,-0.30176,-1.07115,0.34862,-1.29644,-1.14367,-1.07492,-1.36907,-0.41981,0.58635,-0.61472,-1.18946,1.68178,-0.72258,-0.43524,-1.12264,1.94485,-0.45464,1.78698,-0.31964,-0.02914,1.32259,0.59839,-1.92553,-0.22505,0.98911,-1.01105,2.17265,0.00759,-0.53513,-1.95266,2.26418,-0.24911,-0.83067,-0.47158,-1.16498,0.6283,-0.03759,-1.32598,-0.24392,0.63677,1.01041,0.3783,-0.00856,0.85939,-0.20315,-0.04648,0.44425,0.29575,0.45605,0.01356,-0.9318,-0.40623,-0.28874,0.57998,0.91794,1.75351,-0.44607,1.30777,0.69085,-2.10083,-1.29628,1.16478,1.06407,0.14891,-1.36805,1.84817,0.40542,0.80336,-0.11871,0.18152,-0.84739,0.49196,2.65438,1.41289,1.32552,0.36385,0.49543,0.96221,-0.19408,0.65184,-1.58252,-0.19462,0.17237,-0.91083,0.45664,0.05195,1.17276,-0.20534,-2.76003,0.35508,1.11511,0.82902,0.2351,-0.32212,-0.19715,-0.75503,-0.04767,-0.43257,-0.03906,0.47589,-1.16341,-1.10135,-0.58766,-0.87012,-0.09035,0.47782,-0.27,-0.30499,-0.37921,0.17535,-0.35042,-0.97281,1.39883,-1.36141,1.44106,0.57229,-0.40487,-0.52678,1.13629,0.81781,-0.90688,-0.72788,-1.61516,-0.73011,0.88629,-0.31033,-1.26431,1.90892,-0.99472,1.66835,0.12026,0.33054,0.04132,-0.65951,-0.06389,-0.88674,-1.79314,-1.32568,-1.45468,-0.2784,-0.56183,-0.3233,0.65278,-0.51775,0.61114,-1.96881,0.05624,0.12082,0.07539,-0.01523,2.36327,-0.18283,1
0.07624,-0.07278,1.23219,1.04511,1.25374,0.73203,2.12137,0.37517,-2.06005,0.62455,-1.14699,0.1163,1.19216,-0.35457,0.00044,-0.35354,0.50367,0.21074,-1.4571,-3.35418,0.12532,-1.04578,-0.0781,-1.53649,-2.05269,-0.1158,-0.01911,-1.20366,0.47487,0.28531,-0.43416,0.08643,-1.10604,-0.41163,1.64609,0.96941,0.14997,0.41931,-0.5697,0.81749,0.37371,-2.19808,0.16503,-0.06096,-1.17939,-2.17528,-0.25231,0.31488,2.51669,-1.52121,0.4378,2.09902,1.05721,1.29721,0.46659,0.42271,-1.4333,-0.27304,-0.72181,-1.82426,-0.8411,0.05125,-0.96144,0.89061,0.28598,-1.4753,1.45045,1.19588,-1.01599,-0.56189,0.43274,0.83863,0.14687,2.36605,1.03138,-0.82279,0.03813,0.50818,0.22525,-0.23304,1.17399,0.23374,-0.33386,0.70814,-1.32077,0.08641,1.12931,-0.80304,0.57544,1.30548,-1.20298,1.11707,-0.94357,1.37596,-0.18951,0.52208,-0.80699,-0.8869,-0.02469,-0.59843,-0.93026,1.20561,0.28128,0.46286,1.5041,-0.84952,0.29637,-0.04982,-0.62986,-0.22299,1.3596,0.81736,-0.29952,-0.55806,0.59828,-0.94546,0.92432,-0.60523,-1.27016,-0.31868,0.40604,-0.24124,1.39829,0.87019,0.48743,0.30747,-1.00458,-1.10183,0.39211,-0.10211,1.85826,-0.22817,-0.16853,0.34471,1.30722,-0.92575,0.18952,0.14534,1.01177,0.80832,0.49523,-0.75677,3.09116,2.04799,-0.16639,0.08345,-0.51278,0.26117,0.38976,0.13344,-0.79109,-3.82005,1.12493,0.53566,-0.26511,-1.40789,1.27065,0.83487,-0.3492,0.82606,-1.41462,0.06079,0.36004,-0.15554,0.35795,-0.67726,-1.07686,0.49389,-1.42425,-0.08102,1.42894,-1.46913,0.52404,-0.90382,1.29183,0.34919,-0.14949,-0.24736,-1.00327,-1.12511,1
-0.69715,0.10064,1.03407,0.48629,0.46199,-0.01755,0.76549,0.31046,-0.02209,-0.58803,-0.86381,-0.45565,-1.3175,-1.64123,-0.99398,1.08827,-0.49829,-0.81286,1.38008,0.02818,-1.07647,-1.26412,1.19857,-0.05998,-0.60703,-0.43703,0.38743,0.24052,0.04116,-1.69385,0.91804,-1.92148,-0.99565,-1.81268,0.08284,2.14388,-0.79591,-0.44342,-1.03668,1.06105,-0.93302,0.80549,1.92437,-0.23852,-0.64827,0.50554,-1.01038,-0.54357,-0.43377,0.29337,-0.00227,0.82529,-0.94729,-0.37709,0.50738,-0.94189,-2.9532,2.85186,-0.00501,-0.39689,-1.63417,0.9008,1.68642,-0.08419,0.22517,-0.66898,-1.39351,0.62492,-0.98061,1.302,0.29334,1.03596,-1.76604,0.33794,1.0486,0.62232,-1.16243,-1.17472,-1.01999,0.35879,2.65375,0.3796,-0.04353,0.70375,1.00644,0.95398,-0.8161,-0.66257,-0.24645,1.43306,0.12779,-1.049,-0.67905,-0.22738,-0.16742,-0.19004,0.74313,0.05536,0.23819,-0.50781,1.10838,0.49645,-0.97851,-2.45427,-1.19688,1.38658,0.62798,-0.62573,0.4106,0.16592,-1.25044,-0.0971,-0.59638,0.74231,-1.13951,1.28367,-0.1759,-0.75039,1.15173,-0.57073,1.3216,-1.1439,1.55293,-0.38626,-0.80498,-0.64843,-0.30196,0.15423,0.44572,-0.01714,-1.11832,0.51158,-0.79593,-2.9434,-1.61069,-1.11751,-0.19331,0.72395,-0.00984,1.56083,0.67248,-1.67774,1.84544,-0.41593,-0.21499,1.13349,-1.34048,1.31533,-0.29394,-1.94776,-0.51771,0.87541,1.2806,1.37092,-0.59576,0.65021,1.26452,-0.91528,1.29978,0.52716,1.65393,0.2016,0.39178,0.13307,-0.70378,0.90206,1.31676,-0.21903,-0.50544,0.43624,2.76458,0.92995,-1.05498,-0.99479,0.64414,0.44697,1.30325,0.1796,-0.03384,-1.83577,0
-1.23913,1.67546,-0.10024,1.22538,1.75214,0.19284,1.71692,0.01486,0.74449,1.37493,-0.92029,0.38946,0.89169,1.32219,0.09595,-1.60104,1.29977,-1.14035,0.39127,-1.90367,-0.48886,1.01036,0.69325,-0.16712,0.20318,0.36443,1.87868,-0.18512,-2.19142,0.61544,-0.24366,0.27042,-0.16304,-0.30501,-0.92837,-0.21814,0.70728,0.59207,-1.35977,0.44143,0.32708,0.24975,0.34109,1.41113,0.51641,-1.19973,0.31833,-0.37748,-0.53456,-0.32032,-1.09055,0.10215,0.71483,-1.01245,2.21707,0.17338,-1.42564,-0.53453,-0.48488,-0.50221,-1.87745,-0.22515,1.11327,-1.25115,1.3228,-0.69163,0.33241,1.4104,-1.53863,-0.45387,-0.52283,-0.58255,0.21827,0.66939,1.37595,-0.14232,-1.18312,0.6229,-0.61511,-0.28829,0.20652,0.93161,1.24715,0.66639,0.845,-1.10392,0.38101,0.20546,0.61588,-1.44583,-2.33205,-0.97929,1.48436,-0.28638,0.25841,-0.49233,-1.20615,1.23787,1.18247,0.03015,-1.57704,0.39788,1.63873,0.06072,-0.59437,-1.35933,1.15113,-0.77604,-1.69517,2.25352,1.79449,1.08123,0.26559,0.31868,-0.14251,1.9468,0.65126,0.76203,0.08227,0.36712,-0.07999,1.76651,2.79182,-2.04456,-0.15347,0.0183,-1.45886,-0.36552,-0.53072,1.06715,-0.92346,0.41375,1.57574,-0.95932,-0.77723,1.38418,1.51386,-0.79695,0.50811,-1.92793,-0.8462,1.39732,-1.35766,0.07921,-2.10002,0.49428,-0.52601,-0.41486,1.04751,0.60795,0.28763,-0.35002,-0.36724,0.34617,-0.01512,-0.08945,-0.954,-0.12179,0.0845,-2.19846,-1.58271,1.58788,0.84053,-0.88738,-0.54004,0.57253,1.27331,-1.41106,-0.50016,-1.72701,0.54798,0.11821,-2.75657,-0.44146,-0.69223,-0.36523,-0.603,1.25648,-0.15595,0.36535,0
-0.2318,-1.73541,-1.05786,0.1655,-1.18479,0.07942,0.69071,-0.71345,0.80664,0.34152,-0.55769,0.20261,2.56788,1.17299,0.53219,-0.71352,0.43646,0.65413,2.29862,-0.71501,-0.08802,-1.12094,0.42276,0.43269,0.72711,-1.41594,-0.81261,0.76474,-0.4765,0.85794,0.92862,-0.10293,0.4856,-0.2614,0.26062,0.71622,-0.35895,1.46233,1.26692,-0.16348,-1.85924,1.30627,0.90051,0.96134,1.14321,-0.32599,-0.68865,0.20361,0.93338,-1.65109,1.78148,-1.03534,0.8353,1.33491,-0.62633,-0.05556,0.53813,-1.63523,1.5036,-1.74335,0.35744,0.81219,-0.36735,-0.90635,0.53814,-1.06051,-0.4053,0.51468,2.92766,0.23929,-0.10929,-0.47896,-0.64828,-1.22194,1.34122,1.06525,-1.36698,-0.6864,-0.74536,0.59126,0.70918,-0.59181,-1.67064,0.69663,-0.61872,0.41744,0.65713,-0.68437,-0.09799,0.10321,-0.44043,-1.30399,-0.57783,2.0509,-0.77455,1.78456,0.03374,-0.9115,1.24712,0.0776,0.77244,1.80549,1.30913,-1.35701,1.65288,0.19252,0.0082,-0.1365,1.72689,-0.16502,-0.11125,-0.3604,-0.16636,-1.02783,-0.2511,-0.13085,-0.8346,1.23971,2.44712,-0.08329,-0.6123,-0.82483,-0.04676,-0.21149,0.06547,-0.97998,1.51544,0.03595,-0.72419,0.37132,-1.12717,0.32984,-1.50757,0.82453,-0.2575,0.75309,1.55623,0.54464,-0.64052,-0.70085,0.58834,-0.20535,-0.71529,-0.57974,-0.62834,1.203,0.05682,0.17427,0.16281,1.51156,1.33682,1.22188,-1.74104,0.1164,0.70545,-0.2669,-0.35365,-2.17592,0.41365,2.52544,0.73956,-0.32951,-0.78225,-1.07353,1.11918,0.80391,-0.58556,-1.35652,0.17819,0.08018,0.03115,-1.71019,-0.1393,0.5257,-0.9589,1.72989,0.17028,0.75176,0.38438,1.12281,1
0.3186,1.41676,2.17321,1.00752,-1.1118,-0.07458,1.18061,-0.26161,0.53177,-0.15451,0.35343,-1.23981,-0.41904,1.59031,1.42379,0.40033,0.05525,-1.16737,-1.2328,0.94164,-0.49585,0.93773,-1.22554,-1.52648,-1.32452,0.88164,1.07896,0.25019,-0.08472,-0.07962,1.10343,-1.93176,-1.86794,1.78271,-0.27659,-0.21257,0.46977,0.24025,1.72281,-2.24373,0.62896,0.74992,-0.50751,-1.20511,-0.99493,-1.26894,-0.63617,-0.34446,0.5644,-0.27971,-0.47445,-0.19292,0.82269,-0.20535,0.66516,-0.69575,-1.12039,-2.06616,1.42976,1.02774,-0.69736,0.20325,-0.58797,-0.4299,-1.58968,-1.17945,-0.01914,-0.32362,0.98038,0.24,0.53531,-0.58289,0.7231,-0.02803,-0.60718,-1.09695,-2.70578,0.58553,-0.59897,0.24943,0.81596,-1.80952,1.14115,0.28576,-1.24043,-0.48445,0.69201,0.63067,0.11156,1.55938,-0.34234,1.02032,-2.00393,1.07519,-0.00912,2.29445,-1.11808,0.21532,0.24611,-0.37614,0.26181,-0.15593,-0.93395,1.03909,-0.49283,-1.34512,-1.63717,-0.66508,2.23302,0.92272,-0.66339,-0.55219,0.97875,1.90281,0.28458,-0.72875,-0.3405,0.42565,0.01984,-3.19943,0.3294,1.42061,-0.49433,-1.12814,0.46491,-1.25543,-1.25204,0.51267,-0.53221,1.0904,0.18718,-1.23119,0.56261,0.95845,-0.38839,0.16938,-0.5748,-0.88039,-0.52751,-0.68281,2.39009,0.43513,0.65622,-1.34729,0.2202,-2.00127,1.14195,-1.32816,0.16204,0.44514,-0.83537,-0.12764,1.72873,1.37639,-1.66927,0.13325,0.02099,-0.86786,-0.54759,0.72339,1.02946,0.5799,0.58925,0.01981,0.12124,-1.31982,-1.30796,-0.30714,-1.22749,0.10951,-0.49451,0.65537,2.07643,-0.40338,1.02713,1.01532,1.14124,0.45696,-0.65037,1.16217,1
-1.1043,0.35223,1.76859,1.25681,-0.73494,-1.02424,-0.63581,0.57501,-0.0702,0.56034,0.14176,-1.98952,-0.22312,-0.35203,-0.90345,0.37962,-0.68161,0.08416,0.13538,-0.78037,1.17852,1.22537,0.27816,-1.94307,-0.94893,-0.6193,0.49217,-0.39475,1.21125,-1.42415,0.8965,0.47548,-2.14933,-0.64258,0.18278,-1.42218,-1.1407,-0.57329,0.19293,0.69703,0.55376,0.225,-0.15914,0.58834,-0.82903,-0.30327,-0.73797,-0.72791,-1.03546,1.61803,0.39414,1.30989,0.46265,1.421,1.15713,1.37762,0.67086,0.92983,-0.89026,-1.43813,-0.7345,1.12065,0.02768,0.52114,0.8047,0.7268,-0.08242,0.49059,2.55137,0.80355,-0.18947,0.15585,-0.45126,-0.2064,2.4352,-0.44804,0.68352,-0.79317,-0.94329,1.59778,-0.31099,0.64265,1.25248,-0.54962,0.47029,-0.98781,-0.54871,0.02382,-0.45528,0.14379,0.35723,0.66303,0.21559,-0.16431,0.51874,1.13108,0.03406,1.60729,0.09175,0.58654,0.44852,0.05126,-0.62474,0.27468,1.18305,0.23064,0.13785,-0.31693,-0.84635,-1.26271,0.11,-0.38598,-0.43272,1.4133,0.87525,1.16614,0.91222,1.25489,-0.92406,2.06357,0.68886,0.72007,0.8268,-0.38871,-0.66167,0.09253,1.2025,0.31432,0.12099,0.04771,0.69051,-1.12875,-1.09325,0.07268,1.07584,1.01604,0.74737,-0.95717,0.39655,0.90975,-0.48943,-0.14095,-0.05913,2.26277,0.58395,0.22258,1.18948,1.1222,0.90094,-0.99119,-0.96577,-1.3503,0.1388,-1.01646,1.15056,0.90025,-2.33005,-0.43121,1.12169,0.36218,-0.82833,-0.73848,0.39219,-2.13381,-2.36043,-0.25241,-0.5048,0.60753,0.38797,0.68059,0.61287,-0.57271,-1.37201,-1.3826,0.66855,0.30852,0.95482,-0.43062,0.88216,1.55347,0
0.33223,-0.15185,-0.80506,-0.39744,-1.50592,0.54785,1.41934,0.18139,0.68876,2.25572,-0.00217,-1.17073,-0.50229,0.25482,-0.56075,-0.97242,0.56519,2.42695,-0.92075,1.86053,-1.05373,-0.47975,-2.15505,-0.68719,0.25768,0.47922,-0.59945,0.79008,-0.72741,0.26244,-0.99577,-0.66141,-0.94746,0.22768,-0.13805,-0.86773,-0.4324,1.82656,-0.32102,-1.53715,1.74791,0.78659,1.52469,-2.16295,0.28037,-1.71156,-0.4662,-1.52245,0.03292,0.25173,-1.59249,1.63332,0.94937,-1.04749,-0.62832,1.12807,0.87381,1.07171,-1.81631,-0.53491,-2.17318,-0.02491,0.01428,0.13111,-0.40308,-0.61093,0.10831,-1.08259,-1.71483,0.15693,0.0445,-0.0027,1.46317,0.35941,0.07821,0.86762,0.5589,-1.83274,1.6924,-0.84038,0.33713,-0.76154,0.65867,-0.1994,0.85089,-0.93657,0.87609,0.7971,0.30639,1.36515,-0.46357,-1.08824,-0.19006,0.19701,-1.59509,1.01755,-0.29827,0.78648,1.05041,0.46086,0.0588,0.8527,1.47925,2.48301,0.85142,-0.56676,-0.01065,0.4262,-1.02126,1.40753,0.1085,-0.80051,-0.7452,0.56205,-2.81214,0.63257,0.68427,-0.2615,-1.65318,0.99024,-1.66607,0.20605,1.59893,1.8711,0.15337,0.75751,-0.2567,-1.10122,0.62346,-0.50997,1.18535,0.95068,-0.6536,-0.39071,-1.13961,0.88318,0.63998,-0.86583,-2.41561,0.44216,1.34782,-0.23288,-0.87865,0.62797,0.83645,0.55651,0.08297,1.41214,-1.77477,0.07301,-1.01926,0.77333,-1.08617,-0.58014,-0.49131,-0.04443,-1.17106,-0.75409,-0.53104,0.52392,-0.42448,-0.88998,-0.51087,-0.5472,0.45121,0.5294,-1.57423,-1.0047,0.31897,0.77327,1.35788,-0.35237,-1.50852,0.06967,0.25823,-0.32719,-0.87275,1.85744,-1.64502,1.23801,1
1.04665,1.07674,-0.17534,-0.92202,1.21177,-0.66927,-2.29838,0.5637,-0.21826,0.89431,1.46407,0.35887,-0.77501,0.16436,-0.30677,0.59764,0.87004,-2.08558,0.80809,0.24267,-0.13426,0.92034,0.20143,0.31737,-0.72126,-1.48082,1.05483,1.23982,-0.06091,0.48377,-0.58838,-1.36791,-1.13307,0.21049,-1.85432,1.52869,1.30349,0.04803,-0.40059,0.331,0.05532,1.04844,0.6581,-0.68362,-0.32104,-1.44813,0.3389,-0.18495,-0.77617,-0.30543,-1.12585,0.2082,-1.05395,0.43937,1.65868,-0.37284,-0.99681,-0.73252,1.41695,-1.31271,0.11036,1.42504,-0.44558,-0.34692,1.06581,0.7032,2.70239,0.4987,-0.52601,-0.29656,0.2037,1.46254,-0.20255,-0.05065,1.16372,0.87093,0.62616,-1.00705,0.95398,-1.32949,-0.58689,0.32302,-0.71444,1.09994,-0.06097,-0.88456,0.35922,-0.03978,-0.5837,0.46266,-0.01164,0.53499,0.40871,0.39683,1.0907,0.61956,-0.551,0.7316,0.58663,0.20604,-1.85183,1.75325,1.10882,-0.49278,1.80635,0.63846,-0.40684,-2.03092,0.66051,1.1776,-1.64425,-1.39895,-0.21542,-0.4294,-1.4234,-0.04012,0.98839,2.34352,0.59176,0.8077,0.41745,-0.96054,2.48809,0.23023,0.31026,-0.94545,-0.69673,0.1167,0.85875,1.48952,-0.53667,-0.60008,-0.41503,-1.71514,-0.3736,-0.08862,-0.94576,-0.30271,0.41922,-0.53094,0.24584,-0.5979,-0.95122,0.3665,-1.28931,-1.10816,-0.69065,-0.33331,-0.90994,0.70803,1.16512,-1.03312,-1.71535,-2.77636,0.31738,0.38884,2.16439,-0.1629,-0.03658,-0.03531,-0.8255,-0.76141,-0.90651,0.18322,-1.17985,-0.9019,-2.07439,-0.10208,-2.07359,-0.74095,0.30608,0.00877,0.88806,-0.18205,-1.27191,-0.88814,-0.41541,-1.79507,0.30263,0.14114,0
1.04345,-0.0656,-1.31493,-0.49623,1.53391,1.24409,-1.80198,0.08035,-0.47005,0.52984,1.81912,0.16991,1.07818,1.35133,0.92028,0.25097,0.86432,2.1818,-0.85018,0.1186,-1.71542,1.69148,1.22503,-2.58625,1.72449,0.68634,-0.96643,-0.06553,0.03934,-0.33872,1.88771,-0.40289,-0.50967,-0.94852,0.2904,2.10743,-0.0781,0.70062,1.21755,1.12785,0.4471,1.08295,-1.3763,-0.87749,0.17251,-0.66391,0.06105,-0.05636,0.44429,-1.60236,-0.88029,-2.46935,0.052,0.43631,0.86634,0.01243,-0.42728,-0.62001,-0.021,0.16658,0.59392,-0.74544,-0.03782,-0.52417,-0.19018,-0.36021,1.82234,0.38416,0.34074,0.44449,-0.26063,-1.11536,-1.68621,-0.15907,-0.41633,0.72561,-0.28829,-0.29126,-0.96215,-0.53981,0.63543,0.43593,-0.5389,0.70565,0.75783,1.44633,0.09296,1.38194,0.95551,0.9129,1.04567,-1.01809,-0.72441,1.47155,0.12222,0.41094,-0.61435,-1.66189,0.5484,-0.61032,-0.96721,1.58432,1.31041,0.84982,1.01537,0.16993,-0.02659,-0.03634,-0.35124,0.0087,-3.18747,0.57166,-0.54853,-0.30949,0.24412,-0.21182,1.64095,-0.49999,-0.60326,1.97719,1.67332,1.01567,0.30026,-0.46815,-1.01829,-1.22275,0.47707,-0.35134,2.72209,-1.42043,0.86159,-1.33645,1.0108,0.76198,0.9363,-1.74814,0.16226,-0.48765,-1.25103,0.0468,-0.76477,-0.06342,0.11298,1.06758,1.00721,-1.46689,-0.41944,-1.21126,-0.07999,1.17413,1.47523,-0.22646,-0.32884,0.08286,0.00889,2.34932,1.38996,1.35883,2.03596,0.42985,-0.44704,-1.65497,-0.89857,-0.09589,-0.67112,-1.06415,0.31756,-0.16118,-0.0667,-0.63332,-0.51361,0.76608,-1.24357,-0.08101,-0.96494,-0.06431,0.36211,0.04434,-0.16628,0.90541,0
-0.14995,1.50699,0.49571,-0.49903,-1.38521,1.28623,-0.76035,-0.38528,-0.30885,0.54949,0.86258,1.30585,-1.911,-2.28652,-0.11466,1.00522,0.58694,-0.48336,0.39527,-0.71466,0.32031,-1.75791,0.28598,1.04714,-0.83085,0.92848,0.14132,-1.5134,0.30649,0.57651,-0.41331,-0.06783,-0.3187,0.36234,-1.24737,1.74158,-0.82397,-0.79167,-0.34244,1.84342,-0.62602,-1.05276,-2.24275,0.9992,-0.32039,-0.07383,-1.61953,0.38252,0.40874,0.42176,0.54134,1.07916,0.22975,-0.07519,-0.77652,-0.58115,-1.01493,0.58887,0.18681,-1.99331,-0.69346,-1.25689,0.13647,1.08694,-1.14335,0.33059,-0.48387,-0.42697,-2.56388,-1.19885,1.89156,-0.34122,0.29956,-0.28315,-1.27605,0.00236,0.40478,-0.13637,-1.0165,-1.2609,-0.43074,0.37716,0.98255,0.82645,0.44144,0.78384,0.56652,-0.62198,-0.84251,-0.67502,-2.08215,-1.52654,-1.61785,1.44791,1.16612,-0.19934,0.67769,0.17321,-1.8221,-0.78794,-0.07604,-1.70495,1.31976,0.1577,-0.42314,-0.14868,-1.52462,-1.30815,-0.23782,1.59704,1.4443,-0.06557,0.14933,1.54398,0.80269,-0.01693,0.52818,-0.13377,-0.91899,-0.7761,1.43383,-0.54549,0.13187,0.15883,-0.62583,0.80596,1.59555,0.71244,-1.37692,-1.50413,-0.41786,-2.02411,0.30618,-1.67225,-0.9904,-0.3787,-1.28696,0.02042,-0.33054,-0.02302,2.03317,1.84677,-0.25318,-0.09025,-0.79076,-1.7865,-0.1677,0.04574,0.94876,0.46728,-0.01152,0.17331,1.0003,-0.08049,0.13024,0.20386,1.49991,0.12748,0.11394,0.09435,-0.64306,-0.1882,-2.19744,0.54334,-1.12909,-1.37388,-0.25463,0.2868,-1.22066,0.27214,-0.30666,0.00139,-1.39837,0.98842,2.38537,1.41135,0.47075,-0.31175,0.92905,-1.266,0
-0.12703,1.73259,-0.9501,0.11256,-1.46841,1.29224,0.54088,-0.35105,1.90094,0.01928,-0.69099,-1.40374,-0.52799,-0.35632,-0.86359,-0.16112,-0.2441,-1.88141,-0.24967,0.18807,-0.39903,0.40395,-0.15836,-0.37183,-0.28834,-1.74813,-2.22921,2.50448,0.02734,-0.19721,1.83013,-0.99139,0.33595,1.20532,-2.23167,-1.04451,0.87013,-0.33684,-0.8453,-0.33409,-0.77848,1.00439,-0.21027,-0.62004,1.27027,0.85373,0.50404,1.63139,1.26956,1.233,2.58898,0.46271,-0.43392,0.28818,-1.63696,0.85668,0.28536,-1.72234,0.09652,-0.04482,0.81117,0.97021,-0.9012,-1.13383,0.85225,-0.09795,0.83161,0.89179,0.80958,0.6864,1.93101,-0.23447,1.10349,-0.3005,-0.9304,0.28738,0.58168,1.58461,-1.31116,0.98733,-0.02449,-1.50292,-0.62965,-0.4849,-0.6585,0.73442,-0.52642,1.12446,0.1091,-0.46769,-1.32395,1.45447,-0.5105,0.52189,1.30035,-0.3268,1.40798,0.11785,0.05902,1.21734,-0.36924,1.78114,-0.87512,0.78851,-0.46866,-0.61119,1.18312,0.90931,0.57263,1.70514,0.91579,-0.88299,1.27899,-0.34731,-1.4639,0.82908,0.77375,-0.35694,-1.16679,1.76117,0.35274,-0.63822,0.80098,1.02993,-0.37735,-2.04227,-0.87328,-0.20486,-0.29047,-0.66599,1.20443,0.37535,0.8421,0.6821,0.50938,-0.41719,1.40794,1.47788,1.19022,-0.49547,1.03346,0.51493,0.3707,2.67737,-0.8826,0.50146,0.86815,0.8969,-0.39538,-0.95506,1.74523,0.5196,-2.99907,0.08253,-0.07465,-1.00307,1.32759,0.31759,1.1379,-1.15585,-0.72604,-1.33037,0.54137,-0.71903,-1.64169,1.23205,1.21765,1.26603,-0.51427,-0.51898,-0.49535,0.54862,1.1408,-0.4544,0.33818,0.039,0.30935,1.51629,0.02511,0.27845,0
1.02787,-1.26442,-1.30028,0.13206,0.34671,-0.94472,-1.4876,0.07032,0.42443,0.11737,1.48557,0.40117,-0.29168,-0.19821,0.9965,-0.93652,0.41798,-0.61806,-1.07003,-0.6144,0.29771,-2.21985,0.42849,0.7788,0.4976,-0.30612,0.33226,1.76113,1.28041,0.78116,-0.48121,0.62761,-1.62915,1.64561,-0.14346,1.66057,-1.02367,0.04503,0.55551,-0.53397,0.46143,-1.71561,0.56209,-0.42281,-1.68694,1.23203,1.14102,0.45498,2.08236,-0.18295,-1.32999,0.53778,0.32848,-0.90676,0.56065,1.04174,-0.69884,-1.66605,-0.61285,0.37465,-0.92381,-0.18589,-0.62953,-1.88633,0.41069,0.88139,-0.64641,-0.77902,-1.79084,2.119,-0.19949,-0.47487,0.38844,-0.84501,0.44812,-0.34716,-0.48658,-0.04946,-1.08818,-0.02552,-0.75043,0.13918,2.24239,-0.29572,0.94032,0.10051,-0.05201,-0.40668,1.26626,-1.99188,1.05533,-0.16004,1.27056,0.11423,2.17331,-0.36511,-1.2445,0.6656,-0.8908,-0.54005,1.04407,0.51619,0.65553,-0.96394,0.62265,1.09453,0.48073,0.28498,-1.43897,-0.20371,-1.42513,-1.77287,0.25644,0.06769,-0.82415,-1.35759,-0.1327,0.51928,1.07751,1.56773,-0.16642,-1.71544,1.0343,0.39451,-0.31868,0.1095,-0.22557,0.09694,0.08258,1.83816,-0.08159,-0.89471,-0.43554,-0.68441,0.33702,0.18638,0.59274,-0.52061,-0.68011,0.49086,2.03341,0.30331,0.35124,0.20684,-1.16809,1.1076,0.05557,-0.55227,0.86284,-0.46395,-1.02645,0.73398,1.62015,-0.21725,1.26469,-0.9609,-0.83405,0.73025,-0.88429,0.66631,0.09397,0.1135,-0.97475,0.34722,-0.06199,1.0909,0.4164,1.25966,-0.30674,-1.05571,1.04463,-0.16542,0.99204,1.29052,-0.12117,0.33766,1.67513,-0.84429,1.55245,0.59458,1
-0.02726,-0.02673,-1.29607,-0.70991,0.01,-1.03004,0.41973,1.41742,-0.55923,0.79656,0.85636,1.55054,1.70364,-0.43315,0.65166,0.80718,0.01383,0.07959,0.82279,-0.13772,0.89718,0.23874,0.57909,-0.10015,-1.27572,-0.65702,-0.06386,0.49715,0.03301,0.14264,0.8963,0.34893,-1.39809,0.73693,-1.25577,-0.29897,0.57667,0.02141,-1.55972,0.68986,0.45595,-0.64776,1.51931,-0.3812,-0.24781,-1.64212,-0.00403,2.09476,0.42923,0.53463,0.49694,2.0733,-0.40624,-0.76452,-0.19863,-1.32622,-0.78624,1.54606,-0.36761,-0.21796,0.93223,1.37104,1.17345,0.02452,-1.08085,0.71478,-1.52082,1.02878,0.6601,0.36327,0.27152,1.23357,1.32226,0.99235,0.44285,-0.7612,-0.73101,-0.03668,-0.10759,-0.96126,-0.85219,-1.80601,-1.80204,0.15858,0.76771,-0.79416,0.22018,-1.11786,0.05757,-0.70904,0.01725,1.18297,0.49615,-0.51813,-0.56074,1.35871,0.55335,-0.3866,1.14707,0.97063,-0.98157,-0.3347,-0.11722,0.39133,0.59022,-0.17285,-0.04001,-0.54827,-0.15319,0.69064,-1.18491,1.26679,-1.06718,-0.45676,-1.10427,0.00201,0.23313,1.36124,-1.27628,0.56273,-0.51552,-0.6848,-1.5518,0.01865,0.20381,-0.7921,1.3493,-0.13552,0.82411,-1.27181,0.42933,1.36974,-1.0642,-0.91391,-0.3689,-0.41443,1.22475,-1.97483,-0.60352,-0.09548,-1.26108,-0.43147,-1.30371,-0.15262,2.11163,-0.76015,0.77772,-0.92235,-0.53412,2.20481,1.08486,0.2015,-0.09727,-0.92807,-0.99024,-0.97278,-0.27918,0.6653,-0.97311,1.27314,-0.41262,-0.36473,-0.35986,-0.79472,0.70287,0.20458,0.46425,0.25324,-0.05707,-0.07258,0.30309,-2.54958,0.69806,1.75526,-0.11741,1.40201,-1.62982,1.664,0.53097,-1.31863,1
-0.84846,0.74339,0.61328,-2.30862,0.71051,0.44564,-0.33539,-1.92906,-0.8894,1.19419,-0.01649,0.12531,1.32061,1.23288,1.89279,-0.72942,-0.80385,-0.66678,-0.71433,0.23545,-0.85818,-0.11425,-1.66688,0.78837,0.61686,1.57762,0.76912,-1.61891,0.04774,-0.86801,0.14687,-0.32785,2.02695,-0.12148,1.2402,-0.52345,-1.44575,0.75345,-2.24744,0.09347,-0.63902,-0.34714,-0.8064,0.68004,-0.34066,1.50227,0.98712,0.52471,-2.11544,-0.81097,-0.34755,-0.15703,-0.37331,1.28179,0.75651,0.15376,-0.09633,-0.50933,-0.10798,1.28599,0.34419,-1.15022,-0.87836,0.15784,-0.31432,-0.82941,-0.76592,-1.09141,0.59939,-1.80138,-0.66538,0.46823,-1.88389,0.57113,-0.50445,-1.33853,-1.06512,1.40359,0.25808,0.07875,-1.15637,-0.21519,1.06037,0.41742,1.99523,-0.19995,1.80413,1.15201,-0.39554,-0.37259,0.60399,-1.47708,-0.40878,-0.13793,0.1617,-0.26812,-0.34141,0.11441,1.50954,-0.66485,-0.04504,-0.48182,-0.98488,0.32091,0.59528,0.02373,0.66087,0.90008,-1.33594,0.67829,-1.24275,-0.95531,0.51682,-1.57283,-1.34998,-1.12798,0.00702,0.20054,-1.3837,-1.37499,0.82575,-2.08487,1.20159,0.53723,1.54256,-0.72153,-0.50402,0.39864,-1.27447,0.86415,1.12301,-0.52187,-1.48896,-1.04585,0.28694,-0.46793,0.48649,-0.15741,-1.20332,-0.86976,-0.69339,0.62497,-0.96639,0.26818,-0.32628,-0.41472,-0.7617,0.56816,0.36911,-0.49145,-0.01266,-1.35834,-2.01673,0.62135,0.75526,1.17964,0.03837,-0.43376,-0.72123,-0.62405,3.21284,-1.12908,-0.24374,0.12699,0.47334,-0.92226,-0.35105,-0.7605,-0.82471,1.32666,0.7464,-0.6808,0.1107,0.97879,0.60971,1.6221,-0.69362,-0.51108,0.65666,-0.20039,0
2.36641,1.10874,-1.51988,-0.82909,0.31302,0.4351,-0.19438,-0.45563,-0.49668,-0.1759,0.82922,0.14114,-3.05235,0.47177,-1.16491,-0.16806,0.1509,-1.9244,1.79346,-1.75772,-1.46708,-1.50253,-1.31098,1.75716,1.13081,-1.07504,-0.68358,1.78783,-1.41711,1.36254,-2.0374,-0.1105,0.95476,-0.19659,0.32588,-1.9997,-1.31296,0.45925,-0.11836,-0.56679,-1.44048,-0.7859,-0.20921,-0.00418,-0.59071,-1.24145,1.35581,-1.00465,0.83585,-0.30862,-0.45407,-0.59725,-2.56391,1.72731,0.02697,-0.25215,-0.14107,0.17246,-0.10281,1.41112,0.07872,2.24653,-0.4017,-0.43123,0.10125,0.14619,-0.9409,-1.07032,-0.57988,-2.30259,-1.07616,0.53906,-0.58318,-0.29863,-0.4254,0.73018,0.66786,-0.57721,-0.39757,-0.86268,-1.2603,0.33317,1.41977,0.46194,1.0384,1.48967,-1.01211,0.17179,0.24376,-0.06528,-1.16059,-0.82424,-1.84328,-0.55876,0.35736,0.19314,-0.30345,0.31899,0.6124,-0.33161,-0.0075,0.50734,-0.76977,0.11078,0.40965,1.15284,0.68627,1.06502,0.36585,-1.21878,0.1145,1.5598,-1.50175,0.03487,0.94128,1.90036,-1.30296,-0.09806,-0.27013,0.85024,-2.43216,-0.4089,-0.51478,-0.37569,-0.00696,-1.17705,0.06011,0.17009,0.21608,0.72913,0.68557,-0.68496,1.71924,0.27807,-0.21526,0.34289,1.10018,-0.82561,-0.66876,-0.52071,-0.43785,0.32485,-1.38094,-0.51993,-0.82466,-0.09465,-1.50122,1.7168,-1.3159,-0.58238,0.09314,-0.2826,1.18271,1.34227,-0.97335,2.50551,-2.29739,-0.2037,-0.5428,1.12171,-0.00788,-1.67951,-2.11199,-1.85162,0.58166,0.19266,1.52603,0.39325,0.14943,-0.27655,-0.02659,-1.84728,-0.30945,0.94803,0.11043,-0.93174,-0.38087,0.41259,0.59524,0.69122,0
-1.34589,-1.11671,-0.65116,3.5015,-1.05962,1.06072,-0.18346,1.57836,0.12361,-0.27881,0.12478,2.29568,-0.60546,0.15228,2.06906,-0.70806,0.24052,-0.19242,-1.87307,1.27525,-0.28297,0.80903,-0.6173,0.34475,0.84628,1.17912,-1.27144,0.2972,0.05092,-1.17368,-0.63632,-0.44321,0.01173,-1.80491,0.10794,0.43117,0.90117,2e-05,0.91358,-0.11671,-0.64948,0.09924,1.72642,1.21539,1.08266,0.93083,1.32567,-0.26867,-1.28198,1.03749,-0.79756,-0.65968,0.17194,-1.07138,-0.64545,1.90833,1.42208,-0.16199,-0.6821,0.21389,-0.45581,-0.12225,1.8439,0.00249,1.05161,0.91068,0.2644,2.04277,1.47682,0.24283,-1.05405,1.6493,-1.63752,-0.71543,1.96762,0.38296,-0.33085,1.71787,-2.01878,0.08947,0.57781,0.42279,0.02617,-0.94593,-1.2999,0.03482,-0.76694,-0.25333,-1.21699,0.10829,-0.31236,-0.44001,0.37011,-0.46681,-0.63443,-1.5764,0.06743,-0.32687,0.96072,-0.63515,1.83391,1.95328,-0.42658,-0.14262,0.70496,-1.70039,1.13538,-0.26691,0.51368,0.46377,0.60736,-1.18135,0.79111,0.30018,1.07617,0.47519,0.41966,-0.88642,1.40552,0.18499,-0.56089,-0.3214,0.99471,1.28724,0.38998,0.10423,1.35244,0.2195,2.28274,0.82637,0.8158,1.49303,0.2573,-0.18263,0.30812,-0.15803,0.84002,1.69999,-0.24055,-0.35304,-1.50442,-1.24115,-0.30782,1.4566,0.32757,2.02599,-1.65573,-0.10257,-1.11817,0.50183,0.17558,0.07139,1.42217,0.38918,-0.5311,-0.13373,1.26155,-0.83185,0.15462,0.52039,1.4711,1.38173,0.6927,0.89761,-0.24269,0.00772,0.87696,-0.60323,1.43659,0.25866,-0.67251,-0.39677,-0.13366,0.71524,-1.12191,0.07759,-1.66132,-1.53329,0.83441,-0.55973,0
-0.28759,1.1522,-0.89051,1.71352,-0.70293,-1.03539,-1.14433,0.05048,-0.70324,-0.1761,0.38071,-0.18295,-1.75437,-0.4853,0.85892,1.2394,0.10799,0.92882,-2.23495,-0.20114,0.26763,0.68032,0.84556,-0.88617,-0.33375,-0.09738,-0.82319,-0.4802,1.37813,1.65279,0.52275,-1.44936,1.03429,0.90855,-1.72417,-0.73685,-0.49215,1.21589,-0.41017,-0.73715,0.87724,-0.14211,-0.27003,-1.01952,-0.19772,1.80249,1.17435,-0.1219,-0.31478,0.65091,-1.12118,0.14094,1.50776,0.06359,0.53251,-0.7638,-0.07897,1.39725,-0.9483,-0.2516,-1.12929,-0.20137,0.12418,0.72221,1.50183,-0.82845,0.52666,-0.63781,-0.10193,-0.82226,-0.11876,-1.79653,0.68295,1.49207,1.98073,-1.83486,0.94882,0.89053,-0.55047,-0.02196,0.85534,2.07783,-0.17228,-1.01677,0.06122,-0.87693,0.48691,1.01742,-1.45068,1.13961,-1.55038,-1.43446,0.28683,0.84599,-0.81864,0.24729,0.49305,-0.63343,-1.69845,0.44109,0.883,-1.71343,0.0001,0.11243,0.38889,0.28608,-0.44105,0.23755,-0.25645,-1.21501,-0.61196,-0.54381,0.27921,1.40996,-1.13946,0.20961,-1.74845,-0.9316,-0.416,0.15832,0.36381,-0.16528,0.40468,0.45968,-2.2746,0.96572,-1.26532,0.23825,0.4864,0.47557,-1.40796,-0.05502,2.24308,0.37085,-0.02804,-1.65203,1.32036,-0.41952,0.42495,0.79042,0.35981,2.06886,0.20614,-1.43607,1.39252,-0.4524,0.96851,-0.30966,1.0122,-0.96104,-0.15817,0.11904,2.03598,-0.0061,0.40537,-1.10144,0.1387,-0.46473,-0.00509,1.7125,0.86497,-0.20333,1.30925,-0.95134,1.37067,0.31085,-0.65039,1.40359,0.16571,0.12396,-2.09121,0.76939,0.00726,0.16465,-0.16557,0.20052,-0.19704,-0.39702,0.35376,0.48923,1
0.4656,1.81154,-0.16308,-0.63754,-0.29018,-0.701,-0.51858,0.44152,0.00274,1.71903,0.02879,-1.03321,-0.14385,-0.67529,-0.81094,-0.20956,1.52808,2.4925,0.46608,0.76432,-0.44859,0.41812,0.53916,-0.69532,0.09968,0.05523,1.79285,-0.61037,0.223,1.45103,0.14003,-0.75033,-0.58655,0.64525,-1.28517,-0.27641,0.4814,1.51365,-0.21526,-0.55852,0.25561,1.23099,1.87379,-0.4329,0.24926,0.40622,0.01777,0.58814,-0.46309,1.11019,0.89844,-2.03972,-0.68703,0.56344,1.53341,-0.70116,-0.00909,0.84554,-1.77282,1.34652,-1.15924,-1.76228,1.07464,0.28595,-0.43609,0.60181,1.16008,-1.38955,-0.76933,-0.29289,-0.14856,1.19696,1.64385,1.74452,-0.00427,-0.35011,0.16457,0.145,0.9628,0.77604,0.62598,-0.10644,-0.14021,-0.84137,0.0411,0.40389,0.226,0.06823,0.18667,-2.02627,-1.04583,0.19844,-0.5147,2.47094,1.51534,0.60712,-1.21062,-0.41416,0.11775,0.61854,-1.2935,1.10099,-1.84544,-1.11761,0.08143,1.10713,-1.17714,1.43049,-0.05615,1.48667,-1.22053,-0.0631,2.01082,1.77218,0.32326,1.3931,-2.03862,0.35559,1.47076,-0.65281,0.48992,-0.82235,-0.30403,0.5455,0.32024,-0.18597,2.0078,-0.6062,-0.11212,0.09966,0.73362,-0.56204,0.17305,0.65326,-0.86038,-0.73835,-1.07068,1.44709,-0.64152,0.49145,0.34697,-1.22631,-1.57356,0.02027,-0.62913,-1.09841,-0.61185,-0.20313,0.55505,0.64332,-0.42433,-1.3607,-0.80189,-0.1602,0.26804,-0.24526,0.17012,-1.42197,-0.59408,1.7844,-0.40085,-0.29195,-0.91546,1.87739,0.11138,0.07908,0.62158,0.11328,-1.49191,-0.7481,-0.6582,-0.05253,-0.44802,-1.23197,0.66636,-1.47674,-1.22156,0.81335,-2.01271,0.43283,1
0.26522,0.00546,-1.268,-0.45868,0.31328,1.80313,0.02965,-1.25303,-1.36309,-1.17353,-0.34988,0.23166,1.88564,1.65405,0.64058,0.22388,1.72093,-0.17544,0.71073,1.36423,0.66246,-0.82898,1.31534,-0.56204,-1.10455,-0.15092,0.47569,0.14579,-2.22841,2.54011,-1.1738,2.84173,-0.99606,0.40844,-1.89283,-0.16328,-1.37374,0.41736,0.16556,-0.18183,-2.14644,-0.96069,-0.29759,-0.89463,1.2467,-0.38226,-0.51999,-0.58339,0.82213,0.13007,-0.67947,0.17009,1.12666,0.13369,-0.24008,-0.15937,1.73131,0.81412,-0.65262,0.90874,1.77944,-0.61431,-1.6368,-0.68092,0.89645,-0.36598,0.41895,0.12862,-0.67176,-1.08921,0.0315,-0.10232,-0.17845,1.86495,-0.37856,0.13523,-0.43148,-0.20631,-0.60765,-0.82896,0.32309,-0.09912,-0.33643,0.22773,0.03535,0.92645,0.31404,0.3589,-0.93696,-0.74883,-0.05394,0.3024,0.50577,-0.02343,0.25791,0.08828,-0.46491,0.45125,-1.2649,0.03964,-1.27144,2.11502,0.75956,0.48475,-1.33038,-0.60524,1.13152,-0.28628,-0.62852,-0.77333,-2.3891,0.50797,0.73436,-1.2938,-1.30356,1.41112,-0.75734,0.76492,-0.30122,-2.09625,-1.33741,0.792,-0.26858,-0.85456,0.12738,0.79761,0.97048,-2.15478,-1.0313,-1.2581,0.88856,-1.03226,-0.77591,1.16494,-0.81721,-1.15407,2.10427,-0.63139,-0.50496,-0.90881,-1.88817,-0.09742,-0.37032,0.80885,-1.33439,-0.7838,0.64701,0.3806,-2.4485,0.81867,0.59684,0.40535,-2.17872,0.06293,1.49864,0.0933,-1.10893,-1.44519,0.87294,1.12948,-0.82518,-0.28041,0.02045,-0.35161,-0.59595,2.17,1.70716,-0.12069,-0.49312,-1.01796,-1.04922,0.40504,-0.95121,1.15099,-2.07227,0.06379,-0.77289,0.23023,-1.02027,-0.29513,0
-2.44824,1.94469,0.3906,1.11847,0.60913,-1.15803,1.15594,0.09509,0.20516,-0.91093,-1.28165,0.22496,-0.23879,0.01932,1.30984,-0.6306,-1.69799,-0.40049,-0.30732,0.69826,-0.24934,0.02982,0.69139,-1.44288,0.30647,-1.51038,0.59259,4.1603,-0.30248,1.54921,0.89687,-0.99494,-0.92484,0.03243,1.37924,-0.07518,0.41167,0.51145,-0.96631,-0.53647,-0.31338,0.92251,1.29352,0.63601,0.16523,0.58918,0.56736,-0.81111,-0.08199,-2.63589,0.86733,-0.29669,-0.75317,1.2224,0.43617,0.75642,-0.73475,-0.64908,-0.87283,-1.10309,-1.8794,2.28327,0.15589,1.15037,0.93095,-1.42127,-0.24922,1.1059,0.0029,-0.02104,-0.15415,-0.40092,-0.58527,0.24587,0.12509,0.12049,1.9353,1.47674,-1.74517,-1.5627,0.53254,1.1745,1.28051,-1.37586,0.66223,-1.0928,1.62967,1.11011,-0.21472,0.41511,-1.72111,1.45836,-1.50236,-0.06337,0.3442,1.58536,1.96269,0.04707,-1.93305,-1.80168,0.59441,0.95748,0.0916,-0.28909,0.84462,1.19628,0.42921,-0.25451,-0.86021,-0.18678,-0.02615,0.25756,-0.98184,-1.02261,-0.48379,1.7073,0.74169,-0.83406,-1.04788,-1.54912,-0.383,0.35768,0.46922,-1.7034,-1.00394,0.0676,-0.66457,1.6928,0.06116,-0.33303,0.31806,-1.03435,0.38379,-0.57835,0.72336,-0.11514,0.05786,-0.33365,-0.33974,0.66281,0.47186,-0.09993,0.15272,0.51016,0.8633,0.45052,-0.27472,-1.04213,0.87499,-0.09945,0.33591,0.11151,-0.66833,1.23111,1.27564,0.75019,2.52644,-0.54824,-0.85043,0.36699,-1.03274,0.06669,0.21442,0.22791,-0.08449,1.42839,-1.44376,0.15561,0.44457,0.28093,0.39811,-1.87512,0.79191,1.28149,-1.627,-0.49571,-1.22848,0.94677,-0.50686,0.17834,1
-0.74367,0.82881,-1.46214,-1.41833,-0.76469,-0.22486,0.58071,-0.01332,-1.19966,-0.65441,-0.0402,0.70796,-1.11879,-0.9141,0.15854,-0.2055,-1.55477,-0.34206,0.14502,-1.13536,0.08085,-1.382,1.44017,-0.043,0.41532,1.93433,-0.27417,-1.10948,-0.13349,0.46638,-1.31524,-1.36242,-1.55169,0.89728,-0.44104,-1.02803,0.1111,-1.09326,-1.27203,0.78847,0.42003,1.3114,-1.23876,-0.19679,0.34466,-0.30632,1.85632,0.98186,0.23096,-0.76684,0.14542,0.59363,1.56857,0.70983,-1.06573,0.23694,-1.28245,0.31909,0.96994,0.64439,-0.56151,-0.94306,0.61071,-0.23449,0.80584,0.22818,0.73605,-0.69379,-1.10754,-0.19298,0.65052,0.35465,-0.18986,-0.89387,-0.41272,1.12839,0.97945,-0.64513,-0.501,-0.82274,-0.64354,1.28949,0.69152,-0.32826,0.0852,0.64193,-1.06131,0.38261,-0.39512,0.18676,0.9517,3.06818,-1.14301,-1.74803,1.45709,1.0376,0.55404,-0.59209,-0.71545,0.69075,1.06073,0.50611,-0.19143,0.00951,-0.03037,-1.36451,-0.38169,1.22262,-0.2939,-0.97586,-2.45414,0.27855,-1.15621,-2.34542,-0.98324,0.51475,-0.66106,0.5999,0.44786,1.10499,-0.26726,-0.56625,-1.59517,-1.99969,0.53432,-0.56676,-0.02203,0.10175,1.17968,-2.31265,0.04801,1.30842,-1.14342,1.29677,0.41627,-0.3463,0.14267,0.23476,0.09624,0.09438,-1.57259,-1.679,-0.26945,-0.82689,-0.22751,-0.4553,0.14736,-0.53203,-0.20545,-1.14009,-0.14365,1.6806,0.33642,0.59874,-0.05096,-0.00084,0.11796,-0.09977,1.91731,1.07354,1.41259,-2.39144,-0.24387,-1.2,0.27774,1.49978,-0.97071,0.11473,0.03651,0.20877,-0.22971,0.70885,-1.16651,-0.52171,0.6246,0.08318,-1.17289,-0.47328,-0.41935,-0.61875,1
0.76529,-1.94188,1.15364,-2.2476,-0.76577,-1.03534,0.38084,0.55462,1.95577,1.48558,1.9883,2.45218,1.18198,0.22594,0.07015,0.96012,-0.18034,0.38866,-0.54707,0.37201,1.42986,1.61654,-1.14723,0.3308,0.12901,-0.37486,-1.38706,-1.36187,-0.9224,-0.06743,1.07055,0.82043,-0.18077,-0.69243,0.41009,0.42528,0.7131,0.55848,1.6139,-0.41037,0.33525,-0.70302,1.13649,-0.30489,0.52464,-1.28848,2.25088,0.14621,-1.12355,0.18528,0.56018,1.56318,-1.00548,-1.32303,0.18274,-2.32133,-1.00302,-0.5237,0.23068,0.60861,0.07011,-1.13082,-0.92309,-0.19493,-0.99282,-0.09401,1.75628,-1.08707,-0.0228,-0.4115,-0.76875,0.03728,0.24719,-0.44064,-1.31199,-0.97323,-0.23528,0.73301,1.21846,-0.96461,-1.98745,0.44592,0.24703,-0.39392,0.12019,1.09718,-0.1749,-0.39864,0.15912,2.49532,-0.44669,1.21736,0.91985,-0.93123,0.67797,0.45958,2.0179,0.11471,0.55181,-1.6167,-0.46981,-1.93007,-1.26089,-0.00662,-1.44904,2.31196,0.02013,0.38755,0.34832,-0.33956,0.50224,-1.02284,-0.42856,-0.09154,-2.3914,-0.5111,0.62187,-0.52431,-0.01222,0.30878,-1.25382,1.69481,0.14051,0.48971,0.48809,-0.77887,-0.67304,-1.25454,2.00946,0.71305,0.16484,0.55791,-0.0657,-0.57904,0.907,0.10165,-0.32959,0.7391,-0.60753,-0.18775,1.56564,-0.68711,-1.13963,-0.97692,0.29514,1.1108,1.00514,-0.24487,-1.08151,1.11159,0.97266,0.20566,-0.95073,-0.00339,-1.17581,-0.12912,-0.6398,0.70541,2.07343,-0.51867,-0.08037,0.92706,-1.07288,-0.45739,-1.49266,-0.18248,0.57582,0.78401,0.76233,0.49579,-1.6867,-0.11712,1.17091,-1.09307,0.15507,0.75847,0.36891,0.2524,0.14135,0.55531,1
-0.48633,0.78893,1.5004,0.72676,-2.05069,-0.09176,0.05022,-0.29447,0.67561,-0.09003,2.31855,0.06628,-1.29745,0.02159,1.073,-1.03322,-0.47574,-2.00318,0.88252,-0.53045,0.64949,-1.10289,1.32294,-0.78423,1.12902,0.28307,0.17133,0.33336,-0.11349,1.54837,-0.9648,0.58592,0.3414,-0.97627,-0.05829,1.56723,1.39407,0.05884,0.2051,0.63756,-0.62051,-1.55023,-0.84064,-1.92508,-1.03185,-0.94185,-1.74926,-1.16577,-1.2135,-0.29203,0.37365,1.31033,1.50166,-0.14406,0.18546,-1.58011,-0.47305,1.48545,0.55905,-1.13667,-0.36268,1.31894,1.16088,-0.59491,0.63831,1.56364,-1.84198,-0.0099,-1.03936,0.95975,-2.16213,-0.5823,0.18231,-0.26468,0.56835,-0.1667,0.48063,-0.0912,1.0279,0.19024,1.02014,-0.31182,0.46373,0.35288,-0.34124,0.97192,-0.46761,-0.41106,0.5319,0.24104,-2.27492,0.29844,0.10042,0.11249,-4.21604,-1.04844,0.2381,0.44385,1.09937,-0.97099,0.46435,-0.98789,1.29475,-0.41561,-1.0174,0.27696,0.41316,0.54906,-1.15249,0.76629,1.29831,-0.60416,-0.63683,-1.15505,0.45468,0.42749,0.84513,-1.02715,0.49823,1.05302,-0.69929,1.523,0.49951,-1.31064,0.55379,0.03082,2.41163,-0.19118,1.37136,0.25874,0.7177,0.29722,1.16141,1.20579,-0.44824,-0.07709,0.27878,-0.84402,-0.16864,-0.0044,-0.4078,-0.57361,-0.89474,-0.57479,0.29707,-0.60513,0.65567,0.83745,1.99778,-1.35649,0.1503,0.27625,0.98484,-1.36392,-1.08465,-2.31187,1.14859,-1.04879,0.1298,0.15561,0.72215,1.10255,-0.71919,-1.87948,0.73633,0.52588,0.51348,0.33511,-1.06755,1.51561,0.39557,-0.87435,-1.28795,0.04883,0.45119,0.02644,0.01892,0.51705,0.70537,-0.19165,1
0.51006,0.16394,-1.1318,-1.36554,-0.11536,0.24745,1.24464,-1.63918,0.65653,0.87086,-0.96008,-0.72977,-0.56412,0.88941,-0.5494,0.19247,-0.37638,0.19028,0.64521,0.76506,-1.83242,1.01404,-0.33404,-0.06955,0.30641,-1.33736,0.02121,1.29806,1.16705,0.33708,0.0899,1.18978,-0.27539,0.30937,-0.50182,0.91673,-1.01962,0.14208,-0.66941,0.29882,0.48884,0.07303,0.45278,-0.56276,0.96646,-0.7818,-0.09497,1.13721,1.62011,-0.89966,1.61111,0.66665,-1.60358,2.69184,-0.00076,-1.20798,1.04092,-1.73243,1.65485,-1.30237,-0.13862,-1.11743,1.25266,-0.11195,1.08712,0.37,-0.486,-1.56979,0.76323,-0.89789,-0.82777,-2.38497,-0.10875,-1.10867,0.25776,-0.37484,-1.02587,-1.65785,0.14325,0.39429,2.86536,0.40643,-0.11522,-0.10039,0.37356,0.6394,0.07122,1.53399,1.14181,-0.91267,-1.11044,-0.46583,0.19538,0.74584,0.07933,-0.25687,-1.33283,1.32975,0.31523,-1.41663,-0.47014,-0.80064,-1.42833,-0.47239,0.94297,-0.64357,0.42064,1.9744,-0.90107,-0.18255,-1.24464,-0.62397,1.20732,-0.35248,-0.08998,1.83416,-0.61514,1.26293,-0.37169,1.23349,-0.43116,0.88683,1.69073,1.60619,-1.31709,1.38285,-0.08541,-1.76641,-1.83592,0.97588,-0.8703,-0.49855,0.06901,0.62905,1.14325,-1.00137,0.35087,0.07397,-0.85502,1.10863,0.44175,-0.52393,0.19624,1.35828,1.89919,-0.31362,0.1564,-0.02637,0.07969,0.03596,0.51773,1.63632,-1.19818,0.04857,-0.44045,0.88544,-0.61506,-1.10189,-1.17657,0.94635,1.3669,-1.27441,-0.06699,-1.13866,-0.91091,0.71606,-3.14788,-0.61813,-0.86213,-0.16745,-0.50691,1.08923,0.99802,-0.62822,-1.72874,0.8958,-0.94777,0.54183,-1.03537,-0.55849,0
-0.6262,-0.9801,0.59526,0.34245,0.46162,0.67082,0.67294,-0.24271,1.06391,0.05601,-0.28505,0.25726,0.20922,0.39382,1.02396,-1.47867,0.60477,0.2905,1.47151,-0.66173,-0.33802,1.05445,1.4783,1.14248,0.46874,1.27763,-2.82792,0.56775,-0.18203,-0.7764,0.03093,-1.75347,0.04112,-0.2859,1.2035,-0.77494,-1.74244,0.79674,0.91858,-0.43676,-0.8392,0.94749,1.76674,-0.05161,0.16373,-0.08448,1.38804,0.55385,-0.78449,-0.23687,-0.86273,-0.6272,-2.00156,-2.52896,1.01154,-1.02076,0.81768,0.35717,-1.14382,0.0236,-0.11751,-0.46846,-0.17666,-0.61531,-0.97637,1.03146,-0.24974,-0.33082,-0.65495,-1.2236,-0.98625,1.06467,-0.54941,-0.663,-1.08957,0.6883,-0.18611,0.74532,1.17645,0.17445,0.01364,-0.71118,1.81539,1.12617,1.63149,0.36063,2.3331,0.407,0.31347,-0.01293,-0.95571,0.92381,-0.12735,1.87854,0.5311,0.7017,0.56377,-0.83176,-0.14189,0.75029,-1.69417,0.06129,-0.60713,-0.27198,1.13871,0.91649,-0.47553,-0.33138,0.29892,0.74732,1.07824,-0.22833,-1.48506,-0.58909,-1.38664,2.07855,1.00077,0.70668,0.03784,-2.40303,0.59827,-0.3276,0.38802,-0.32825,0.45449,0.44206,-0.565,-0.36049,2.19285,-0.55016,0.97663,-0.42049,0.56536,-0.82654,0.18946,0.8854,1.39642,-0.87616,-0.31616,0.13635,-1.40136,0.54757,1.32019,-1.71267,1.63334,-1.37722,0.14528,0.24925,2.12261,-0.71923,-0.72344,0.07719,0.49013,1.235,1.847,-0.16048,0.28587,-0.75045,1.28909,1.58567,0.19268,0.16239,0.25603,1.44607,1.61359,0.68507,-0.08892,-1.15506,-0.95745,0.17892,1.34409,1.54751,-1.54972,-1.05901,-0.85109,-0.31055,-0.0352,0.69975,-1.53639,-0.70063,0
0.75024,-0.21808,0.91913,0.41781,1.13337,-0.48716,-0.94348,1.49587,0.73511,-0.46396,0.04457,0.18655,-0.3698,0.36684,0.07631,0.27676,-0.66349,1.41827,1.37377,0.1551,-0.34348,-0.42893,1.10953,0.21678,-0.52322,-0.52091,-0.01708,-0.42681,0.85608,0.94938,0.34514,-0.21133,-0.9348,-1.65089,-1.33545,0.76714,-0.19236,0.54932,-2.335,-0.15316,1.73317,-0.14894,-0.06459,-2.01712,0.8791,0.66567,0.23687,0.55107,-0.93233,-0.60546,0.76214,0.27648,0.16071,-1.39684,1.03932,1.88555,-0.82272,-1.04288,1.44694,-0.01044,0.17317,-0.54951,0.57864,-1.08181,-1.06647,0.99019,1.0333,0.66758,-0.06901,1.8254,-0.26178,0.28404,-2.11107,-0.18927,-0.21781,-1.60143,0.16731,0.0703,0.14613,1.26906,-2.09633,-0.58181,-0.32378,0.31452,2.06558,-1.46644,0.5987,-1.17885,0.84686,1.21544,1.55728,-0.49757,1.01393,1.54278,0.23818,0.8504,0.85772,-0.67985,0.5782,-1.34712,-0.60615,-0.29573,-1.36486,-1.25885,0.28384,1.05324,-1.69078,-0.8028,0.36798,-1.82256,0.76033,0.56377,0.06242,-0.41969,2.18119,-1.80253,0.59504,-1.2357,0.10837,1.53751,-0.14369,-1.93209,0.95615,-1.16779,0.8911,-0.08714,0.30454,-0.58666,0.41703,0.9398,-1.3403,-1.11061,1.37006,-0.43764,0.3406,0.57835,0.44952,-1.45568,0.14242,-0.55982,0.64352,-0.99131,-0.2081,0.94336,0.18803,1.33015,1.4648,-1.3118,-0.31357,-0.55058,-1.90978,0.26265,1.54353,0.40271,-0.62718,-0.10611,0.7328,0.38243,0.59868,1.70983,-0.36458,0.02579,0.18947,-0.14533,0.34927,0.37822,0.11174,-0.38831,-0.4889,0.8203,-1.06125,-0.02353,-0.29691,0.96749,-0.7767,-1.75366,1.33206,1.72719,0.54737,0.8687,0
-0.35425,0.7123,-1.2316,2.17868,1.8607,-0.47704,-1.18303,1.63398,-1.07419,-0.70002,-1.41895,-1.02287,1.08702,-0.98457,-1.01994,0.99435,0.31964,-1.31709,0.42313,0.14354,1.69824,0.08053,-1.13761,-0.29877,1.2368,-0.43293,1.57012,0.1373,1.13975,0.28667,-1.57493,1.03307,-0.35339,-0.27892,1.02815,0.60949,0.15305,0.06762,-1.21197,-0.75387,-1.57152,-0.56646,-0.53969,-1.33779,1.35701,2.06907,1.72824,0.17394,-0.1235,1.07565,-0.56881,-1.95069,-0.2191,0.08117,2.78436,-0.43989,0.10772,-1.03529,2.08688,-0.66155,-1.46812,-0.5736,-1.18681,-0.27955,1.39699,0.95179,-0.16581,-1.67746,-0.06413,-1.11378,-0.6744,0.68097,0.04319,0.02222,-0.2971,-0.67387,-1.9692,-0.36112,-0.24494,0.86507,1.98025,0.35353,-1.60544,-0.56056,-0.2111,-0.10253,0.65701,0.27349,-2.01056,-0.80477,1.11794,0.88484,-2.44279,0.4069,-0.34949,-0.36081,-0.4343,-0.18998,0.51625,-0.1839,-1.81501,-1.27949,-0.78144,-1.0139,-1.32703,-0.5711,0.32069,-0.68277,-0.49353,-0.14159,-0.72385,0.98706,-1.49492,0.7216,0.94956,1.13998,0.32082,0.92742,-0.60274,1.18478,0.37657,0.91047,-1.69321,0.408,0.73676,-0.73695,0.16756,-1.25835,0.97188,-1.41751,1.7073,1.02613,0.19399,0.85283,-1.3546,-0.22186,0.26032,0.07412,0.34971,0.4227,-0.01809,1.544,1.1528,0.58577,0.24724,-0.28164,-0.16263,1.17634,0.22431,1.12803,-1.50727,2.39598,-0.00272,0.21013,0.84981,-0.68605,-0.10157,-0.43213,-1.10267,-1.63468,-1.21729,-0.14597,1.08458,-0.14634,0.21813,0.7089,-0.36783,-0.72649,0.92061,-0.41328,-1.52137,-0.17807,-0.48283,-0.05107,0.54115,0.77248,-0.6897,1.80467,2.39604,-1.39934,0
1.12986,-0.25246,0.08526,0.76707,-0.76277,0.61132,1.86578,-0.3909,0.36341,0.79212,-1.57352,-0.93545,0.30637,-1.4376,-0.20131,1.37725,1.27791,-0.91698,-1.97916,-0.3005,1.02075,0.21362,-0.10067,0.89052,0.20373,-1.94035,-1.46753,-0.55116,0.42108,0.56902,0.78401,0.47716,2.19474,0.12094,0.42571,-1.70267,-0.20766,-0.50676,-0.65972,-1.76172,-1.1919,-1.02033,-0.59188,-0.56878,1.23369,-0.32207,-2.03965,-1.29932,0.24271,-0.05459,0.05416,-0.69702,0.99261,0.16106,-0.00984,-0.85414,-1.04563,0.06722,-0.18349,0.13262,0.73888,-0.55724,-1.5148,-0.18846,0.58677,1.14193,-0.61117,-1.43747,-0.09497,0.17715,-0.24524,1.08535,0.62722,0.43265,-1.11572,1.38282,-1.23465,1.05799,-0.8509,0.64897,1.85875,0.00664,0.73299,0.58532,-1.55357,-0.2932,-1.60076,-0.13408,-0.22655,-0.41283,-1.78628,-1.9508,-1.5092,-0.79862,-0.33825,-0.15466,-1.02364,0.34786,1.26927,-1.02751,-0.94624,0.04814,-0.22697,0.36567,-1.44388,-0.92816,-0.05554,0.78713,-0.18426,-1.26487,2.01798,-0.57422,-1.68268,-0.4509,0.353,1.26112,1.0788,-1.10433,-1.56783,-0.12484,0.46414,0.52539,-0.44541,0.19516,-0.28684,-0.0759,-0.14183,-0.74999,-0.47484,0.99554,0.78806,0.70328,0.33029,1.43482,1.51034,1.3322,0.93904,1.60641,-0.84802,1.66805,0.37397,1.46465,-0.78467,0.05453,2.18334,-0.22063,0.27637,-1.5062,-0.73196,-0.41412,0.4726,0.57184,0.46282,0.45756,-1.54494,-0.62635,0.77675,-0.32726,1.3636,-0.50315,-0.8448,0.53724,-0.96826,0.64213,0.57626,-1.09506,-0.33826,-0.83009,-0.51917,0.17384,0.38721,-0.06715,1.17968,-0.7086,-1.26902,-0.63401,1.28807,-0.31703,-1.21536,0.90081,1
-0.67398,0.7716,-1.00623,-0.56434,-1.1419,-0.10497,-0.24776,-1.08159,-0.21089,-0.31956,-0.97619,0.85899,0.1015,0.09991,-0.04442,-0.79642,0.05607,-1.74027,0.24076,-0.23554,-2.85272,-0.59294,-0.07149,-0.99717,1.69098,1.39378,0.70547,0.56608,-0.69236,0.65721,-1.96231,-1.7362,-0.35313,-0.47008,0.86623,-2.09454,-0.13718,-1.47769,1.11927,-0.2708,0.56118,-0.26136,0.31364,-1.49535,0.10389,0.6615,0.4249,-0.49345,-0.79908,-0.02319,-0.52058,-1.57783,-1.0936,-0.0635,-1.33583,-0.15076,-0.19551,-0.01477,0.35234,-0.73273,0.08761,-0.289,0.17747,2.35195,0.24487,1.81411,0.71981,0.41761,0.48439,-1.11301,0.4735,-0.25946,-0.97227,-0.59419,0.91971,-1.31146,-0.14609,1.83922,-0.25661,1.32977,-1.70924,-0.26761,0.06797,0.15756,-0.29424,-1.23999,0.24843,-0.30706,1.40824,-1.5997,-0.36372,-0.58934,0.22547,-0.03983,-0.35259,0.2096,-0.16643,-1.01694,-0.68076,0.86619,0.55226,-0.49727,0.02205,-0.38061,-2.14724,-0.84943,0.05939,1.35133,1.05086,0.6773,1.29104,0.14873,0.55176,0.09808,-1.31038,1.53038,-1.89104,0.3845,-0.36984,-2.12958,1.71393,1.31937,-3.04036,0.82328,-0.91323,0.70038,-0.16673,0.0676,1.65252,1.08327,-1.0613,-0.69462,0.79317,1.29272,0.21157,-0.3064,-0.51816,0.9189,0.00524,-0.35966,-2.11404,-1.70173,1.64947,0.11344,0.11338,0.32843,-1.97546,-0.29016,-0.48638,-1.06686,1.18606,-1.40829,0.0942,0.17052,0.23124,-0.21947,0.87306,-0.33612,1.02174,1.01482,-0.6822,-0.14268,-0.28901,1.05985,0.14549,1.13719,-0.57937,1.32623,-0.96061,1.03132,-0.26936,0.5389,0.22681,-1.11035,-0.4788,0.18305,0.55348,-0.29444,-1.97384,0.69587,0
-1.93803,0.96563,-0.68821,1.53382,-0.55039,0.98852,1.57327,-0.34757,-1.33336,-0.48536,0.4991,-0.2501,0.99474,-1.71223,0.94688,0.20964,-0.30644,2.65123,-0.38837,-0.15765,0.79846,2.005,1.23117,-1.31518,0.07546,0.13538,-1.72424,1.00895,-0.01901,0.16345,-0.6364,0.45249,-0.93689,1.23544,-0.44615,0.20756,-0.73963,-1.1391,-0.48524,1.02043,-0.18367,0.45081,0.66086,-0.1781,1.47685,-1.22451,-0.93864,0.04812,-0.92865,-0.95638,-0.37332,-0.9295,-0.55726,0.20268,0.73744,0.92066,1.38509,1.21328,-1.37917,1.0432,0.92687,-0.84014,-1.0042,0.21785,0.78042,-0.47091,1.43028,0.85125,-0.03134,0.66266,-0.80285,0.81272,0.06923,0.78371,0.34575,0.51863,-1.02035,0.23103,-0.43866,1.26702,-0.88639,-0.66249,0.43541,-0.28482,0.51358,-1.92987,0.64548,1.24054,0.0592,-0.41021,1.2682,-0.1648,0.20447,-1.65257,-2.01465,0.66452,-0.6781,-1.13629,-0.47316,0.31725,0.41653,0.17133,0.75977,0.95542,-0.3604,-1.13025,-0.23697,0.3424,-0.15277,-0.89357,-1.37289,-0.45337,0.625,-0.54837,0.14841,0.4684,-0.16937,-0.17901,0.36722,0.23242,0.32616,-0.91156,0.23603,0.87336,0.93803,-0.35406,0.20322,-0.78327,-0.87068,-0.0371,-2.00951,0.60798,1.80595,-2.051,-1.72851,-0.09938,-0.49548,-0.63687,0.49151,0.7703,0.91202,0.73835,-0.68071,-0.47957,-0.63619,-1.26163,1.20496,-0.20111,-0.86873,0.12675,-2.15828,0.41003,-0.02105,0.30865,-0.45351,-0.03495,0.82541,0.6343,1.4844,1.66376,1.85701,0.14183,0.32796,-0.5371,0.44883,2.051,0.9442,0.36336,-0.8674,-1.25417,-1.58064,-0.15958,1.76855,-0.68367,0.60711,-0.10588,2.60103,0.75307,-0.89812,-0.18546,1
-0.61157,0.15727,2.29317,-1.86442,-0.4648,1.71372,-0.68108,-0.12115,-1.46973,-0.54968,0.46034,-0.21032,1.44218,-1.3618,1.33364,-0.42413,0.54945,-0.2387,-0.24259,-0.06344,0.85951,0.78267,0.75533,-0.86772,-0.94501,-0.8235,-0.79781,-0.40344,-1.09174,-0.58958,2.23218,-2.7015,0.75027,0.53056,-1.83157,0.67681,0.58684,2.85401,0.68959,2.07849,0.85622,0.12053,-0.80686,1.54656,0.63461,-0.11954,-1.29232,1.0987,0.55416,1.32734,-1.33506,-1.27131,-0.63321,1.07875,-0.68154,0.62008,-1.93562,-1.66525,0.62015,-0.2415,-0.48771,0.51433,0.10627,-0.64068,-0.68999,1.68328,0.67712,0.34133,-1.00323,1.32665,0.17357,-0.61151,0.98297,-1.09571,0.32976,-0.65363,0.36956,1.08191,-0.32837,-2.77537,-0.59944,-0.39433,-0.68864,-0.33802,-2.14499,-0.46729,-2.07672,-0.32055,0.88288,0.18058,-0.20586,0.11331,1.74838,0.14085,1.27082,2.17653,-0.38862,-0.0824,0.79522,-0.01193,0.61158,-0.89655,0.18698,-1.16593,-0.17869,-0.66059,1.61647,-0.18458,-0.78348,1.55605,0.09228,-0.27645,2.97467,-0.04223,-1.66088,-0.43837,-0.08428,-1.14498,-0.24882,1.32852,0.79279,0.24592,-0.3125,-0.36328,-0.59137,0.58782,-0.85153,-0.79335,-0.00615,0.1951,-0.63148,0.46552,1.36545,0.76961,-1.12022,-0.83722,1.65322,-0.48147,0.60697,1.71229,-0.15723,1.34455,-0.69715,-1.78354,-0.05309,-1.03725,0.59041,0.16931,1.36465,0.55982,0.00099,0.8509,-1.38121,0.86126,1.50496,-0.44699,1.37074,-0.61456,0.02606,-0.18635,-0.20327,-0.83364,0.08353,0.37286,-1.4123,1.22189,0.23967,-1.30131,0.50509,1.67536,-1.37104,0.04204,0.28714,-0.9301,-1.44355,-0.10077,0.13542,-0.46706,-0.57689,-0.81682,0
0.44611,-0.11009,-2.69208,-1.28668,0.89947,-0.99436,0.69534,0.00409,0.96566,-0.40127,-1.33555,-0.20121,0.59165,0.40185,-1.85755,-1.67811,-0.08393,0.8696,0.36052,-0.08117,1.96295,-1.07917,-0.73931,1.55297,-1.12467,-2.30172,-0.25806,-0.39257,0.27821,-0.52182,0.18822,-0.76276,-0.19754,-0.97964,1.73527,-0.79781,-0.24942,0.17333,0.00875,-1.45174,0.66098,0.79973,-1.05695,0.21943,0.28052,0.823,-0.63628,0.96787,-0.35788,0.63536,1.19514,0.07388,1.16915,0.21375,-1.61221,1.17844,-0.60113,-0.25083,-0.65986,-0.44982,1.64964,0.01081,-0.02487,0.19117,-0.46659,-0.08298,1.29975,1.29416,0.07043,-0.72177,1.25299,0.17675,-0.91158,-0.36169,-0.48113,-1.98662,-0.60657,0.5902,0.13683,-0.79499,0.04419,1.14868,-0.8331,2.36225,-0.41903,-0.53482,0.47028,-0.17072,1.8857,0.07801,1.41881,-1.61615,-0.4189,-1.74836,-0.14014,0.27203,-0.4591,-0.36409,-2.74128,0.26439,-0.25885,1.37809,0.07778,-1.94082,-0.62751,0.11923,0.47868,0.85814,-0.26765,0.12359,-0.18515,-0.77643,-1.70045,0.2715,-0.87494,-0.42503,-0.03472,-1.26058,-0.12745,-0.81103,-0.04643,-0.0596,-0.4714,0.02187,-1.04312,-1.92383,-0.89112,-0.00869,-0.16165,1.00439,0.29889,0.20249,1.21019,-0.27431,-1.67371,1.32565,0.77321,-1.27778,0.92093,-0.09893,-1.2162,-0.59669,-0.11015,0.24968,-0.34268,-0.81443,-0.7939,-1.70662,-0.47234,-0.25395,0.55077,-1.27029,-1.84113,-0.56149,-1.01562,-2.03591,-0.38425,-0.25574,1.59681,-3.41284,-0.79404,-0.11776,-0.51393,-0.68906,-0.94485,0.037,-0.14229,1.77658,1.09897,-0.08455,1.49346,0.69591,-0.45763,0.03504,0.79906,2.67532,-1.16137,-2.25532,0.99327,1.18624,1
-0.46323,0.51389,-0.22922,-1.24798,0.01368,-0.79409,0.82679,-2.4285,2.28083,-0.35754,0.36331,-1.3185,-1.66779,-1.44297,0.91175,2.01648,-0.47546,-0.23933,0.30564,-1.06585,0.49684,1.61725,-0.45831,1.15986,0.04389,1.89207,-0.29964,0.30676,-0.64423,-1.54646,-0.42217,0.28543,0.54001,0.59786,-0.37328,1.53208,-0.35568,0.5491,-0.47198,0.28189,2.09802,0.66443,1.43492,0.59897,-0.09193,1.0969,-1.26674,-0.87183,-0.55303,-0.39408,-1.084,0.81129,-1.71903,-1.19882,0.02713,-0.25047,-0.20275,-2.23725,0.73076,0.57805,-1.13689,0.79338,-0.72412,0.39879,-0.63183,-0.24044,1.01035,1.51037,-2.09125,1.05614,-0.64322,1.02605,-0.326,1.02893,1.36995,-0.67582,0.92572,-0.25663,-0.18109,0.46917,-0.67201,2.3085,-0.58289,-0.22827,-1.40011,-0.21864,0.83726,0.0059,-0.58016,1.53155,0.56792,-0.97459,2.39055,-1.29982,-0.36742,-0.19227,1.19861,-1.72335,0.27459,-0.39218,-1.53806,-1.08726,-1.53552,-1.22131,0.80392,-1.08165,-1.67524,1.26123,0.71469,-1.54873,-0.64076,0.41987,-0.53904,-1.43042,1.67156,-0.42392,0.35738,-0.4212,0.43346,0.58364,-0.28993,0.38206,0.21586,0.85922,0.61181,0.43833,1.96844,-0.19661,1.18932,-0.96986,-1.96754,-0.32059,-0.64419,-0.7741,0.65043,1.07954,-0.10724,-0.51197,-0.40452,-0.18849,-1.16523,-1.40935,0.0199,-0.95173,-1.25962,-0.9925,1.99828,0.879,0.47071,1.58703,0.60085,-0.00769,-1.2433,0.98089,0.97267,-1.32006,-1.8604,0.77803,1.30532,0.87842,0.91394,1.84507,0.45449,0.22235,-0.47573,0.37304,0.43503,-0.34394,1.19937,0.04107,0.2299,0.35206,0.43827,1.3744,-0.15006,0.51934,-1.85726,-0.28134,-0.50429,0.51788,0
