id,titulo,artista,ano,genero,danceability,energy,valence,acousticness,instrumentalness,speechiness,liveness,loudness,tempo,duration_ms,popularidade,hit
1,Faixa 0001,Artista 112,2022,mpb,0.396,0.751,0.216,0.275,0.204,0.02,0.202,-6.34,107,230870,37,0
2,Faixa 0002,Artista 268,2022,sertanejo,0.592,0.31,0.671,0.565,0.1493,0.344,0.242,-5.6,100,276373,19,0
3,Faixa 0003,Artista 191,2014,eletronica,0.584,0.486,0.686,0.277,0.4153,0.25,0.32,-10.0,94,235748,22,0
4,Faixa 0004,Artista 199,2020,eletronica,0.584,0.376,0.509,0.406,0.0348,0.134,0.281,-6.68,132,171536,33,0
5,Faixa 0005,Artista 145,2021,pop,0.543,0.553,0.158,0.168,0.0349,0.088,0.389,-1.0,126,201129,69,0
6,Faixa 0006,Artista 111,2010,rock,0.497,0.536,0.322,0.365,0.2669,0.16,0.116,-8.58,95,170281,5,0
7,Faixa 0007,Artista 279,2014,mpb,0.707,0.592,0.748,0.292,0.1566,0.105,0.091,-2.83,79,177798,91,0
8,Faixa 0008,Artista 110,2024,funk,0.717,0.732,0.389,0.165,0.0558,0.033,0.496,-8.72,145,94715,100,1
9,Faixa 0009,Artista 103,2013,pop,0.714,0.585,0.446,0.288,0.2707,0.059,0.028,-3.35,86,164161,47,0
10,Faixa 0010,Artista 130,2021,sertanejo,0.644,0.841,0.695,0.271,0.1113,0.332,0.115,-10.56,120,139087,98,1
11,Faixa 0011,Artista 170,2016,rock,0.703,0.501,0.681,0.379,0.4091,0.039,0.32,-10.83,87,150050,45,0
12,Faixa 0012,Artista 015,2017,sertanejo,0.788,0.476,0.99,0.25,0.167,0.033,0.304,-8.1,62,220163,52,0
13,Faixa 0013,Artista 266,2020,eletronica,0.724,0.737,0.413,0.082,0.1671,0.095,0.165,-3.56,65,216949,100,1
14,Faixa 0014,Artista 062,2011,sertanejo,0.396,0.656,0.52,0.21,0.3888,0.195,0.276,-1.86,121,191028,45,0
15,Faixa 0015,Artista 141,2013,sertanejo,0.469,0.572,0.611,0.107,0.0428,0.14,0.537,-3.06,155,181158,90,0
16,Faixa 0016,Artista 042,2014,funk,0.393,0.99,0.866,0.401,0.2357,0.382,0.065,-9.05,115,211983,53,0
17,Faixa 0017,Artista 101,2014,funk,0.642,0.444,0.722,0.375,0.0652,0.287,0.236,-10.63,117,250148,45,0
18,Faixa 0018,Artista 041,2022,trap,0.747,0.877,0.398,0.051,0.072,0.355,0.126,-11.7,100,176419,94,0
19,Faixa 0019,Artista 225,2024,trap,0.682,0.86,0.849,0.195,0.0734,0.423,0.06,-5.69,132,254283,100,1
20,Faixa 0020,Artista 177,2020,pop,0.869,0.499,0.442,0.03,0.1278,0.243,0.083,-8.53,85,224903,100,1
21,Faixa 0021,Artista 261,2012,mpb,0.607,0.759,0.464,0.551,0.0304,0.262,0.335,-4.15,148,186681,50,0
22,Faixa 0022,Artista 146,2022,pop,0.557,0.85,0.135,0.576,0.2475,0.028,0.034,-2.76,123,219632,67,0
23,Faixa 0023,Artista 039,2014,eletronica,0.748,0.968,0.406,0.497,0.1892,0.028,0.185,-8.7,86,256413,84,0
24,Faixa 0024,Artista 174,2024,mpb,0.99,0.531,0.51,0.419,0.0853,0.086,0.521,-9.33,104,211576,100,1
25,Faixa 0025,Artista 073,2021,trap,0.778,0.624,0.502,0.492,0.1959,0.213,0.346,-3.7,64,162022,100,1
26,Faixa 0026,Artista 317,2018,funk,0.458,0.758,0.4,0.113,0.0845,0.165,0.086,-9.99,151,177168,46,0
27,Faixa 0027,Artista 072,2019,eletronica,0.768,0.448,0.145,0.071,0.1829,0.113,0.059,-6.25,117,123536,65,0
28,Faixa 0028,Artista 058,2013,eletronica,0.763,0.503,0.2,0.342,0.1562,0.266,0.198,-11.5,88,258020,17,0
29,Faixa 0029,Artista 326,2015,funk,0.573,0.443,0.364,0.066,0.0455,0.05,0.075,-4.72,90,116927,64,0
30,Faixa 0030,Artista 042,2014,sertanejo,0.339,0.597,0.482,0.365,0.0583,0.128,0.171,-6.13,118,173726,12,0
31,Faixa 0031,Artista 343,2023,pop,0.546,0.57,0.645,0.374,0.3965,0.231,0.222,-7.89,205,198342,9,0
32,Faixa 0032,Artista 219,2022,eletronica,0.513,0.207,0.493,0.408,0.3229,0.168,0.085,-1.0,105,206528,30,0
33,Faixa 0033,Artista 056,2019,trap,0.811,0.556,0.593,0.261,0.0302,0.18,0.433,-2.4,75,236435,98,1
34,Faixa 0034,Artista 285,2017,trap,0.524,0.863,0.697,0.369,0.1947,0.153,0.229,-4.32,160,155510,67,0
35,Faixa 0035,Artista 226,2010,pop,0.784,0.452,0.061,0.031,0.4359,0.053,0.044,-7.56,118,207925,32,0
36,Faixa 0036,Artista 199,2019,pop,0.727,0.633,0.451,0.291,0.3868,0.082,0.032,-6.72,140,246220,53,0
37,Faixa 0037,Artista 130,2019,sertanejo,0.722,0.803,0.464,0.213,0.3152,0.02,0.188,-8.52,142,169499,100,1
38,Faixa 0038,Artista 347,2015,eletronica,0.639,0.775,0.256,0.247,0.1982,0.18,0.123,-9.75,143,221304,75,0
39,Faixa 0039,Artista 113,2023,eletronica,0.618,0.774,0.403,0.122,0.1143,0.239,0.076,-7.25,106,182248,60,0
40,Faixa 0040,Artista 139,2022,pop,0.517,0.867,0.242,0.166,0.0188,0.027,0.152,-7.87,154,207636,55,0
41,Faixa 0041,Artista 142,2021,sertanejo,0.608,0.516,0.52,0.133,0.0816,0.088,0.295,-10.9,78,315607,50,0
42,Faixa 0042,Artista 054,2016,trap,0.671,0.619,0.466,0.21,0.2467,0.053,0.223,-7.64,103,98865,61,0
43,Faixa 0043,Artista 301,2015,mpb,0.606,0.669,0.29,0.28,0.0619,0.02,0.185,-5.45,81,242508,50,0
44,Faixa 0044,Artista 030,2016,funk,0.721,0.778,0.39,0.306,0.145,0.186,0.395,-7.11,78,217621,77,0
45,Faixa 0045,Artista 200,2017,rock,0.586,0.256,0.201,0.335,0.1623,0.116,0.27,-6.86,133,239949,14,0
46,Faixa 0046,Artista 017,2024,sertanejo,0.651,0.732,0.709,0.691,0.0213,0.309,0.337,-5.12,137,172032,65,0
47,Faixa 0047,Artista 041,2013,pop,0.651,0.544,0.888,0.135,0.157,0.309,0.214,-9.69,108,153298,100,1
48,Faixa 0048,Artista 130,2017,sertanejo,0.779,0.552,0.798,0.158,0.4421,0.203,0.302,-10.44,148,174483,61,0
49,Faixa 0049,Artista 014,2017,pop,0.696,0.56,0.354,0.1,0.1128,0.37,0.434,-8.55,124,249573,55,0
50,Faixa 0050,Artista 161,2016,pop,0.674,0.715,0.826,0.311,0.0796,0.064,0.48,-7.6,158,202011,100,1
51,Faixa 0051,Artista 028,2016,trap,0.259,0.17,0.646,0.279,0.2166,0.056,0.218,-7.69,76,195018,0,0
52,Faixa 0052,Artista 167,2022,trap,0.629,0.416,0.651,0.32,0.0141,0.047,0.056,-14.22,122,149399,32,0
53,Faixa 0053,Artista 281,2022,funk,0.772,0.623,0.839,0.302,0.1222,0.108,0.124,-10.86,106,224919,78,0
54,Faixa 0054,Artista 110,2017,trap,0.902,0.814,0.473,0.256,0.3952,0.205,0.02,-3.84,132,202955,100,1
55,Faixa 0055,Artista 026,2017,sertanejo,0.53,0.278,0.55,0.112,0.0185,0.173,0.308,-3.61,182,205400,20,0
56,Faixa 0056,Artista 294,2024,rock,0.532,0.539,0.548,0.131,0.0662,0.144,0.189,-5.09,96,156784,43,0
57,Faixa 0057,Artista 195,2015,pop,0.655,0.881,0.568,0.377,0.235,0.316,0.074,-7.61,108,207559,98,1
58,Faixa 0058,Artista 153,2023,mpb,0.749,0.666,0.538,0.572,0.1568,0.191,0.137,-10.13,123,234480,68,0
59,Faixa 0059,Artista 313,2019,eletronica,0.738,0.744,0.343,0.225,0.0531,0.16,0.487,-6.79,92,209993,73,0
60,Faixa 0060,Artista 217,2011,sertanejo,0.557,0.888,0.87,0.489,0.1887,0.063,0.141,-6.32,75,208746,62,0
61,Faixa 0061,Artista 033,2011,trap,0.431,0.715,0.342,0.201,0.0878,0.149,0.427,-4.86,110,182640,37,0
62,Faixa 0062,Artista 030,2021,trap,0.662,0.552,0.557,0.335,0.4138,0.093,0.083,-5.33,90,227990,45,0
63,Faixa 0063,Artista 316,2022,rock,0.739,0.72,0.873,0.262,0.0107,0.033,0.053,-10.65,144,187307,100,1
64,Faixa 0064,Artista 300,2023,rock,0.565,0.604,0.389,0.164,0.0653,0.445,0.277,-7.52,102,198756,41,0
65,Faixa 0065,Artista 124,2016,trap,0.876,0.876,0.637,0.211,0.2114,0.057,0.136,-6.0,136,214062,100,1
66,Faixa 0066,Artista 251,2016,pop,0.411,0.494,0.14,0.304,0.0997,0.129,0.101,-8.75,113,222297,0,0
67,Faixa 0067,Artista 011,2013,sertanejo,0.638,0.651,0.501,0.209,0.0832,0.039,0.205,-8.08,98,190203,61,0
68,Faixa 0068,Artista 025,2021,rock,0.714,0.797,0.764,0.173,0.0525,0.13,0.222,-11.3,134,231401,74,0
69,Faixa 0069,Artista 127,2022,sertanejo,0.729,0.703,0.181,0.392,0.1307,0.317,0.251,-7.53,144,311916,89,0
70,Faixa 0070,Artista 201,2020,sertanejo,0.728,0.48,0.352,0.282,0.1288,0.102,0.254,-10.64,112,198811,34,0
71,Faixa 0071,Artista 234,2012,funk,0.618,0.736,0.406,0.264,0.1359,0.084,0.187,-6.72,97,182445,46,0
72,Faixa 0072,Artista 030,2021,pop,0.78,0.97,0.58,0.214,0.1246,0.055,0.355,-11.39,144,102733,100,1
73,Faixa 0073,Artista 299,2015,mpb,0.825,0.504,0.568,0.325,0.0164,0.31,0.437,-3.88,78,214763,73,0
74,Faixa 0074,Artista 311,2015,eletronica,0.448,0.561,0.135,0.475,0.4359,0.02,0.152,-5.15,66,236586,0,0
75,Faixa 0075,Artista 056,2013,sertanejo,0.5,0.593,0.408,0.13,0.1125,0.147,0.138,-11.85,147,194839,14,0
76,Faixa 0076,Artista 111,2018,funk,0.609,0.569,0.621,0.136,0.2467,0.3,0.163,-7.2,132,275865,40,0
77,Faixa 0077,Artista 019,2023,trap,0.63,0.815,0.484,0.249,0.0273,0.035,0.057,-5.87,154,192399,75,0
78,Faixa 0078,Artista 019,2021,pop,0.451,0.814,0.53,0.573,0.2077,0.02,0.442,-6.97,116,254419,41,0
79,Faixa 0079,Artista 236,2019,pop,0.623,0.68,0.714,0.152,0.4144,0.059,0.044,-2.88,118,205696,83,0
80,Faixa 0080,Artista 121,2016,mpb,0.533,0.505,0.502,0.205,0.0537,0.196,0.13,-2.62,78,225645,39,0
81,Faixa 0081,Artista 136,2018,pop,0.905,0.818,0.645,0.251,0.1022,0.329,0.207,-10.17,123,161734,100,1
82,Faixa 0082,Artista 340,2010,eletronica,0.6,0.495,0.99,0.261,0.2222,0.236,0.416,-8.35,173,245342,52,0
83,Faixa 0083,Artista 289,2018,trap,0.484,0.88,0.769,0.456,0.1825,0.174,0.077,-3.17,91,303898,100,1
84,Faixa 0084,Artista 014,2011,rock,0.516,0.547,0.28,0.261,0.207,0.07,0.199,-1.0,119,184606,52,0
85,Faixa 0085,Artista 152,2022,eletronica,0.836,0.779,0.644,0.116,0.1409,0.116,0.1,-6.15,147,133077,100,1
86,Faixa 0086,Artista 205,2020,eletronica,0.611,0.665,0.62,0.403,0.4783,0.13,0.148,-5.01,108,237601,31,0
87,Faixa 0087,Artista 246,2010,funk,0.598,0.742,0.796,0.189,0.286,0.178,0.444,-4.84,61,178911,55,0
88,Faixa 0088,Artista 085,2024,funk,0.755,0.627,0.262,0.376,0.1355,0.105,0.147,-7.32,115,203786,64,0
89,Faixa 0089,Artista 197,2015,pop,0.64,0.631,0.339,0.324,0.2502,0.034,0.095,-6.91,115,153380,1,0
90,Faixa 0090,Artista 085,2012,eletronica,0.818,0.548,0.609,0.366,0.2794,0.18,0.304,-5.19,143,158517,57,0
91,Faixa 0091,Artista 199,2015,funk,0.704,0.408,0.423,0.324,0.019,0.102,0.151,-5.03,88,184040,57,0
92,Faixa 0092,Artista 029,2023,mpb,0.744,0.377,0.196,0.342,0.0211,0.161,0.305,-9.2,90,272335,50,0
93,Faixa 0093,Artista 237,2012,rock,0.89,0.649,0.246,0.087,0.3272,0.036,0.195,-5.75,119,201484,69,0
94,Faixa 0094,Artista 187,2013,pop,0.735,0.491,0.362,0.539,0.0676,0.15,0.02,-9.79,112,245102,58,0
95,Faixa 0095,Artista 135,2024,mpb,0.738,0.926,0.423,0.351,0.1689,0.097,0.133,-5.4,133,155111,100,1
96,Faixa 0096,Artista 181,2021,funk,0.585,0.554,0.471,0.135,0.0246,0.052,0.408,-12.48,91,239820,41,0
97,Faixa 0097,Artista 319,2017,sertanejo,0.507,0.663,0.392,0.201,0.1365,0.078,0.137,-3.96,126,152629,48,0
98,Faixa 0098,Artista 150,2022,mpb,0.685,0.612,0.556,0.051,0.2717,0.094,0.172,-4.32,155,180999,69,0
99,Faixa 0099,Artista 043,2011,sertanejo,0.561,0.639,0.46,0.448,0.0413,0.154,0.097,-6.55,105,188440,51,0
100,Faixa 0100,Artista 282,2017,trap,0.621,0.27,0.962,0.575,0.0552,0.204,0.316,-3.04,107,258411,51,0
101,Faixa 0101,Artista 029,2021,trap,0.675,0.929,0.558,0.492,0.0762,0.049,0.22,-9.21,117,200734,100,1
102,Faixa 0102,Artista 005,2015,trap,0.729,0.77,0.664,0.113,0.1442,0.307,0.162,-6.44,161,294210,100,1
103,Faixa 0103,Artista 217,2023,eletronica,0.834,0.548,0.356,0.108,0.024,0.135,0.216,-1.4,140,225002,92,0
104,Faixa 0104,Artista 144,2022,mpb,0.596,0.729,0.398,0.251,0.2091,0.081,0.067,-10.8,144,271051,0,0
105,Faixa 0105,Artista 146,2014,eletronica,0.78,0.722,0.537,0.152,0.3079,0.114,0.397,-6.6,120,189912,51,0
106,Faixa 0106,Artista 187,2022,funk,0.729,0.679,0.706,0.055,0.214,0.091,0.363,-6.35,89,157247,84,0
107,Faixa 0107,Artista 183,2019,rock,0.65,0.589,0.724,0.46,0.1204,0.193,0.14,-7.13,114,166538,70,0
108,Faixa 0108,Artista 205,2021,funk,0.765,0.608,0.99,0.382,0.1951,0.169,0.079,-7.08,108,203583,75,0
109,Faixa 0109,Artista 071,2024,pop,0.733,0.719,0.622,0.386,0.0282,0.231,0.046,-9.06,117,240661,100,1
110,Faixa 0110,Artista 015,2015,trap,0.835,0.548,0.386,0.172,0.0544,0.092,0.07,-3.61,138,191355,92,0
111,Faixa 0111,Artista 341,2010,rock,0.646,0.529,0.816,0.224,0.0967,0.045,0.149,-8.56,122,114159,45,0
112,Faixa 0112,Artista 235,2021,trap,0.827,0.506,0.337,0.165,0.1111,0.076,0.104,-7.69,65,202908,67,0
113,Faixa 0113,Artista 004,2019,funk,0.599,0.709,0.762,0.148,0.0205,0.152,0.2,-4.81,88,271586,89,0
114,Faixa 0114,Artista 241,2024,eletronica,0.918,0.621,0.648,0.452,0.1791,0.228,0.131,-6.7,99,193263,100,1
115,Faixa 0115,Artista 208,2020,funk,0.598,0.868,0.439,0.556,0.0761,0.182,0.2,-6.38,125,199026,80,0
116,Faixa 0116,Artista 243,2010,funk,0.551,0.781,0.467,0.505,0.237,0.215,0.231,-11.91,127,165185,40,0
117,Faixa 0117,Artista 118,2013,rock,0.617,0.306,0.443,0.342,0.1398,0.119,0.19,-9.78,152,213941,21,0
118,Faixa 0118,Artista 302,2014,eletronica,0.608,0.434,0.421,0.145,0.0451,0.055,0.408,-10.27,55,166965,5,0
119,Faixa 0119,Artista 103,2024,rock,0.756,0.437,0.03,0.068,0.0527,0.081,0.185,-12.82,119,184774,16,0
120,Faixa 0120,Artista 346,2012,funk,0.594,0.854,0.437,0.486,0.1094,0.071,0.078,-3.69,131,211987,44,0
121,Faixa 0121,Artista 198,2022,mpb,0.517,0.99,0.508,0.163,0.07,0.066,0.167,-9.39,89,221122,84,0
122,Faixa 0122,Artista 105,2021,pop,0.857,0.5,0.469,0.331,0.2946,0.126,0.09,-7.32,81,130182,81,0
123,Faixa 0123,Artista 345,2017,mpb,0.603,0.79,0.393,0.58,0.189,0.232,0.137,-7.15,103,161146,64,0
124,Faixa 0124,Artista 242,2016,pop,0.845,0.446,0.315,0.16,0.1336,0.15,0.092,-4.99,151,235190,100,1
125,Faixa 0125,Artista 200,2010,eletronica,0.349,0.534,0.06,0.564,0.2519,0.21,0.118,-1.27,137,270411,0,0
126,Faixa 0126,Artista 220,2019,eletronica,0.614,0.573,0.441,0.107,0.0564,0.136,0.756,-8.62,118,280514,48,0
127,Faixa 0127,Artista 171,2018,pop,0.948,0.785,0.296,0.261,0.063,0.275,0.146,-8.81,91,154778,100,1
128,Faixa 0128,Artista 104,2015,pop,0.539,0.651,0.782,0.023,0.0754,0.038,0.153,-5.84,127,202509,61,0
129,Faixa 0129,Artista 267,2012,sertanejo,0.872,0.645,0.487,0.182,0.1271,0.342,0.273,-5.55,127,186024,100,1
130,Faixa 0130,Artista 084,2014,eletronica,0.487,0.741,0.749,0.369,0.017,0.022,0.243,-10.8,95,173575,68,0
131,Faixa 0131,Artista 070,2024,trap,0.57,0.651,0.687,0.253,0.1219,0.308,0.167,-11.3,104,218739,70,0
132,Faixa 0132,Artista 230,2015,pop,0.528,0.738,0.494,0.044,0.1646,0.087,0.209,-10.45,124,151809,78,0
133,Faixa 0133,Artista 219,2016,eletronica,0.512,0.473,0.589,0.411,0.1982,0.059,0.209,-8.45,118,247712,36,0
134,Faixa 0134,Artista 198,2022,sertanejo,0.435,0.431,0.534,0.383,0.111,0.091,0.085,-4.98,150,231345,23,0
135,Faixa 0135,Artista 198,2017,sertanejo,0.541,0.565,0.696,0.231,0.2272,0.02,0.297,-8.82,133,322625,46,0
136,Faixa 0136,Artista 020,2010,pop,0.672,0.764,0.658,0.127,0.0544,0.041,0.081,-5.27,107,235086,100,1
137,Faixa 0137,Artista 282,2016,trap,0.468,0.82,0.621,0.224,0.0808,0.051,0.071,-3.7,89,196540,60,0
138,Faixa 0138,Artista 084,2022,rock,0.213,0.919,0.47,0.246,0.183,0.042,0.294,-8.45,133,311627,9,0
139,Faixa 0139,Artista 335,2016,rock,0.551,0.641,0.237,0.394,0.1481,0.058,0.233,-7.65,126,142891,32,0
140,Faixa 0140,Artista 142,2022,trap,0.775,0.586,0.562,0.232,0.056,0.07,0.206,-1.54,121,236331,89,0
141,Faixa 0141,Artista 201,2021,sertanejo,0.835,0.558,0.892,0.743,0.002,0.258,0.128,-4.69,104,259259,97,0
142,Faixa 0142,Artista 222,2021,eletronica,0.458,0.787,0.747,0.285,0.2802,0.042,0.312,-3.72,122,212274,56,0
143,Faixa 0143,Artista 199,2017,eletronica,0.255,0.61,0.235,0.256,0.2625,0.193,0.246,-8.33,142,150068,0,0
144,Faixa 0144,Artista 038,2023,mpb,0.722,0.454,0.528,0.629,0.1039,0.134,0.36,-13.5,113,232881,23,0
145,Faixa 0145,Artista 069,2011,rock,0.297,0.99,0.581,0.252,0.0466,0.02,0.201,-5.66,148,231768,90,0
146,Faixa 0146,Artista 244,2019,eletronica,0.223,0.618,0.598,0.27,0.0899,0.195,0.262,-9.11,87,119734,9,0
147,Faixa 0147,Artista 217,2019,pop,0.507,0.405,0.03,0.442,0.0716,0.052,0.134,-9.12,88,187114,0,0
148,Faixa 0148,Artista 201,2015,sertanejo,0.444,0.652,0.163,0.445,0.121,0.449,0.064,-5.56,205,187707,25,0
149,Faixa 0149,Artista 085,2018,rock,0.773,0.676,0.386,0.231,0.1217,0.353,0.323,-10.22,179,187046,100,1
150,Faixa 0150,Artista 206,2015,pop,0.49,0.788,0.273,0.078,0.1215,0.035,0.14,-8.69,109,212076,66,0
151,Faixa 0151,Artista 206,2023,rock,0.624,0.746,0.342,0.206,0.1508,0.079,0.095,-6.71,110,135516,28,0
152,Faixa 0152,Artista 250,2015,eletronica,0.645,0.719,0.464,0.441,0.2769,0.166,0.07,-9.24,151,158024,64,0
153,Faixa 0153,Artista 157,2018,sertanejo,0.537,0.64,0.764,0.252,0.6243,0.034,0.209,-5.18,140,151899,62,0
154,Faixa 0154,Artista 174,2021,mpb,0.766,0.605,0.354,0.343,0.0518,0.106,0.239,-6.74,99,203126,62,0
155,Faixa 0155,Artista 190,2022,sertanejo,0.538,0.841,0.539,0.082,0.0164,0.053,0.168,-6.71,172,216017,66,0
156,Faixa 0156,Artista 047,2024,mpb,0.632,0.727,0.744,0.371,0.0923,0.056,0.116,-9.53,123,152690,58,0
157,Faixa 0157,Artista 020,2019,sertanejo,0.677,0.851,0.459,0.416,0.2136,0.1,0.155,-6.68,137,189070,96,0
158,Faixa 0158,Artista 117,2016,eletronica,0.74,0.462,0.572,0.118,0.0596,0.021,0.144,-7.82,122,269339,70,0
159,Faixa 0159,Artista 126,2018,mpb,0.425,0.504,0.215,0.247,0.0364,0.058,0.02,-6.95,103,218737,0,0
160,Faixa 0160,Artista 302,2010,sertanejo,0.439,0.611,0.571,0.235,0.0934,0.142,0.111,-10.65,110,190451,63,0
161,Faixa 0161,Artista 226,2016,rock,0.216,0.49,0.465,0.492,0.1624,0.315,0.109,-10.89,163,226347,0,0
162,Faixa 0162,Artista 282,2011,sertanejo,0.671,0.822,0.498,0.176,0.2288,0.071,0.351,-7.34,76,252802,90,0
163,Faixa 0163,Artista 202,2014,trap,0.765,0.477,0.441,0.117,0.4019,0.308,0.33,-9.94,144,187556,35,0
164,Faixa 0164,Artista 247,2018,rock,0.362,0.682,0.189,0.591,0.0912,0.294,0.572,-8.99,83,197411,0,0
165,Faixa 0165,Artista 254,2017,eletronica,0.856,0.549,0.724,0.148,0.3898,0.304,0.103,-7.66,138,173188,78,0
166,Faixa 0166,Artista 048,2024,rock,0.243,0.691,0.673,0.164,0.4089,0.149,0.41,-5.45,118,164998,0,0
167,Faixa 0167,Artista 088,2024,mpb,0.517,0.443,0.672,0.123,0.1104,0.137,0.093,-6.33,108,117286,22,0
168,Faixa 0168,Artista 010,2020,funk,0.775,0.349,0.802,0.285,0.036,0.282,0.216,-10.38,139,192427,31,0
169,Faixa 0169,Artista 272,2016,trap,0.769,0.29,0.077,0.853,0.08,0.257,0.047,-10.67,154,169267,0,0
170,Faixa 0170,Artista 004,2012,sertanejo,0.638,0.62,0.287,0.089,0.152,0.086,0.527,-7.65,166,208204,81,0
171,Faixa 0171,Artista 234,2020,pop,0.338,0.573,0.073,0.482,0.0033,0.08,0.147,-13.11,146,131761,0,0
172,Faixa 0172,Artista 260,2015,rock,0.827,0.754,0.339,0.26,0.2828,0.105,0.091,-9.74,75,168675,40,0
173,Faixa 0173,Artista 348,2014,sertanejo,0.777,0.583,0.242,0.112,0.1171,0.125,0.131,-6.37,106,148448,55,0
174,Faixa 0174,Artista 100,2010,trap,0.399,0.99,0.439,0.118,0.1407,0.199,0.101,-7.49,133,187460,64,0
175,Faixa 0175,Artista 293,2012,pop,0.652,0.809,0.604,0.35,0.0297,0.124,0.026,-1.69,106,159391,87,0
176,Faixa 0176,Artista 183,2012,mpb,0.598,0.756,0.99,0.633,0.193,0.178,0.223,-9.74,101,163859,35,0
177,Faixa 0177,Artista 177,2022,mpb,0.57,0.889,0.427,0.356,0.074,0.116,0.201,-9.12,137,162083,79,0
178,Faixa 0178,Artista 208,2023,trap,0.464,0.795,0.504,0.192,0.223,0.33,0.225,-1.24,84,213075,65,0
179,Faixa 0179,Artista 100,2023,funk,0.359,0.604,0.726,0.184,0.1071,0.258,0.205,-6.68,103,189786,6,0
180,Faixa 0180,Artista 227,2014,funk,0.207,0.546,0.295,0.044,0.1516,0.096,0.284,-5.16,108,139329,0,0
181,Faixa 0181,Artista 088,2019,rock,0.677,0.663,0.497,0.375,0.1198,0.043,0.171,-13.49,107,205755,39,0
182,Faixa 0182,Artista 260,2021,sertanejo,0.459,0.924,0.461,0.296,0.0485,0.151,0.234,-7.9,133,170519,58,0
183,Faixa 0183,Artista 322,2024,mpb,0.756,0.548,0.85,0.089,0.0646,0.037,0.139,-4.61,101,167893,100,1
184,Faixa 0184,Artista 059,2012,eletronica,0.759,0.607,0.431,0.16,0.0621,0.233,0.452,-6.45,109,111252,66,0
185,Faixa 0185,Artista 252,2021,eletronica,0.64,0.566,0.734,0.115,0.366,0.167,0.267,-5.57,151,170873,65,0
186,Faixa 0186,Artista 192,2017,eletronica,0.826,0.772,0.385,0.214,0.085,0.02,0.02,-3.2,142,274573,100,1
187,Faixa 0187,Artista 187,2018,sertanejo,0.492,0.522,0.58,0.194,0.1194,0.095,0.121,-3.85,173,200976,50,0
188,Faixa 0188,Artista 318,2011,sertanejo,0.743,0.567,0.203,0.507,0.1092,0.161,0.244,-9.66,146,207181,42,0
189,Faixa 0189,Artista 285,2016,mpb,0.493,0.616,0.592,0.51,0.0539,0.138,0.064,-8.39,99,224482,50,0
190,Faixa 0190,Artista 263,2024,pop,0.663,0.658,0.528,0.47,0.1601,0.02,0.322,-5.44,98,158416,98,1
191,Faixa 0191,Artista 222,2023,sertanejo,0.807,0.605,0.1,0.374,0.1576,0.1,0.329,-11.36,125,170829,45,0
192,Faixa 0192,Artista 280,2010,rock,0.479,0.815,0.555,0.252,0.0228,0.172,0.667,-4.0,120,186135,71,0
193,Faixa 0193,Artista 223,2013,trap,0.801,0.583,0.219,0.033,0.213,0.128,0.24,-9.06,81,218666,88,0
194,Faixa 0194,Artista 117,2018,trap,0.706,0.69,0.463,0.27,0.0175,0.066,0.214,-4.01,99,171988,58,0
195,Faixa 0195,Artista 316,2022,rock,0.528,0.469,0.623,0.29,0.3643,0.069,0.261,-10.43,159,189707,29,0
196,Faixa 0196,Artista 315,2012,mpb,0.531,0.681,0.324,0.243,0.0888,0.133,0.434,-7.01,75,123808,54,0
197,Faixa 0197,Artista 198,2019,pop,0.535,0.833,0.685,0.328,0.3012,0.106,0.134,-5.83,99,193244,70,0
198,Faixa 0198,Artista 302,2021,pop,0.687,0.988,0.174,0.396,0.0784,0.133,0.416,-12.35,104,192535,100,1
199,Faixa 0199,Artista 201,2024,eletronica,0.707,0.87,0.766,0.44,0.0606,0.114,0.039,-10.92,164,194527,89,0
200,Faixa 0200,Artista 211,2010,mpb,0.643,0.519,0.653,0.546,0.2855,0.02,0.208,-3.62,147,143493,12,0
201,Faixa 0201,Artista 235,2018,sertanejo,0.604,0.835,0.383,0.274,0.0325,0.02,0.197,-4.61,55,211198,100,1
202,Faixa 0202,Artista 168,2018,pop,0.657,0.701,0.99,0.165,0.1631,0.047,0.04,-2.34,116,235870,100,1
203,Faixa 0203,Artista 185,2012,funk,0.463,0.436,0.335,0.076,0.021,0.21,0.069,-8.44,72,202106,45,0
204,Faixa 0204,Artista 045,2023,rock,0.516,0.491,0.59,0.486,0.1106,0.039,0.273,-5.17,122,245703,24,0
205,Faixa 0205,Artista 229,2018,pop,0.476,0.817,0.431,0.316,0.1814,0.171,0.223,-8.71,99,249578,6,0
206,Faixa 0206,Artista 191,2016,rock,0.645,0.803,0.148,0.389,0.1931,0.116,0.275,-8.9,136,252158,55,0
207,Faixa 0207,Artista 153,2016,funk,0.456,0.693,0.586,0.455,0.175,0.127,0.17,-2.48,149,159335,33,0
208,Faixa 0208,Artista 282,2018,funk,0.329,0.519,0.389,0.275,0.0634,0.02,0.156,-12.21,69,241422,0,0
209,Faixa 0209,Artista 234,2018,rock,0.604,0.565,0.392,0.244,0.0998,0.112,0.213,-8.48,113,170796,65,0
210,Faixa 0210,Artista 326,2011,rock,0.673,0.465,0.286,0.083,0.0106,0.267,0.202,-3.92,170,204190,44,0
211,Faixa 0211,Artista 064,2010,rock,0.642,0.588,0.393,0.379,0.0192,0.211,0.099,-5.72,111,207617,51,0
212,Faixa 0212,Artista 161,2012,mpb,0.674,0.545,0.603,0.409,0.1383,0.121,0.196,-10.25,76,181729,55,0
213,Faixa 0213,Artista 179,2024,pop,0.764,0.715,0.667,0.174,0.1902,0.29,0.073,-6.06,117,167040,100,1
214,Faixa 0214,Artista 062,2023,sertanejo,0.937,0.703,0.783,0.174,0.2331,0.021,0.06,-9.23,120,168826,100,1
215,Faixa 0215,Artista 324,2018,mpb,0.505,0.755,0.591,0.265,0.1411,0.325,0.367,-4.62,141,222954,50,0
216,Faixa 0216,Artista 084,2021,eletronica,0.517,0.709,0.215,0.088,0.1654,0.232,0.179,-5.14,175,243963,61,0
217,Faixa 0217,Artista 150,2024,sertanejo,0.499,0.488,0.462,0.111,0.0455,0.1,0.219,-3.05,111,242696,32,0
218,Faixa 0218,Artista 307,2013,rock,0.813,0.697,0.49,0.13,0.008,0.17,0.234,-7.3,151,200015,76,0
219,Faixa 0219,Artista 227,2014,mpb,0.693,0.729,0.464,0.096,0.0659,0.075,0.02,-5.63,97,150857,62,0
220,Faixa 0220,Artista 152,2020,eletronica,0.232,0.38,0.358,0.284,0.0344,0.171,0.191,-1.0,121,189559,0,0
221,Faixa 0221,Artista 324,2010,pop,0.503,0.594,0.15,0.103,0.195,0.456,0.235,-3.24,122,188364,57,0
222,Faixa 0222,Artista 206,2019,eletronica,0.839,0.656,0.102,0.349,0.0692,0.197,0.02,-6.74,140,185926,78,0
223,Faixa 0223,Artista 023,2015,funk,0.73,0.753,0.49,0.227,0.102,0.169,0.191,-2.83,92,175781,100,1
224,Faixa 0224,Artista 301,2020,mpb,0.77,0.395,0.342,0.158,0.0448,0.045,0.127,-3.59,114,199731,71,0
225,Faixa 0225,Artista 348,2013,funk,0.592,0.666,0.447,0.324,0.1584,0.106,0.436,-4.93,80,267182,50,0
226,Faixa 0226,Artista 185,2012,rock,0.777,0.647,0.81,0.24,0.1166,0.159,0.32,-6.74,141,216575,69,0
227,Faixa 0227,Artista 199,2019,trap,0.583,0.459,0.886,0.066,0.0175,0.056,0.02,-9.75,140,184259,63,0
228,Faixa 0228,Artista 265,2019,mpb,0.667,0.838,0.99,0.145,0.0566,0.106,0.131,-10.05,99,175295,100,1
229,Faixa 0229,Artista 156,2018,rock,0.622,0.99,0.621,0.535,0.0804,0.148,0.02,-2.46,109,217520,93,0
230,Faixa 0230,Artista 030,2022,eletronica,0.759,0.816,0.305,0.355,0.2834,0.411,0.209,-1.84,123,209485,100,1
231,Faixa 0231,Artista 079,2014,pop,0.267,0.364,0.672,0.08,0.061,0.106,0.242,-12.34,125,144024,16,0
232,Faixa 0232,Artista 055,2013,trap,0.625,0.738,0.192,0.28,0.0202,0.03,0.144,-6.91,88,182863,77,0
233,Faixa 0233,Artista 102,2017,sertanejo,0.439,0.659,0.625,0.324,0.0745,0.111,0.278,-5.5,113,175101,51,0
234,Faixa 0234,Artista 070,2024,rock,0.61,0.7,0.805,0.184,0.297,0.152,0.417,-6.84,105,228214,54,0
235,Faixa 0235,Artista 239,2014,trap,0.877,0.447,0.03,0.227,0.0921,0.136,0.1,-6.72,117,220790,54,0
236,Faixa 0236,Artista 146,2019,funk,0.643,0.699,0.234,0.091,0.107,0.142,0.287,-7.19,92,267726,75,0
237,Faixa 0237,Artista 321,2020,rock,0.929,0.673,0.622,0.215,0.0474,0.032,0.038,-5.57,127,242116,100,1
238,Faixa 0238,Artista 158,2017,eletronica,0.545,0.504,0.621,0.05,0.062,0.109,0.267,-8.47,151,149827,72,0
239,Faixa 0239,Artista 313,2023,sertanejo,0.579,0.576,0.451,0.036,0.0713,0.168,0.329,-3.1,102,216568,47,0
240,Faixa 0240,Artista 066,2012,trap,0.436,0.334,0.432,0.335,0.1557,0.184,0.198,-12.5,111,150481,0,0
241,Faixa 0241,Artista 344,2021,trap,0.577,0.782,0.659,0.196,0.0566,0.059,0.21,-5.74,144,182959,100,1
242,Faixa 0242,Artista 223,2011,rock,0.343,0.397,0.99,0.251,0.1646,0.097,0.216,-5.52,134,80000,35,0
243,Faixa 0243,Artista 112,2019,rock,0.978,0.888,0.622,0.082,0.0822,0.04,0.104,-6.18,106,146034,100,1
244,Faixa 0244,Artista 260,2015,mpb,0.502,0.939,0.597,0.34,0.0566,0.233,0.072,-1.0,56,246740,72,0
245,Faixa 0245,Artista 252,2010,trap,0.389,0.699,0.87,0.488,0.2832,0.147,0.182,-5.59,136,260195,21,0
246,Faixa 0246,Artista 202,2020,pop,0.528,0.656,0.648,0.266,0.1593,0.054,0.269,-10.05,73,267388,31,0
247,Faixa 0247,Artista 290,2015,sertanejo,0.817,0.357,0.223,0.201,0.0104,0.107,0.531,-1.62,143,242216,93,0
248,Faixa 0248,Artista 061,2013,sertanejo,0.874,0.759,0.464,0.159,0.4389,0.031,0.095,-5.59,88,228902,82,0
249,Faixa 0249,Artista 332,2013,rock,0.565,0.543,0.465,0.292,0.1308,0.093,0.129,-6.97,102,80000,39,0
250,Faixa 0250,Artista 093,2022,mpb,0.351,0.52,0.441,0.43,0.2494,0.132,0.164,-7.24,111,210616,0,0
251,Faixa 0251,Artista 118,2023,eletronica,0.779,0.681,0.287,0.33,0.0411,0.166,0.298,-2.28,110,143196,77,0
252,Faixa 0252,Artista 105,2023,eletronica,0.737,0.726,0.515,0.389,0.0834,0.238,0.128,-7.65,58,196833,94,0
253,Faixa 0253,Artista 156,2018,rock,0.562,0.764,0.506,0.395,0.174,0.189,0.296,-5.28,175,239200,49,0
254,Faixa 0254,Artista 128,2017,mpb,0.39,0.508,0.881,0.242,0.054,0.056,0.102,-11.99,77,264792,38,0
255,Faixa 0255,Artista 070,2011,funk,0.522,0.437,0.754,0.563,0.0481,0.261,0.092,-8.54,137,195973,26,0
256,Faixa 0256,Artista 264,2014,trap,0.743,0.569,0.639,0.343,0.3069,0.154,0.476,-1.46,128,232748,100,1
257,Faixa 0257,Artista 275,2012,sertanejo,0.435,0.421,0.673,0.24,0.3306,0.093,0.21,-10.41,105,226821,45,0
258,Faixa 0258,Artista 341,2015,funk,0.656,0.546,0.307,0.27,0.0137,0.168,0.205,-11.31,110,191368,44,0
259,Faixa 0259,Artista 047,2011,sertanejo,0.87,0.597,0.13,0.528,0.2885,0.115,0.426,-7.34,113,253864,49,0
260,Faixa 0260,Artista 091,2010,rock,0.639,0.568,0.4,0.193,0.2841,0.106,0.151,-1.0,111,245273,56,0
261,Faixa 0261,Artista 319,2022,pop,0.483,0.845,0.207,0.295,0.0823,0.105,0.281,-5.38,108,123764,37,0
262,Faixa 0262,Artista 248,2019,sertanejo,0.846,0.368,0.498,0.274,0.046,0.096,0.238,-8.44,133,195327,79,0
263,Faixa 0263,Artista 286,2023,mpb,0.451,0.836,0.317,0.478,0.0223,0.251,0.182,-6.59,136,164594,31,0
264,Faixa 0264,Artista 020,2022,rock,0.622,0.73,0.51,0.296,0.2033,0.249,0.258,-9.73,94,176412,63,0
265,Faixa 0265,Artista 117,2014,pop,0.557,0.888,0.661,0.111,0.2759,0.154,0.318,-6.65,107,117494,79,0
266,Faixa 0266,Artista 324,2013,mpb,0.778,0.353,0.504,0.112,0.2337,0.087,0.429,-3.64,101,223055,38,0
267,Faixa 0267,Artista 193,2018,sertanejo,0.279,0.668,0.217,0.605,0.0583,0.02,0.028,-6.26,123,237756,0,0
268,Faixa 0268,Artista 163,2024,mpb,0.517,0.767,0.697,0.61,0.0939,0.106,0.292,-5.93,100,248428,33,0
269,Faixa 0269,Artista 241,2016,sertanejo,0.557,0.566,0.306,0.199,0.0519,0.175,0.345,-12.27,113,145952,52,0
270,Faixa 0270,Artista 298,2022,eletronica,0.692,0.753,0.722,0.42,0.0084,0.046,0.164,-7.13,127,288607,86,0
271,Faixa 0271,Artista 248,2014,rock,0.713,0.853,0.54,0.383,0.0176,0.036,0.188,-7.89,108,204591,84,0
272,Faixa 0272,Artista 235,2024,trap,0.764,0.535,0.426,0.579,0.1971,0.285,0.237,-8.78,116,197302,77,0
273,Faixa 0273,Artista 092,2013,funk,0.623,0.704,0.582,0.398,0.4782,0.137,0.08,-7.44,55,203373,54,0
274,Faixa 0274,Artista 034,2015,funk,0.837,0.772,0.252,0.221,0.0479,0.199,0.238,-7.63,111,244264,84,0
275,Faixa 0275,Artista 230,2015,eletronica,0.709,0.593,0.643,0.049,0.0812,0.125,0.197,-10.69,150,157206,66,0
276,Faixa 0276,Artista 155,2022,sertanejo,0.64,0.622,0.706,0.279,0.085,0.123,0.229,-6.24,105,175302,82,0
277,Faixa 0277,Artista 210,2019,eletronica,0.8,0.436,0.628,0.096,0.0346,0.028,0.02,-10.17,110,194999,98,1
278,Faixa 0278,Artista 302,2024,rock,0.693,0.484,0.632,0.11,0.3267,0.478,0.044,-6.07,108,152471,50,0
279,Faixa 0279,Artista 289,2020,pop,0.455,0.629,0.533,0.252,0.0297,0.543,0.338,-4.37,134,264423,43,0
280,Faixa 0280,Artista 197,2014,pop,0.466,0.534,0.354,0.551,0.0748,0.074,0.33,-3.44,93,184850,20,0
281,Faixa 0281,Artista 188,2022,rock,0.454,0.518,0.664,0.135,0.0714,0.146,0.076,-3.22,119,152277,23,0
282,Faixa 0282,Artista 303,2017,eletronica,0.99,0.543,0.732,0.262,0.0608,0.093,0.392,-7.18,96,184284,100,1
283,Faixa 0283,Artista 291,2020,eletronica,0.575,0.864,0.563,0.388,0.3433,0.135,0.339,-7.59,133,214760,55,0
284,Faixa 0284,Artista 222,2019,rock,0.803,0.784,0.328,0.285,0.1756,0.236,0.334,-1.3,157,257075,100,1
285,Faixa 0285,Artista 159,2022,trap,0.444,0.99,0.309,0.194,0.1221,0.198,0.107,-4.07,131,154800,66,0
286,Faixa 0286,Artista 251,2014,pop,0.756,0.447,0.531,0.488,0.2302,0.231,0.156,-4.64,101,279340,14,0
287,Faixa 0287,Artista 271,2015,pop,0.537,0.782,0.513,0.184,0.2741,0.044,0.169,-5.45,144,185629,61,0
288,Faixa 0288,Artista 193,2018,trap,0.684,0.587,0.354,0.49,0.0994,0.066,0.121,-3.79,141,168316,38,0
289,Faixa 0289,Artista 062,2015,pop,0.497,0.402,0.054,0.579,0.2513,0.212,0.347,-6.57,120,189224,0,0
290,Faixa 0290,Artista 303,2023,sertanejo,0.352,0.476,0.689,0.305,0.2537,0.197,0.408,-7.24,117,240220,0,0
291,Faixa 0291,Artista 280,2024,funk,0.678,0.442,0.03,0.419,0.3368,0.223,0.036,-8.29,126,204736,3,0
292,Faixa 0292,Artista 304,2012,funk,0.366,0.739,0.394,0.189,0.2971,0.316,0.037,-5.43,153,225046,47,0
293,Faixa 0293,Artista 044,2019,trap,0.679,0.727,0.753,0.252,0.2336,0.07,0.13,-6.72,107,198037,79,0
294,Faixa 0294,Artista 157,2020,eletronica,0.644,0.243,0.524,0.286,0.2244,0.208,0.31,-8.4,128,258165,0,0
295,Faixa 0295,Artista 184,2010,pop,0.455,0.716,0.853,0.348,0.0996,0.046,0.176,-2.5,103,261648,85,0
296,Faixa 0296,Artista 109,2018,pop,0.563,0.495,0.665,0.068,0.0645,0.03,0.065,-2.89,153,264252,78,0
297,Faixa 0297,Artista 339,2024,rock,0.405,0.762,0.542,0.315,0.0734,0.021,0.02,-7.83,157,263148,8,0
298,Faixa 0298,Artista 130,2014,pop,0.572,0.525,0.578,0.456,0.1257,0.42,0.057,-6.86,139,221127,53,0
299,Faixa 0299,Artista 120,2016,sertanejo,0.479,0.842,0.354,0.245,0.0162,0.02,0.174,-6.15,79,174346,39,0
300,Faixa 0300,Artista 223,2021,sertanejo,0.77,0.713,0.566,0.266,0.2686,0.05,0.104,-6.29,88,137325,78,0
301,Faixa 0301,Artista 335,2018,sertanejo,0.317,0.638,0.647,0.064,0.2282,0.222,0.318,-4.5,128,131332,14,0
302,Faixa 0302,Artista 098,2023,rock,0.596,0.622,0.309,0.207,0.1595,0.131,0.316,-5.51,81,164861,40,0
303,Faixa 0303,Artista 143,2021,sertanejo,0.814,0.644,0.591,0.401,0.0959,0.036,0.041,-15.05,141,126839,100,1
304,Faixa 0304,Artista 137,2017,sertanejo,0.619,0.71,0.253,0.429,0.1428,0.112,0.318,-8.0,74,228555,60,0
305,Faixa 0305,Artista 199,2020,rock,0.741,0.761,0.688,0.159,0.0279,0.049,0.112,-4.63,123,243194,100,1
306,Faixa 0306,Artista 067,2020,mpb,0.542,0.428,0.583,0.181,0.0063,0.055,0.43,-6.97,100,281712,57,0
307,Faixa 0307,Artista 219,2015,funk,0.502,0.516,0.568,0.157,0.1464,0.111,0.041,-3.71,160,222096,60,0
308,Faixa 0308,Artista 082,2022,rock,0.581,0.546,0.522,0.399,0.3329,0.141,0.03,-9.6,109,236675,9,0
309,Faixa 0309,Artista 313,2016,funk,0.704,0.487,0.405,0.316,0.0332,0.136,0.285,-5.85,125,171793,36,0
310,Faixa 0310,Artista 261,2024,trap,0.536,0.756,0.42,0.134,0.157,0.02,0.378,-8.91,152,231703,50,0
311,Faixa 0311,Artista 066,2017,pop,0.544,0.407,0.214,0.337,0.2514,0.078,0.141,-6.11,106,176868,0,0
312,Faixa 0312,Artista 029,2016,mpb,0.902,0.532,0.471,0.455,0.1154,0.204,0.192,-4.91,81,271381,77,0
313,Faixa 0313,Artista 297,2021,eletronica,0.668,0.556,0.543,0.416,0.1165,0.05,0.412,-7.89,139,116554,54,0
314,Faixa 0314,Artista 109,2019,pop,0.851,0.366,0.677,0.414,0.2207,0.177,0.268,-3.71,126,206860,42,0
315,Faixa 0315,Artista 160,2014,trap,0.497,0.655,0.432,0.261,0.025,0.278,0.248,-8.97,124,224953,55,0
316,Faixa 0316,Artista 107,2017,sertanejo,0.77,0.432,0.754,0.167,0.1971,0.118,0.413,-2.19,127,186590,100,1
317,Faixa 0317,Artista 316,2010,rock,0.477,0.99,0.479,0.302,0.3394,0.177,0.558,-6.43,111,247723,39,0
318,Faixa 0318,Artista 058,2014,mpb,0.644,0.699,0.459,0.157,0.1262,0.073,0.272,-6.65,146,227043,59,0
319,Faixa 0319,Artista 142,2020,eletronica,0.539,0.689,0.564,0.136,0.0969,0.244,0.171,-7.7,109,80000,32,0
320,Faixa 0320,Artista 293,2024,sertanejo,0.516,0.767,0.628,0.219,0.1984,0.08,0.181,-4.44,100,358019,67,0
321,Faixa 0321,Artista 187,2023,funk,0.602,0.758,0.726,0.2,0.3266,0.02,0.131,-8.84,134,246025,100,1
322,Faixa 0322,Artista 040,2011,mpb,0.689,0.45,0.399,0.192,0.0979,0.059,0.053,-8.22,165,175667,44,0
323,Faixa 0323,Artista 266,2019,sertanejo,0.293,0.699,0.757,0.05,0.014,0.339,0.154,-4.87,104,188106,44,0
324,Faixa 0324,Artista 062,2010,pop,0.765,0.527,0.887,0.082,0.2186,0.023,0.123,-1.0,154,147937,56,0
325,Faixa 0325,Artista 038,2019,eletronica,0.647,0.698,0.887,0.521,0.0293,0.031,0.234,-7.66,112,187306,82,0
326,Faixa 0326,Artista 256,2021,rock,0.422,0.458,0.785,0.025,0.0062,0.079,0.197,-1.0,91,175353,44,0
327,Faixa 0327,Artista 322,2010,eletronica,0.604,0.176,0.865,0.402,0.1253,0.203,0.152,-6.53,130,151865,59,0
328,Faixa 0328,Artista 273,2020,eletronica,0.794,0.658,0.619,0.454,0.0548,0.02,0.164,-12.71,124,267523,100,1
329,Faixa 0329,Artista 204,2010,funk,0.498,0.383,0.389,0.107,0.1756,0.122,0.177,-6.99,120,166850,44,0
330,Faixa 0330,Artista 152,2016,rock,0.599,0.736,0.637,0.445,0.1145,0.253,0.02,-1.0,129,200517,83,0
331,Faixa 0331,Artista 029,2010,trap,0.717,0.673,0.637,0.293,0.1283,0.107,0.155,-3.5,173,143125,86,0
332,Faixa 0332,Artista 052,2016,funk,0.922,0.678,0.504,0.138,0.2213,0.108,0.327,-1.0,107,225180,100,1
333,Faixa 0333,Artista 134,2014,rock,0.446,0.616,0.438,0.624,0.3646,0.269,0.177,-6.12,120,210120,0,0
334,Faixa 0334,Artista 205,2022,eletronica,0.495,0.429,0.516,0.305,0.0492,0.277,0.425,-4.34,117,264713,32,0
335,Faixa 0335,Artista 247,2018,trap,0.293,0.434,0.361,0.121,0.4566,0.174,0.162,-1.76,93,221655,0,0
336,Faixa 0336,Artista 081,2021,funk,0.662,0.603,0.542,0.595,0.1173,0.104,0.064,-6.92,148,271249,52,0
337,Faixa 0337,Artista 068,2016,rock,0.61,0.753,0.564,0.541,0.2263,0.113,0.219,-7.13,125,135700,48,0
338,Faixa 0338,Artista 220,2021,sertanejo,0.48,0.933,0.431,0.18,0.3634,0.049,0.043,-4.87,91,226378,100,1
339,Faixa 0339,Artista 209,2017,mpb,0.44,0.562,0.03,0.166,0.1287,0.118,0.13,-7.74,138,227789,24,0
340,Faixa 0340,Artista 030,2011,sertanejo,0.577,0.853,0.296,0.191,0.1209,0.07,0.228,-1.21,145,119320,55,0
341,Faixa 0341,Artista 249,2015,rock,0.773,0.493,0.597,0.428,0.0036,0.112,0.041,-7.96,113,239963,29,0
342,Faixa 0342,Artista 103,2015,sertanejo,0.755,0.235,0.609,0.339,0.1103,0.103,0.118,-12.38,61,146988,48,0
343,Faixa 0343,Artista 305,2021,pop,0.597,0.758,0.294,0.472,0.1,0.113,0.05,-9.83,163,189041,57,0
344,Faixa 0344,Artista 011,2011,funk,0.438,0.535,0.241,0.384,0.3678,0.101,0.138,-9.63,142,201036,16,0
345,Faixa 0345,Artista 254,2010,funk,0.357,0.969,0.61,0.376,0.133,0.178,0.29,-14.73,152,259287,34,0
346,Faixa 0346,Artista 325,2022,pop,0.508,0.615,0.399,0.376,0.1627,0.051,0.182,-10.09,109,144681,7,0
347,Faixa 0347,Artista 051,2022,eletronica,0.274,0.957,0.874,0.236,0.2202,0.18,0.246,-4.97,162,230871,47,0
348,Faixa 0348,Artista 132,2018,rock,0.443,0.626,0.927,0.255,0.155,0.268,0.066,-13.11,163,203789,90,0
349,Faixa 0349,Artista 136,2015,trap,0.471,0.508,0.684,0.766,0.0705,0.028,0.425,-8.54,80,263958,22,0
350,Faixa 0350,Artista 208,2023,rock,0.564,0.406,0.297,0.588,0.1682,0.342,0.034,-9.76,88,152184,8,0
351,Faixa 0351,Artista 199,2020,pop,0.649,0.794,0.677,0.359,0.3831,0.203,0.042,-2.79,130,110584,73,0
352,Faixa 0352,Artista 262,2014,funk,0.844,0.783,0.483,0.579,0.2289,0.06,0.475,-6.48,149,124561,82,0
353,Faixa 0353,Artista 220,2014,rock,0.789,0.671,0.918,0.414,0.0967,0.047,0.241,-6.39,142,259049,56,0
354,Faixa 0354,Artista 328,2019,mpb,0.521,0.534,0.641,0.375,0.1544,0.152,0.471,-3.34,141,198413,71,0
355,Faixa 0355,Artista 250,2021,mpb,0.643,0.666,0.657,0.376,0.0614,0.032,0.151,-11.09,114,219374,68,0
356,Faixa 0356,Artista 179,2015,trap,0.82,0.585,0.455,0.072,0.1917,0.211,0.382,-10.52,55,237377,66,0
357,Faixa 0357,Artista 170,2010,sertanejo,0.717,0.669,0.381,0.537,0.203,0.086,0.02,-8.02,128,243323,19,0
358,Faixa 0358,Artista 225,2010,pop,0.448,0.404,0.256,0.355,0.0307,0.02,0.147,-13.3,144,257087,27,0
359,Faixa 0359,Artista 290,2016,eletronica,0.73,0.525,0.473,0.252,0.0665,0.029,0.36,-10.76,107,220298,76,0
360,Faixa 0360,Artista 305,2013,funk,0.623,0.491,0.459,0.26,0.3633,0.104,0.222,-12.2,201,162957,31,0
361,Faixa 0361,Artista 039,2014,sertanejo,0.758,0.757,0.419,0.293,0.0523,0.08,0.02,-6.73,109,165218,100,1
362,Faixa 0362,Artista 049,2018,pop,0.616,0.525,0.271,0.295,0.4613,0.145,0.192,-7.6,134,253795,24,0
363,Faixa 0363,Artista 126,2015,rock,0.715,0.853,0.595,0.272,0.0565,0.23,0.15,-8.62,139,186451,89,0
364,Faixa 0364,Artista 211,2011,trap,0.861,0.572,0.539,0.526,0.0163,0.195,0.038,-1.0,110,151312,93,0
365,Faixa 0365,Artista 176,2019,mpb,0.564,0.773,0.441,0.245,0.1016,0.194,0.117,-4.56,104,171540,66,0
366,Faixa 0366,Artista 214,2013,pop,0.78,0.672,0.696,0.173,0.1965,0.289,0.128,-8.72,113,196876,100,1
367,Faixa 0367,Artista 264,2023,sertanejo,0.695,0.766,0.468,0.194,0.1783,0.074,0.174,-7.22,107,174829,100,1
368,Faixa 0368,Artista 260,2016,trap,0.71,0.656,0.207,0.418,0.0748,0.074,0.282,-11.98,152,221603,50,0
369,Faixa 0369,Artista 283,2015,pop,0.644,0.694,0.699,0.525,0.1294,0.064,0.186,-7.98,156,139554,40,0
370,Faixa 0370,Artista 059,2014,trap,0.705,0.734,0.407,0.071,0.0709,0.249,0.221,-3.15,84,239550,78,0
371,Faixa 0371,Artista 220,2020,mpb,0.843,0.673,0.77,0.319,0.2386,0.209,0.02,-7.57,68,193750,86,0
372,Faixa 0372,Artista 219,2012,sertanejo,0.406,0.471,0.512,0.554,0.1306,0.293,0.397,-9.45,135,98394,19,0
373,Faixa 0373,Artista 246,2023,trap,0.685,0.522,0.229,0.424,0.5012,0.184,0.288,-4.32,112,196539,20,0
374,Faixa 0374,Artista 053,2020,eletronica,0.812,0.699,0.593,0.002,0.0929,0.203,0.149,-3.95,133,215132,100,1
375,Faixa 0375,Artista 067,2015,trap,0.612,0.646,0.03,0.117,0.1285,0.138,0.536,-9.93,131,155138,57,0
376,Faixa 0376,Artista 088,2017,sertanejo,0.746,0.819,0.597,0.039,0.1054,0.04,0.183,-5.18,151,177926,100,1
377,Faixa 0377,Artista 268,2022,eletronica,0.593,0.577,0.03,0.542,0.0472,0.371,0.254,-10.66,142,182263,19,0
378,Faixa 0378,Artista 098,2016,mpb,0.752,0.05,0.242,0.448,0.0433,0.098,0.131,-7.08,155,176657,20,0
379,Faixa 0379,Artista 314,2020,pop,0.79,0.687,0.299,0.158,0.1142,0.158,0.291,-5.13,120,144534,100,1
380,Faixa 0380,Artista 216,2014,trap,0.539,0.594,0.348,0.216,0.2825,0.032,0.075,-4.65,139,299449,52,0
381,Faixa 0381,Artista 097,2010,eletronica,0.629,0.778,0.265,0.108,0.2735,0.178,0.036,-4.92,138,193054,67,0
382,Faixa 0382,Artista 221,2013,mpb,0.438,0.577,0.457,0.161,0.1974,0.047,0.354,-6.76,120,203151,48,0
383,Faixa 0383,Artista 030,2024,rock,0.423,0.466,0.03,0.496,0.0576,0.129,0.133,-6.64,150,173497,15,0
384,Faixa 0384,Artista 335,2021,funk,0.534,0.63,0.735,0.254,0.1289,0.061,0.24,-4.06,130,241017,81,0
385,Faixa 0385,Artista 151,2020,rock,0.757,0.632,0.046,0.435,0.1033,0.164,0.194,-10.23,136,218424,68,0
386,Faixa 0386,Artista 094,2016,funk,0.348,0.472,0.738,0.128,0.1396,0.067,0.073,-9.76,87,132264,15,0
387,Faixa 0387,Artista 246,2013,eletronica,0.29,0.497,0.598,0.24,0.0907,0.02,0.583,-14.0,128,252802,0,0
388,Faixa 0388,Artista 285,2016,trap,0.565,0.774,0.237,0.542,0.2614,0.441,0.02,-9.87,107,213303,13,0
389,Faixa 0389,Artista 046,2012,trap,0.698,0.59,0.299,0.368,0.0524,0.357,0.052,-8.61,142,214152,53,0
390,Faixa 0390,Artista 202,2012,rock,0.559,0.334,0.429,0.31,0.0072,0.056,0.185,-8.05,101,187795,52,0
391,Faixa 0391,Artista 067,2013,mpb,0.707,0.687,0.507,0.594,0.3657,0.026,0.21,-4.49,108,150803,48,0
392,Faixa 0392,Artista 019,2014,funk,0.927,0.487,0.775,0.224,0.4833,0.222,0.14,-7.81,103,227891,87,0
393,Faixa 0393,Artista 347,2014,rock,0.459,0.99,0.941,0.228,0.0645,0.073,0.283,-7.37,102,112482,53,0
394,Faixa 0394,Artista 054,2018,funk,0.504,0.515,0.03,0.439,0.0737,0.125,0.159,-11.43,119,233641,3,0
395,Faixa 0395,Artista 101,2014,trap,0.505,0.692,0.628,0.308,0.0274,0.128,0.154,-4.2,124,199262,67,0
396,Faixa 0396,Artista 245,2011,trap,0.588,0.648,0.332,0.143,0.2426,0.178,0.278,-8.02,67,165894,17,0
397,Faixa 0397,Artista 083,2021,rock,0.325,0.389,0.657,0.121,0.4455,0.154,0.275,-5.95,126,181430,0,0
398,Faixa 0398,Artista 205,2022,pop,0.979,0.51,0.531,0.488,0.0715,0.161,0.397,-8.5,103,180621,100,1
399,Faixa 0399,Artista 127,2021,funk,0.447,0.818,0.095,0.465,0.1302,0.16,0.32,-9.53,94,177483,23,0
400,Faixa 0400,Artista 272,2012,pop,0.601,0.826,0.61,0.339,0.2686,0.129,0.2,-3.73,148,216140,94,0
401,Faixa 0401,Artista 189,2013,sertanejo,0.569,0.574,0.604,0.564,0.2247,0.075,0.12,-6.15,153,148427,54,0
402,Faixa 0402,Artista 288,2022,pop,0.712,0.517,0.816,0.073,0.088,0.167,0.156,-12.37,107,112625,48,0
403,Faixa 0403,Artista 290,2024,trap,0.626,0.52,0.519,0.258,0.0965,0.133,0.26,-5.76,114,215272,59,0
404,Faixa 0404,Artista 044,2012,funk,0.767,0.779,0.364,0.123,0.5338,0.057,0.217,-1.63,108,265637,93,0
405,Faixa 0405,Artista 111,2023,mpb,0.861,0.54,0.878,0.134,0.0122,0.332,0.213,-8.05,92,128473,100,1
406,Faixa 0406,Artista 126,2018,sertanejo,0.716,0.516,0.425,0.267,0.0481,0.213,0.029,-1.0,103,241905,81,0
407,Faixa 0407,Artista 010,2023,sertanejo,0.697,0.739,0.292,0.127,0.1023,0.249,0.192,-8.13,147,183482,100,1
408,Faixa 0408,Artista 310,2023,pop,0.613,0.827,0.822,0.381,0.08,0.255,0.106,-6.86,102,213407,81,0
409,Faixa 0409,Artista 158,2021,pop,0.567,0.723,0.684,0.416,0.3053,0.171,0.312,-8.74,125,172330,56,0
410,Faixa 0410,Artista 011,2016,rock,0.615,0.567,0.072,0.188,0.2847,0.317,0.105,-9.24,94,232412,15,0
411,Faixa 0411,Artista 326,2022,sertanejo,0.556,0.536,0.03,0.013,0.0242,0.375,0.45,-9.41,149,110122,5,0
412,Faixa 0412,Artista 252,2018,rock,0.747,0.64,0.406,0.254,0.2542,0.201,0.27,-7.76,180,230216,61,0
413,Faixa 0413,Artista 053,2017,mpb,0.844,0.99,0.352,0.132,0.2587,0.191,0.323,-4.95,133,170356,100,1
414,Faixa 0414,Artista 219,2023,rock,0.798,0.38,0.104,0.28,0.1639,0.056,0.31,-14.09,55,178908,18,0
415,Faixa 0415,Artista 239,2013,trap,0.54,0.664,0.744,0.153,0.0433,0.112,0.197,-2.21,121,213530,85,0
416,Faixa 0416,Artista 068,2022,trap,0.63,0.774,0.369,0.485,0.1864,0.179,0.152,-10.52,146,150411,73,0
417,Faixa 0417,Artista 272,2012,eletronica,0.777,0.703,0.339,0.3,0.1613,0.285,0.069,-8.08,136,199248,53,0
418,Faixa 0418,Artista 308,2017,eletronica,0.651,0.553,0.394,0.217,0.0769,0.286,0.164,-10.2,92,178764,41,0
419,Faixa 0419,Artista 103,2024,mpb,0.564,0.7,0.402,0.257,0.1568,0.145,0.051,-8.95,135,180192,66,0
420,Faixa 0420,Artista 341,2020,funk,0.478,0.644,0.656,0.475,0.1942,0.329,0.319,-4.68,68,130648,74,0
421,Faixa 0421,Artista 187,2011,trap,0.526,0.81,0.036,0.317,0.3794,0.058,0.433,-7.21,157,216646,62,0
422,Faixa 0422,Artista 277,2014,pop,0.659,0.534,0.234,0.334,0.0227,0.149,0.275,-8.43,156,146715,61,0
423,Faixa 0423,Artista 076,2020,funk,0.777,0.72,0.211,0.313,0.3581,0.138,0.217,-12.21,98,167310,60,0
424,Faixa 0424,Artista 154,2015,rock,0.675,0.763,0.99,0.134,0.2159,0.024,0.327,-9.13,74,238068,97,0
425,Faixa 0425,Artista 124,2014,sertanejo,0.608,0.434,0.35,0.27,0.1562,0.151,0.15,-10.19,118,189829,47,0
426,Faixa 0426,Artista 263,2015,eletronica,0.7,0.544,0.527,0.336,0.2263,0.106,0.121,-12.34,155,223997,31,0
427,Faixa 0427,Artista 271,2018,eletronica,0.67,0.634,0.643,0.08,0.0901,0.064,0.067,-11.78,150,216346,32,0
428,Faixa 0428,Artista 149,2017,pop,0.612,0.752,0.645,0.245,0.1513,0.054,0.219,-6.78,97,221364,77,0
429,Faixa 0429,Artista 140,2016,trap,0.847,0.623,0.146,0.132,0.185,0.02,0.181,-14.12,155,161987,74,0
430,Faixa 0430,Artista 277,2012,rock,0.853,0.99,0.696,0.216,0.3806,0.194,0.244,-11.32,55,187130,96,0
431,Faixa 0431,Artista 077,2014,mpb,0.483,0.624,0.404,0.082,0.1842,0.171,0.028,-7.93,108,260667,45,0
432,Faixa 0432,Artista 285,2023,trap,0.638,0.73,0.276,0.544,0.1095,0.149,0.045,-1.0,114,137637,52,0
433,Faixa 0433,Artista 317,2021,sertanejo,0.648,0.843,0.59,0.5,0.0303,0.137,0.063,-10.06,75,140723,78,0
434,Faixa 0434,Artista 008,2011,mpb,0.761,0.917,0.537,0.567,0.1075,0.221,0.427,-4.53,135,176085,93,0
435,Faixa 0435,Artista 233,2020,eletronica,0.99,0.645,0.742,0.277,0.2582,0.108,0.343,-6.33,140,150708,100,1
436,Faixa 0436,Artista 119,2020,rock,0.599,0.533,0.979,0.252,0.2043,0.166,0.293,-6.05,160,190735,74,0
437,Faixa 0437,Artista 320,2022,rock,0.686,0.559,0.808,0.211,0.2315,0.305,0.217,-7.67,117,89496,95,0
438,Faixa 0438,Artista 291,2012,rock,0.377,0.454,0.581,0.073,0.1379,0.271,0.131,-6.55,80,211104,28,0
439,Faixa 0439,Artista 233,2020,sertanejo,0.513,0.862,0.35,0.254,0.0339,0.246,0.207,-8.59,135,194216,55,0
440,Faixa 0440,Artista 140,2024,funk,0.675,0.886,0.408,0.146,0.046,0.218,0.187,-5.86,154,123698,100,1
441,Faixa 0441,Artista 018,2017,funk,0.693,0.882,0.384,0.573,0.1573,0.304,0.175,-2.82,70,130652,82,0
442,Faixa 0442,Artista 031,2022,mpb,0.722,0.509,0.244,0.432,0.0461,0.197,0.06,-5.78,91,257884,65,0
443,Faixa 0443,Artista 045,2018,funk,0.67,0.65,0.671,0.465,0.0934,0.319,0.166,-7.94,120,178478,88,0
444,Faixa 0444,Artista 231,2020,pop,0.703,0.665,0.724,0.103,0.2172,0.153,0.232,-2.47,130,178608,100,1
445,Faixa 0445,Artista 008,2014,funk,0.659,0.99,0.49,0.122,0.2635,0.167,0.243,-5.15,98,179815,95,0
446,Faixa 0446,Artista 184,2010,mpb,0.956,0.753,0.609,0.501,0.1633,0.042,0.12,-2.5,117,111598,99,1
447,Faixa 0447,Artista 261,2015,rock,0.597,0.563,0.03,0.273,0.3148,0.09,0.052,-8.5,140,192017,0,0
448,Faixa 0448,Artista 124,2011,rock,0.597,0.511,0.394,0.231,0.0312,0.14,0.381,-8.34,113,179372,49,0
449,Faixa 0449,Artista 303,2024,trap,0.441,0.777,0.584,0.365,0.0258,0.122,0.217,-9.7,110,229015,68,0
450,Faixa 0450,Artista 153,2013,rock,0.634,0.926,0.611,0.214,0.0362,0.227,0.198,-10.86,58,184470,78,0
451,Faixa 0451,Artista 113,2023,rock,0.433,0.584,0.291,0.09,0.0583,0.14,0.055,-3.19,128,192912,21,0
452,Faixa 0452,Artista 164,2015,sertanejo,0.83,0.345,0.419,0.363,0.0007,0.315,0.259,-9.44,159,152855,65,0
453,Faixa 0453,Artista 241,2013,rock,0.7,0.682,0.252,0.122,0.0121,0.223,0.214,-8.86,77,305152,56,0
454,Faixa 0454,Artista 086,2013,funk,0.563,0.672,0.237,0.119,0.1616,0.076,0.177,-10.59,76,221965,30,0
455,Faixa 0455,Artista 195,2019,trap,0.586,0.673,0.676,0.14,0.08,0.064,0.066,-10.54,76,170303,60,0
456,Faixa 0456,Artista 070,2014,rock,0.416,0.352,0.228,0.387,0.132,0.02,0.097,-11.61,158,224299,8,0
457,Faixa 0457,Artista 138,2017,rock,0.695,0.403,0.65,0.251,0.1063,0.164,0.095,-11.12,84,214184,55,0
458,Faixa 0458,Artista 223,2016,mpb,0.99,0.692,0.669,0.544,0.0236,0.085,0.041,-4.08,102,196223,100,1
459,Faixa 0459,Artista 036,2022,rock,0.525,0.759,0.235,0.136,0.0197,0.088,0.12,-5.27,75,168434,73,0
460,Faixa 0460,Artista 190,2014,rock,0.608,0.506,0.206,0.349,0.0363,0.165,0.29,-7.03,105,206143,24,0
461,Faixa 0461,Artista 223,2019,rock,0.761,0.46,0.421,0.294,0.0189,0.056,0.295,-7.84,143,226615,70,0
462,Faixa 0462,Artista 198,2010,mpb,0.479,0.721,0.03,0.097,0.0258,0.128,0.324,-8.46,146,147893,34,0
463,Faixa 0463,Artista 005,2017,pop,0.626,0.758,0.422,0.307,0.1248,0.155,0.102,-8.35,91,187510,25,0
464,Faixa 0464,Artista 233,2014,trap,0.475,0.279,0.806,0.207,0.1463,0.118,0.1,-9.06,119,261279,19,0
465,Faixa 0465,Artista 119,2020,funk,0.574,0.601,0.813,0.034,0.0963,0.114,0.111,-3.13,119,211129,88,0
466,Faixa 0466,Artista 263,2011,pop,0.561,0.498,0.417,0.659,0.1697,0.281,0.339,-10.5,127,177359,6,0
467,Faixa 0467,Artista 233,2015,mpb,0.667,0.603,0.348,0.156,0.18,0.175,0.185,-6.26,203,178762,100,1
468,Faixa 0468,Artista 024,2013,sertanejo,0.527,0.314,0.054,0.435,0.1699,0.096,0.416,-10.34,75,278271,0,0
469,Faixa 0469,Artista 196,2010,mpb,0.552,0.381,0.375,0.321,0.2083,0.132,0.439,-4.73,136,289520,24,0
470,Faixa 0470,Artista 009,2019,mpb,0.45,0.443,0.554,0.013,0.1772,0.162,0.271,-1.0,127,84533,28,0
471,Faixa 0471,Artista 292,2013,pop,0.623,0.445,0.553,0.361,0.0906,0.115,0.148,-5.13,122,147015,41,0
472,Faixa 0472,Artista 001,2017,pop,0.658,0.45,0.418,0.236,0.117,0.124,0.044,-9.96,70,260275,51,0
473,Faixa 0473,Artista 316,2015,mpb,0.345,0.478,0.931,0.425,0.3716,0.051,0.219,-6.77,147,265174,17,0
474,Faixa 0474,Artista 180,2014,funk,0.693,0.718,0.549,0.054,0.3209,0.329,0.122,-6.92,70,105214,55,0
475,Faixa 0475,Artista 310,2021,trap,0.459,0.599,0.447,0.412,0.3184,0.172,0.421,-6.56,151,218466,2,0
476,Faixa 0476,Artista 321,2017,eletronica,0.682,0.836,0.928,0.618,0.01,0.085,0.214,-10.85,185,206955,86,0
477,Faixa 0477,Artista 193,2010,mpb,0.287,0.671,0.631,0.048,0.0759,0.171,0.12,-5.95,131,226921,53,0
478,Faixa 0478,Artista 034,2011,pop,0.427,0.359,0.72,0.242,0.1752,0.081,0.177,-4.06,132,222084,40,0
479,Faixa 0479,Artista 275,2016,trap,0.796,0.608,0.283,0.54,0.0327,0.142,0.213,-7.73,119,164645,49,0
480,Faixa 0480,Artista 339,2010,sertanejo,0.574,0.355,0.6,0.142,0.1353,0.055,0.065,-5.9,91,146017,60,0
481,Faixa 0481,Artista 086,2024,pop,0.747,0.639,0.708,0.131,0.1607,0.138,0.332,-9.31,133,179210,92,0
482,Faixa 0482,Artista 103,2015,sertanejo,0.679,0.67,0.672,0.057,0.0868,0.034,0.082,-7.12,135,229743,100,1
483,Faixa 0483,Artista 092,2022,sertanejo,0.614,0.438,0.53,0.165,0.1599,0.15,0.051,-1.1,162,248502,33,0
484,Faixa 0484,Artista 012,2016,funk,0.647,0.695,0.233,0.278,0.3586,0.057,0.266,-1.28,71,185560,64,0
485,Faixa 0485,Artista 004,2020,trap,0.61,0.481,0.452,0.383,0.1417,0.13,0.239,-8.9,83,167013,28,0
486,Faixa 0486,Artista 032,2020,mpb,0.525,0.568,0.662,0.122,0.0327,0.103,0.338,-8.34,109,144378,63,0
487,Faixa 0487,Artista 142,2010,rock,0.581,0.422,0.408,0.463,0.0831,0.065,0.295,-5.39,128,268469,3,0
488,Faixa 0488,Artista 213,2020,pop,0.84,0.196,0.296,0.508,0.058,0.068,0.379,-2.28,116,238066,45,0
489,Faixa 0489,Artista 217,2023,trap,0.669,0.527,0.649,0.416,0.0863,0.342,0.072,-6.24,118,167371,81,0
490,Faixa 0490,Artista 070,2020,funk,0.737,0.553,0.426,0.418,0.2554,0.221,0.143,-2.24,79,183428,81,0
491,Faixa 0491,Artista 338,2022,trap,0.327,0.758,0.558,0.176,0.1143,0.09,0.084,-5.23,61,201586,33,0
492,Faixa 0492,Artista 016,2017,trap,0.672,0.458,0.661,0.127,0.2207,0.154,0.269,-7.76,107,144520,77,0
493,Faixa 0493,Artista 022,2022,eletronica,0.788,0.626,0.258,0.057,0.0813,0.02,0.065,-10.61,132,112917,75,0
494,Faixa 0494,Artista 319,2019,eletronica,0.519,0.653,0.635,0.305,0.0622,0.049,0.123,-10.45,126,226057,28,0
495,Faixa 0495,Artista 115,2019,funk,0.451,0.439,0.474,0.199,0.1374,0.112,0.072,-7.41,154,150266,0,0
496,Faixa 0496,Artista 347,2018,pop,0.576,0.634,0.817,0.351,0.1509,0.213,0.094,-8.37,110,279151,44,0
497,Faixa 0497,Artista 075,2024,rock,0.775,0.494,0.557,0.068,0.0983,0.154,0.249,-6.49,114,185640,79,0
498,Faixa 0498,Artista 188,2024,trap,0.884,0.387,0.401,0.192,0.0628,0.07,0.028,-1.85,156,198639,84,0
499,Faixa 0499,Artista 130,2014,sertanejo,0.723,0.958,0.585,0.285,0.1831,0.044,0.188,-4.56,92,238365,100,1
500,Faixa 0500,Artista 291,2010,mpb,0.331,0.374,0.812,0.313,0.2119,0.106,0.112,-2.59,91,219046,0,0
501,Faixa 0501,Artista 228,2015,rock,0.723,0.871,0.836,0.476,0.0092,0.02,0.216,-8.36,110,165435,80,0
502,Faixa 0502,Artista 016,2012,eletronica,0.67,0.607,0.331,0.193,0.1928,0.146,0.114,-2.58,129,228278,53,0
503,Faixa 0503,Artista 286,2016,rock,0.786,0.47,0.379,0.144,0.1592,0.222,0.162,-1.17,131,167084,87,0
504,Faixa 0504,Artista 269,2021,pop,0.516,0.853,0.457,0.537,0.0794,0.04,0.133,-1.0,100,271660,34,0
505,Faixa 0505,Artista 281,2010,pop,0.879,0.639,0.553,0.543,0.1129,0.263,0.188,-5.46,65,247066,70,0
506,Faixa 0506,Artista 126,2010,eletronica,0.461,0.775,0.756,0.202,0.1286,0.22,0.147,-9.83,104,230948,25,0
507,Faixa 0507,Artista 076,2015,sertanejo,0.577,0.643,0.826,0.196,0.0177,0.085,0.02,-7.19,102,245348,75,0
508,Faixa 0508,Artista 101,2013,eletronica,0.769,0.938,0.271,0.585,0.018,0.154,0.151,-9.69,67,146352,83,0
509,Faixa 0509,Artista 038,2024,trap,0.619,0.45,0.352,0.646,0.2013,0.161,0.387,-5.77,143,248226,22,0
510,Faixa 0510,Artista 284,2014,sertanejo,0.533,0.868,0.201,0.305,0.4458,0.148,0.169,-11.06,112,229400,26,0
511,Faixa 0511,Artista 265,2021,mpb,0.72,0.441,0.562,0.446,0.2356,0.6,0.128,-5.45,151,195778,79,0
512,Faixa 0512,Artista 051,2022,funk,0.398,0.847,0.093,0.294,0.0919,0.024,0.259,-2.72,159,282674,44,0
513,Faixa 0513,Artista 049,2018,trap,0.479,0.49,0.625,0.523,0.3183,0.144,0.277,-10.05,111,174477,14,0
514,Faixa 0514,Artista 144,2013,eletronica,0.493,0.538,0.509,0.022,0.0135,0.07,0.095,-9.46,127,197692,34,0
515,Faixa 0515,Artista 331,2021,rock,0.896,0.99,0.03,0.377,0.0194,0.096,0.319,-6.18,125,250688,100,1
516,Faixa 0516,Artista 268,2021,mpb,0.546,0.786,0.408,0.336,0.0291,0.078,0.21,-4.12,98,213301,86,0
517,Faixa 0517,Artista 301,2021,pop,0.418,0.621,0.627,0.154,0.0955,0.085,0.289,-6.31,84,177091,37,0
518,Faixa 0518,Artista 252,2012,rock,0.601,0.574,0.682,0.578,0.1637,0.249,0.643,-5.57,55,187039,48,0
519,Faixa 0519,Artista 294,2019,eletronica,0.765,0.443,0.555,0.184,0.0437,0.326,0.221,-1.07,145,260800,87,0
520,Faixa 0520,Artista 089,2017,sertanejo,0.565,0.697,0.518,0.53,0.2711,0.064,0.117,-10.14,76,148865,21,0
521,Faixa 0521,Artista 254,2019,trap,0.544,0.511,0.702,0.584,0.1264,0.207,0.09,-1.31,114,237663,62,0
522,Faixa 0522,Artista 109,2018,sertanejo,0.648,0.394,0.378,0.321,0.1591,0.021,0.121,-5.56,92,177390,24,0
523,Faixa 0523,Artista 063,2011,eletronica,0.666,0.494,0.624,0.256,0.1815,0.02,0.154,-9.4,114,184667,50,0
524,Faixa 0524,Artista 138,2012,eletronica,0.392,0.894,0.697,0.258,0.265,0.128,0.137,-4.22,156,188598,60,0
525,Faixa 0525,Artista 237,2014,trap,0.712,0.525,0.347,0.158,0.1214,0.131,0.224,-6.72,104,205363,32,0
526,Faixa 0526,Artista 266,2012,mpb,0.877,0.744,0.895,0.173,0.1907,0.036,0.299,-1.9,134,125438,100,1
527,Faixa 0527,Artista 039,2013,eletronica,0.473,0.429,0.64,0.286,0.0593,0.151,0.166,-4.47,143,222115,15,0
528,Faixa 0528,Artista 339,2020,funk,0.619,0.63,0.569,0.238,0.1716,0.144,0.234,-6.97,131,176921,76,0
529,Faixa 0529,Artista 059,2010,trap,0.422,0.444,0.553,0.4,0.1705,0.213,0.43,-6.78,133,254703,48,0
530,Faixa 0530,Artista 196,2023,rock,0.494,0.747,0.879,0.27,0.2107,0.228,0.349,-8.33,153,211863,64,0
531,Faixa 0531,Artista 092,2017,sertanejo,0.714,0.689,0.226,0.476,0.079,0.134,0.091,-10.26,89,129253,75,0
532,Faixa 0532,Artista 004,2024,rock,0.837,0.669,0.196,0.444,0.0581,0.325,0.429,-6.16,126,217829,92,0
533,Faixa 0533,Artista 200,2023,mpb,0.682,0.455,0.382,0.509,0.3381,0.128,0.22,-7.34,128,173447,76,0
534,Faixa 0534,Artista 161,2021,rock,0.696,0.359,0.348,0.251,0.0338,0.101,0.079,-3.6,138,142050,28,0
535,Faixa 0535,Artista 250,2019,trap,0.37,0.664,0.767,0.563,0.1396,0.127,0.099,-2.6,83,192338,56,0
536,Faixa 0536,Artista 105,2022,mpb,0.448,0.555,0.696,0.316,0.0469,0.255,0.426,-6.81,122,250110,27,0
537,Faixa 0537,Artista 288,2012,funk,0.788,0.479,0.626,0.286,0.3406,0.106,0.113,-5.08,92,174325,55,0
538,Faixa 0538,Artista 009,2016,sertanejo,0.817,0.745,0.635,0.152,0.1509,0.02,0.312,-2.18,109,262323,100,1
539,Faixa 0539,Artista 084,2022,rock,0.77,0.99,0.399,0.106,0.0361,0.057,0.395,-8.18,99,190757,100,1
540,Faixa 0540,Artista 169,2010,funk,0.782,0.608,0.85,0.13,0.401,0.087,0.148,-6.43,55,241241,70,0
541,Faixa 0541,Artista 265,2024,funk,0.553,0.875,0.75,0.293,0.2063,0.086,0.51,-1.0,107,182914,75,0
542,Faixa 0542,Artista 221,2016,funk,0.559,0.6,0.763,0.43,0.2248,0.133,0.438,-11.15,125,255849,49,0
543,Faixa 0543,Artista 255,2012,eletronica,0.833,0.79,0.03,0.496,0.3041,0.073,0.426,-10.98,159,268205,42,0
544,Faixa 0544,Artista 318,2024,sertanejo,0.452,0.692,0.21,0.123,0.1219,0.257,0.042,-6.35,134,135575,51,0
545,Faixa 0545,Artista 193,2011,mpb,0.764,0.554,0.232,0.315,0.049,0.084,0.252,-6.4,116,251575,53,0
546,Faixa 0546,Artista 139,2010,rock,0.517,0.545,0.328,0.431,0.1256,0.075,0.215,-10.99,113,209559,37,0
547,Faixa 0547,Artista 158,2011,trap,0.516,0.48,0.279,0.314,0.3968,0.02,0.274,-2.88,71,204674,46,0
548,Faixa 0548,Artista 229,2017,eletronica,0.716,0.434,0.791,0.069,0.2203,0.352,0.188,-5.38,96,240647,76,0
549,Faixa 0549,Artista 030,2021,sertanejo,0.631,0.867,0.457,0.152,0.2843,0.149,0.086,-8.19,78,124865,77,0
550,Faixa 0550,Artista 078,2019,mpb,0.66,0.642,0.404,0.066,0.0144,0.122,0.115,-6.86,55,191484,69,0
551,Faixa 0551,Artista 028,2024,pop,0.727,0.96,0.338,0.464,0.2339,0.026,0.19,-11.86,120,252815,77,0
552,Faixa 0552,Artista 164,2020,pop,0.54,0.595,0.452,0.306,0.0274,0.137,0.281,-7.12,95,219496,31,0
553,Faixa 0553,Artista 225,2015,rock,0.495,0.492,0.508,0.143,0.0325,0.148,0.093,-8.43,100,180260,40,0
554,Faixa 0554,Artista 056,2010,pop,0.654,0.579,0.397,0.31,0.1297,0.473,0.346,-6.22,184,243573,64,0
555,Faixa 0555,Artista 018,2010,sertanejo,0.634,0.724,0.426,0.736,0.4209,0.206,0.304,-5.25,124,199279,38,0
556,Faixa 0556,Artista 117,2014,pop,0.601,0.345,0.175,0.118,0.1796,0.075,0.106,-2.15,135,293361,14,0
557,Faixa 0557,Artista 235,2019,trap,0.837,0.616,0.37,0.244,0.0486,0.062,0.17,-8.74,140,280504,100,1
558,Faixa 0558,Artista 084,2018,trap,0.714,0.58,0.689,0.291,0.1549,0.124,0.31,-4.45,138,143959,74,0
559,Faixa 0559,Artista 132,2021,mpb,0.606,0.581,0.43,0.364,0.1058,0.371,0.131,-8.05,88,230968,16,0
560,Faixa 0560,Artista 082,2022,pop,0.549,0.731,0.681,0.207,0.0617,0.305,0.075,-9.25,79,210382,67,0
561,Faixa 0561,Artista 019,2011,eletronica,0.58,0.508,0.3,0.054,0.4476,0.149,0.245,-11.18,139,217317,7,0
562,Faixa 0562,Artista 255,2010,rock,0.634,0.594,0.281,0.283,0.1636,0.364,0.108,-5.99,117,237116,18,0
563,Faixa 0563,Artista 124,2023,rock,0.656,0.454,0.725,0.349,0.1555,0.301,0.172,-10.68,55,216023,69,0
564,Faixa 0564,Artista 035,2024,rock,0.99,0.647,0.343,0.101,0.1376,0.022,0.353,-9.11,80,285874,100,1
565,Faixa 0565,Artista 264,2019,funk,0.103,0.913,0.426,0.071,0.1675,0.141,0.444,-7.13,127,210583,12,0
566,Faixa 0566,Artista 238,2018,funk,0.755,0.49,0.925,0.228,0.1201,0.183,0.025,-9.6,104,176022,94,0
567,Faixa 0567,Artista 224,2011,pop,0.99,0.806,0.526,0.347,0.2773,0.106,0.077,-4.96,83,214706,88,0
568,Faixa 0568,Artista 083,2024,sertanejo,0.8,0.656,0.471,0.454,0.0661,0.128,0.372,-8.67,106,146980,89,0
569,Faixa 0569,Artista 302,2022,eletronica,0.47,0.499,0.263,0.242,0.1631,0.067,0.02,-6.38,55,228268,7,0
570,Faixa 0570,Artista 312,2021,funk,0.757,0.536,0.581,0.08,0.098,0.037,0.257,-9.53,148,105901,65,0
571,Faixa 0571,Artista 315,2023,mpb,0.884,0.751,0.165,0.09,0.3569,0.296,0.064,-7.82,142,228573,90,0
572,Faixa 0572,Artista 294,2022,rock,0.793,0.522,0.066,0.372,0.055,0.101,0.185,-4.54,94,169698,62,0
573,Faixa 0573,Artista 319,2012,mpb,0.866,0.66,0.615,0.13,0.1351,0.268,0.221,-6.2,123,198989,80,0
574,Faixa 0574,Artista 162,2024,trap,0.868,0.628,0.878,0.136,0.1541,0.085,0.243,-1.0,137,179331,100,1
575,Faixa 0575,Artista 062,2023,eletronica,0.53,0.56,0.356,0.527,0.1811,0.423,0.08,-11.2,138,191490,10,0
576,Faixa 0576,Artista 332,2012,eletronica,0.602,0.725,0.597,0.408,0.003,0.382,0.245,-2.46,106,222071,55,0
577,Faixa 0577,Artista 160,2015,funk,0.717,0.491,0.55,0.645,0.0762,0.11,0.221,-9.57,130,238412,30,0
578,Faixa 0578,Artista 052,2014,eletronica,0.494,0.544,0.537,0.332,0.21,0.115,0.023,-2.03,129,245813,47,0
579,Faixa 0579,Artista 032,2021,sertanejo,0.775,0.803,0.03,0.035,0.0917,0.137,0.052,-8.7,132,206537,100,1
580,Faixa 0580,Artista 063,2021,trap,0.651,0.781,0.166,0.065,0.0705,0.021,0.127,-3.45,134,162228,66,0
581,Faixa 0581,Artista 236,2020,eletronica,0.819,0.559,0.38,0.24,0.057,0.134,0.031,-5.97,181,229682,90,0
582,Faixa 0582,Artista 150,2011,sertanejo,0.452,0.464,0.528,0.22,0.036,0.085,0.433,-9.91,111,283117,16,0
583,Faixa 0583,Artista 311,2010,sertanejo,0.571,0.954,0.556,0.274,0.1715,0.038,0.438,-10.96,103,219209,69,0
584,Faixa 0584,Artista 328,2010,sertanejo,0.676,0.495,0.149,0.343,0.0785,0.203,0.048,-7.74,138,194882,35,0
585,Faixa 0585,Artista 039,2016,mpb,0.51,0.583,0.708,0.413,0.0523,0.112,0.225,-7.48,136,177419,43,0
586,Faixa 0586,Artista 325,2018,sertanejo,0.804,0.636,0.572,0.126,0.2794,0.091,0.058,-8.88,116,152216,92,0
587,Faixa 0587,Artista 150,2016,sertanejo,0.566,0.375,0.03,0.402,0.1946,0.232,0.244,-3.73,101,263532,42,0
588,Faixa 0588,Artista 146,2024,eletronica,0.552,0.927,0.302,0.202,0.0876,0.1,0.253,-4.06,69,211499,98,1
589,Faixa 0589,Artista 279,2020,trap,0.656,0.675,0.484,0.175,0.0072,0.162,0.267,-2.99,130,190710,84,0
590,Faixa 0590,Artista 036,2017,pop,0.529,0.541,0.729,0.454,0.1151,0.051,0.036,-8.28,134,236961,76,0
591,Faixa 0591,Artista 238,2022,funk,0.631,0.99,0.718,0.125,0.3463,0.063,0.299,-8.63,104,202516,100,1
592,Faixa 0592,Artista 198,2023,funk,0.458,0.464,0.735,0.386,0.179,0.156,0.197,-1.66,102,175924,14,0
593,Faixa 0593,Artista 002,2012,mpb,0.857,0.604,0.8,0.487,0.2577,0.093,0.229,-6.82,156,262990,100,1
594,Faixa 0594,Artista 247,2019,mpb,0.911,0.555,0.055,0.083,0.2189,0.174,0.234,-7.41,118,211255,64,0
595,Faixa 0595,Artista 031,2023,mpb,0.67,0.607,0.365,0.47,0.0312,0.196,0.134,-2.4,130,165506,89,0
596,Faixa 0596,Artista 142,2015,pop,0.688,0.585,0.457,0.6,0.0243,0.121,0.382,-10.24,123,184818,52,0
597,Faixa 0597,Artista 025,2020,sertanejo,0.657,0.51,0.444,0.089,0.0946,0.048,0.492,-6.85,100,180024,64,0
598,Faixa 0598,Artista 287,2014,trap,0.693,0.954,0.367,0.597,0.2524,0.061,0.105,-4.07,162,214437,90,0
599,Faixa 0599,Artista 152,2011,funk,0.664,0.898,0.813,0.223,0.2604,0.438,0.311,-6.02,154,208237,100,1
600,Faixa 0600,Artista 064,2024,trap,0.495,0.599,0.375,0.182,0.2628,0.411,0.111,-8.13,183,155876,17,0
601,Faixa 0601,Artista 136,2010,funk,0.498,0.791,0.233,0.014,0.0658,0.02,0.166,-8.81,182,170978,63,0
602,Faixa 0602,Artista 071,2012,funk,0.847,0.324,0.13,0.174,0.034,0.309,0.181,-10.65,121,196031,5,0
603,Faixa 0603,Artista 026,2023,mpb,0.671,0.377,0.449,0.154,0.1342,0.324,0.265,-3.54,125,143480,39,0
604,Faixa 0604,Artista 066,2022,sertanejo,0.578,0.647,0.527,0.668,0.0319,0.118,0.123,-10.6,123,171294,65,0
605,Faixa 0605,Artista 022,2024,eletronica,0.467,0.805,0.752,0.274,0.0346,0.089,0.092,-7.71,125,144100,61,0
606,Faixa 0606,Artista 217,2023,sertanejo,0.465,0.6,0.539,0.445,0.2284,0.085,0.064,-1.15,133,161884,34,0
607,Faixa 0607,Artista 123,2010,funk,0.769,0.591,0.638,0.441,0.1708,0.184,0.182,-7.28,87,171464,76,0
608,Faixa 0608,Artista 041,2022,eletronica,0.688,0.732,0.402,0.023,0.2437,0.02,0.227,-4.03,70,169372,92,0
609,Faixa 0609,Artista 038,2015,eletronica,0.807,0.737,0.57,0.53,0.1834,0.069,0.314,-5.42,96,182110,74,0
610,Faixa 0610,Artista 154,2020,eletronica,0.65,0.561,0.476,0.252,0.1349,0.116,0.306,-7.23,107,80000,62,0
611,Faixa 0611,Artista 312,2016,eletronica,0.749,0.488,0.92,0.061,0.1161,0.282,0.149,-8.34,142,221940,65,0
612,Faixa 0612,Artista 193,2013,mpb,0.6,0.818,0.218,0.043,0.181,0.241,0.312,-8.6,142,281237,46,0
613,Faixa 0613,Artista 138,2018,sertanejo,0.79,0.401,0.424,0.064,0.2401,0.02,0.266,-9.22,110,153014,67,0
614,Faixa 0614,Artista 108,2018,funk,0.344,0.576,0.646,0.161,0.2756,0.149,0.443,-9.69,135,192249,0,0
615,Faixa 0615,Artista 128,2011,mpb,0.581,0.781,0.278,0.078,0.124,0.162,0.132,-13.24,154,153794,54,0
616,Faixa 0616,Artista 175,2018,trap,0.525,0.346,0.836,0.31,0.087,0.253,0.114,-4.17,129,176803,51,0
617,Faixa 0617,Artista 020,2010,sertanejo,0.623,0.729,0.631,0.369,0.1351,0.324,0.538,-11.84,127,142705,55,0
618,Faixa 0618,Artista 141,2014,funk,0.743,0.513,0.467,0.305,0.0168,0.046,0.151,-6.35,143,184830,99,1
619,Faixa 0619,Artista 216,2018,pop,0.642,0.968,0.903,0.349,0.3699,0.168,0.02,-3.62,127,156101,100,1
620,Faixa 0620,Artista 196,2010,sertanejo,0.52,0.726,0.571,0.651,0.3622,0.042,0.382,-7.18,165,141726,58,0
621,Faixa 0621,Artista 201,2016,eletronica,0.535,0.477,0.227,0.263,0.0654,0.021,0.057,-8.21,162,177810,8,0
622,Faixa 0622,Artista 307,2019,funk,0.481,0.895,0.365,0.366,0.0181,0.276,0.043,-7.07,102,248656,60,0
623,Faixa 0623,Artista 153,2018,mpb,0.918,0.323,0.673,0.055,0.0898,0.106,0.092,-8.08,131,187570,90,0
624,Faixa 0624,Artista 305,2012,eletronica,0.605,0.953,0.269,0.12,0.2968,0.219,0.263,-9.13,99,245816,48,0
625,Faixa 0625,Artista 290,2024,pop,0.556,0.634,0.337,0.088,0.0333,0.038,0.065,-1.0,112,263663,70,0
626,Faixa 0626,Artista 272,2016,trap,0.648,0.784,0.03,0.17,0.0296,0.048,0.071,-7.53,166,158900,73,0
627,Faixa 0627,Artista 349,2023,mpb,0.562,0.626,0.332,0.213,0.3096,0.187,0.223,-7.98,120,169867,0,0
628,Faixa 0628,Artista 118,2013,sertanejo,0.636,0.558,0.344,0.016,0.0205,0.157,0.124,-3.5,69,272513,63,0
629,Faixa 0629,Artista 337,2014,eletronica,0.496,0.708,0.779,0.208,0.0604,0.194,0.083,-4.57,191,255831,67,0
630,Faixa 0630,Artista 085,2020,rock,0.66,0.627,0.186,0.216,0.1213,0.099,0.468,-9.19,139,225853,42,0
631,Faixa 0631,Artista 047,2013,rock,0.617,0.532,0.387,0.36,0.1618,0.152,0.3,-6.82,120,214472,36,0
632,Faixa 0632,Artista 327,2013,funk,0.652,0.517,0.618,0.1,0.026,0.128,0.159,-8.67,115,212000,64,0
633,Faixa 0633,Artista 294,2016,trap,0.634,0.873,0.591,0.355,0.0095,0.14,0.237,-9.77,149,241046,85,0
634,Faixa 0634,Artista 241,2011,rock,0.516,0.743,0.335,0.289,0.2135,0.101,0.187,-8.55,141,253563,24,0
635,Faixa 0635,Artista 228,2022,trap,0.647,0.69,0.258,0.388,0.0694,0.272,0.251,-3.86,117,245928,75,0
636,Faixa 0636,Artista 313,2016,funk,0.623,0.559,0.383,0.583,0.4653,0.174,0.132,-9.26,114,238999,41,0
637,Faixa 0637,Artista 148,2018,trap,0.672,0.35,0.718,0.078,0.2737,0.111,0.194,-3.07,120,136564,53,0
638,Faixa 0638,Artista 295,2021,funk,0.529,0.631,0.458,0.513,0.3585,0.132,0.067,-5.66,101,287625,24,0
639,Faixa 0639,Artista 030,2023,mpb,0.566,0.638,0.99,0.251,0.0598,0.083,0.093,-6.75,125,122729,56,0
640,Faixa 0640,Artista 157,2021,pop,0.7,0.676,0.463,0.444,0.0822,0.141,0.186,-5.67,118,243986,80,0
641,Faixa 0641,Artista 134,2017,mpb,0.663,0.483,0.77,0.078,0.1964,0.082,0.214,-6.02,127,195743,54,0
642,Faixa 0642,Artista 050,2013,sertanejo,0.665,0.613,0.635,0.146,0.0336,0.294,0.129,-6.83,81,250287,80,0
643,Faixa 0643,Artista 213,2016,mpb,0.518,0.714,0.584,0.153,0.0691,0.3,0.333,-4.98,102,204221,41,0
644,Faixa 0644,Artista 281,2016,eletronica,0.594,0.612,0.884,0.057,0.0564,0.205,0.193,-3.8,105,158794,100,1
645,Faixa 0645,Artista 274,2014,trap,0.753,0.882,0.416,0.521,0.0071,0.331,0.247,-6.46,97,246528,95,0
646,Faixa 0646,Artista 137,2010,eletronica,0.476,0.358,0.552,0.535,0.0729,0.023,0.02,-7.25,91,169773,29,0
647,Faixa 0647,Artista 132,2023,eletronica,0.551,0.299,0.49,0.663,0.0894,0.051,0.02,-4.81,101,198951,0,0
648,Faixa 0648,Artista 225,2024,eletronica,0.657,0.622,0.435,0.189,0.0286,0.029,0.096,-6.02,129,118511,88,0
649,Faixa 0649,Artista 066,2015,mpb,0.484,0.99,0.235,0.268,0.1974,0.118,0.29,-7.55,98,299168,48,0
650,Faixa 0650,Artista 125,2011,eletronica,0.653,0.882,0.279,0.244,0.0237,0.13,0.258,-6.4,142,200411,90,0
651,Faixa 0651,Artista 215,2024,pop,0.54,0.533,0.299,0.129,0.287,0.271,0.309,-8.82,130,213208,64,0
652,Faixa 0652,Artista 040,2019,eletronica,0.506,0.504,0.584,0.124,0.2049,0.232,0.109,-4.32,131,242364,20,0
653,Faixa 0653,Artista 217,2023,rock,0.636,0.515,0.443,0.734,0.0569,0.08,0.142,-5.22,157,180691,13,0
654,Faixa 0654,Artista 111,2015,mpb,0.651,0.386,0.637,0.453,0.0849,0.128,0.195,-9.37,85,211759,0,0
655,Faixa 0655,Artista 171,2020,sertanejo,0.19,0.37,0.396,0.19,0.0779,0.124,0.296,-7.08,143,143330,0,0
656,Faixa 0656,Artista 069,2019,mpb,0.558,0.56,0.601,0.202,0.2672,0.406,0.312,-6.41,62,264230,38,0
657,Faixa 0657,Artista 339,2017,eletronica,0.662,0.393,0.509,0.197,0.0372,0.1,0.199,-2.63,117,178646,43,0
658,Faixa 0658,Artista 298,2021,rock,0.479,0.729,0.115,0.21,0.7395,0.22,0.425,-5.92,55,106724,10,0
659,Faixa 0659,Artista 310,2024,trap,0.756,0.587,0.437,0.184,0.0617,0.083,0.073,-8.5,108,194503,79,0
660,Faixa 0660,Artista 150,2014,pop,0.423,0.558,0.266,0.169,0.1115,0.217,0.02,-3.79,129,227912,24,0
661,Faixa 0661,Artista 293,2014,rock,0.681,0.551,0.461,0.384,0.3743,0.061,0.153,-9.08,101,163121,51,0
662,Faixa 0662,Artista 267,2012,sertanejo,0.54,0.833,0.269,0.245,0.0925,0.097,0.076,-10.75,136,267599,54,0
663,Faixa 0663,Artista 279,2022,rock,0.682,0.836,0.453,0.217,0.0833,0.328,0.02,-11.63,130,131525,71,0
664,Faixa 0664,Artista 151,2024,funk,0.5,0.552,0.573,0.62,0.1685,0.275,0.096,-4.1,130,153791,0,0
665,Faixa 0665,Artista 194,2011,mpb,0.627,0.691,0.702,0.742,0.2019,0.233,0.207,-8.77,79,85696,34,0
666,Faixa 0666,Artista 154,2016,funk,0.6,0.622,0.548,0.069,0.0297,0.242,0.377,-4.75,119,183262,88,0
667,Faixa 0667,Artista 254,2011,trap,0.59,0.185,0.456,0.217,0.2965,0.176,0.163,-9.26,135,210685,3,0
668,Faixa 0668,Artista 281,2013,eletronica,0.433,0.78,0.528,0.26,0.201,0.034,0.154,-4.53,109,171684,60,0
669,Faixa 0669,Artista 340,2011,pop,0.741,0.728,0.626,0.28,0.4597,0.271,0.056,-6.54,105,150020,55,0
670,Faixa 0670,Artista 122,2016,funk,0.64,0.734,0.214,0.132,0.0484,0.151,0.277,-8.51,168,181672,71,0
671,Faixa 0671,Artista 037,2020,rock,0.602,0.499,0.42,0.669,0.1472,0.182,0.29,-4.61,107,180461,0,0
672,Faixa 0672,Artista 021,2011,trap,0.767,0.397,0.839,0.732,0.0036,0.096,0.035,-10.3,139,256780,64,0
673,Faixa 0673,Artista 023,2022,eletronica,0.847,0.918,0.201,0.291,0.2519,0.185,0.17,-8.26,134,181540,100,1
674,Faixa 0674,Artista 239,2022,rock,0.851,0.458,0.227,0.311,0.1216,0.136,0.267,-4.6,84,267874,84,0
675,Faixa 0675,Artista 251,2023,eletronica,0.779,0.787,0.62,0.174,0.1595,0.203,0.315,-7.64,131,124624,100,1
676,Faixa 0676,Artista 117,2010,trap,0.716,0.504,0.367,0.172,0.2262,0.261,0.045,-4.97,108,238296,32,0
677,Faixa 0677,Artista 304,2019,rock,0.515,0.413,0.399,0.706,0.0892,0.228,0.526,-4.24,135,178665,17,0
678,Faixa 0678,Artista 290,2020,trap,0.673,0.836,0.767,0.06,0.0616,0.149,0.02,-6.72,152,191133,97,0
679,Faixa 0679,Artista 311,2010,funk,0.918,0.801,0.913,0.246,0.202,0.062,0.113,-3.42,98,226259,100,1
680,Faixa 0680,Artista 314,2016,trap,0.414,0.533,0.274,0.398,0.1249,0.148,0.054,-5.37,73,194044,7,0
681,Faixa 0681,Artista 144,2011,trap,0.533,0.507,0.806,0.209,0.0252,0.05,0.447,-7.22,127,214189,64,0
682,Faixa 0682,Artista 036,2019,sertanejo,0.681,0.826,0.571,0.141,0.0321,0.046,0.117,-3.96,150,264778,100,1
683,Faixa 0683,Artista 103,2019,rock,0.695,0.606,0.569,0.444,0.3314,0.024,0.289,-2.25,102,147902,60,0
684,Faixa 0684,Artista 266,2021,eletronica,0.721,0.852,0.578,0.199,0.2445,0.024,0.197,-5.59,158,234793,95,0
685,Faixa 0685,Artista 204,2016,sertanejo,0.637,0.605,0.369,0.357,0.2274,0.057,0.215,-4.57,113,240349,38,0
686,Faixa 0686,Artista 192,2023,trap,0.82,0.598,0.422,0.174,0.1621,0.341,0.297,-7.13,131,254907,97,0
687,Faixa 0687,Artista 125,2013,pop,0.751,0.739,0.582,0.4,0.3539,0.177,0.392,-3.74,135,261195,64,0
688,Faixa 0688,Artista 002,2020,funk,0.79,0.673,0.494,0.735,0.0458,0.06,0.167,-6.91,128,223288,79,0
689,Faixa 0689,Artista 104,2018,sertanejo,0.64,0.722,0.104,0.437,0.1275,0.105,0.28,-6.42,113,181614,67,0
690,Faixa 0690,Artista 013,2024,pop,0.842,0.581,0.527,0.44,0.2354,0.189,0.115,-8.74,71,174048,76,0
691,Faixa 0691,Artista 154,2010,eletronica,0.406,0.557,0.528,0.204,0.1471,0.023,0.159,-6.95,128,250051,24,0
692,Faixa 0692,Artista 139,2010,trap,0.69,0.499,0.45,0.188,0.0846,0.141,0.32,-1.0,112,102716,66,0
693,Faixa 0693,Artista 339,2010,funk,0.658,0.585,0.478,0.139,0.0165,0.297,0.204,-8.09,105,114012,60,0
694,Faixa 0694,Artista 335,2020,sertanejo,0.833,0.625,0.91,0.158,0.1346,0.036,0.453,-4.91,105,170677,100,1
695,Faixa 0695,Artista 304,2010,sertanejo,0.747,0.79,0.867,0.241,0.2911,0.118,0.179,-4.12,103,157113,100,1
696,Faixa 0696,Artista 311,2022,funk,0.44,0.588,0.517,0.433,0.0359,0.337,0.399,-6.4,94,188906,18,0
697,Faixa 0697,Artista 296,2022,funk,0.519,0.99,0.786,0.259,0.2657,0.106,0.17,-5.51,125,219661,91,0
698,Faixa 0698,Artista 090,2010,mpb,0.698,0.834,0.343,0.196,0.1352,0.124,0.065,-4.42,139,189974,52,0
699,Faixa 0699,Artista 179,2017,eletronica,0.873,0.492,0.03,0.282,0.162,0.129,0.1,-6.07,135,169568,63,0
700,Faixa 0700,Artista 207,2019,sertanejo,0.391,0.673,0.619,0.432,0.285,0.061,0.392,-8.78,140,202162,39,0
701,Faixa 0701,Artista 297,2010,eletronica,0.815,0.57,0.866,0.621,0.1007,0.065,0.181,-8.94,93,168939,58,0
702,Faixa 0702,Artista 348,2021,pop,0.726,0.7,0.726,0.339,0.0767,0.266,0.328,-7.14,171,193481,100,1
703,Faixa 0703,Artista 045,2019,sertanejo,0.69,0.533,0.03,0.338,0.2558,0.082,0.209,-12.96,130,237893,10,0
704,Faixa 0704,Artista 209,2011,eletronica,0.486,0.534,0.301,0.519,0.0173,0.127,0.096,-5.39,113,265562,7,0
705,Faixa 0705,Artista 155,2013,rock,0.494,0.607,0.664,0.24,0.2608,0.209,0.216,-5.59,118,180312,23,0
706,Faixa 0706,Artista 305,2016,mpb,0.536,0.508,0.713,0.373,0.1966,0.186,0.087,-9.04,94,253374,20,0
707,Faixa 0707,Artista 060,2020,sertanejo,0.557,0.522,0.632,0.198,0.4571,0.092,0.245,-6.32,125,119412,39,0
708,Faixa 0708,Artista 069,2018,rock,0.657,0.687,0.54,0.209,0.137,0.092,0.233,-11.72,58,168352,35,0
709,Faixa 0709,Artista 180,2019,mpb,0.635,0.457,0.443,0.347,0.0891,0.043,0.081,-10.48,149,272401,42,0
710,Faixa 0710,Artista 065,2012,eletronica,0.408,0.667,0.24,0.504,0.1061,0.146,0.02,-9.41,150,262620,48,0
711,Faixa 0711,Artista 348,2024,mpb,0.593,0.697,0.258,0.106,0.163,0.12,0.131,-4.75,133,209369,31,0
712,Faixa 0712,Artista 232,2011,trap,0.83,0.623,0.209,0.204,0.0884,0.096,0.539,-9.02,146,212995,86,0
713,Faixa 0713,Artista 141,2020,rock,0.761,0.642,0.813,0.324,0.1148,0.143,0.418,-9.88,86,201720,60,0
714,Faixa 0714,Artista 286,2023,funk,0.655,0.48,0.32,0.506,0.0431,0.16,0.161,-4.64,101,155325,50,0
715,Faixa 0715,Artista 185,2022,trap,0.506,0.27,0.358,0.211,0.0987,0.137,0.201,-11.61,106,117455,0,0
716,Faixa 0716,Artista 306,2022,sertanejo,0.898,0.701,0.422,0.321,0.2047,0.07,0.058,-7.44,124,268559,100,1
717,Faixa 0717,Artista 170,2020,trap,0.62,0.493,0.602,0.32,0.2665,0.127,0.074,-6.93,137,212814,38,0
718,Faixa 0718,Artista 202,2019,eletronica,0.585,0.585,0.378,0.266,0.2846,0.079,0.039,-3.88,108,258649,83,0
719,Faixa 0719,Artista 054,2015,rock,0.644,0.544,0.052,0.251,0.0385,0.127,0.127,-10.31,80,152866,42,0
720,Faixa 0720,Artista 147,2010,funk,0.73,0.423,0.256,0.21,0.6349,0.294,0.106,-9.46,135,183826,14,0
721,Faixa 0721,Artista 058,2022,pop,0.755,0.744,0.214,0.098,0.0789,0.181,0.3,-7.82,109,202065,100,1
722,Faixa 0722,Artista 330,2018,pop,0.695,0.481,0.692,0.189,0.14,0.129,0.4,-2.05,122,161407,54,0
723,Faixa 0723,Artista 015,2014,trap,0.607,0.927,0.81,0.506,0.0937,0.064,0.034,-3.19,162,193187,83,0
724,Faixa 0724,Artista 064,2022,eletronica,0.806,0.742,0.457,0.194,0.0606,0.04,0.366,-2.88,142,183586,100,1
725,Faixa 0725,Artista 221,2018,eletronica,0.657,0.429,0.609,0.381,0.0581,0.07,0.431,-5.75,140,157877,44,0
726,Faixa 0726,Artista 053,2020,eletronica,0.868,0.505,0.39,0.269,0.0739,0.113,0.069,-9.07,116,126530,73,0
727,Faixa 0727,Artista 030,2010,trap,0.888,0.62,0.398,0.227,0.0849,0.197,0.17,-10.37,123,243490,85,0
728,Faixa 0728,Artista 244,2013,mpb,0.427,0.674,0.672,0.627,0.1026,0.162,0.449,-6.66,122,183600,15,0
729,Faixa 0729,Artista 319,2010,trap,0.381,0.759,0.566,0.378,0.0374,0.149,0.155,-6.83,111,203594,42,0
730,Faixa 0730,Artista 292,2010,mpb,0.811,0.336,0.518,0.405,0.329,0.428,0.289,-6.73,111,142409,30,0
731,Faixa 0731,Artista 175,2023,eletronica,0.591,0.672,0.713,0.36,0.0156,0.032,0.071,-6.83,82,206800,65,0
732,Faixa 0732,Artista 115,2010,eletronica,0.671,0.847,0.273,0.294,0.0804,0.111,0.192,-8.81,143,244112,37,0
733,Faixa 0733,Artista 273,2011,trap,0.769,0.842,0.646,0.26,0.1419,0.236,0.198,-11.98,148,240255,67,0
734,Faixa 0734,Artista 163,2022,eletronica,0.446,0.697,0.402,0.447,0.2706,0.164,0.275,-7.55,132,192349,23,0
735,Faixa 0735,Artista 052,2015,eletronica,0.815,0.753,0.76,0.175,0.1561,0.086,0.02,-4.92,174,231996,100,1
736,Faixa 0736,Artista 227,2015,trap,0.591,0.477,0.743,0.159,0.0594,0.093,0.144,-1.0,62,196126,67,0
737,Faixa 0737,Artista 258,2022,eletronica,0.494,0.441,0.457,0.212,0.0845,0.148,0.083,-9.9,156,295627,17,0
738,Faixa 0738,Artista 151,2023,sertanejo,0.62,0.801,0.533,0.189,0.1594,0.175,0.263,-7.6,154,185172,66,0
739,Faixa 0739,Artista 097,2020,pop,0.582,0.602,0.386,0.359,0.0515,0.326,0.112,-5.81,132,224308,67,0
740,Faixa 0740,Artista 113,2016,funk,0.956,0.69,0.096,0.149,0.0392,0.141,0.163,-4.24,73,151181,100,1
741,Faixa 0741,Artista 132,2024,mpb,0.664,0.342,0.678,0.394,0.1507,0.197,0.176,-6.36,117,229113,30,0
742,Faixa 0742,Artista 042,2015,funk,0.246,0.686,0.432,0.109,0.3382,0.03,0.469,-11.48,146,175948,19,0
743,Faixa 0743,Artista 310,2021,rock,0.563,0.734,0.404,0.167,0.0489,0.154,0.099,-5.82,111,120411,62,0
744,Faixa 0744,Artista 279,2022,eletronica,0.759,0.541,0.697,0.37,0.107,0.362,0.182,-8.58,132,179340,47,0
745,Faixa 0745,Artista 038,2019,trap,0.582,0.542,0.403,0.157,0.0515,0.022,0.305,-3.27,89,233734,43,0
746,Faixa 0746,Artista 107,2024,rock,0.99,0.71,0.629,0.202,0.0095,0.184,0.198,-8.49,182,252890,100,1
747,Faixa 0747,Artista 323,2020,pop,0.599,0.522,0.33,0.301,0.239,0.239,0.021,-8.84,102,224312,60,0
748,Faixa 0748,Artista 044,2019,sertanejo,0.818,0.498,0.425,0.153,0.0282,0.094,0.245,-7.47,81,238363,87,0
749,Faixa 0749,Artista 262,2015,rock,0.464,0.332,0.73,0.195,0.0057,0.07,0.167,-7.04,121,171785,8,0
750,Faixa 0750,Artista 036,2023,trap,0.633,0.753,0.571,0.105,0.1031,0.02,0.167,-1.73,55,139308,76,0
751,Faixa 0751,Artista 173,2011,funk,0.42,0.99,0.89,0.418,0.1011,0.066,0.306,-8.7,117,138806,74,0
752,Faixa 0752,Artista 317,2019,trap,0.828,0.591,0.346,0.159,0.0451,0.254,0.043,-8.01,122,189785,100,1
753,Faixa 0753,Artista 093,2016,rock,0.42,0.96,0.66,0.185,0.2215,0.083,0.203,-4.43,122,304067,55,0
754,Faixa 0754,Artista 231,2016,eletronica,0.443,0.379,0.303,0.168,0.1619,0.02,0.155,-10.09,115,181226,14,0
755,Faixa 0755,Artista 046,2017,sertanejo,0.99,0.851,0.204,0.195,0.2232,0.14,0.076,-4.12,118,182881,100,1
756,Faixa 0756,Artista 040,2022,rock,0.422,0.632,0.244,0.262,0.1164,0.143,0.158,-3.94,129,221547,10,0
757,Faixa 0757,Artista 274,2011,mpb,0.632,0.586,0.467,0.16,0.1204,0.242,0.106,-7.92,136,208321,43,0
758,Faixa 0758,Artista 274,2024,mpb,0.429,0.454,0.376,0.128,0.0854,0.197,0.239,-10.05,112,117049,18,0
759,Faixa 0759,Artista 211,2014,sertanejo,0.792,0.951,0.03,0.081,0.0994,0.111,0.311,-2.1,105,131112,96,0
760,Faixa 0760,Artista 346,2021,pop,0.426,0.529,0.575,0.092,0.2012,0.052,0.139,-5.69,80,178789,35,0
761,Faixa 0761,Artista 171,2024,eletronica,0.825,0.712,0.213,0.183,0.1417,0.02,0.022,-10.6,129,252628,82,0
762,Faixa 0762,Artista 126,2011,rock,0.721,0.653,0.449,0.209,0.0628,0.057,0.146,-3.61,157,228588,57,0
763,Faixa 0763,Artista 045,2014,mpb,0.709,0.556,0.468,0.067,0.1735,0.293,0.084,-9.72,116,222442,76,0
764,Faixa 0764,Artista 196,2011,funk,0.711,0.365,0.421,0.046,0.2239,0.21,0.107,-9.21,102,132866,64,0
765,Faixa 0765,Artista 316,2024,rock,0.567,0.628,0.378,0.046,0.0687,0.247,0.087,-6.13,62,214335,22,0
766,Faixa 0766,Artista 119,2013,pop,0.472,0.92,0.582,0.414,0.3184,0.088,0.255,-9.75,115,143926,47,0
767,Faixa 0767,Artista 171,2012,sertanejo,0.542,0.72,0.826,0.165,0.1492,0.2,0.19,-9.25,155,105908,63,0
768,Faixa 0768,Artista 037,2010,rock,0.591,0.712,0.03,0.162,0.011,0.206,0.084,-10.61,146,312603,48,0
769,Faixa 0769,Artista 198,2018,mpb,0.661,0.642,0.28,0.201,0.0633,0.02,0.171,-10.24,149,159595,51,0
770,Faixa 0770,Artista 177,2015,rock,0.36,0.516,0.671,0.154,0.1624,0.365,0.135,-6.12,140,196649,27,0
771,Faixa 0771,Artista 184,2022,rock,0.543,0.798,0.378,0.371,0.1156,0.034,0.152,-3.23,122,130600,69,0
772,Faixa 0772,Artista 022,2023,mpb,0.402,0.709,0.211,0.552,0.0848,0.118,0.572,-5.07,138,190822,0,0
773,Faixa 0773,Artista 081,2013,sertanejo,0.662,0.562,0.683,0.194,0.1208,0.059,0.343,-10.29,120,286438,80,0
774,Faixa 0774,Artista 251,2024,funk,0.759,0.423,0.738,0.163,0.0993,0.073,0.034,-4.12,124,139120,87,0
775,Faixa 0775,Artista 154,2013,rock,0.603,0.405,0.422,0.216,0.1881,0.16,0.058,-4.63,118,182636,31,0
776,Faixa 0776,Artista 182,2011,trap,0.666,0.751,0.362,0.252,0.1869,0.126,0.576,-3.34,73,223691,66,0
777,Faixa 0777,Artista 155,2015,rock,0.458,0.498,0.707,0.376,0.0784,0.083,0.028,-2.77,155,230218,25,0
778,Faixa 0778,Artista 015,2016,sertanejo,0.645,0.557,0.443,0.267,0.1299,0.081,0.246,-1.0,103,208937,80,0
779,Faixa 0779,Artista 065,2011,pop,0.61,0.564,0.747,0.142,0.1224,0.083,0.227,-7.13,98,173978,67,0
780,Faixa 0780,Artista 070,2020,pop,0.99,0.845,0.364,0.034,0.2212,0.122,0.131,-7.12,189,226116,100,1
781,Faixa 0781,Artista 086,2019,funk,0.398,0.549,0.421,0.262,0.1085,0.131,0.211,-7.18,124,178659,41,0
782,Faixa 0782,Artista 335,2019,eletronica,0.6,0.851,0.523,0.22,0.1409,0.094,0.2,-4.6,112,217668,92,0
783,Faixa 0783,Artista 305,2012,rock,0.851,0.645,0.071,0.29,0.1299,0.271,0.324,-1.0,114,255609,82,0
784,Faixa 0784,Artista 188,2011,pop,0.541,0.573,0.589,0.161,0.0521,0.053,0.137,-5.07,122,227318,32,0
785,Faixa 0785,Artista 218,2018,sertanejo,0.575,0.585,0.431,0.306,0.0016,0.213,0.24,-5.86,133,226911,29,0
786,Faixa 0786,Artista 283,2017,eletronica,0.648,0.741,0.57,0.543,0.0296,0.168,0.513,-11.47,136,203137,52,0
787,Faixa 0787,Artista 242,2017,trap,0.649,0.527,0.313,0.473,0.1053,0.102,0.173,-3.72,165,257267,46,0
788,Faixa 0788,Artista 319,2016,sertanejo,0.632,0.758,0.429,0.204,0.2837,0.043,0.038,-6.1,149,163013,82,0
789,Faixa 0789,Artista 231,2011,eletronica,0.336,0.731,0.423,0.371,0.1312,0.104,0.255,-4.61,91,185480,37,0
790,Faixa 0790,Artista 286,2014,sertanejo,0.746,0.687,0.36,0.051,0.0259,0.092,0.22,-3.15,128,198063,88,0
791,Faixa 0791,Artista 020,2010,mpb,0.379,0.629,0.579,0.338,0.0434,0.172,0.239,-7.59,136,171986,57,0
792,Faixa 0792,Artista 345,2018,sertanejo,0.748,0.879,0.279,0.424,0.1057,0.268,0.265,-5.26,117,268701,97,0
793,Faixa 0793,Artista 285,2022,mpb,0.591,0.466,0.584,0.623,0.0825,0.066,0.664,-5.58,112,80000,39,0
794,Faixa 0794,Artista 069,2016,funk,0.537,0.85,0.772,0.458,0.1528,0.083,0.324,-8.6,100,275890,61,0
795,Faixa 0795,Artista 343,2020,rock,0.427,0.976,0.333,0.427,0.0063,0.068,0.149,-11.0,65,200043,35,0
796,Faixa 0796,Artista 191,2021,sertanejo,0.638,0.99,0.613,0.088,0.3251,0.162,0.052,-4.31,67,260320,100,1
797,Faixa 0797,Artista 213,2012,rock,0.416,0.556,0.414,0.105,0.0954,0.026,0.389,-7.23,120,131090,30,0
798,Faixa 0798,Artista 284,2011,funk,0.516,0.468,0.305,0.289,0.109,0.034,0.034,-4.46,151,180157,15,0
799,Faixa 0799,Artista 004,2015,trap,0.543,0.627,0.507,0.127,0.3513,0.393,0.314,-9.84,112,159455,60,0
800,Faixa 0800,Artista 150,2016,pop,0.31,0.558,0.925,0.225,0.1991,0.106,0.087,-2.06,117,241850,85,0
801,Faixa 0801,Artista 297,2015,trap,0.58,0.365,0.84,0.514,0.1102,0.078,0.117,-5.14,98,187462,30,0
802,Faixa 0802,Artista 095,2016,rock,0.717,0.573,0.405,0.267,0.1158,0.126,0.113,-5.04,137,251076,17,0
803,Faixa 0803,Artista 031,2022,rock,0.728,0.282,0.648,0.144,0.2076,0.081,0.221,-10.48,139,205649,4,0
804,Faixa 0804,Artista 318,2010,mpb,0.773,0.822,0.55,0.346,0.0057,0.051,0.229,-3.38,145,236239,84,0
805,Faixa 0805,Artista 294,2024,sertanejo,0.724,0.679,0.889,0.176,0.4631,0.249,0.347,-6.46,125,177440,100,1
806,Faixa 0806,Artista 345,2018,sertanejo,0.439,0.504,0.319,0.253,0.3309,0.315,0.235,-2.3,146,200784,0,0
807,Faixa 0807,Artista 204,2021,pop,0.517,0.586,0.323,0.668,0.0785,0.164,0.1,-5.44,150,124209,47,0
808,Faixa 0808,Artista 075,2020,mpb,0.513,0.707,0.277,0.258,0.174,0.02,0.215,-5.91,130,126571,57,0
809,Faixa 0809,Artista 087,2014,trap,0.791,0.587,0.316,0.315,0.2244,0.25,0.098,-4.78,147,197417,86,0
810,Faixa 0810,Artista 142,2014,pop,0.521,0.625,0.99,0.249,0.1326,0.246,0.162,-2.31,143,157284,53,0
811,Faixa 0811,Artista 046,2010,eletronica,0.527,0.647,0.627,0.318,0.0948,0.136,0.267,-2.17,120,226674,40,0
812,Faixa 0812,Artista 132,2013,mpb,0.777,0.818,0.694,0.35,0.2308,0.077,0.131,-8.93,125,162257,79,0
813,Faixa 0813,Artista 032,2011,mpb,0.386,0.571,0.068,0.224,0.0835,0.156,0.113,-6.41,56,299363,31,0
814,Faixa 0814,Artista 084,2022,sertanejo,0.333,0.805,0.093,0.645,0.0699,0.19,0.334,-5.36,94,144714,2,0
815,Faixa 0815,Artista 095,2015,rock,0.61,0.796,0.487,0.127,0.1252,0.111,0.569,-8.24,116,170297,23,0
816,Faixa 0816,Artista 176,2014,sertanejo,0.772,0.778,0.664,0.229,0.0955,0.148,0.173,-6.37,70,288355,96,0
817,Faixa 0817,Artista 326,2022,pop,0.622,0.693,0.359,0.302,0.0828,0.171,0.236,-3.54,92,167265,96,0
818,Faixa 0818,Artista 242,2011,pop,0.404,0.61,0.34,0.401,0.0194,0.207,0.114,-13.17,146,171312,35,0
819,Faixa 0819,Artista 221,2017,rock,0.639,0.51,0.279,0.524,0.2035,0.215,0.178,-4.32,127,172791,46,0
820,Faixa 0820,Artista 001,2015,funk,0.661,0.297,0.649,0.056,0.2406,0.197,0.113,-10.31,150,235991,39,0
821,Faixa 0821,Artista 005,2017,eletronica,0.587,0.213,0.652,0.407,0.0925,0.02,0.244,-4.56,114,188978,28,0
822,Faixa 0822,Artista 157,2019,trap,0.464,0.439,0.509,0.279,0.0836,0.239,0.17,-9.44,116,240935,20,0
823,Faixa 0823,Artista 107,2022,funk,0.777,0.618,0.517,0.091,0.0707,0.085,0.183,-11.46,132,168233,85,0
824,Faixa 0824,Artista 135,2019,eletronica,0.746,0.594,0.162,0.222,0.2582,0.273,0.286,-8.14,116,241916,62,0
825,Faixa 0825,Artista 312,2019,rock,0.591,0.547,0.825,0.158,0.0614,0.242,0.322,-5.03,98,219349,34,0
826,Faixa 0826,Artista 207,2011,mpb,0.743,0.219,0.941,0.234,0.0316,0.096,0.148,-5.18,114,205290,59,0
827,Faixa 0827,Artista 228,2019,sertanejo,0.625,0.499,0.699,0.301,0.216,0.063,0.129,-9.21,154,295185,80,0
828,Faixa 0828,Artista 029,2020,sertanejo,0.489,0.449,0.659,0.274,0.19,0.055,0.515,-8.26,104,168419,9,0
829,Faixa 0829,Artista 099,2011,rock,0.417,0.921,0.621,0.321,0.0166,0.053,0.165,-8.58,89,207566,25,0
830,Faixa 0830,Artista 075,2021,mpb,0.899,0.495,0.075,0.154,0.0325,0.08,0.173,-6.32,89,117807,68,0
831,Faixa 0831,Artista 020,2016,eletronica,0.73,0.605,0.99,0.536,0.1756,0.138,0.108,-7.09,125,186326,74,0
832,Faixa 0832,Artista 296,2011,eletronica,0.568,0.606,0.69,0.072,0.0988,0.08,0.271,-6.53,145,164950,47,0
833,Faixa 0833,Artista 308,2022,mpb,0.813,0.663,0.733,0.323,0.0158,0.099,0.037,-11.16,167,251905,74,0
834,Faixa 0834,Artista 147,2022,sertanejo,0.624,0.618,0.533,0.735,0.1559,0.196,0.328,-9.8,134,201041,29,0
835,Faixa 0835,Artista 235,2020,mpb,0.447,0.496,0.653,0.201,0.344,0.034,0.216,-7.39,148,218615,0,0
836,Faixa 0836,Artista 045,2021,eletronica,0.723,0.553,0.644,0.045,0.0754,0.069,0.108,-5.53,95,241558,100,1
837,Faixa 0837,Artista 185,2021,trap,0.75,0.55,0.79,0.172,0.1079,0.176,0.192,-3.71,139,191876,100,1
838,Faixa 0838,Artista 043,2019,sertanejo,0.642,0.535,0.692,0.143,0.0607,0.094,0.11,-8.65,106,143585,61,0
839,Faixa 0839,Artista 339,2012,eletronica,0.554,0.546,0.051,0.443,0.2849,0.271,0.168,-1.07,88,151419,18,0
840,Faixa 0840,Artista 142,2020,pop,0.52,0.77,0.879,0.284,0.1773,0.067,0.542,-5.14,97,175936,81,0
841,Faixa 0841,Artista 080,2018,mpb,0.689,0.99,0.431,0.285,0.4435,0.142,0.237,-7.47,177,173090,55,0
842,Faixa 0842,Artista 104,2012,mpb,0.538,0.67,0.625,0.647,0.0034,0.148,0.073,-8.72,108,234044,46,0
843,Faixa 0843,Artista 046,2014,sertanejo,0.629,0.677,0.507,0.584,0.0162,0.329,0.485,-10.14,90,242989,41,0
844,Faixa 0844,Artista 144,2017,sertanejo,0.813,0.526,0.45,0.237,0.0569,0.136,0.198,-8.83,139,228407,61,0
845,Faixa 0845,Artista 028,2017,trap,0.517,0.671,0.299,0.351,0.172,0.208,0.205,-1.0,112,206802,48,0
846,Faixa 0846,Artista 262,2016,rock,0.508,0.696,0.798,0.192,0.0034,0.053,0.196,-4.82,134,174682,96,0
847,Faixa 0847,Artista 024,2011,sertanejo,0.632,0.779,0.442,0.317,0.254,0.02,0.212,-5.32,95,193296,28,0
848,Faixa 0848,Artista 072,2019,trap,0.314,0.553,0.472,0.158,0.0363,0.068,0.193,-5.99,122,223200,69,0
849,Faixa 0849,Artista 079,2014,rock,0.593,0.795,0.53,0.454,0.1275,0.06,0.167,-10.92,114,210574,78,0
850,Faixa 0850,Artista 005,2017,eletronica,0.742,0.539,0.446,0.331,0.2404,0.048,0.217,-7.85,114,163084,75,0
851,Faixa 0851,Artista 203,2020,funk,0.759,0.667,0.819,0.287,0.2819,0.254,0.327,-9.81,154,164512,90,0
852,Faixa 0852,Artista 157,2022,funk,0.561,0.613,0.413,0.278,0.1977,0.024,0.28,-7.34,126,178673,0,0
853,Faixa 0853,Artista 114,2022,funk,0.596,0.626,0.332,0.122,0.0096,0.02,0.19,-9.66,103,223050,81,0
854,Faixa 0854,Artista 056,2013,eletronica,0.704,0.704,0.271,0.337,0.0628,0.309,0.203,-7.31,96,176064,59,0
855,Faixa 0855,Artista 081,2017,pop,0.82,0.434,0.749,0.412,0.0652,0.066,0.349,-6.47,65,234257,77,0
856,Faixa 0856,Artista 032,2024,pop,0.468,0.411,0.653,0.189,0.0713,0.02,0.063,-5.52,101,181029,2,0
857,Faixa 0857,Artista 328,2024,eletronica,0.559,0.732,0.568,0.185,0.006,0.02,0.102,-6.15,101,216805,86,0
858,Faixa 0858,Artista 303,2015,eletronica,0.619,0.829,0.749,0.241,0.5504,0.076,0.616,-11.18,165,225162,63,0
859,Faixa 0859,Artista 065,2016,trap,0.441,0.794,0.839,0.16,0.063,0.116,0.105,-9.83,142,213039,81,0
860,Faixa 0860,Artista 295,2014,mpb,0.463,0.744,0.578,0.183,0.2314,0.238,0.222,-9.07,135,217520,48,0
861,Faixa 0861,Artista 305,2019,eletronica,0.541,0.74,0.623,0.5,0.1982,0.052,0.204,-6.6,133,213965,38,0
862,Faixa 0862,Artista 335,2011,pop,0.641,0.496,0.625,0.188,0.0319,0.02,0.04,-7.25,64,217238,70,0
863,Faixa 0863,Artista 247,2022,rock,0.747,0.261,0.657,0.616,0.1553,0.051,0.169,-6.97,101,195754,13,0
864,Faixa 0864,Artista 292,2021,sertanejo,0.225,0.536,0.474,0.259,0.0849,0.027,0.426,-7.45,77,183827,0,0
865,Faixa 0865,Artista 117,2020,funk,0.587,0.895,0.713,0.196,0.0646,0.106,0.286,-5.63,156,282462,99,1
866,Faixa 0866,Artista 008,2015,rock,0.668,0.699,0.818,0.289,0.0469,0.268,0.242,-9.64,159,236870,61,0
867,Faixa 0867,Artista 248,2020,mpb,0.579,0.801,0.334,0.474,0.2142,0.076,0.044,-12.44,68,284741,48,0
868,Faixa 0868,Artista 294,2020,rock,0.867,0.875,0.214,0.143,0.0798,0.097,0.259,-4.59,126,249398,100,1
869,Faixa 0869,Artista 046,2019,trap,0.402,0.747,0.49,0.169,0.2128,0.093,0.128,-8.75,169,221976,15,0
870,Faixa 0870,Artista 277,2019,eletronica,0.725,0.68,0.596,0.289,0.1202,0.02,0.131,-1.36,96,152452,81,0
871,Faixa 0871,Artista 342,2019,pop,0.804,0.472,0.682,0.322,0.1795,0.076,0.165,-6.86,106,303019,100,1
872,Faixa 0872,Artista 327,2022,eletronica,0.742,0.657,0.513,0.417,0.0283,0.042,0.077,-9.22,124,235308,66,0
873,Faixa 0873,Artista 064,2019,eletronica,0.553,0.303,0.44,0.141,0.0593,0.286,0.114,-8.51,131,138414,29,0
874,Faixa 0874,Artista 317,2019,rock,0.719,0.763,0.348,0.272,0.0368,0.089,0.046,-4.42,179,318671,78,0
875,Faixa 0875,Artista 222,2012,funk,0.492,0.624,0.978,0.075,0.2302,0.032,0.124,-4.56,153,212838,68,0
876,Faixa 0876,Artista 335,2016,eletronica,0.831,0.564,0.536,0.264,0.2027,0.177,0.098,-3.56,91,174652,82,0
877,Faixa 0877,Artista 134,2017,eletronica,0.664,0.587,0.771,0.136,0.0936,0.052,0.392,-7.8,141,229507,55,0
878,Faixa 0878,Artista 105,2010,funk,0.533,0.522,0.623,0.139,0.4485,0.137,0.172,-12.53,97,132175,15,0
879,Faixa 0879,Artista 317,2013,pop,0.65,0.388,0.546,0.158,0.2188,0.217,0.131,-1.17,164,164116,74,0
880,Faixa 0880,Artista 175,2017,eletronica,0.328,0.17,0.39,0.15,0.1099,0.105,0.245,-7.34,86,186121,0,0
881,Faixa 0881,Artista 198,2014,funk,0.552,0.554,0.049,0.663,0.0028,0.196,0.14,-7.49,84,255664,1,0
882,Faixa 0882,Artista 174,2024,trap,0.484,0.73,0.417,0.106,0.3703,0.271,0.104,-13.06,103,111372,60,0
883,Faixa 0883,Artista 339,2010,sertanejo,0.577,0.564,0.293,0.664,0.1502,0.085,0.054,-9.72,102,270046,25,0
884,Faixa 0884,Artista 107,2024,pop,0.701,0.557,0.244,0.169,0.2301,0.14,0.301,-6.89,108,241333,56,0
885,Faixa 0885,Artista 200,2012,mpb,0.555,0.762,0.197,0.454,0.097,0.094,0.184,-13.16,112,223273,39,0
886,Faixa 0886,Artista 210,2010,mpb,0.761,0.511,0.607,0.035,0.0406,0.077,0.054,-4.92,178,138552,68,0
887,Faixa 0887,Artista 243,2017,eletronica,0.516,0.467,0.848,0.616,0.1373,0.228,0.388,-6.68,187,159534,36,0
888,Faixa 0888,Artista 056,2010,rock,0.459,0.896,0.386,0.22,0.4841,0.063,0.112,-8.39,120,234552,63,0
889,Faixa 0889,Artista 148,2014,funk,0.587,0.441,0.811,0.32,0.3179,0.065,0.186,-7.54,121,192888,37,0
890,Faixa 0890,Artista 173,2015,sertanejo,0.439,0.789,0.573,0.598,0.0869,0.124,0.51,-3.66,122,278795,48,0
891,Faixa 0891,Artista 300,2013,sertanejo,0.561,0.578,0.472,0.573,0.5645,0.148,0.341,-5.72,132,276770,39,0
892,Faixa 0892,Artista 325,2016,mpb,0.73,0.794,0.425,0.462,0.4879,0.145,0.245,-4.09,103,162895,86,0
893,Faixa 0893,Artista 005,2015,pop,0.58,0.658,0.259,0.282,0.1227,0.087,0.311,-4.57,69,252767,66,0
894,Faixa 0894,Artista 098,2024,sertanejo,0.906,0.535,0.435,0.301,0.1719,0.171,0.132,-12.13,107,242259,59,0
895,Faixa 0895,Artista 249,2013,rock,0.595,0.382,0.331,0.276,0.1191,0.247,0.138,-6.81,94,229446,41,0
896,Faixa 0896,Artista 234,2021,funk,0.462,0.606,0.338,0.13,0.0367,0.255,0.027,-6.85,136,189757,39,0
897,Faixa 0897,Artista 328,2016,funk,0.908,0.553,0.309,0.127,0.2262,0.154,0.05,-1.0,117,165904,100,1
898,Faixa 0898,Artista 065,2020,mpb,0.805,0.61,0.391,0.195,0.2043,0.13,0.113,-5.89,128,304632,71,0
899,Faixa 0899,Artista 063,2020,trap,0.627,0.726,0.847,0.535,0.1075,0.127,0.109,-7.96,140,181166,84,0
900,Faixa 0900,Artista 235,2021,sertanejo,0.681,0.934,0.516,0.395,0.0892,0.217,0.182,-7.54,139,157184,83,0
901,Faixa 0901,Artista 055,2010,trap,0.487,0.478,0.211,0.092,0.0882,0.229,0.097,-4.83,175,92992,22,0
902,Faixa 0902,Artista 325,2011,pop,0.9,0.828,0.416,0.542,0.1265,0.04,0.25,-5.45,90,237376,100,1
903,Faixa 0903,Artista 039,2014,funk,0.6,0.65,0.312,0.24,0.1174,0.142,0.33,-12.52,83,105319,18,0
904,Faixa 0904,Artista 210,2011,pop,0.548,0.497,0.775,0.399,0.0542,0.174,0.079,-7.7,118,195210,46,0
905,Faixa 0905,Artista 247,2012,mpb,0.781,0.976,0.376,0.16,0.0855,0.02,0.162,-8.07,163,199945,86,0
906,Faixa 0906,Artista 068,2016,eletronica,0.637,0.428,0.845,0.483,0.1017,0.157,0.13,-8.25,133,275443,42,0
907,Faixa 0907,Artista 064,2023,trap,0.592,0.84,0.198,0.124,0.2445,0.147,0.166,-6.22,96,217894,100,1
908,Faixa 0908,Artista 293,2019,mpb,0.696,0.482,0.673,0.145,0.1758,0.095,0.198,-13.12,166,122976,72,0
909,Faixa 0909,Artista 298,2021,mpb,0.376,0.549,0.676,0.317,0.229,0.139,0.29,-6.67,113,259487,9,0
910,Faixa 0910,Artista 005,2011,pop,0.729,0.622,0.178,0.249,0.2542,0.143,0.338,-5.8,147,191860,65,0
911,Faixa 0911,Artista 111,2013,trap,0.452,0.355,0.323,0.135,0.1725,0.231,0.176,-4.32,149,262798,1,0
912,Faixa 0912,Artista 042,2022,funk,0.99,0.416,0.505,0.375,0.3253,0.098,0.066,-1.67,106,304428,100,1
913,Faixa 0913,Artista 057,2013,rock,0.428,0.312,0.855,0.4,0.0161,0.168,0.282,-8.06,150,139753,10,0
914,Faixa 0914,Artista 213,2011,rock,0.595,0.524,0.634,0.114,0.229,0.066,0.384,-10.29,127,174409,43,0
915,Faixa 0915,Artista 339,2013,funk,0.506,0.807,0.348,0.374,0.1155,0.186,0.02,-1.0,83,223076,99,1
916,Faixa 0916,Artista 034,2020,trap,0.582,0.638,0.68,0.34,0.3153,0.093,0.399,-14.28,151,194630,45,0
917,Faixa 0917,Artista 201,2011,sertanejo,0.76,0.552,0.585,0.583,0.059,0.135,0.181,-10.33,57,273909,100,1
918,Faixa 0918,Artista 189,2016,trap,0.625,0.545,0.245,0.305,0.315,0.023,0.227,-7.54,87,197577,9,0
919,Faixa 0919,Artista 152,2013,funk,0.559,0.75,0.622,0.109,0.1335,0.034,0.247,-4.17,149,151558,87,0
920,Faixa 0920,Artista 246,2024,pop,0.597,0.753,0.697,0.154,0.1897,0.222,0.132,-7.37,139,276408,77,0
921,Faixa 0921,Artista 201,2022,funk,0.367,0.75,0.44,0.322,0.0735,0.083,0.415,-6.28,139,265981,36,0
922,Faixa 0922,Artista 196,2012,eletronica,0.856,0.823,0.834,0.23,0.3541,0.088,0.254,-5.9,101,171087,100,1
923,Faixa 0923,Artista 324,2012,eletronica,0.616,0.665,0.424,0.259,0.0206,0.062,0.212,-8.65,105,144372,62,0
924,Faixa 0924,Artista 109,2017,eletronica,0.594,0.565,0.482,0.304,0.0993,0.134,0.105,-7.27,124,171297,51,0
925,Faixa 0925,Artista 114,2014,eletronica,0.547,0.718,0.461,0.319,0.1704,0.109,0.233,-6.68,114,209974,41,0
926,Faixa 0926,Artista 282,2020,funk,0.99,0.616,0.43,0.037,0.0303,0.087,0.444,-3.12,140,176942,100,1
927,Faixa 0927,Artista 333,2017,funk,0.623,0.822,0.352,0.184,0.0952,0.1,0.479,-1.0,101,311539,95,0
928,Faixa 0928,Artista 119,2014,pop,0.704,0.638,0.577,0.153,0.107,0.051,0.245,-5.82,111,172815,72,0
929,Faixa 0929,Artista 333,2020,funk,0.51,0.65,0.297,0.227,0.1271,0.031,0.395,-6.17,146,191924,48,0
930,Faixa 0930,Artista 004,2016,sertanejo,0.766,0.449,0.487,0.292,0.0842,0.051,0.494,-3.5,81,187548,66,0
931,Faixa 0931,Artista 304,2014,rock,0.497,0.22,0.079,0.088,0.0752,0.368,0.303,-7.14,105,309618,22,0
932,Faixa 0932,Artista 126,2010,rock,0.634,0.407,0.347,0.564,0.0666,0.089,0.303,-7.59,110,120379,43,0
933,Faixa 0933,Artista 322,2012,rock,0.721,0.727,0.461,0.29,0.0463,0.245,0.241,-8.06,138,158914,57,0
934,Faixa 0934,Artista 250,2024,funk,0.428,0.853,0.708,0.383,0.1954,0.051,0.588,-3.3,75,256262,60,0
935,Faixa 0935,Artista 029,2020,funk,0.494,0.83,0.557,0.188,0.1874,0.402,0.048,-7.3,55,215231,64,0
936,Faixa 0936,Artista 032,2011,sertanejo,0.823,0.577,0.643,0.316,0.0658,0.02,0.069,-3.26,123,222385,100,1
937,Faixa 0937,Artista 039,2014,eletronica,0.787,0.736,0.684,0.244,0.0876,0.199,0.323,-1.91,163,212861,100,1
938,Faixa 0938,Artista 256,2024,eletronica,0.643,0.716,0.51,0.114,0.0396,0.223,0.447,-7.56,89,151188,78,0
939,Faixa 0939,Artista 195,2010,eletronica,0.618,0.502,0.742,0.354,0.4553,0.036,0.319,-9.21,136,190713,29,0
940,Faixa 0940,Artista 317,2018,rock,0.498,0.777,0.187,0.431,0.2082,0.076,0.234,-10.29,78,209837,32,0
941,Faixa 0941,Artista 238,2020,mpb,0.676,0.948,0.289,0.114,0.0915,0.125,0.072,-9.07,151,180719,93,0
942,Faixa 0942,Artista 262,2010,mpb,0.599,0.352,0.461,0.384,0.0994,0.563,0.234,-8.65,149,246536,53,0
943,Faixa 0943,Artista 258,2017,trap,0.871,0.414,0.368,0.215,0.3116,0.034,0.32,-4.26,95,148158,76,0
944,Faixa 0944,Artista 216,2021,sertanejo,0.99,0.588,0.097,0.309,0.1532,0.078,0.124,-4.7,123,167846,100,1
945,Faixa 0945,Artista 042,2021,sertanejo,0.556,0.363,0.306,0.101,0.1736,0.088,0.319,-4.49,174,270862,28,0
946,Faixa 0946,Artista 159,2019,mpb,0.829,0.41,0.656,0.106,0.1232,0.104,0.152,-7.19,112,211609,92,0
947,Faixa 0947,Artista 026,2016,rock,0.583,0.738,0.756,0.498,0.0208,0.153,0.044,-8.49,162,170096,45,0
948,Faixa 0948,Artista 061,2023,sertanejo,0.722,0.715,0.545,0.253,0.0572,0.066,0.53,-2.78,136,201515,100,1
949,Faixa 0949,Artista 176,2021,mpb,0.503,0.702,0.586,0.059,0.3063,0.083,0.028,-6.72,113,130543,23,0
950,Faixa 0950,Artista 113,2013,mpb,0.617,0.773,0.611,0.266,0.2703,0.252,0.194,-8.24,70,224236,57,0
951,Faixa 0951,Artista 012,2018,sertanejo,0.538,0.968,0.357,0.354,0.2787,0.084,0.181,-4.99,100,222976,72,0
952,Faixa 0952,Artista 136,2018,eletronica,0.827,0.682,0.775,0.337,0.1693,0.18,0.177,-1.0,166,249390,93,0
953,Faixa 0953,Artista 115,2015,funk,0.756,0.464,0.376,0.399,0.1204,0.256,0.027,-5.62,100,232144,72,0
954,Faixa 0954,Artista 237,2019,sertanejo,0.427,0.599,0.343,0.34,0.095,0.199,0.253,-12.69,127,142461,18,0
955,Faixa 0955,Artista 028,2020,trap,0.546,0.474,0.199,0.087,0.1605,0.133,0.054,-8.45,182,282434,45,0
956,Faixa 0956,Artista 188,2020,funk,0.611,0.433,0.467,0.113,0.2786,0.144,0.483,-2.74,95,217576,33,0
957,Faixa 0957,Artista 148,2011,rock,0.706,0.822,0.311,0.593,0.0936,0.043,0.264,-1.69,121,178770,47,0
958,Faixa 0958,Artista 304,2024,rock,0.792,0.757,0.465,0.628,0.2956,0.253,0.422,-3.82,84,199191,84,0
959,Faixa 0959,Artista 176,2015,sertanejo,0.966,0.68,0.448,0.372,0.2377,0.187,0.121,-3.98,127,214471,97,0
960,Faixa 0960,Artista 049,2011,rock,0.739,0.523,0.545,0.461,0.0982,0.118,0.068,-2.69,55,221546,50,0
961,Faixa 0961,Artista 088,2010,eletronica,0.554,0.494,0.535,0.315,0.0069,0.025,0.143,-3.97,138,200345,50,0
962,Faixa 0962,Artista 347,2013,trap,0.688,0.513,0.722,0.163,0.2481,0.166,0.31,-8.83,158,131300,71,0
963,Faixa 0963,Artista 327,2013,pop,0.634,0.634,0.99,0.579,0.1683,0.161,0.249,-6.27,93,243680,73,0
964,Faixa 0964,Artista 290,2015,eletronica,0.433,0.627,0.232,0.165,0.0996,0.164,0.14,-16.31,118,96363,0,0
965,Faixa 0965,Artista 141,2010,pop,0.559,0.572,0.255,0.136,0.2821,0.107,0.323,-6.66,156,179452,33,0
966,Faixa 0966,Artista 253,2019,rock,0.503,0.257,0.706,0.136,0.2804,0.142,0.14,-7.88,131,197977,0,0
967,Faixa 0967,Artista 188,2017,funk,0.558,0.489,0.668,0.199,0.0927,0.135,0.219,-4.65,134,141559,51,0
968,Faixa 0968,Artista 234,2023,eletronica,0.606,0.446,0.902,0.535,0.0959,0.023,0.322,-4.96,85,210592,31,0
969,Faixa 0969,Artista 001,2020,funk,0.566,0.921,0.41,0.28,0.2506,0.111,0.201,-6.75,74,198361,67,0
970,Faixa 0970,Artista 306,2017,funk,0.683,0.571,0.733,0.092,0.0484,0.154,0.199,-5.33,138,257621,81,0
971,Faixa 0971,Artista 193,2022,rock,0.547,0.538,0.645,0.602,0.0651,0.134,0.448,-9.64,112,272548,31,0
972,Faixa 0972,Artista 237,2018,trap,0.544,0.479,0.885,0.061,0.1272,0.129,0.02,-10.59,134,209228,36,0
973,Faixa 0973,Artista 333,2017,sertanejo,0.158,0.717,0.846,0.4,0.7244,0.069,0.332,-8.68,129,174019,0,0
974,Faixa 0974,Artista 147,2023,eletronica,0.56,0.592,0.422,0.24,0.0973,0.177,0.216,-6.58,89,224799,40,0
975,Faixa 0975,Artista 145,2019,trap,0.627,0.52,0.553,0.335,0.0286,0.055,0.125,-7.51,142,202772,31,0
976,Faixa 0976,Artista 063,2011,eletronica,0.569,0.781,0.537,0.403,0.0913,0.068,0.212,-4.17,138,176170,37,0
977,Faixa 0977,Artista 230,2016,mpb,0.881,0.717,0.565,0.161,0.2001,0.02,0.115,-9.18,132,195825,78,0
978,Faixa 0978,Artista 068,2014,rock,0.765,0.718,0.352,0.132,0.0466,0.163,0.03,-4.69,161,167495,84,0
979,Faixa 0979,Artista 037,2012,rock,0.721,0.809,0.42,0.209,0.1681,0.059,0.205,-11.72,100,166727,45,0
980,Faixa 0980,Artista 194,2021,trap,0.632,0.534,0.285,0.334,0.1857,0.258,0.131,-2.41,139,222483,57,0
981,Faixa 0981,Artista 177,2014,rock,0.958,0.611,0.209,0.16,0.2287,0.02,0.183,-11.53,91,173264,70,0
982,Faixa 0982,Artista 166,2018,trap,0.445,0.391,0.45,0.108,0.3569,0.029,0.194,-5.97,106,204725,17,0
983,Faixa 0983,Artista 158,2016,pop,0.622,0.99,0.158,0.235,0.1022,0.02,0.049,-7.37,90,190348,66,0
984,Faixa 0984,Artista 293,2022,trap,0.285,0.383,0.221,0.255,0.1308,0.265,0.128,-7.67,146,245146,0,0
985,Faixa 0985,Artista 231,2024,funk,0.624,0.522,0.25,0.283,0.225,0.347,0.182,-6.15,130,238017,17,0
986,Faixa 0986,Artista 008,2016,trap,0.723,0.489,0.542,0.19,0.0209,0.132,0.273,-6.94,169,290466,43,0
987,Faixa 0987,Artista 272,2010,mpb,0.535,0.69,0.333,0.19,0.087,0.027,0.274,-5.42,145,142984,58,0
988,Faixa 0988,Artista 241,2013,mpb,0.577,0.975,0.669,0.512,0.1386,0.072,0.098,-7.72,76,194442,62,0
989,Faixa 0989,Artista 320,2015,sertanejo,0.389,0.664,0.707,0.742,0.1194,0.063,0.068,-5.29,132,185346,51,0
990,Faixa 0990,Artista 275,2021,eletronica,0.57,0.7,0.805,0.321,0.0484,0.165,0.157,-5.45,111,206786,85,0
991,Faixa 0991,Artista 050,2019,funk,0.99,0.627,0.939,0.081,0.122,0.02,0.108,-10.47,146,191029,100,1
992,Faixa 0992,Artista 195,2024,pop,0.384,0.569,0.403,0.227,0.1961,0.026,0.15,-1.08,138,224286,0,0
993,Faixa 0993,Artista 275,2016,rock,0.611,0.75,0.762,0.444,0.1343,0.273,0.18,-8.55,126,282711,58,0
994,Faixa 0994,Artista 184,2018,pop,0.69,0.708,0.518,0.473,0.0935,0.106,0.228,-4.5,66,209594,71,0
995,Faixa 0995,Artista 277,2011,mpb,0.746,0.99,0.489,0.37,0.0744,0.064,0.158,-6.68,152,160673,80,0
996,Faixa 0996,Artista 208,2024,eletronica,0.533,0.734,0.536,0.227,0.1302,0.037,0.124,-9.4,115,182484,51,0
997,Faixa 0997,Artista 303,2018,mpb,0.68,0.62,0.562,0.199,0.1135,0.047,0.093,-5.03,160,202243,87,0
998,Faixa 0998,Artista 091,2019,sertanejo,0.886,0.702,0.647,0.273,0.2514,0.476,0.331,-4.18,73,325892,100,1
999,Faixa 0999,Artista 320,2020,funk,0.686,0.879,0.222,0.246,0.0497,0.119,0.229,-6.18,82,159032,100,1
1000,Faixa 1000,Artista 026,2010,sertanejo,0.523,0.76,0.269,0.556,0.1323,0.032,0.224,-13.01,105,280299,39,0
1001,Faixa 1001,Artista 038,2012,rock,0.819,0.747,0.619,0.069,0.0809,0.087,0.069,-9.9,162,171199,87,0
1002,Faixa 1002,Artista 054,2011,pop,0.69,0.721,0.03,0.094,0.2178,0.093,0.192,-4.22,106,145640,85,0
1003,Faixa 1003,Artista 207,2012,sertanejo,0.654,0.935,0.86,0.297,0.1549,0.321,0.226,-7.3,169,199752,89,0
1004,Faixa 1004,Artista 211,2020,trap,0.55,0.496,0.195,0.43,0.1564,0.095,0.071,-6.45,67,177401,4,0
1005,Faixa 1005,Artista 083,2019,rock,0.56,0.497,0.534,0.351,0.0651,0.02,0.136,-9.08,104,176280,13,0
1006,Faixa 1006,Artista 139,2020,rock,0.344,0.431,0.834,0.186,0.0617,0.054,0.18,-7.72,94,232994,11,0
1007,Faixa 1007,Artista 036,2024,eletronica,0.842,0.493,0.428,0.234,0.0476,0.068,0.165,-6.66,122,188821,75,0
1008,Faixa 1008,Artista 161,2024,rock,0.729,0.672,0.54,0.493,0.3551,0.093,0.086,-6.06,139,242311,70,0
1009,Faixa 1009,Artista 311,2010,eletronica,0.238,0.663,0.296,0.547,0.4179,0.094,0.088,-6.9,94,170847,15,0
1010,Faixa 1010,Artista 154,2013,sertanejo,0.472,0.516,0.441,0.147,0.1223,0.317,0.121,-12.79,107,161736,53,0
1011,Faixa 1011,Artista 190,2015,mpb,0.893,0.574,0.184,0.369,0.1312,0.045,0.331,-7.22,104,176023,39,0
1012,Faixa 1012,Artista 053,2020,funk,0.303,0.611,0.415,0.459,0.0383,0.074,0.304,-6.59,126,137763,7,0
1013,Faixa 1013,Artista 065,2020,eletronica,0.536,0.618,0.553,0.268,0.2922,0.112,0.331,-9.15,151,243536,64,0
1014,Faixa 1014,Artista 003,2016,rock,0.502,0.889,0.82,0.055,0.1763,0.28,0.297,-10.35,166,212673,40,0
1015,Faixa 1015,Artista 120,2020,sertanejo,0.822,0.562,0.099,0.129,0.081,0.131,0.343,-12.6,143,201354,66,0
1016,Faixa 1016,Artista 141,2021,pop,0.779,0.99,0.532,0.478,0.0177,0.047,0.029,-7.09,122,166513,100,1
1017,Faixa 1017,Artista 113,2016,sertanejo,0.402,0.54,0.056,0.439,0.0554,0.085,0.252,-3.23,148,191297,10,0
1018,Faixa 1018,Artista 060,2017,pop,0.805,0.578,0.394,0.103,0.1237,0.112,0.371,-6.7,102,171167,79,0
1019,Faixa 1019,Artista 256,2015,eletronica,0.504,0.48,0.615,0.146,0.1087,0.205,0.227,-10.41,89,160387,30,0
1020,Faixa 1020,Artista 290,2014,mpb,0.727,0.47,0.543,0.193,0.0135,0.037,0.25,-8.24,122,240979,53,0
1021,Faixa 1021,Artista 066,2022,rock,0.898,0.688,0.736,0.403,0.2561,0.117,0.159,-4.92,175,215617,100,1
1022,Faixa 1022,Artista 255,2021,mpb,0.535,0.47,0.574,0.593,0.0338,0.179,0.088,-5.94,103,208147,30,0
1023,Faixa 1023,Artista 249,2020,funk,0.551,0.608,0.533,0.216,0.0616,0.16,0.157,-9.18,134,210673,77,0
1024,Faixa 1024,Artista 094,2023,funk,0.427,0.713,0.52,0.635,0.2081,0.02,0.393,-8.33,79,213225,19,0
1025,Faixa 1025,Artista 342,2012,funk,0.662,0.589,0.266,0.433,0.3004,0.231,0.066,-8.48,139,135864,54,0
1026,Faixa 1026,Artista 191,2022,mpb,0.389,0.57,0.343,0.266,0.1642,0.42,0.145,-4.38,162,255874,13,0
1027,Faixa 1027,Artista 329,2013,mpb,0.828,0.413,0.536,0.469,0.1235,0.062,0.137,-7.77,136,134868,31,0
1028,Faixa 1028,Artista 200,2011,mpb,0.618,0.444,0.584,0.306,0.1049,0.325,0.22,-10.3,128,183978,49,0
1029,Faixa 1029,Artista 269,2019,pop,0.626,0.352,0.372,0.201,0.1657,0.278,0.063,-12.5,113,105534,15,0
1030,Faixa 1030,Artista 253,2022,mpb,0.569,0.928,0.513,0.157,0.2034,0.048,0.095,-8.62,127,166993,80,0
1031,Faixa 1031,Artista 139,2017,eletronica,0.56,0.716,0.467,0.188,0.1063,0.132,0.162,-7.56,111,137567,63,0
1032,Faixa 1032,Artista 319,2024,sertanejo,0.99,0.409,0.558,0.209,0.0272,0.027,0.279,-10.16,137,191897,100,1
1033,Faixa 1033,Artista 128,2015,trap,0.895,0.51,0.03,0.116,0.2964,0.104,0.038,-11.26,112,243075,46,0
1034,Faixa 1034,Artista 072,2015,mpb,0.539,0.405,0.603,0.171,0.0603,0.099,0.344,-8.6,147,221565,9,0
1035,Faixa 1035,Artista 157,2012,rock,0.771,0.34,0.355,0.13,0.1695,0.256,0.138,-4.56,106,170376,57,0
1036,Faixa 1036,Artista 259,2016,funk,0.404,0.922,0.841,0.277,0.1212,0.158,0.048,-6.42,115,284400,85,0
1037,Faixa 1037,Artista 258,2017,mpb,0.774,0.348,0.643,0.193,0.0771,0.032,0.406,-7.47,75,249486,77,0
1038,Faixa 1038,Artista 089,2011,sertanejo,0.647,0.777,0.349,0.269,0.4097,0.18,0.211,-5.79,126,200438,69,0
1039,Faixa 1039,Artista 174,2021,pop,0.788,0.369,0.67,0.665,0.072,0.09,0.194,-1.35,106,174858,73,0
1040,Faixa 1040,Artista 036,2010,rock,0.441,0.524,0.88,0.665,0.0411,0.239,0.187,-10.31,152,267996,25,0
1041,Faixa 1041,Artista 142,2016,pop,0.894,0.756,0.631,0.158,0.1258,0.032,0.032,-13.8,127,183666,91,0
1042,Faixa 1042,Artista 002,2020,pop,0.534,0.558,0.589,0.153,0.17,0.058,0.256,-13.4,106,222836,27,0
1043,Faixa 1043,Artista 290,2024,rock,0.544,0.702,0.455,0.178,0.0774,0.13,0.351,-1.0,144,192668,60,0
1044,Faixa 1044,Artista 328,2022,eletronica,0.598,0.84,0.347,0.795,0.2753,0.094,0.162,-4.97,103,137485,36,0
1045,Faixa 1045,Artista 054,2023,eletronica,0.806,0.491,0.681,0.35,0.114,0.095,0.061,-8.98,115,184657,47,0
1046,Faixa 1046,Artista 271,2023,funk,0.404,0.687,0.579,0.321,0.1288,0.021,0.061,-7.11,110,279630,0,0
1047,Faixa 1047,Artista 253,2016,mpb,0.55,0.444,0.454,0.14,0.0789,0.092,0.256,-7.31,120,214725,15,0
1048,Faixa 1048,Artista 008,2010,sertanejo,0.571,0.668,0.502,0.483,0.1741,0.048,0.121,-8.63,120,219325,35,0
1049,Faixa 1049,Artista 231,2017,trap,0.721,0.449,0.618,0.469,0.0995,0.312,0.136,-7.01,118,152444,66,0
1050,Faixa 1050,Artista 063,2023,pop,0.33,0.528,0.421,0.21,0.0186,0.178,0.177,-5.46,177,239991,0,0
