v001,v002,v003,v004,v005,v006,v007,v008,v009,v010,v011,v012,v013,v014,v015,v016,v017,v018,v019,v020,v021,v022,v023,v024,v025,v026,v027,v028,v029,v030,v031,v032,v033,v034,v035,v036,v037,v038,v039,v040,v041,v042,v043,v044,v045,v046,v047,v048,v049,v050,v051,v052,v053,v054,v055,v056,v057,v058,v059,v060,v061,v062,v063,v064,v065,v066,v067,v068,v069,v070,v071,v072,v073,v074,v075,v076,v077,v078,v079,v080,v081,v082,v083,v084,v085,v086,v087,v088,v089,v090,v091,v092,v093,v094,v095,v096,v097,v098,v099,v100,v101,v102,v103,v104,v105,v106,v107,v108,v109,v110,v111,v112,v113,v114,v115,v116,v117,v118,v119,v120,v121,v122,v123,v124,v125,v126,v127,v128,v129,v130,v131,v132,v133,v134,v135,v136,v137,v138,v139,v140,v141,v142,v143,v144,v145,v146,v147,v148,v149,v150,v151,v152,v153,v154,v155,v156,v157,v158,v159,v160,v161,v162,v163,v164,v165,v166,v167,v168,v169,v170,v171,v172,v173,v174,v175,v176,v177,v178,v179,v180,alvo
0.12629,0.52151,0.13698,-0.17022,0.87166,-1.05712,0.53907,-0.20425,-1.56199,0.76307,-0.50507,0.30842,-0.45697,-1.06751,-0.65371,-0.33569,-0.3684,-1.49191,-0.60755,1.09579,0.3394,1.28419,0.33973,-1.00065,0.28171,1.34871,-1.57028,1.57826,0.41962,1.21621,-0.25182,-1.18153,0.52987,1.79123,-1.11817,0.06786,1.14406,0.2318,-0.13726,-0.77696,1.43561,0.26909,1.48263,-0.21338,0.6985,-1.14328,2.2753,-0.30213,0.05938,0.98453,0.86088,-0.91484,-1.59531,-0.32094,-1.39798,-1.00359,0.01409,2.02521,0.32496,1.45132,-0.01983,0.16123,0.606,-1.96924,-0.3112,1.18633,-1.66298,-0.87566,-1.40947,0.68787,1.53275,0.8316,1.24907,0.73399,-0.35009,-0.25921,0.34225,0.55953,-0.07616,0.15584,-0.57722,-0.17588,0.31024,-0.00368,0.19747,-0.26648,-0.81125,-0.65195,0.03657,0.30259,0.84468,-0.71079,-0.77791,-0.11011,0.58772,-0.11448,-0.87806,-0.07703,1.06957,-0.98814,1.7773,-0.5481,-0.16311,0.83971,-0.90114,0.03289,1.09109,0.20889,0.33956,0.04302,0.12693,0.98406,0.14786,-1.14198,-0.12822,-0.17322,-0.39168,-1.72905,-0.37284,1.27002,-0.23532,-0.20349,0.33069,1.25161,-1.32624,0.03474,-0.65604,0.30746,0.6995,1.578,0.03038,0.17471,0.3693,-1.2478,1.05558,-0.44758,-1.03525,1.00454,0.10295,-0.86645,-0.05817,-1.27321,1.28164,0.08609,0.53816,-0.60285,0.44587,2.36346,0.15321,-1.2735,-0.31633,0.03371,0.20369,-0.36416,1.84343,0.32934,0.85786,-0.00584,2.00044,0.11569,0.06323,-0.17346,1.58957,-1.11115,1.67818,0.27161,0.47494,-0.00398,-1.04633,1.79613,-1.66765,-0.17204,-1.25377,1.36095,0.43714,-0.25755,1.83438,1.6763,1.43711,0.32936,0
1.0849,0.19489,0.19628,-0.53542,-1.88104,1.5748,-1.78902,0.82636,0.09613,-0.20684,-0.89061,0.99683,-0.74183,-0.32149,1.36043,0.2881,-1.7054,0.43856,2.29247,-0.67688,0.1746,0.83465,-1.14569,-0.4158,0.94169,-1.31047,2.42839,2.35075,0.1899,-0.93399,-1.38311,0.09442,-1.37297,-0.4991,-0.13375,-1.58704,0.6099,-0.34117,0.56998,-2.14013,-0.39402,0.55903,-0.57401,1.16061,-0.5124,0.04624,-0.05064,-0.23174,1.46745,0.03652,-0.19524,-0.36324,-0.33638,0.13924,-0.76332,1.53314,-0.03979,0.92904,0.72573,0.98598,0.90666,0.3161,1.15346,-0.25669,0.20945,-0.74114,0.18934,0.22573,1.52562,-2.59815,0.41046,-0.91648,-0.11063,1.96168,0.40177,1.04707,1.22343,0.64393,-0.46871,0.03581,-1.35611,0.38503,0.20289,2.21485,-1.37752,-0.58413,-0.25319,1.69449,-1.22984,1.31616,0.53361,-1.07722,0.48024,0.227,-0.28528,1.43656,-2.00204,0.56911,0.01793,-1.27023,0.89859,1.27982,0.16287,1.90755,1.59202,-0.412,1.94223,-0.70668,-0.23591,0.96834,2.04772,-0.72323,-0.45961,-0.13158,1.25077,0.42474,-0.10294,0.09967,0.09302,0.5544,2.92086,-0.37722,1.31523,-0.48127,-0.61955,-1.15346,-0.81215,-1.80408,-0.99917,0.81317,1.4488,-1.00687,0.1696,-2.09327,1.78249,-0.16076,-1.0424,0.72181,-1.29299,0.10827,-0.2062,0.36703,1.02744,-0.30223,-0.75807,-0.37913,-1.77955,0.87753,0.44405,-1.04301,-1.14741,-0.9305,-0.80827,-0.38522,0.28595,2.7787,-0.17881,-0.01851,-1.35413,0.2198,-0.12308,0.28177,-0.56056,0.27014,-1.3104,0.04652,0.20917,-1.39342,-0.60282,0.03672,0.9144,0.83987,0.40481,-0.19537,-0.78063,0.21602,-0.35446,0.95437,-0.53319,-0.05986,1
-1.24938,2.04679,-1.02434,-0.27258,-0.55259,1.09148,-0.38502,1.80326,-0.79241,2.06503,0.23245,0.96745,0.68266,1.14922,0.15382,1.42205,1.51869,0.09954,-1.56078,2.00793,0.82306,1.12159,-0.33748,0.56287,-1.10336,0.54363,1.0301,-0.28506,-1.20655,1.39464,-0.62492,2.26594,-0.12104,-1.04275,0.96822,0.58265,-1.22006,-0.51377,-0.22261,1.08987,-0.46306,0.68455,1.84016,1.68149,-0.12202,-1.01538,0.55231,0.64041,0.40483,-0.04462,1.05526,0.94856,-0.9728,0.36062,-0.94158,1.63472,-1.17755,0.55201,-0.66277,-1.288,-0.39293,0.43477,0.59399,0.63588,-0.91772,-1.53668,-0.95962,-0.41646,-0.18342,-0.38683,-1.91723,1.43694,-1.35279,0.25553,-0.51463,-0.7203,0.34669,-0.63497,0.79982,-0.16271,-1.82979,0.14183,0.46052,-0.21003,-2.16694,0.55362,-0.41526,-0.19231,0.00102,-1.40964,-0.12383,0.67299,0.19559,0.90245,-1.02292,-0.94087,0.33962,-0.94855,1.69307,-0.00594,-0.25845,0.87468,0.67032,0.55557,-0.42564,0.48374,-0.87681,-0.46978,-0.5718,0.25668,0.95709,-1.4562,-2.6683,0.68081,1.00034,-0.74758,0.24733,1.31896,-1.52441,0.85022,0.31915,0.18979,-0.61683,0.59465,0.86149,0.45091,-0.4746,-0.30176,-0.6159,0.66008,1.60995,1.47266,0.15656,1.10429,0.52397,0.85713,-0.07472,-1.22322,-1.3082,0.75187,0.05589,1.48446,0.42989,-1.15213,-1.88035,-0.81761,0.91391,-1.49535,-0.21637,1.88525,0.40649,-0.25816,-1.90634,1.83429,-1.58017,-2.21637,-0.8776,0.6003,-0.00065,0.74402,0.4561,1.14718,-1.30039,-1.92232,0.17317,1.81819,0.4632,-0.22999,0.30836,0.06621,-0.18942,1.04097,-0.34977,-1.10979,-0.76602,0.74889,1.84028,-0.1734,0.73419,0.55112,0
-0.51775,-1.88124,1.00226,-0.4394,-0.90075,1.00381,0.44818,-1.90032,-0.69286,-0.93654,1.06782,-0.8221,0.3174,0.47028,-0.06923,-0.95723,1.99497,0.33337,0.22905,1.38451,-0.71644,0.19858,-0.22691,0.0006,3.53505,0.31229,0.77664,-0.71576,1.19966,0.02166,-0.57732,0.58339,-0.82512,-0.83199,-0.90851,1.31968,0.32902,-0.07572,1.27768,-2.03768,-0.80652,-0.0691,0.44359,-0.39025,0.56244,1.31374,-1.11264,0.44777,-0.11732,0.10756,0.51753,-0.35128,1.39498,0.44157,0.59339,-0.28991,0.6022,0.75347,-0.32456,-0.44823,0.00702,-0.35354,3.01094,-0.78574,-0.06133,0.46892,0.68625,-0.56324,-0.3882,-0.51989,0.67846,-0.15795,1.37344,0.9527,-0.49344,0.13206,1.33756,-0.9934,0.04928,0.33347,-0.59943,-0.58806,-0.43878,0.83376,-0.49362,-1.03368,1.56894,-0.70713,0.81841,1.33874,-0.5357,0.20612,-1.40791,-0.86016,-1.1758,-0.27266,-0.51622,0.33661,1.14228,0.85691,1.21829,-0.10083,0.89163,-1.00556,-1.9557,-1.05506,-0.7564,0.24107,-0.57549,-0.75489,0.02772,-0.20654,0.70758,1.58081,-0.13776,0.73421,0.4561,0.51448,0.19607,-1.20054,-0.12259,0.07865,0.38702,1.01908,0.68736,0.11966,0.2343,1.314,-1.44086,-0.17434,-0.50011,-0.18505,0.11166,0.39262,-1.53096,-0.4247,0.54796,0.10845,-0.10445,0.15798,1.9587,0.35515,1.0488,-0.13029,-0.7587,0.33615,1.55131,0.78533,0.0089,-0.82231,1.68502,-1.17611,0.74364,0.49516,1.26207,-0.24337,0.28254,0.63131,-1.56054,1.11279,-0.58589,0.17124,-0.91115,0.5134,0.45121,1.60573,0.8031,0.47734,-1.26849,-0.92948,0.08765,-1.21216,-1.38189,1.66549,1.00547,-2.48463,1.19241,0.20828,-0.7474,-0.51203,1
-1.31005,0.08667,0.37777,0.00444,-0.30664,-1.60791,-0.42961,-0.72163,-1.04506,0.71416,-0.22589,-0.29492,1.77917,0.60957,0.67126,-1.57774,-0.71542,0.11838,-0.46102,-0.42093,1.21038,2.14861,0.10452,-0.19705,-1.27954,-0.18356,-1.37447,-0.80111,-0.17179,-1.07945,1.0398,-1.71001,0.37941,0.77482,1.17596,-0.00937,0.97553,-0.22763,-0.74945,1.20111,0.17595,-1.3413,-0.93773,-1.54289,0.57776,-0.62712,0.56056,0.79277,0.49914,-0.52949,1.96464,-0.43077,0.59912,0.50791,-0.94991,-0.38413,0.01218,0.59585,-0.85808,0.09685,-0.57539,1.47379,-0.14436,0.76581,-0.88577,0.1911,1.25021,0.61784,-0.34506,-0.31565,-1.22759,-0.13689,0.31715,-0.05504,1.75484,-0.38237,-0.98847,0.39268,0.47139,-0.73216,-0.55356,1.06637,0.50095,-0.36224,0.28088,0.52444,-1.71184,1.93117,0.30354,-0.58559,1.19268,-0.3285,0.23819,0.06131,0.05313,0.76483,1.11907,-0.32238,-0.44915,0.30086,1.71848,0.52859,-0.22271,1.46721,0.85898,-0.84853,-1.69022,-1.15878,-2.26452,0.75626,0.32455,0.73537,2.59713,0.12828,-0.49251,-2.8326,1.35753,-0.12009,0.78979,-0.93811,0.23066,1.8498,1.15257,0.87406,1.08026,1.51763,-0.79036,-0.82114,2.25522,0.28104,0.16743,-0.6123,0.00481,-1.4352,1.00271,-1.09085,0.13992,-0.63331,-1.04603,0.30208,0.48835,0.67982,0.472,0.48015,-0.08355,-0.30032,-0.21996,1.12954,-0.79163,-1.83459,1.53323,0.82145,0.97245,-1.58716,-0.20373,-0.02081,-0.78899,0.24261,0.46598,-0.36085,-0.15063,0.98718,0.60697,0.20033,0.87384,-0.45493,-0.98832,1.30281,0.27555,-1.53885,-1.01106,-1.566,-0.49665,0.68066,0.52628,-2.43308,-2.53756,-2.90924,-0.95819,-0.96953,0
1.41187,-1.07666,0.51479,0.89597,0.55181,-1.48355,0.49542,0.08582,-0.30133,-1.71841,-0.2861,0.45235,-0.73941,0.45569,-0.06858,-0.03537,-1.577,-1.33591,-0.77578,-0.35553,-0.28178,1.96115,1.06711,-2.40304,-2.49357,-0.65512,-1.38884,0.73272,0.34524,0.6573,2.12591,-0.08293,1.57347,0.61575,1.16091,1.46216,1.02387,0.9558,2.9624,1.65242,1.14528,-0.09709,0.83074,0.13275,-1.21817,0.56698,1.13281,-0.90702,0.06323,-1.89089,-1.78663,-0.20599,-1.2059,0.7334,0.61749,-0.36025,-0.31698,-1.80875,0.31257,0.63537,-1.08707,-0.57447,0.36157,0.37835,0.97046,-0.31855,1.46992,-0.66637,-2.09624,-0.40771,-1.74897,0.03156,-2.19127,-1.40406,1.5558,0.56969,0.04206,0.71397,-0.23897,0.05136,0.1936,-0.45421,-2.084,1.06914,1.5202,-1.54484,-0.00258,1.66668,-0.3222,0.262,0.81732,-0.12456,0.25597,0.36909,-0.82737,0.61565,0.51842,2.12827,-1.18766,0.97451,-0.46242,0.24446,-0.04941,-0.0049,-0.68223,0.64715,0.69115,0.0634,-2.1623,0.56301,1.12325,2.01502,-1.12219,0.87488,-0.11442,1.30722,-0.13516,-0.74599,0.77326,0.18631,-0.03182,-0.01682,2.20846,-0.84321,-0.52051,0.41047,0.24101,-0.64477,0.43883,0.36848,-0.07503,0.9835,-1.29354,-0.45955,-0.22608,-0.39043,-0.78162,1.35012,-0.02135,0.9953,1.5075,-1.52419,0.96637,-0.73023,1.78537,1.62991,-0.37101,-1.17564,-0.48267,-0.04175,0.12167,-1.26379,-0.3455,-0.6031,1.30685,0.52152,-0.52868,0.66471,0.3332,-0.08174,-2.04391,0.68046,-1.57028,0.66415,-0.15291,-0.63565,0.75791,-0.29644,-0.26381,0.24784,0.43634,0.59711,-1.39827,0.27731,1.10007,0.17674,0.59597,0.89929,1.75015,-1.1466,0
-0.26761,0.69652,1.50724,0.43057,0.51444,0.4655,-1.27594,-1.48177,-1.23558,0.63074,0.94115,2.62016,-0.28681,0.24588,-0.609,0.54839,-1.12626,-0.39065,-1.70217,-0.02447,-0.79494,0.22787,1.31194,1.14537,-0.6311,0.71441,-1.36612,1.64098,0.8741,-0.40827,0.16234,1.15543,-0.98179,0.91878,-0.83374,-1.26417,2.81925,-0.8752,0.51674,0.23592,-1.68178,-1.00949,-0.9561,2.60005,0.43953,0.74055,-1.10403,0.54622,-1.42612,-0.00101,-0.34292,-1.69144,0.33763,-1.22951,-2.22329,0.71224,0.66479,0.07663,-0.65742,-0.88695,2.4721,1.55742,1.06696,-0.80166,0.7846,0.58201,-0.08646,0.14008,0.39462,-1.39199,-1.22535,-0.22969,1.00533,-0.28531,-1.1723,2.39092,-0.44348,-0.48509,-0.3157,1.88925,0.31472,1.09998,0.3265,0.3561,0.6983,0.43538,0.24967,-1.25834,-0.444,-1.00389,0.62795,-1.07681,-0.628,-0.74924,2.0343,-0.77132,1.00658,-0.16808,-0.56046,1.05768,-0.22649,0.06819,1.26521,0.87424,0.29899,0.70288,0.14255,-1.39429,-0.73608,-0.2523,1.10129,-0.54571,0.52245,1.19972,1.49045,0.26282,-2.84833,-1.16667,-2.3508,0.66523,1.04719,-0.371,-0.30904,0.58559,-0.94131,0.60801,0.34032,0.32001,0.22499,1.9247,-1.5544,-0.34898,-0.52363,-0.07319,-0.31055,-0.61867,0.8935,-2.25064,-0.35628,-0.94315,0.24749,0.33273,-0.49492,0.86177,-0.05248,-0.0391,-1.06619,0.51695,0.95955,0.99572,-1.49887,1.62782,1.2399,0.8902,-1.07122,0.16689,0.6273,2.53588,0.17227,-1.85205,1.05626,-0.12211,1.15296,0.48096,0.22017,1.60388,-1.48915,0.39458,0.55756,1.33966,-0.95027,1.58046,0.26451,-0.79855,0.24132,-1.11857,-0.59585,-0.7082,1.12648,-1.92544,1
-0.32821,0.54072,-1.17285,-0.41116,0.25215,-1.35518,1.06531,0.41088,0.37708,0.17996,-0.60412,1.20885,-1.01237,-1.16006,-0.09644,0.74986,0.07797,1.59645,0.44509,-0.61496,1.27262,-1.33634,-0.46786,0.83682,1.53258,0.73452,2.32867,0.67779,-0.34958,-0.65299,-1.02888,-0.0136,-2.05941,-0.46773,-0.00236,-0.48167,-1.10902,-1.36347,2.79466,-0.3497,-0.32209,-0.48006,-0.10143,0.87601,0.635,0.65599,0.31257,1.09133,-0.04485,-1.40667,-0.71068,0.5544,0.10361,0.59202,-1.44539,0.04479,-0.97544,-0.27466,-0.62489,0.72854,-1.3732,-0.50387,0.82084,0.42981,-0.92319,1.8642,-1.24268,-0.04056,0.25185,1.685,0.43414,0.1822,1.51293,-1.55717,1.33132,-0.41601,1.68691,0.47218,0.74029,0.99396,0.20305,-1.28686,-1.61803,-0.61869,0.49594,-0.375,0.351,-0.96825,-0.14956,0.43173,-0.06055,-0.6232,0.11644,-0.28542,-0.22954,-0.18244,0.7215,0.19571,-0.08059,0.1074,0.1472,-0.72976,0.09766,1.65469,0.46287,-0.17515,2.75122,1.71706,-1.64554,1.24665,-1.25945,-2.0126,-0.0723,-0.85895,-0.67002,0.2926,0.11488,-1.06967,0.57239,0.94894,-0.06413,0.98905,0.58751,0.37732,-1.60222,-0.37415,-0.06943,-0.83609,0.03195,-0.22235,1.97688,2.16951,-1.35308,0.28359,1.57431,0.24975,0.32094,1.26441,0.92418,0.0512,-0.73807,1.0266,-0.72283,0.17319,-1.17729,0.3257,-0.85046,0.59545,0.29794,0.91009,-0.11657,0.65285,1.07183,-1.62007,-2.22513,1.37731,-1.25222,-0.53158,-0.79017,-0.59303,-0.48094,-0.02177,1.51589,-1.27603,-2.30408,0.173,1.18963,0.56424,-0.38001,2.60749,1.11701,-1.41444,0.75327,-1.26927,0.83844,0.47132,-0.48908,-0.4696,-0.93859,0.80371,1
1.46384,0.34933,-1.24898,-0.14561,-1.10499,1.62075,-0.33634,-0.22156,1.75597,0.87833,-2.03095,-0.13301,-0.33068,0.61385,-0.56318,1.10361,1.28209,2.05694,-0.95335,0.3528,-0.06873,-1.61445,-0.75281,-0.22614,-0.83485,-1.22332,0.4368,-0.50683,-0.5286,0.05687,-1.23822,-1.26844,-0.35421,-1.95008,-0.79078,1.35956,0.50387,1.81894,0.17022,-1.838,-0.69813,0.35395,-1.48485,0.13587,0.22803,-0.76889,-1.08791,-1.37735,0.90756,0.19087,-2.21867,0.57807,-0.24909,0.43137,-0.4673,-0.64593,-0.91633,0.41355,0.79037,-0.67769,0.68642,-0.28921,-0.63683,0.68494,1.80672,2.27035,0.71529,-0.19986,-0.96799,0.5996,-1.01074,-1.78291,2.62095,2.42345,-0.3434,1.25414,0.22781,1.51486,1.70641,-1.18785,-2.33378,0.6876,-0.82042,-0.08664,1.06596,-0.11601,-1.69511,1.11286,-1.59308,0.23148,0.30594,0.48181,-0.17509,0.74069,-0.12041,1.26462,1.02723,0.68843,-1.08843,1.70807,-0.3512,-0.28405,-1.38385,-1.95389,-0.1167,-1.31744,1.21193,-0.16151,-0.58344,0.22886,-0.18436,1.15738,-1.48055,1.76399,0.89952,0.84342,-0.04289,0.25636,-0.07124,-0.11976,-1.52818,0.0616,-0.07,1.18082,-1.07945,-0.18827,0.30186,0.39815,1.31185,1.20984,0.03361,-1.31796,0.9514,0.48056,-0.38408,0.11047,-0.67825,0.77116,-0.324,0.0247,-0.11377,0.18325,-0.12179,1.47501,-0.6111,-0.30522,-1.33772,2.33874,-0.13853,-1.34309,0.09409,0.34173,-1.20972,1.47483,1.58661,-1.08303,1.22697,-0.24168,0.54548,1.01521,2.29176,0.60706,0.64914,1.48589,2.07784,0.2894,-0.73339,-0.0945,-0.7858,0.96225,1.13964,0.53828,-0.00311,1.07572,-2.30984,-0.38615,0.47534,0.52048,0.90183,0.47578,1
0.65468,-0.09645,0.21302,0.05577,-1.04261,-0.10838,-0.77883,0.85975,0.01112,-0.00254,-1.03517,-0.62783,1.2156,-0.21042,-1.10533,0.08589,0.00142,0.48622,0.8705,-0.49046,-1.99603,0.08866,-0.10983,-0.58092,0.50956,0.70344,-0.54803,1.23764,-0.50279,-1.11471,0.60314,1.14105,-0.48914,1.44521,0.58797,-0.27827,-1.36509,-0.24816,1.53693,0.2594,-0.19841,0.38199,0.1111,-0.61889,0.39622,-0.78127,0.06086,-1.19715,-0.44592,1.16407,-0.98708,0.18006,-0.59532,-0.95161,0.34427,0.05038,-0.8804,1.9994,1.28354,0.19445,0.33027,-0.68614,-0.32907,1.09654,-1.51124,1.43605,-0.14412,3.74907,-0.16748,0.31553,-0.43373,0.54439,0.414,-0.37634,-0.15887,-0.42845,1.61351,-0.22827,-0.05123,0.04796,-0.52486,-1.37032,-1.95631,0.04488,1.17059,1.57984,1.07813,0.62227,0.07305,0.18178,-1.21334,0.42981,-2.63266,-0.99888,1.60777,-0.29206,-2.13841,-1.39904,-0.80102,1.16317,-1.02777,0.08585,0.46789,-0.15689,0.04691,-0.74328,0.004,1.44401,0.67598,-0.93524,-0.27652,-0.14285,0.80144,0.00852,0.7306,1.15017,-0.09981,0.57457,-0.88753,-0.8166,-1.13337,-0.99823,-0.00117,0.50662,0.72636,0.96207,-0.15544,0.23607,0.57336,-0.11796,0.07356,-0.64494,0.53092,0.6692,0.26752,-2.75715,-0.6126,-1.13145,-1.22129,-1.03621,1.53668,-0.01759,-0.37821,-0.11236,0.01913,-0.3037,-1.45544,0.42007,1.30317,1.52332,-0.26217,0.1133,-1.81292,-0.57075,-0.52486,0.76259,-1.27487,0.78654,-0.7128,-0.98884,-0.43207,0.5246,0.25039,-1.57666,-0.4919,0.74637,0.55968,-0.81639,-1.79377,1.17024,0.06867,-0.26169,-0.35795,0.23124,-1.22552,1.14987,-1.41888,1.22637,-1.51984,0.2524,0
0.28588,-2.44994,-0.66055,0.82968,-0.22721,0.16274,-0.36862,-0.9643,-1.22372,0.84625,0.31295,-0.85421,0.35246,0.58916,-0.88135,3.08578,-0.2348,1.12179,1.00211,-1.16372,0.66856,-0.47101,-0.55773,1.05489,-0.73345,0.44086,-1.34044,0.35084,2.23881,0.98965,-0.60763,-0.69665,-1.39262,0.23831,-1.12334,1.13607,-0.83628,-2.69654,-0.65191,-0.79851,0.53374,1.82973,-0.22455,0.49957,0.16712,0.65553,0.37904,-1.48142,-1.01698,0.15966,-0.26654,0.19421,0.69965,-1.41192,0.38514,0.75277,1.09824,0.30651,1.81636,-0.38618,0.22672,-0.81343,0.48528,0.72947,-0.22329,0.99529,0.81162,-0.73596,0.43299,-1.26947,0.72049,0.21144,1.26308,0.96354,2.21256,-1.17643,-0.33348,-0.99443,0.04547,0.47203,1.37265,-0.37162,0.00683,0.1072,0.91362,-0.01868,0.96553,-0.66967,0.26329,0.55256,0.06677,0.61004,-0.78227,-0.07832,0.46911,1.89978,2.42665,-0.17161,0.11463,0.29642,0.96805,0.28838,0.68627,-0.05267,0.43874,-0.31377,-1.16161,1.32412,0.8579,-0.11609,-0.00363,1.46118,2.69407,-1.01786,0.88169,-1.65816,-0.95824,-1.05956,1.12095,0.11038,2.16034,0.18961,0.62306,-2.07287,-0.85754,-0.97051,3.11916,-1.67984,-0.1785,1.08151,1.14245,0.11797,0.57977,-0.30749,0.87372,-0.35406,0.6271,0.6341,0.23594,1.85633,-0.58226,1.38044,-0.4106,-2.40917,1.01647,-1.2636,1.27567,-1.62266,-0.38417,0.39245,0.14601,1.54322,1.93045,0.29096,2.06864,-0.42197,0.24556,-1.30625,-0.35057,1.67875,0.9256,1.44778,0.53686,0.37108,0.03453,-0.37509,-0.25212,-0.53464,0.41973,0.32942,-0.14464,1.42207,-0.84471,0.41696,0.80668,-0.28425,-0.2522,1.0143,0.99201,0.3195,1
-3.07281,2.23954,-1.44963,0.52741,-0.99852,-0.9561,-0.78958,-0.43894,0.09594,-0.32508,-1.88046,-1.06953,-1.02286,0.10899,0.5544,0.8319,-0.84172,-1.19407,0.22647,2.75591,-0.79957,1.44339,1.20649,-1.07687,0.17692,0.21669,-0.28198,1.51525,-0.54421,-1.56682,-0.83067,-0.56899,-1.97988,0.88827,-0.57317,1.26315,-0.94829,-1.7107,0.38282,-0.82118,0.05868,0.6676,0.83817,0.60315,1.01046,0.57543,-0.08553,-0.93629,-1.27516,-0.3442,-2.1173,-0.67973,-1.34296,-0.03917,2.60878,-0.49646,2.68856,-1.47631,1.92737,0.09352,0.88338,1.34308,2.13284,0.12462,0.01469,-0.89254,-0.13647,0.5602,-0.33314,0.62919,-1.02147,-0.65354,0.68102,0.15292,-0.85864,0.02543,0.44707,-1.76923,0.18621,0.61263,0.43946,0.65275,0.05585,1.83307,0.53133,2.55651,1.31368,0.43735,0.58278,-0.57178,-0.97757,-0.08515,-1.29028,-0.31145,-0.2398,-0.48991,-0.66374,-2.05977,0.49717,0.05726,0.26479,-1.12837,0.69069,1.01494,-1.45832,0.67648,-0.21822,-0.18499,0.65686,-0.02926,-1.20185,0.16116,0.61102,-0.51716,1.05817,0.83061,1.10776,1.29013,-0.32706,0.49029,1.55743,-1.61334,-0.36716,3.03177,-0.79897,-0.49073,-1.64729,-0.63147,0.31637,-0.64292,0.18645,-0.92011,-2.32285,0.73093,-1.09432,-1.50813,-0.65058,-0.12669,-0.90593,0.12166,0.12037,-1.10244,-0.35199,0.54438,-0.45886,-0.39549,0.73475,-1.2866,1.49704,-0.00624,0.73384,-1.76689,-0.01421,-1.45343,0.7384,1.16539,0.10259,1.99743,0.80836,1.52669,-0.30847,-0.00513,0.16612,-0.25346,-0.30165,0.09903,-0.69569,1.12349,2.24965,-1.15911,-0.02572,-0.49005,0.80438,-1.6386,0.02584,-2.18223,-1.3265,-0.10233,0.15404,-0.16531,1
-0.02371,-0.32695,-0.65328,-0.69979,0.4903,-0.92274,0.23593,-0.25093,0.48946,-0.44448,1.62058,-1.05257,0.98097,-0.88511,0.33136,-0.08247,-0.13724,0.85756,0.11144,0.43006,-3.15068,-1.12103,-0.40891,0.13112,0.83376,1.66248,0.54291,-1.1088,0.25096,-0.8045,-2.4736,0.27885,0.27003,-0.07273,0.84294,-0.66676,-1.00415,2.33398,0.36401,0.88041,1.16803,0.66235,-1.44908,-0.72619,0.8762,-1.18624,1.0096,-0.49614,-0.62221,-0.82172,1.03981,-0.20841,-0.15685,-0.03784,-1.11187,1.09038,-0.21341,-0.48583,0.58919,-0.55953,-1.55888,-1.38248,-0.01058,0.49032,0.33728,0.6659,0.89036,-0.42003,1.38733,-1.35515,0.40359,-1.19612,1.11288,0.04188,1.87123,-0.4614,-2.04073,-0.06498,1.36519,-0.09165,0.74705,-0.80307,0.47084,1.12214,0.98051,-0.98055,1.10718,0.00709,-0.54376,-0.82021,0.39348,-0.33286,1.06474,-0.13104,-0.08845,0.18763,1.25245,-0.80337,-1.04398,0.18281,0.92687,-0.08849,1.66551,-0.14521,0.66894,-0.00577,0.01849,-0.00597,-0.38278,1.47205,0.73025,-0.94743,0.90024,-0.38046,0.69222,-0.03075,0.79412,-0.41678,-0.75254,0.66249,-0.58595,0.46721,-0.62742,2.50299,0.63755,0.74286,0.28211,1.39323,0.79014,-1.00176,-0.69045,0.18668,-0.53941,0.03327,0.43378,0.58683,-0.61409,0.46859,-0.13162,-1.90216,0.23643,0.7282,1.34937,0.46649,1.05657,1.93763,-0.25084,0.50425,0.68,-0.86476,-0.01719,-2.21995,0.54641,0.88982,0.33713,0.36755,0.71777,-1.06158,-0.92007,-0.52609,-0.62504,1.04794,1.24512,-0.7259,0.01394,0.65239,1.63531,1.54952,0.11131,0.8672,-0.05448,1.16987,0.91562,-0.72479,-1.88632,-0.25978,0.88279,-1.03329,0.53317,0.77541,1
0.43294,1.47416,-0.80927,-1.11152,-1.08451,0.38967,-0.35585,-0.30143,-0.40196,-0.64067,0.90012,-0.67581,0.26005,-0.17868,-0.57256,-0.1782,-0.76604,0.68259,0.31309,-0.21089,-0.59651,-0.14166,-0.9968,1.61685,-2.4515,0.81737,0.23116,-0.08178,1.28893,0.58707,-1.57704,0.6166,-0.39535,-1.75493,-0.66419,1.48474,0.77236,-0.84621,-1.03333,1.20706,1.02226,0.31522,-0.1972,-0.09789,-0.40146,-1.11798,0.16456,0.4939,1.42087,-0.05916,-0.76489,-0.67327,0.42325,-0.6256,1.42527,1.83563,0.16821,1.12563,1.15732,0.95039,-0.65727,-0.96174,-0.61799,-0.41835,0.38496,-0.48911,0.25784,-1.42905,0.48751,-0.02996,0.05014,-0.34353,0.03092,-0.30187,-1.47977,-0.68292,-1.16243,-1.51791,-0.21137,1.9235,-2.43688,1.15714,-0.79813,-0.34954,0.31536,-1.85948,0.33019,-1.97625,0.0026,0.06585,-0.27171,2.60274,0.1605,-0.87565,-0.69238,0.11328,-0.74551,0.68402,3.11973,0.0915,-1.60578,1.30196,0.62826,-0.77697,0.21259,-0.47344,-1.6712,0.13393,0.00502,0.11655,-0.89843,-0.26353,0.74571,0.28282,0.62428,-0.60301,0.52533,1.44774,0.50255,-0.60982,-0.31276,-0.30499,-0.19107,-1.87168,0.08329,0.09345,-1.02824,1.62733,0.76122,0.33546,0.30428,0.79079,0.4059,0.32798,-1.864,-0.15507,1.25435,0.80486,2.52666,1.32575,0.68134,1.4632,-0.8481,-1.41404,0.82566,0.01384,0.24825,0.41743,0.53113,1.02072,0.03429,1.76726,-0.02354,-0.26649,0.12182,-0.20493,-0.9866,-0.97661,-0.26218,-0.09473,0.63443,0.3339,-0.03933,-1.87973,0.86935,-1.85447,-0.17392,-0.10568,-0.17909,0.52328,1.0256,1.3539,0.32907,-0.97391,1.40047,-0.63849,-1.17996,-1.14966,1.47592,-0.37624,1
-1.30091,0.45461,-0.89657,-1.31202,-0.74326,0.71667,-0.0291,0.48468,-0.15394,1.17922,-0.16008,0.81715,0.04505,-0.21248,1.90398,-1.82898,0.36503,-0.23697,1.60936,-0.94057,0.31108,-0.41796,-0.83377,-1.4792,1.11011,-0.40402,-0.78985,-0.92679,-0.1377,0.48361,0.49379,-0.32835,0.57351,0.49728,0.51099,-0.51383,-0.71299,1.94783,0.16524,0.06773,0.10471,-0.06164,-1.49569,-0.26222,-0.28991,-0.99718,1.00011,1.02971,0.4062,-1.03617,-1.02926,0.72794,-1.88136,-0.66559,0.08419,1.39592,0.30915,1.0679,0.0573,-0.00681,-0.95851,1.24261,1.61699,-1.76283,0.28894,-0.38116,-0.63977,0.87185,-0.73439,0.10296,0.78061,0.18883,-1.43302,0.70853,0.62574,0.70758,-0.1758,0.03337,0.60198,-0.18604,-0.3739,0.28069,-0.74466,0.89171,-0.04615,0.71913,0.53095,0.16807,0.45222,1.03956,1.50364,-0.21473,0.38707,-1.30671,0.51727,0.38031,-1.82538,0.35966,-0.68192,0.92148,-0.61537,1.09154,-0.23812,0.14539,-3.21533,-0.73984,0.9231,0.61105,-1.82237,0.56673,1.53741,-0.73044,-2.72619,-0.62124,-1.02364,2.0297,-1.22324,-0.44393,1.05787,0.20424,-0.87065,-0.10465,0.10211,-1.82713,-0.41838,-0.73354,1.33151,1.05449,1.32008,1.1521,0.76849,0.67243,0.04287,-0.78818,1.36573,-1.75428,0.58043,1.06756,-0.80595,1.44315,-0.26184,-1.59874,-0.97719,-0.22433,-1.91224,-0.16956,-0.94173,0.75874,-0.33488,-0.31628,0.13027,-1.49757,0.16153,-0.22606,-1.04185,-2.10706,-1.23603,-0.0696,0.8007,-1.13532,-1.42572,-1.30268,-0.58311,-1.39096,0.44822,-1.35717,-1.11877,2.12071,-0.32257,-0.68859,0.92948,0.02701,0.30631,-0.35996,-0.44975,-0.84835,-0.16829,-0.43705,-0.79593,-2.28695,1
0.45982,0.59219,0.61583,-0.61885,-0.45026,0.92349,1.00389,-1.37123,-0.10971,1.92423,0.30754,1.37652,2.28508,0.43086,-0.99449,-2.05317,-0.1789,-0.48799,0.97733,0.49415,-0.00464,-0.06315,-0.56193,-0.66713,0.66311,-1.08568,-0.77725,0.48249,-0.91767,-0.49639,-0.60067,-1.14896,-0.64625,1.25272,0.70746,0.68431,0.93208,0.63722,0.11921,-0.35629,-2.23076,0.30458,1.07062,0.21791,-1.17735,0.5524,-0.77559,0.10035,-0.67504,0.18296,-1.97625,-2.24985,0.48293,0.29164,0.69228,-0.91687,-0.34339,-3.09408,0.43364,1.60522,-1.65912,-2.16191,-1.85504,0.27789,1.57395,-0.65159,-0.98759,-0.95443,-0.27068,-2.86502,0.2931,-1.0798,-0.91225,0.66507,1.43517,-1.4459,-0.19612,0.69393,-0.3712,1.06544,0.6127,-0.44866,-0.16488,0.00844,-0.062,0.86328,-0.23114,0.78712,0.3224,-1.98838,0.07834,1.98815,0.86688,0.25319,0.38213,-0.68219,-0.68019,-0.57413,-1.35628,-0.74116,-0.55035,0.47781,0.12935,0.42937,0.26062,-1.5418,-0.83548,0.88825,-0.36477,-0.2433,-0.26173,-0.39077,-1.37318,0.99041,-0.42926,-0.94001,1.2759,0.72642,0.24926,-0.54094,1.40439,-1.29834,0.32932,-1.58543,-1.92864,-0.62049,0.21538,0.40978,-1.50859,-2.57145,0.00904,0.28926,1.80414,1.697,0.41671,-0.34692,-0.13244,0.24375,0.40017,-1.23294,-1.55361,0.65167,0.51412,0.88782,-0.54927,1.10553,-2.62446,0.27464,1.49774,0.09907,0.92139,0.64568,-0.51365,-0.43829,-0.02067,-0.3283,1.75862,-0.37053,1.22592,1.21349,0.98841,-1.27116,-1.04237,-0.07083,-0.85688,-0.42159,0.15158,-0.68015,-0.03038,0.6345,-0.56266,-0.56394,0.5193,-0.37446,-0.29226,1.27286,-1.73372,1.61303,-0.93949,-1.74386,0
1.72904,1.87208,-0.666,1.01225,-1.19556,-0.88847,0.32858,0.32671,1.2048,0.0283,0.60421,0.72943,0.33031,2.48869,-0.78013,0.3049,-1.80031,0.68158,1.27772,-1.35328,-0.96803,-0.04806,-0.93486,-0.90829,-0.4396,-0.85814,3.23885,0.27774,1.64248,0.75957,0.83539,-0.21564,0.37175,2.68017,0.47522,-0.68455,1.10022,-1.24657,-0.35617,1.47945,1.29985,-0.84007,-0.07205,0.60667,0.19532,0.89216,1.71442,0.22179,0.31597,1.65042,0.79009,0.28834,-0.26852,-0.40968,-0.82839,-1.17236,0.57708,-0.75982,-1.30069,-1.81189,0.22634,-0.24086,0.79913,0.63537,-1.13399,1.11625,1.37194,0.23866,0.15334,-0.41414,0.77948,0.55119,-0.41986,0.72973,-0.13314,0.94865,-0.05868,1.36102,0.19814,0.72466,1.17599,0.06382,-1.27143,-0.66461,0.79469,0.56067,0.4593,-0.3282,-0.72826,-0.83731,0.80489,0.27499,-2.16846,0.01272,0.29936,1.09883,-0.12039,1.03287,-1.45396,0.04768,0.59241,1.0586,-0.80086,0.51789,0.02892,-0.68399,-2.11854,0.23529,-0.8721,1.6525,-0.04212,1.05678,0.70357,0.7334,-0.27657,0.26783,-1.18988,0.49901,-1.05558,-0.29637,0.62385,1.67323,0.51614,-0.35095,0.11227,2.67567,0.02406,0.34146,0.50755,0.57847,0.08602,0.04698,-0.22845,0.30727,-0.7911,-1.18805,-2.48655,-1.58626,0.50358,1.04053,0.91374,-1.39976,0.02422,0.51893,1.28062,0.68963,0.46497,0.66589,1.87569,0.82652,0.51186,0.09144,0.10447,0.34059,0.37659,0.05586,-0.08459,-0.26348,0.10264,0.53486,-1.71062,0.802,-0.27342,-0.27987,0.10661,0.99492,-0.29319,-0.06496,-1.00677,0.50629,0.00185,0.014,1.20048,0.6057,-0.37188,-0.40361,-0.14578,-1.59591,0.78415,1.41006,0
-0.45195,2.10597,-0.6454,1.05323,-0.58731,0.97689,1.21384,-1.40076,-0.86826,-1.09921,-0.65819,0.79859,0.15234,0.30887,-1.77849,-0.3936,1.88406,-0.78197,0.70442,1.06968,1.61379,-0.78862,-0.90244,0.88643,-0.65934,-2.43138,0.22645,-0.68916,0.22224,1.22099,-1.88862,0.82151,0.3322,0.32808,-0.34649,0.17771,0.97668,1.7293,-1.38287,-0.97666,0.94075,-0.29233,-0.22666,0.26161,0.87207,0.68256,-2.10834,1.09136,-0.03635,0.35047,-0.47589,1.09862,-0.05904,0.42714,1.96789,0.06759,0.05652,0.03416,0.74263,1.10141,-0.42101,0.09988,-0.7864,0.52189,-0.29629,-0.18375,0.98978,0.09066,1.06272,-0.06072,-0.07986,-0.25554,0.41193,0.11624,0.52452,1.22972,0.45694,0.07382,0.7939,-0.10752,2.38838,0.10427,0.29812,0.64379,0.34929,-0.37995,-0.07725,-0.07816,-0.12699,-0.99445,1.0229,0.91375,1.42071,-0.81864,-1.708,1.23847,1.13434,-1.09693,0.31462,-0.24244,0.60327,0.13868,2.10243,-0.66926,0.26498,-0.68772,0.48477,0.25882,-0.25791,0.51182,-0.73143,-0.06123,1.26531,1.66848,0.21016,-0.6782,1.90141,-0.50824,0.02009,-0.22297,0.01482,-0.30333,-0.76611,-1.06721,-0.18856,1.02842,0.81832,0.58215,0.01399,0.12948,-0.21415,0.35335,0.08199,-0.20901,0.51214,-0.25012,-2.94758,-1.16987,0.18975,-1.29029,-0.80046,0.84902,-1.38241,-1.28148,-0.41733,-0.41344,0.13289,-0.30082,0.66034,-0.08121,-0.00676,-1.53018,-0.15158,1.52581,-0.53957,0.07817,-0.473,0.4891,1.0784,0.77294,0.13025,0.21751,0.0905,-0.15939,-0.50713,-1.02107,-0.94449,1.30913,-1.07563,0.7757,0.14872,-0.7265,0.9465,-0.53807,-0.69638,-1.52175,0.7392,-0.16571,-0.7065,1.64485,1
-0.08828,1.68178,0.46845,-0.59923,0.37684,0.16585,-1.17899,1.54971,-1.11512,0.73847,-0.0363,0.86917,-0.62504,-1.04889,-0.0396,0.36119,1.04847,0.05739,0.08355,-2.07572,-2.05911,-0.35426,-1.28698,0.12791,-0.77693,1.36029,-1.10214,0.17075,-0.89948,-1.41957,0.85917,0.80134,-0.07253,-0.17075,1.32077,-0.31776,0.76374,-1.56771,0.67505,-0.60306,0.56033,0.82154,-0.36082,-1.31328,0.00143,-1.36923,-3.0195,0.70153,0.35053,0.89295,0.88941,-0.14523,2.32331,0.0379,-0.25305,0.87732,-2.5413,1.71536,-0.71641,0.61634,2.05749,-0.19071,0.64386,1.76333,1.11803,0.77011,0.37821,-0.55376,-0.05909,0.26048,0.46025,1.13726,-0.71859,0.34032,1.33925,-0.72888,0.38367,-1.15761,-0.13994,-0.09167,-0.36569,0.85433,-0.06632,-1.19674,-0.12555,-0.08525,-0.16335,0.174,1.01912,-1.17794,0.10061,-0.25784,-1.15779,1.48852,0.06131,-0.7895,2.19133,0.1768,-0.58503,1.28055,-0.04476,0.83537,-0.80004,-1.29976,0.0061,0.89715,-0.34579,0.03228,0.40154,-0.09789,0.92985,0.3307,0.53364,1.25849,-0.39574,-1.90332,-1.69889,0.33929,2.08505,-0.12578,0.6317,-0.70863,0.133,0.51911,-0.46195,2.4064,-0.11541,-0.15091,-0.70861,-1.16755,0.38772,1.33181,0.07357,-1.37625,1.54369,0.63212,-1.18753,-0.65822,1.63977,0.06579,1.86392,-0.93669,1.05927,0.05042,-0.13337,0.72845,1.39987,0.23818,-0.96895,0.8995,0.66912,1.12728,0.71503,2.2356,0.16662,-1.83518,0.00312,0.47248,0.17687,-0.62474,-1.65381,-0.29458,-1.42702,1.31596,-2.05028,0.21031,0.34067,0.11394,-0.58883,2.02511,0.82093,1.274,-0.33614,0.27502,-0.32673,0.73189,0.62052,2.1768,0.52004,-1.09485,0
-0.73752,0.83665,1.80891,-0.07558,-0.76643,-0.00167,1.24719,0.38558,-0.26655,1.41194,0.39157,-0.3334,-0.80221,-1.07292,-0.54963,0.24724,-0.51149,1.42084,0.90963,1.33387,1.17037,2.345,-0.57893,-0.45242,1.87767,-0.95058,-0.43332,-0.21675,-0.92264,0.41571,-1.35019,1.81658,0.27769,0.72773,-0.11484,-0.53463,0.05262,-0.33616,-1.30095,0.27275,3.31374,0.76683,0.67291,0.76618,-0.64679,0.54065,0.63853,-0.2685,0.08192,-0.04987,-0.48866,-0.72166,0.84634,0.97181,-2.30212,0.30503,0.00879,1.95637,0.15033,-2.07197,0.7996,-0.2371,-0.04112,-0.91628,-1.62681,2.33347,-0.04465,-0.28662,-0.13791,-0.10744,-0.74899,1.89332,-0.4389,-0.45903,-0.17315,-0.28072,0.89606,0.42706,1.50365,-1.18102,-0.96696,-0.71482,-0.33507,0.46623,1.22042,0.54001,0.84226,-0.28367,0.28028,1.30972,2.02936,-0.46391,2.31515,1.61644,-0.23218,1.81301,2.00518,-0.53093,1.08303,-0.01979,0.89,-0.69032,-1.0955,0.8358,-1.16592,-0.04559,-0.22576,-0.29172,-0.79029,1.14002,0.59157,0.18273,-1.28225,2.26982,0.60526,0.58802,0.12583,1.3287,-0.32292,-1.09206,-1.00695,-0.14959,0.15807,0.463,-2.25829,0.55582,0.94721,-0.03909,1.42442,0.57433,-0.1828,1.3977,0.95881,0.01752,-0.38246,-1.59987,1.54498,0.63536,0.43715,-0.30671,1.33914,-1.40335,1.8325,0.14971,0.69944,0.27938,-1.39073,0.80438,-1.18085,2.41314,0.15407,0.16376,-0.09685,0.62171,-2.32187,1.79198,-0.94536,0.12895,-1.20881,1.21706,-0.86644,0.11323,0.50038,-0.94115,-0.06725,-0.22368,-0.98584,-2.28154,-0.55556,0.61963,-1.44612,-0.99312,-0.80572,0.0523,-2.56748,0.55818,0.53289,0.52836,-1.45543,-0.0833,0
0.20809,-0.77004,-1.08331,-0.61682,0.55071,1.32672,0.04461,-1.32833,0.7417,-2.10118,-0.24283,0.08997,-0.09061,-1.11974,0.46871,0.01048,-0.61458,0.33799,-0.76689,0.24663,1.05924,-0.60805,-0.73035,1.45012,1.90238,0.24526,0.32333,1.30091,0.6566,-0.55173,-0.40028,0.00465,0.23594,0.24903,0.89629,0.25226,1.09677,0.56507,-2.07307,-0.81494,-0.26616,1.09062,-0.00572,-1.95578,0.30808,-0.53989,-0.74493,-0.57927,0.16129,0.95266,-2.09553,0.946,2.03344,-1.1257,-2.04758,1.90483,1.39942,-0.86499,1.91142,1.61768,-1.38464,0.48297,1.61069,-1.94401,-0.32863,0.72408,-0.54407,0.68514,0.6823,0.97084,1.69237,-1.33124,-0.37524,0.12408,-0.52451,1.1274,-0.317,-0.8309,-0.16928,-0.97071,-1.03909,-0.44602,-1.22128,-1.59557,-1.10624,0.09471,0.66363,-0.77615,0.43431,0.59076,-1.08551,1.14944,0.68274,0.83285,0.21438,0.90895,-0.78665,-0.07477,1.60852,0.45903,0.73668,0.67411,-0.15468,-0.95693,-0.67741,-0.73116,-0.48795,-0.4819,0.01653,0.90727,0.04764,0.97059,1.85847,-0.71355,0.13701,1.89586,-0.78209,0.81262,-0.38422,-0.89804,-0.66303,0.2374,1.52177,1.04878,-0.73697,0.15486,-0.49411,-1.14235,0.20639,-0.02913,-0.92285,-0.11496,1.44634,-1.42533,1.08086,-1.05646,-0.67296,-0.73983,0.00406,-0.14464,0.35141,-0.31645,-0.40837,1.15616,0.25982,0.66359,-0.13189,1.10056,-0.37321,-0.44415,1.2118,1.35674,1.89355,-0.06319,-0.15221,0.50641,-1.30716,-0.8573,-1.50065,-0.97128,-0.53346,-0.19135,1.20355,-2.12387,2.0499,-0.80133,-0.25184,3.37167,0.78099,-0.50634,-1.04385,1.5674,1.11038,-1.89082,0.62046,-0.46955,0.26563,0.13192,-0.20707,-1.28064,1
0.03751,-0.28899,-1.524,0.01228,2.57363,0.18593,-0.12245,0.28983,-0.95573,1.65875,2.31701,1.07991,-0.64386,0.72078,-0.32425,-0.34878,-0.89693,0.21111,-0.01653,-0.07432,-2.06664,-0.49738,1.62005,-0.9851,2.00189,-1.42107,0.51582,-0.65171,1.43714,0.9018,-1.50869,-0.57527,-0.21768,-1.08826,0.10917,0.29651,-0.47373,-1.99642,1.23646,-0.23121,-1.2375,-0.11242,-0.32801,1.01902,-0.56399,1.19277,1.85079,1.68615,-0.19716,1.0511,-1.65338,1.69776,0.3456,2.06064,-0.87067,-0.829,-2.21244,-2.22531,1.29021,-0.10128,0.78091,0.28885,0.77057,-0.7743,0.98842,0.51032,0.15957,-1.85389,-0.63546,0.89328,0.15953,-0.9032,0.35018,0.70543,0.69825,1.18518,0.33787,-0.46068,0.65119,0.67801,2.16331,-0.42272,0.18564,-0.61461,-0.95855,0.4668,0.02414,-0.48252,-0.23846,2.17968,-0.40131,0.59344,0.24664,0.82918,-0.46593,-0.4803,1.28795,-1.17559,0.62288,-0.27762,1.45881,0.20966,-0.55811,0.48697,0.22297,0.74413,-0.75315,1.83836,1.12619,-1.437,-0.85856,0.00171,0.73762,-0.67116,0.99285,0.95881,-2.33254,0.51286,1.68015,-0.37618,-1.72549,0.02008,-1.75257,-1.15603,-0.87874,2.14869,0.07825,0.15404,-0.48524,-1.48253,2.26726,1.53245,1.15169,0.32604,-0.41382,1.19808,-0.58336,1.17807,0.55254,0.54132,-1.34298,0.18652,-1.46107,2.29228,0.31631,-0.36333,0.00783,0.6008,0.67785,-0.21401,0.15049,-0.2499,1.16265,0.25007,-0.11783,-1.61178,-0.27707,0.99338,-1.09923,-0.49967,-2.80176,-0.82246,0.13619,0.21929,-0.15775,-0.15412,-0.64998,-1.49587,-0.78401,0.18311,-0.95269,-0.17134,2.53462,0.06033,-0.14859,0.05947,-0.17505,-0.56141,-1.23615,0.29223,1
-0.52863,-0.41741,-0.4324,2.32724,1.26468,-0.51809,0.95127,1.53085,0.7532,-0.25256,1.10457,-0.43655,-0.62058,0.88565,0.00153,0.71611,-0.75366,-1.14141,1.50085,1.09497,0.13992,-0.43608,-0.49038,0.09435,1.45504,1.31256,-0.20308,1.68644,-0.62374,0.64483,-0.06404,-0.41266,-1.61764,1.76269,0.42267,-0.85448,1.46404,-0.37936,-0.24899,-0.74799,1.05628,1.42432,1.10995,0.97113,-1.43054,2.7835,-1.45082,0.37643,-1.2521,0.78245,0.65497,1.17369,-0.08022,0.02784,1.71987,-0.05952,-0.99689,-0.71465,1.89158,0.59695,-0.17198,0.75319,-0.56269,0.5867,-0.46576,0.2297,0.75916,1.13549,0.8057,1.79984,-0.5621,2.01544,-0.46274,-0.56051,-0.46327,0.85694,-1.02093,-0.83793,1.2985,-0.55643,-0.04993,0.17511,-0.25244,-0.90607,-2.01063,-1.37086,0.22182,0.95039,1.52189,0.73938,1.18648,-0.62825,1.52308,0.96518,-0.12353,-0.63073,-1.36699,0.17231,1.49407,-0.2767,2.15626,0.88266,0.30824,-1.6632,-1.16292,-1.3213,-0.03515,0.83049,0.82452,1.41797,-0.09001,-1.56419,1.47145,-0.69339,-0.82793,-0.15475,-1.44691,-1.25542,-0.9592,0.14511,-0.64697,-0.1811,0.97793,-0.8974,0.85036,-1.30525,-0.07983,-0.20961,-0.89846,-0.2673,-0.79458,-0.05107,0.28592,-1.19805,-0.02351,1.4151,-0.38042,0.13925,-1.91109,-0.88626,1.82796,0.04578,-1.0577,0.48017,-1.73086,0.14625,1.6566,-0.54222,-0.80931,-1.20727,0.1483,0.73276,0.40381,-0.79553,-1.14052,-0.49326,0.1827,1.84476,2.25998,-0.05848,-1.56704,1.11943,-1.2033,-0.71835,0.19729,1.03247,0.50402,0.97525,-0.63764,1.03589,0.42524,1.91987,0.66758,-1.00708,1.97197,1.22179,-0.38091,-0.00869,2.05457,-1.11971,1
0.6235,-1.34599,0.50369,0.32454,0.78261,0.86631,-0.51695,-1.02009,-1.42526,1.13287,0.32837,0.8273,-1.36111,-1.50839,-1.16302,-1.64925,-2.56043,0.44422,0.82346,0.90408,1.80624,0.80362,0.17878,-1.42742,-1.15565,0.84138,-0.19685,0.79838,0.08282,0.28354,1.51849,-0.07806,0.88029,1.66397,-0.03688,-1.76876,-1.93486,0.76519,0.13713,-1.47356,0.37162,1.37789,2.02209,1.30296,-0.26686,0.38717,0.13902,2.26548,0.23943,0.84099,2.13181,0.39379,0.42728,0.16885,-0.05367,-0.12355,-0.29606,-2.27256,0.5212,0.01357,-0.39373,0.98984,-1.67576,0.90251,1.87699,0.1288,0.23057,0.17937,-0.19257,-2.12788,0.85287,0.91958,-0.03883,0.44823,1.00009,1.34133,-1.14811,0.12196,0.54365,-1.40631,0.69635,0.0855,-0.23657,1.66146,0.77357,0.47431,0.25543,-0.463,-0.26239,1.11508,-1.22239,1.55588,0.68953,-0.46443,-1.30503,-0.60791,-0.33751,1.83032,-1.42099,-1.26592,-0.93491,0.91266,0.10339,-0.60419,1.34781,-0.20275,0.49227,-1.24285,-1.16431,-1.01456,0.14987,1.47709,0.29688,-0.32136,0.53813,0.45659,0.819,0.00198,-0.49478,1.41543,0.27689,0.42876,-0.64504,-1.03942,0.49133,0.128,1.51535,-0.18072,-0.16798,-0.928,-0.63349,0.34237,-0.63939,0.37388,-0.27158,0.62424,0.22036,-0.12176,0.40915,1.58726,-1.55707,-1.05418,0.0736,0.88096,-0.01536,-2.74466,-2.01899,-0.31118,0.70405,-0.07831,1.38278,0.47702,1.69374,-0.48029,-0.43262,1.52875,1.30658,1.52168,-0.21751,0.77372,-1.04579,0.47346,-2.78184,0.88208,1.14971,-0.2265,1.64894,0.62927,-0.40794,-1.3742,0.44501,1.33955,1.03545,0.31414,1.65621,-2.21425,0.04233,-2.01653,-0.5429,2.37191,1
1.23467,-0.80908,0.48698,0.79902,0.62619,-1.06932,2.79684,-0.30902,-0.00804,-0.77822,-0.74289,-1.84136,-0.29391,-0.86731,-0.43372,0.84768,-1.34715,1.3257,-1.22283,-0.04515,-1.26053,0.56454,0.31068,0.46655,0.34734,1.0736,-0.60503,-1.15242,-0.51995,-1.50659,-0.23892,-1.32676,-1.53733,1.03945,0.37209,-1.52903,-0.67366,-0.12263,-0.45895,-0.33855,-0.83848,-1.05763,1.55539,-1.86912,0.49904,-0.1186,1.03071,-0.21218,1.65828,-0.09048,1.37248,1.76827,-0.68785,-0.06506,1.01041,1.75454,-3.15409,-2.28752,1.34485,-0.45351,-1.61753,-0.5729,0.78502,-0.56217,-0.96306,-1.55915,1.2838,0.63219,-0.51276,-0.44671,1.07427,-1.03192,-0.97012,-0.03559,-1.89688,-0.08796,0.88357,2.24096,-2.1372,-0.34327,-0.82034,-1.01498,-0.96342,0.24935,0.66637,0.11955,0.28893,0.31406,0.82125,1.30553,-1.80917,-1.66943,-0.8718,1.86189,0.05922,-0.56339,-0.54555,0.75905,-0.54971,1.18452,0.66753,-1.80246,-1.41027,-1.35468,-0.07327,-1.27458,2.35484,-0.52673,1.15913,-0.0055,-1.26802,0.45574,2.65647,-0.7904,-0.5616,-0.96644,2.72164,-2.32658,2.19556,-1.31077,2.31702,2.54829,0.77102,-0.98651,-0.33922,-0.07913,-1.02235,-0.21758,0.20204,2.17211,0.09856,-1.1039,0.9223,0.6269,-0.57637,-0.18873,-0.14098,-1.10701,1.51376,-1.22361,-0.04463,1.04644,0.58981,1.17941,-0.51533,-0.31965,-0.62681,-0.82562,0.27378,-0.46038,-0.33587,-0.09629,0.59283,-0.23475,-0.54861,-0.02975,-0.30759,-2.28338,-0.504,-0.37871,-0.41146,0.32036,-0.40198,-0.44386,-0.62335,0.54469,-0.84807,0.54229,0.90801,-0.42324,-1.69387,-0.14637,0.28954,1.2296,0.15061,1.60328,0.13038,1.23829,0.87846,1.17663,1
0.01813,0.91621,1.25304,0.86294,0.65497,-2.14541,0.09974,0.68321,0.67783,-0.81807,-1.15481,0.46608,-0.62298,0.72876,-0.17234,0.48206,0.25082,0.12601,-0.51374,0.97339,-0.44335,-1.66143,-2.65362,-0.95981,-0.52163,-0.18636,0.94151,-0.25111,-2.05355,0.23202,-1.07648,0.58262,-0.61325,-1.21347,-0.63008,-0.10542,-2.96211,-0.38334,-0.82957,1.78007,-0.32166,0.24751,-0.8651,-1.10456,1.0105,-0.22615,0.18196,0.28204,0.31614,-0.61935,-0.33677,-1.25163,-0.59891,0.30591,1.40102,0.85539,-0.03686,0.69621,0.21918,-0.73871,-1.48838,-1.40066,-0.7003,1.62994,0.0652,-0.29799,-1.48134,1.20654,0.20422,1.41104,-0.44631,-0.28301,0.30121,-0.97414,0.09371,-1.36352,-1.53879,0.00129,-0.89464,1.24394,0.6718,-0.23207,0.1552,-0.67913,-1.84359,-1.72124,1.70358,-0.46764,1.18544,-1.41243,-0.24941,-0.3316,0.73973,-1.26712,-0.7867,-0.6675,0.0328,0.99969,2.49152,1.43501,-0.04113,-0.71707,-0.88279,1.58668,0.20493,-0.2292,-0.23098,-1.35705,1.00894,0.05207,-0.73025,-2.35231,0.08899,0.54761,-0.25088,1.32872,0.20566,-1.89278,1.21243,0.60247,0.10998,1.30902,0.50155,0.34814,-0.71047,-0.31926,1.60738,0.75733,-1.22328,-0.37401,1.27953,0.22215,-0.52222,1.44619,1.42904,-0.76364,-1.25907,-1.73651,0.13545,0.83978,-2.09412,0.22587,-0.57398,0.9703,0.66298,2.09584,0.82921,0.55583,1.53053,0.05367,0.28852,0.14769,-0.38204,1.02851,0.61051,0.3628,0.30693,-1.2087,-1.93401,0.21006,0.01749,-0.82677,0.63882,-0.71422,-0.8126,-0.22612,0.20928,0.41091,0.87275,0.37463,-1.52805,-0.64641,-1.10426,-0.08841,0.31564,-0.03027,0.98164,0.04336,1.36369,-0.93446,0
-0.24145,-0.15153,-0.5077,0.05014,-0.81407,-0.07639,-0.34976,0.28941,0.74932,-0.78375,0.43558,-0.00471,1.59695,-0.52206,-0.17899,0.14208,0.45624,0.27447,-0.64687,1.08444,0.13169,0.73586,-0.60696,0.94887,-0.11566,1.66519,0.1323,-0.89252,0.87274,-0.64822,0.38439,0.03095,1.68015,-0.11461,-1.66775,0.84915,1.06785,-0.58289,-0.06104,1.01215,0.94701,-0.35802,-1.42505,0.19701,-1.88001,1.10626,1.60722,1.24729,-0.50636,-1.23432,2.01019,0.09436,-1.86375,1.34128,-0.92065,-0.14196,-2.03252,-0.01087,-1.27023,0.72412,-0.3913,-0.89285,0.88547,0.43851,-0.45701,0.30917,-0.04895,-0.78272,0.40529,-0.42597,-0.38571,0.70093,-0.88874,0.88282,2.58243,0.37531,-0.89216,1.75506,0.90382,0.60542,0.26151,-1.3625,-2.03338,-1.07838,0.10594,-0.17177,0.72843,0.42817,-0.40607,-1.65252,1.58555,0.27772,-0.45873,-0.35115,1.0446,-1.16305,1.41478,-0.18919,0.97979,0.66206,1.33166,0.07818,0.78837,0.04147,2.0497,-1.07576,0.06989,1.47082,0.54006,-2.60567,0.04063,-0.45612,-0.34377,-1.73973,0.05775,-0.05832,0.69999,-0.7965,1.23896,-0.65601,0.26411,0.37029,0.99007,1.04898,-0.87897,1.00098,0.81436,1.48752,1.77327,0.90632,0.41681,0.35712,-1.01931,0.28975,0.33604,-0.04873,1.21058,-0.45144,-1.22948,-0.85565,0.08791,1.56243,0.3711,-1.6491,-1.2337,-2.16991,-1.635,0.85791,0.34837,0.23286,-1.09663,-0.29414,1.45243,0.11151,1.58493,0.93777,-0.72998,0.03693,0.75782,0.78181,0.27638,-0.44023,-0.7681,-0.40562,-1.7298,0.38587,-0.98941,0.27618,0.93406,-0.34558,0.44885,1.24448,0.37722,0.93666,0.88338,1.54291,0.75222,-0.9091,-0.04615,0.53336,0
1.36777,-0.47862,-0.61402,0.22004,-0.75199,0.67467,2.18334,-1.73595,1.36234,1.55023,-1.25031,-1.36721,-0.65131,0.28071,0.55305,1.83256,-1.16482,0.66902,0.33054,-0.2147,-1.26202,1.4958,-1.04932,1.92488,1.93143,0.78567,0.60849,1.46044,0.01139,-1.00532,-1.51389,-0.12173,0.73181,0.70642,1.23203,0.83198,0.38098,0.87796,1.14762,-0.66168,-0.79524,0.66163,-0.19948,-1.15196,0.10481,-0.98462,-0.08065,0.7783,0.47875,1.13274,-0.65164,-0.99928,-1.49073,0.41455,0.53678,0.55549,-0.14388,-0.16798,-0.5407,2.05222,-0.90569,-0.8785,-0.38736,-0.44261,-0.41602,0.30019,-0.78005,-1.22737,-0.25183,0.96427,-0.8936,0.98883,0.44144,-1.25294,0.36306,-1.6944,0.71569,-0.18202,0.49363,1.30772,0.77791,-0.78715,0.93425,1.68092,-2.07691,1.34782,-0.71659,-1.09627,0.20231,1.71265,1.64847,-1.80758,0.66476,0.57051,1.11714,-0.80098,0.46007,0.47144,-1.91005,0.18436,0.66945,-0.20793,0.68656,-1.74605,-1.55869,0.71935,-0.48664,0.36074,0.35236,-0.67079,0.36837,1.60869,-0.37533,0.81497,1.2357,1.49184,0.21946,1.21251,1.35391,-1.43906,-0.60235,-0.92957,-0.44034,-0.6395,2.00082,-1.42911,0.15323,-0.49756,-0.05889,1.18877,1.608,1.21782,0.03629,-1.45847,0.46361,1.16824,1.3218,0.26893,-0.96151,-0.20155,0.7056,-0.06267,1.31755,0.03392,-0.73116,0.78358,0.17559,0.20551,0.35145,-0.01587,-0.1775,0.79258,-0.9008,0.97984,0.79671,0.68703,0.2505,0.42229,-0.61075,0.06988,0.76705,0.04296,-1.09396,1.53031,0.29856,-1.09774,-0.41049,0.02763,-0.10033,-0.72808,-0.0626,0.10807,1.53504,2.79466,-1.16521,0.03822,1.27212,1.90475,0.60955,-0.56668,0
1.39813,0.02197,1.36426,0.70411,-0.08407,-1.40105,1.41645,-0.61954,-0.52213,0.00695,0.80937,-1.20371,-1.1438,-1.31282,-0.7619,0.24655,0.46176,1.1361,0.62617,0.10901,0.52177,1.53465,0.69999,0.8839,-1.27446,-0.43262,-0.95489,0.49295,-0.17741,0.69105,-1.82608,0.32609,1.13303,0.58927,0.09602,-0.33384,0.12423,-0.07643,-0.459,-1.51185,-0.34026,0.3096,0.01965,1.57721,-0.50795,-1.20067,1.25525,1.0837,0.08011,0.72853,0.12739,-0.37984,0.90426,0.34245,-0.74318,-1.55456,-0.13256,0.60824,-0.27276,2.33823,-0.38528,0.11748,-0.65097,3.72405,0.1309,-1.24593,-0.62756,-0.83894,1.14036,1.50055,1.16278,-0.60231,0.48985,0.19105,0.65807,1.57123,1.01265,0.99779,-0.50713,0.65425,-0.17341,-0.97991,1.05204,0.11259,-1.20469,0.29141,0.82451,-1.41759,-0.50316,-1.01826,-1.10786,1.53983,0.56222,-0.27358,0.11782,2.18861,-0.26764,-0.5018,-0.34176,-2.21028,-2.30434,-1.78887,0.37836,-0.96956,-0.56204,2.05781,0.43434,0.07776,1.71995,-1.24597,1.42249,0.21953,0.27367,-0.17386,0.02059,1.61362,0.44889,0.70652,-0.61324,0.77138,-0.11532,0.0823,1.2627,0.18094,-0.16893,-0.35539,-0.26113,-0.54881,-1.83949,0.19759,0.32598,0.00316,1.98044,-1.05321,0.40793,-0.75217,0.59267,-0.01072,-1.13454,1.47142,0.39095,0.90349,0.56931,-1.34617,0.99167,0.6905,2.18795,0.48702,0.006,1.88033,0.58781,-1.55228,0.59826,1.09356,-0.01061,-0.12599,1.82234,-0.36882,-0.00714,0.4644,0.54811,0.32202,-0.21106,0.05441,-0.70041,-1.39268,-0.66291,-0.26741,1.55863,-0.02585,-0.23564,-0.03845,-0.73738,-0.48274,-1.60005,-0.47951,-0.06162,0.22298,1.08695,-0.01289,1
-0.18248,-0.36202,-0.18691,0.4197,-0.44085,1.25543,-0.88006,0.89451,-0.45407,0.24515,0.4866,0.21939,0.17314,1.05773,-0.53186,-1.00849,1.20922,1.59165,0.40697,1.20943,-1.9278,-1.5943,1.11061,-0.41798,0.56521,-0.63425,1.12505,0.92844,0.33609,-1.66608,-1.04845,1.76842,-0.4393,0.82474,2.37794,0.68771,-0.37809,-1.41527,-1.47096,-2.45648,0.04934,0.44873,2.64082,0.43842,0.66647,1.30488,1.00488,0.74732,-0.07796,0.33613,0.22727,2.28874,-0.71204,1.2272,0.20834,1.30575,-0.45879,0.61516,-0.56575,-1.10553,0.37204,-1.04488,-0.05969,-0.81373,1.09779,1.03046,-0.09381,0.22606,-0.30779,-0.9657,0.21616,0.81285,-1.4783,-1.18094,0.83248,-2.1757,-1.06662,-0.86286,-1.21799,-1.11375,-0.31767,0.16014,0.25919,-0.26518,0.51688,-1.29842,1.97105,-0.85266,-0.49534,-0.59541,-0.46221,-1.16654,1.15672,0.25997,1.19919,-1.63682,0.34297,-0.66655,-1.07411,1.98613,0.92134,0.9466,-2.0622,1.1596,0.14095,0.05444,1.2958,-0.44147,2.61921,2.04438,-0.18245,-0.76663,0.90677,-1.15294,0.14718,-0.41162,-1.3485,0.90315,-1.33155,-0.11218,1.27173,-0.87641,0.38865,1.5565,0.55091,1.27856,-0.87765,0.30557,1.28491,-1.07403,-1.18999,-2.36569,-0.78073,-0.36204,1.07462,-0.3191,-1.29507,0.53608,-0.54254,-1.73134,0.63092,-0.95657,-0.00446,0.04654,-0.4936,2.22548,-1.41273,-0.62888,1.08384,-0.19012,-0.34857,-0.48623,-0.67873,-0.9269,1.36095,-1.64022,1.00119,-0.83753,-0.31646,-0.79875,-0.14919,-1.01303,1.28895,-0.08684,-0.27723,-0.31615,0.4305,-1.51113,0.89752,0.92683,-1.27844,-1.15024,-0.85555,1.00556,1.19053,0.07859,-1.87754,-0.40705,2.12483,-1.34979,1
-0.34134,0.0214,0.3511,0.33577,1.22895,-1.58168,0.63865,0.73646,-0.02316,1.26831,-1.68824,0.39922,-1.36994,0.3277,-0.63933,1.57643,-0.97159,1.18167,-0.82877,-0.5517,-1.44137,-1.2686,0.02759,-0.12573,-0.27374,0.32364,-0.52382,-1.35912,0.41894,-0.17716,0.98267,-0.8552,0.25256,-1.27538,-0.08929,0.5657,0.30929,0.14374,0.92703,0.65633,1.20284,0.38138,0.4096,-1.71325,0.19695,0.17316,-0.06246,-1.29667,-0.89649,0.40076,-0.33075,-0.15353,1.68327,-0.38497,0.70825,-2.25251,0.16241,-1.11805,1.70589,0.01021,0.45576,-2.11735,-1.49063,-0.65891,-0.7263,-0.26094,0.27048,-1.77848,0.50914,0.76262,0.19763,0.54045,0.71179,-0.82729,-0.28919,1.81353,0.7864,-0.74972,-1.65489,-0.075,0.68383,-1.26902,0.33138,0.90724,-0.34376,-0.33844,-1.22985,0.98851,-0.43061,0.03045,-0.36466,0.12675,0.63537,0.47431,-0.48659,0.18069,0.44178,-0.52691,0.80722,0.651,-0.76445,0.08017,0.96379,-0.41256,1.4755,-0.85944,-0.96433,-0.10488,0.17259,1.0367,0.81555,-1.049,0.57208,-0.78005,1.05621,1.49029,-0.35742,0.0382,-1.20378,0.71304,0.8923,-0.66253,-0.106,-0.72998,-0.08307,0.46859,-0.35428,1.50865,0.61251,0.3347,0.56524,-0.23656,0.94538,-0.21892,-0.05779,-1.38992,1.30476,0.17732,1.03323,-1.11268,1.32293,-1.06804,1.89623,-0.12243,0.20442,-0.25771,-0.01185,-0.71932,1.6717,-0.28887,-0.11037,-0.12212,0.81938,-0.74506,-0.26503,0.55024,0.31448,-0.03951,0.355,1.38904,-1.10517,-0.00519,0.01456,-0.79495,-0.34977,0.00264,0.35255,-1.30744,-1.76849,0.31885,0.67816,0.83633,-0.16193,0.64799,0.90249,-1.11208,1.37111,-1.94526,-0.69846,-0.9559,1
1.31544,-0.81716,0.16907,-1.11398,0.60574,-0.8316,-0.96933,-0.02053,-0.12848,1.07419,-1.03884,-0.07034,0.13388,1.09135,-0.38235,-0.27294,0.13845,2.12602,-2.36397,-0.26615,-0.03569,2.50322,0.62857,0.75266,-1.35539,-1.11949,-2.14898,-0.94135,0.08024,1.54398,-2.6369,-0.50802,-0.75101,-1.52662,-1.93969,-1.76492,-0.10552,0.0564,0.76704,0.37823,1.01231,-0.58466,0.75706,-0.13049,0.35696,-0.4151,1.28733,0.03917,-0.18308,0.47286,0.29932,-0.01615,-0.20015,-2.03219,-0.42691,0.50347,0.87904,2.04793,-0.07323,0.08787,0.11126,0.58505,1.10304,1.27007,1.11971,0.71145,-1.70085,2.64506,-1.08468,-0.53759,0.13247,1.08431,-0.19487,-1.33341,0.51573,0.0618,-0.4416,0.86738,-1.10067,-0.79067,0.02341,1.12849,-1.59764,-0.34583,0.8709,-0.47178,-1.05748,-0.08842,0.22348,-1.06209,1.31899,-0.25418,-1.80078,0.0153,0.20985,-0.02277,0.60195,-1.28323,-0.05573,0.3193,-1.50009,1.59539,0.50432,-0.29379,0.18792,-0.0244,0.75721,0.05972,-1.55985,2.7491,-1.66821,-0.56814,-0.32159,-0.03934,0.95463,0.98091,-0.54231,0.93598,-0.23982,-0.1396,-0.17911,1.00525,-1.08411,-1.03794,0.35173,0.54791,-1.48214,-0.17948,0.66536,0.36826,1.47523,1.30895,0.90843,0.01944,-0.60117,0.20782,0.74756,0.16599,0.32802,-1.06702,-1.91036,0.16748,0.49484,0.14052,-0.64623,-0.06459,-0.00053,0.87505,-0.77943,0.73206,1.38863,0.7807,0.10528,-0.96382,1.05111,-1.05275,1.60615,0.72232,-1.77003,0.14416,0.67926,0.69967,0.23905,0.14323,-0.58421,0.14476,-0.1427,-0.34371,0.70963,1.95106,0.78386,1.21507,0.05162,0.8812,0.86743,-0.122,-0.13785,1.09943,-0.10696,-0.26556,0
0.90785,-0.03493,0.01331,1.19184,-0.62022,-1.95351,-1.02368,0.42401,-0.61108,-1.05001,-1.56957,-0.83892,-1.51284,0.5995,-0.14356,0.31108,-1.0468,1.03689,-0.73254,-0.06531,-0.81519,-0.83793,-0.02071,0.16113,-2.11717,0.36112,0.33583,1.29337,0.80027,1.47267,-0.25247,-0.5065,0.03803,0.89872,-0.81895,0.9334,0.66054,0.00183,0.58859,1.32811,0.41288,1.01177,0.31238,-0.19444,0.67845,-0.19915,0.16481,-0.90415,0.04095,-0.17449,0.38031,0.06392,-1.17972,-1.06792,-0.32933,0.36014,1.30381,-0.5963,0.99581,-0.90606,-1.56199,-0.16294,-1.75451,-0.66019,0.56634,1.7826,-0.63162,1.17561,-1.70099,0.52778,-1.70708,0.06102,-0.97602,0.13417,1.12434,1.20427,-0.5609,1.78838,0.99385,-0.73405,-0.77151,0.40176,-1.48601,-1.28208,-0.82349,-0.03422,1.12872,-0.04316,0.36863,0.37343,-1.10891,-1.54909,-0.96265,-1.25165,-0.39484,1.39722,0.7917,0.48162,0.6009,-0.3312,-0.33855,2.04827,-0.69409,-0.38744,0.98758,-0.38658,-0.3192,1.09899,-0.73123,0.52318,2.14847,1.07506,0.90556,1.37184,1.04873,-0.56174,-1.27889,1.18455,-0.02058,0.2211,-0.98052,1.75106,-0.26339,1.51544,-0.63281,-0.2326,-0.59612,-0.41374,0.64633,1.48885,1.31981,1.25494,-0.28456,-0.01999,2.30227,0.49193,0.98686,-0.9732,0.28675,0.83244,-0.03435,0.74225,-0.25163,2.45029,-0.04974,0.66007,-0.78963,-0.09967,1.09171,-1.1962,-1.43051,-0.51826,-1.1694,0.73213,-2.31872,0.48982,-1.68045,1.21712,-1.12019,-0.83778,-0.05144,-1.06549,0.6105,-0.2251,1.14725,-0.43583,0.22041,1.70058,1.14272,-0.17907,0.18887,0.23165,0.0485,-0.02029,0.03383,0.82178,1.05993,0.30427,0.88892,-1.11206,0
-0.19689,0.19384,1.19935,-0.69492,2.46191,-0.73179,-2.3829,-0.78518,0.65791,-0.95876,0.23296,0.04618,0.3149,0.73029,-1.72461,-0.36585,-0.4589,-0.78469,0.2959,-0.15792,-0.81239,-0.44554,-0.36657,-0.76289,0.89515,-0.59196,-0.33758,2.0891,0.27289,0.75339,0.14568,-0.07245,-1.26119,-0.09872,-0.09325,0.9352,-0.22751,0.27495,0.17036,-1.14638,-0.09279,-1.50652,-0.63589,0.52432,0.89839,-2.64343,1.44537,0.56242,-0.74307,-0.66179,-0.93792,-0.05055,-1.48285,-0.30253,0.62378,-0.56205,0.32278,1.81063,-0.29962,-0.89136,-0.36976,-1.29036,1.52978,-0.17202,0.80295,-0.07003,-1.05422,0.01845,0.16418,-1.04828,0.65953,0.48982,0.11834,-0.4749,-0.25179,0.1512,0.50211,-0.31221,0.79565,-0.24116,0.69554,0.82069,-1.18351,0.72763,0.41017,-1.51981,-0.47808,0.93571,-0.67466,-0.44893,-0.71578,0.62476,0.25319,-0.03236,-1.76289,0.55153,-1.22914,0.02779,-0.6535,0.0615,0.77122,-0.33092,1.28046,-1.35108,0.79696,0.44048,-0.24949,-0.95653,1.07212,-0.65183,-1.07176,1.42149,-0.91366,-0.06277,-0.09444,0.67584,-2.7619,0.21752,0.86455,-1.19847,-2.1623,-0.424,0.76055,-1.05251,1.5117,1.69377,0.08919,-2.0575,-2.56332,0.59775,0.48124,0.66332,-0.35356,-1.95051,1.06341,-1.5933,0.27297,-1.30208,-1.44061,0.65362,-0.13663,1.46709,-1.39906,1.03226,0.20634,0.93109,2.37169,0.18426,-1.1296,-0.36647,-0.1068,-0.71488,-0.94902,-0.06618,-0.22626,-1.0755,-0.51623,-1.57646,0.35777,-1.00463,1.85381,1.48399,0.0798,-0.36783,0.5633,0.40656,-2.20811,0.66801,0.06812,0.60627,0.72121,-0.49992,1.1452,-0.46352,-0.32111,1.02851,-0.70258,0.77745,-1.45698,1.59388,1
-0.84185,0.55417,-0.46531,0.23962,2.12256,0.63518,0.82548,-0.1393,-1.01798,-0.35303,-0.90337,-0.13111,-1.88667,0.22601,-1.12243,-1.00418,-1.83299,-1.17132,0.87138,0.20625,1.07673,1.00135,-0.71644,-0.28676,0.73614,-1.25327,0.40003,0.14491,0.67854,0.4602,-1.65136,0.11615,-0.20158,0.15069,0.72504,0.32274,0.50878,-0.66144,1.42579,-0.14441,1.08236,-1.75709,0.28435,1.45848,1.29804,0.70167,0.8482,-0.13586,-0.14343,0.40235,-1.07491,-0.54333,-0.02113,0.94684,0.50628,1.87432,-0.96835,-0.10852,1.0294,1.94071,-1.43956,-0.67487,0.65689,-0.27598,-0.77608,-0.43561,1.94383,-1.33668,0.46904,-0.15125,0.76533,-1.8994,-1.38269,0.17903,0.51702,0.29422,-0.3043,-2.32039,-0.02058,-1.02251,-0.57163,0.69038,-1.05081,0.78955,0.009,0.62767,1.29728,1.19697,-1.35924,-0.45783,0.47629,-0.22992,0.2861,-0.85268,-0.42496,1.29158,-0.72678,0.99415,0.39191,-2.03386,0.15031,-1.1048,1.3775,1.85765,0.87362,-0.11797,-0.58659,-1.87505,-0.68888,2.3371,-0.7676,-0.53904,1.27854,-0.95815,0.77851,2.2363,-1.22892,-0.83264,-2.10847,2.2252,-1.21682,0.36771,1.16668,-2.21966,0.8381,1.2553,-0.12375,-1.82475,1.1362,1.20138,0.10887,0.1505,0.78162,-0.16812,0.34902,0.00547,0.74187,-0.15106,-0.54993,-0.52518,0.22696,0.20852,-0.7388,-0.79488,-0.30059,-1.82266,-0.99248,-0.44893,0.62185,-2.13883,0.37515,-1.1178,-1.1762,0.31213,-1.41744,-1.14832,0.6471,1.25776,-1.4049,-1.2374,0.0476,1.28932,-2.66051,-0.52467,-0.40595,0.55246,-0.89011,-1.06796,1.13396,-0.05585,1.1663,0.58781,-0.70466,0.80788,0.96965,0.88333,1.05009,0.25139,-1.3471,0.763,1
-0.20116,0.14755,1.51973,0.25833,-1.41161,-0.94962,-0.13037,2.15013,-0.99229,-0.33664,0.56973,0.0472,1.05254,-0.4771,0.4493,-0.78547,-0.55191,-0.28863,-0.86638,-0.06221,-0.24312,1.61253,2.32149,-1.6646,0.55728,-0.21263,0.26337,-0.19811,-0.38925,0.95302,0.29162,0.21354,0.06892,-1.81081,0.10383,0.11509,-0.20881,0.97334,-1.34277,1.24877,-0.40726,-0.33166,0.56886,1.75143,-0.12108,-0.06102,0.75719,0.03308,1.73218,-1.70181,-0.71414,1.24681,-0.88129,-0.01336,1.85153,0.5109,0.49167,-1.11939,0.47808,0.49643,-0.62692,1.43751,-0.26427,-1.3474,-2.32456,-0.34118,-0.65005,0.10534,-0.87673,-2.08979,-0.97605,0.96487,-0.99225,-1.94934,2.61485,-0.45158,-0.03175,-1.10059,-1.57912,-0.968,-1.2245,-0.39077,-1.26519,1.74813,-0.00855,0.76226,-0.24216,0.41976,0.96082,0.78338,0.11253,1.17591,1.91194,0.09498,-0.60349,0.89797,-1.03948,0.41123,0.15724,-0.15517,-0.82827,1.61169,0.28016,-2.14857,0.43855,2.20617,0.51534,-0.95305,-0.51316,-0.84518,1.25095,-0.84326,-0.2718,2.82672,-0.56679,0.24947,1.33508,-0.96665,-1.19893,-0.32819,-0.7992,0.16131,0.11417,-0.84672,1.17552,-0.27146,-0.79849,-0.49295,-0.42537,-0.59814,-1.77119,0.57984,0.21781,-0.92822,-0.65464,-0.88143,0.75339,-0.47225,-0.82848,1.87238,-0.08878,0.35806,0.39169,-0.5925,0.34049,0.96847,0.69353,1.62441,0.28292,-1.31224,0.31225,0.922,-1.06732,-0.12802,1.02504,0.12505,-0.63409,0.01792,0.28779,-0.13887,0.60719,1.65569,1.44059,0.19681,-2.07977,0.58919,0.67727,-1.07173,-0.779,0.03642,-1.64758,1.97858,-0.23193,0.10672,0.28765,-0.73933,-1.09637,0.78768,-1.3588,-0.03884,0
1.22992,-0.98056,0.45497,0.06876,1.03954,2.19428,-0.5357,-0.78624,1.53664,-1.02361,-1.16853,-1.21387,-1.98115,0.38728,-0.54723,0.02948,-0.07571,-0.53591,1.60074,-0.18159,-1.60575,0.34605,-1.74514,-0.24781,-0.1109,-0.17052,-0.69673,0.84605,0.51338,-0.76385,-0.36139,0.8846,0.43509,1.1227,0.21672,-2.43002,-0.69224,0.40686,-0.244,0.8859,0.26354,-0.97264,-1.86474,0.52405,0.56665,-0.11035,-0.82432,0.03837,-0.86674,1.25151,0.14271,0.5507,-1.17672,1.2026,-0.85627,-0.51737,1.04314,1.2697,0.33778,-0.02494,-0.03012,1.20961,-0.63131,-0.07818,1.46828,1.04012,-0.5421,-0.57929,1.9724,0.34583,-1.70037,-0.4148,-0.28684,0.84017,-0.55471,-0.0481,-2.64491,0.24741,-0.00698,0.76536,-0.00954,0.1647,-1.15675,-0.07481,-0.89043,-0.54737,-0.31534,0.66565,-0.10225,-0.89404,-0.00684,-0.7623,-0.2185,-0.07377,-0.01103,0.32794,0.14029,0.09128,-0.0968,-0.26419,0.48748,1.00801,-0.15237,-1.75769,-3.21877,0.46313,-0.15556,-0.56602,1.64718,0.46067,-0.30217,-0.16666,-0.19543,-0.947,-1.20116,-1.48717,-0.32151,-0.7857,-1.05915,0.27711,1.61343,1.03056,0.23597,1.3727,-0.27058,-0.78342,-1.40489,1.10327,-0.0749,1.65779,-0.65568,-2.22584,0.87537,-0.53498,-0.22447,-0.07282,-0.6519,1.00152,-1.02466,-1.41886,-0.27718,-1.30734,0.35488,-1.95766,-0.20138,1.13091,0.25145,0.79812,0.173,-0.75565,-1.00639,-0.03623,2.00482,0.82446,-1.31365,-0.08384,1.58208,1.15282,0.56188,-0.58025,2.00513,-1.02394,1.48667,0.28551,2.6404,0.26033,1.51043,-0.49464,1.98414,-0.70656,-0.56275,0.29147,1.52999,0.25368,0.80725,-1.95731,0.36107,-0.41743,-1.54035,0.04078,0
1.4723,-1.10545,-1.60942,0.47519,-0.77203,-0.37321,1.59341,-1.92893,-0.19649,0.40901,2.21529,-0.07176,1.98426,0.1501,1.58407,0.87876,-0.56419,0.00073,-1.06447,-0.31117,-2.05235,-0.25234,-1.8563,0.93295,1.25184,-0.79297,1.26978,-1.43657,1.58469,-0.82486,-0.63242,-0.22156,-0.60814,-0.44934,2.30219,1.98585,0.97139,-0.02652,-1.24712,1.52785,-1.01458,1.17663,0.05986,-0.55617,-0.60501,-0.48646,0.79055,0.396,-1.58707,0.62176,-0.45801,0.65775,0.9802,-1.57942,1.41672,0.00956,-1.50551,0.05433,0.19241,-0.85917,1.24258,1.80116,-0.23426,0.54578,0.73235,-1.0947,-0.54717,-0.82128,-0.21591,-0.39006,-0.70101,1.3726,1.13748,0.97176,1.11395,-0.06106,-1.09022,-0.82546,0.86657,0.28,-0.65182,0.60489,0.35614,1.98363,0.17662,1.09981,-0.62735,1.32471,-0.73878,0.16398,-0.37713,0.09253,-1.17803,1.32186,-0.67443,0.11728,1.19721,0.04573,1.4882,0.01781,0.98402,-2.13273,0.55182,-0.25575,-1.32902,-0.62292,-0.92002,-0.78941,-0.89966,-0.55512,0.55174,-1.7348,0.56655,0.85368,-0.80217,1.18055,0.09563,-0.13978,-0.78141,-0.31071,-0.52656,0.13897,1.30359,0.12715,-0.56794,0.14473,-0.49669,0.68358,0.57759,-0.1345,1.21333,-1.2716,0.45417,-1.7155,0.66532,1.75024,-0.01692,0.19281,1.48195,-1.77039,1.70425,1.6737,-2.08597,-0.08316,-1.24515,0.64681,0.69058,0.76801,1.74094,-0.35026,0.29474,1.41435,-1.11513,-0.32429,2.23787,-0.08411,-0.34679,-0.37185,0.48109,-0.07485,0.1983,0.11651,0.25041,0.15519,-0.36404,-0.51291,-1.03339,-1.66898,0.81079,0.6557,1.47628,-0.28436,1.38149,0.55196,0.93747,1.1075,-1.52867,0.16228,0.32707,0.66155,0
-0.78157,0.56971,-0.56271,0.90037,0.69788,-0.1778,0.89237,0.48342,0.65033,-0.65018,-0.44692,0.93092,1.25311,-0.13197,-0.75388,-0.72461,-0.63865,0.373,1.05801,-1.56558,1.13757,-1.94937,0.28439,-0.16598,-0.33703,0.15472,0.97478,-0.17563,-0.95433,-0.20035,-0.51531,0.67784,0.64573,0.02967,-1.20296,-1.27236,0.36603,0.23498,-0.71342,-0.16698,2.15565,-0.47582,0.57346,0.14233,-0.15973,0.87463,0.53202,-0.43477,-0.79253,0.09687,0.38773,0.47679,0.33971,0.66226,0.95702,0.39958,-0.70204,-0.39079,-0.12143,0.51489,-0.57253,1.29873,-1.6991,-0.26832,0.5784,-0.8837,-0.4284,-2.24011,-1.31242,1.3828,1.10718,0.78191,0.284,-0.45379,-0.24335,-0.40183,-0.35875,0.80733,-0.01429,-3.30856,-2.29846,-0.49836,-0.49847,1.96303,0.67659,-0.3505,-0.17506,-0.57835,-1.06322,0.2083,0.21364,0.5595,0.05081,-0.47385,0.85743,-0.5788,-0.76589,1.54215,1.86406,-1.09999,-0.63364,-0.84277,-1.20363,2.12104,1.45786,1.16223,0.46316,0.94759,-1.59938,-0.02514,-3.03858,1.29736,1.02705,1.26853,0.38895,-0.77002,-0.97143,2.67424,0.00056,-0.94628,-1.33177,0.18716,-2.18805,0.37802,1.3138,0.41383,0.92047,-0.30498,-1.04748,-0.01033,0.4788,-2.22346,-0.15369,-1.31461,-0.95726,0.96826,1.53829,0.46071,1.65112,-0.51401,-0.89038,0.36803,-0.73116,0.55707,-0.26667,0.60495,-1.48104,0.71641,-1.49309,-0.70502,-0.55802,-0.41222,0.12215,-0.2893,-0.52399,-0.78384,1.12083,0.73794,-0.90478,0.95034,0.0387,0.5304,-0.66058,0.38526,-0.48094,-1.50764,-1.13098,-0.73373,1.8326,0.51934,-2.14552,-0.96018,-0.93465,3.43004,-0.99418,0.78044,-2.41892,0.2435,0.62245,-0.25906,1
-0.179,-0.61635,-0.10887,0.67212,0.24478,0.43275,-1.11148,-0.15588,1.26267,0.93513,2.64381,0.70779,-0.72254,0.47196,-0.22582,-0.28177,-0.04301,-0.52205,-0.04321,-0.36832,-0.19202,0.2616,-0.68596,-2.01518,0.35953,2.65182,-1.44707,-0.43477,-0.07326,-1.54003,0.17482,0.83691,0.01089,-0.11985,-1.21353,-0.20225,-1.81856,-0.84638,0.23633,-0.2109,1.2244,0.12332,0.34595,-0.03844,-2.63223,-0.89573,0.76257,-0.41872,-0.39476,0.12404,-0.73379,-0.84757,-1.13621,-0.99847,-0.65642,1.80343,1.25915,2.10367,0.52244,-0.33488,-2.698,-1.33091,0.01847,0.17585,-1.84243,1.62602,0.19634,0.63715,-0.83555,-0.11531,-0.00395,-0.74767,-0.79019,-1.29818,2.03818,-1.70689,1.44354,-1.45996,-1.65414,0.26787,-1.71418,-0.99435,-1.29256,1.83547,0.84076,1.02844,0.12821,0.4506,1.08226,1.16481,-1.36142,-1.3505,-0.68459,-0.49213,1.13103,1.31422,-1.08037,0.63913,-0.51285,0.30179,1.35585,0.30794,-1.80209,1.91061,-1.65724,-0.88732,1.83627,-1.93997,-0.17357,-1.16711,-0.657,0.273,-0.70265,3.07101,0.32326,-2.16569,-0.66583,0.7765,-2.27343,0.37579,-1.63208,-0.19471,-0.63113,1.42724,0.25289,-2.04534,-0.16337,-1.2417,-0.23345,-0.73783,-0.72372,0.59524,-0.41342,-0.79396,0.00735,0.73185,1.8329,-0.54933,2.01493,0.63282,-1.02815,0.04068,-0.36234,1.51233,-1.49831,0.96108,-0.40776,-0.61189,-0.71781,-1.18621,0.66223,0.08296,-0.40011,-0.09424,1.69466,-0.37288,0.60204,0.53007,-1.17214,0.86677,-0.21914,-0.38223,0.41738,-1.10256,1.38809,-0.00789,-0.2734,0.85518,1.46726,-0.3537,0.12636,0.29691,-0.00136,0.02136,-0.81277,-1.19502,-0.32966,-1.08297,-0.28164,1.02841,1
-1.16148,-0.02278,-0.31429,1.43062,0.54997,-1.59143,-0.84123,0.78629,-1.76807,0.63175,0.76533,-1.8245,0.16882,0.07988,0.03608,-0.47551,-1.18031,-1.08323,0.94678,-1.33376,0.593,0.63462,-0.17666,-1.28668,1.03325,0.16969,0.24948,0.05401,0.95804,-0.7213,0.9096,0.68811,0.86799,1.59554,-0.05036,0.58596,-1.19064,-0.2107,0.58964,0.6916,-0.47762,-0.20688,-0.12156,0.30558,-0.12391,-1.02881,0.82289,1.75547,-1.12982,1.35907,-0.0483,-0.21591,0.24794,1.38548,-0.35103,-0.01302,1.09958,-0.00303,-2.03058,-0.80551,1.29989,1.64595,-0.69621,-0.88971,0.96258,0.06531,0.05227,-0.82709,2.19019,0.30286,-0.16717,0.2982,-0.30721,-0.20699,0.6551,0.42312,-1.30384,-0.47902,-0.59509,-0.25661,-0.9053,0.91415,0.55715,2.09265,0.06701,0.80704,-0.20365,-0.51434,-0.19662,-0.0141,-0.81273,-1.09005,-1.57762,-0.22595,-1.21181,-1.19488,-0.27519,-0.5175,-1.37067,0.69936,0.08846,1.12368,0.71133,-1.33497,1.5219,-0.5203,1.42708,-0.26704,0.37224,1.08478,-0.2628,0.55171,0.5078,1.15876,0.46005,-1.87758,-0.01278,-0.75375,0.64238,0.07678,-0.42072,1.56803,-0.72469,-0.01635,1.1143,-0.24282,-0.9052,0.21641,0.89915,-2.45346,0.94085,-0.18351,0.25519,0.73035,0.51945,0.674,-1.28231,-1.48336,0.73385,-0.75691,1.1125,-0.24741,1.43947,0.55293,0.10814,2.16958,-0.37047,0.92549,-0.49558,-1.17562,1.2891,-0.0807,0.04325,0.65932,0.38699,-0.64903,0.32527,0.15784,-0.66665,-1.0855,-2.82101,0.04735,1.50345,-0.18193,-0.40607,-0.00076,1.10051,0.19329,-1.59606,-0.963,0.33708,0.10339,-0.35758,1.28966,0.26444,1.0812,0.05166,2.14096,-0.37964,-1.5372,1
0.99148,1.0203,0.56406,-0.1254,-0.04047,0.71406,0.59677,-1.84162,-0.04927,2.36955,-1.16355,-0.35714,-0.45571,0.50009,0.83369,-0.98913,0.21474,0.28798,1.60976,-0.33057,0.67058,0.3021,0.80699,0.02413,1.69055,-1.98959,1.62917,-0.94169,-1.82452,-0.94936,0.77899,-0.46174,0.30797,-1.29844,-0.42382,-0.75675,-0.14859,-0.81866,0.36305,0.60215,0.20182,0.54928,1.02444,0.55685,-3.16363,-0.90589,0.4642,0.26483,0.06633,1.17183,-0.1405,0.57898,-0.77601,-0.64321,0.15765,-0.11361,-0.07277,-0.75974,-1.84372,0.73675,-0.68018,0.23728,-0.12212,1.18964,1.77105,-0.06373,1.39791,-0.69442,-1.61934,0.34222,-0.25795,0.05716,-0.03684,-0.49517,-0.55556,0.50194,0.52651,1.40588,0.27695,-0.8148,-0.20578,-0.38766,0.75953,-1.0686,-0.58749,-0.95439,1.55189,-0.35676,0.05891,-0.0172,-0.054,-0.07253,0.16099,0.00233,0.60663,-0.56606,0.26628,1.25072,0.66437,0.32796,1.20834,-0.25073,0.08822,-0.49422,-1.26742,-1.10778,1.45492,-1.66707,0.95933,0.52056,-1.06288,-2.16349,-0.76259,-0.99155,0.05825,0.13227,0.16972,-0.99245,0.4646,-0.24413,0.0564,-0.58842,-0.18431,-0.89308,-0.67068,-0.2319,0.65281,-0.81885,1.61483,-0.27791,-0.04126,0.77542,-0.14919,-0.07322,-2.54822,-0.49229,0.08464,1.12473,-0.00985,-0.10887,0.35656,0.27305,0.33197,0.93007,-0.43383,0.64997,1.78937,-1.07751,-0.01221,-1.2443,-0.65508,0.52735,2.2938,-0.30217,-0.87304,-0.05819,0.9216,-1.7927,-0.17912,1.17946,-0.55238,1.49083,-1.57528,-0.512,-0.19349,-0.07816,-0.18051,0.6011,0.63928,-0.31628,-0.85918,-1.08763,-0.34115,-1.91515,-0.7549,0.8592,1.15596,0.96731,0.44096,0.32917,0
-1.16879,0.31946,0.3101,0.82513,-0.52844,-1.21072,-0.07644,-1.43558,0.14721,-1.44385,-0.35806,-0.54511,0.29805,0.20929,0.97061,-0.04294,-1.42967,-0.44735,0.27643,-2.16811,-0.49225,-1.1951,1.39443,-0.71965,0.41297,0.0721,0.11688,0.63686,0.56601,0.50742,-0.3314,-1.06217,0.73002,-0.02252,-1.62283,1.37099,1.92061,-0.57057,1.18302,-2.65251,-1.88187,-1.76984,-0.30122,0.9994,0.82546,1.43889,-0.93344,-1.78151,0.64261,-0.13063,-0.21181,-0.77185,-0.03971,0.90678,0.46752,1.18719,-0.65533,-0.64756,1.74196,-0.49217,-1.2821,-1.37214,0.72318,-0.22121,0.35105,-0.57668,-0.80534,0.88681,-0.50787,1.35655,0.37412,-0.38882,2.05788,0.74144,0.80929,0.61978,-0.90649,-1.07599,-0.5837,-0.11252,0.4726,0.75786,1.46273,-1.20555,-1.27027,-1.06492,-1.71022,-0.1156,0.23498,-0.26511,-1.05848,0.41367,1.76072,-0.09053,-1.3516,2.5953,-1.92879,-0.55883,-0.29117,-0.56072,-0.01218,-1.71014,0.41679,2.48475,0.23191,-0.19104,-0.46087,0.85725,-2.64354,1.27861,1.39138,-0.3314,0.12625,1.47887,1.15067,-1.3405,1.67622,-0.00601,0.55248,0.17399,0.02834,-0.42418,-0.40136,0.76006,-1.1497,-1.007,-0.29991,-0.05131,1.46523,0.91319,-0.52325,0.9644,0.46756,1.10144,-0.58054,0.68446,0.57993,0.82444,-0.75782,0.76728,2.27767,-1.00763,-0.21235,-2.64179,-0.43238,-0.76892,-2.40409,0.7945,-1.37593,0.92716,0.54786,-1.5186,0.69171,-0.92897,0.18926,-0.24757,1.8123,1.66124,0.94858,0.70896,-0.76227,-0.16796,0.34226,0.93437,0.67726,0.35239,1.35252,0.32342,-2.10246,-0.22845,-1.14899,-0.43733,0.51458,-0.53688,0.78433,0.0835,-0.18344,0.4409,0.52311,-0.53135,0
0.63668,0.26876,-0.96013,1.305,-0.11683,-1.70205,-0.01499,-0.40731,0.26787,-1.11501,-0.27176,0.56126,1.18901,-0.98631,0.34289,-0.88059,-0.38945,-0.57455,-0.55769,-2.39808,1.41091,1.67409,-0.75564,0.00478,0.65155,2.93833,-1.1141,-0.28696,-0.4469,-0.92593,-0.47677,-1.61261,-0.39332,0.48491,-1.1693,0.29548,-0.4508,-0.13196,0.33653,0.0186,-0.48412,-0.43077,-0.78179,-1.53606,-0.20902,-0.23807,0.58911,-0.31723,-0.50081,-1.32519,-0.23244,0.48047,0.74511,-0.73521,-0.10516,-3.21805,0.16981,1.04145,-0.47777,0.61798,-0.71197,-0.46494,0.08356,-1.77747,-0.15963,0.66,0.32835,-0.91491,-0.77346,-0.1807,3.38124,-2.56194,1.3656,2.06315,-0.65102,1.13681,1.44863,-0.61775,1.41438,1.12781,0.66013,0.02303,0.1612,-1.87823,-1.73314,0.99299,-0.65602,-0.3652,0.23159,0.35872,-0.50599,-0.41978,-0.55671,-0.42168,0.47888,0.88085,-0.24358,0.2792,0.26597,-0.43561,1.598,-0.57303,-0.78807,1.40176,1.23599,-0.03037,-1.04172,-1.24435,0.42333,1.01851,1.89245,3.40122,-1.91531,1.06819,1.04814,0.32984,-0.16205,-0.53392,-0.13485,0.69758,0.10927,-1.83078,0.93117,-1.79158,0.23129,0.30091,-0.13599,2.04478,-0.05105,0.99733,-1.54383,-1.77731,1.43092,-1.06378,-2.47825,0.61499,-0.56794,-0.05099,-0.17499,-1.17754,0.78247,1.7423,-0.579,-1.02003,0.86778,0.59963,-0.64442,1.71629,0.31012,-2.0172,0.46093,-0.17317,-2.92307,-0.44847,-0.03775,0.47319,-1.50038,1.81786,1.98083,-1.95093,-0.10172,-0.47129,-1.23862,0.9863,0.72094,1.16039,0.45457,1.3737,-0.36409,2.19584,0.89957,0.67494,0.53163,0.71659,0.17413,0.63499,0.10731,-0.17925,0.77252,-0.44993,0
0.27294,-1.42324,-1.03922,-0.3182,1.26439,0.74181,-0.66988,1.22011,1.22276,-0.99959,-0.48547,-0.10813,-2.28775,0.22443,-0.18831,1.24694,-0.4389,1.13814,-0.93438,-1.15132,2.10266,0.35224,0.92959,-0.94632,1.52554,2.33987,-0.40157,0.18943,-0.00294,1.34988,0.13643,-0.52692,0.61714,-1.10278,-1.05157,-0.34931,0.5445,1.68259,0.42632,-1.74415,-0.20367,0.23242,-0.01226,1.23913,-0.30583,0.88716,0.59117,-1.31981,0.34228,-1.35443,2.29445,0.04167,0.09971,-0.65357,0.46146,-1.38445,-1.25,0.9962,1.87511,0.72153,-0.10636,0.08777,0.67665,-0.74544,0.00429,1.22124,-0.76905,1.40361,-0.78999,-1.38987,0.4205,1.23265,0.02757,-1.14656,0.34193,0.77182,0.05139,0.19596,-0.31079,0.77937,1.83711,1.9916,-2.00968,0.05202,0.29259,-0.067,-0.78502,0.94194,1.97557,1.6779,-0.51385,-0.10131,-0.20179,-0.88542,1.38784,-0.57563,2.37008,0.18549,-0.64732,-1.9497,2.48626,-0.89969,-1.73659,0.24633,-0.3342,-0.41519,1.12106,0.0991,0.82673,-1.90719,0.31938,0.0222,2.14306,1.39258,0.23587,-0.43051,0.49462,0.02828,-0.83924,-0.08506,-1.40036,-1.14098,0.37838,-0.781,1.32307,0.24498,-0.35767,1.1374,1.94549,-0.18692,1.22003,1.29742,-1.5642,-1.194,-0.1373,1.54084,-1.19198,0.86887,-2.50421,-0.39237,-0.90848,-0.32536,0.32139,-0.63106,0.65011,-0.20656,1.02395,0.35551,1.30527,0.82455,-0.9467,-0.40935,-0.20364,-0.80068,0.14081,1.98685,-0.52584,-1.75716,1.32208,1.67608,0.06225,-1.37521,1.10552,1.22897,-0.5056,0.29733,-0.19439,1.00577,-0.29748,-2.71354,-0.18569,1.27412,0.64441,1.07001,0.2888,-1.73939,-1.59307,-0.52796,-1.38897,-0.00648,0
-1.02159,0.77805,-1.28523,-0.36009,0.4375,0.10288,-0.07172,-1.88808,-0.30114,0.86236,-2.13815,0.82927,-0.25301,0.00524,1.34598,1.19211,-0.08223,-0.49332,-0.5411,-0.13041,-1.56058,-0.17337,0.6421,0.44406,0.28696,-0.00876,0.97361,-0.6549,1.1849,-0.10052,-0.77843,-0.71655,-1.39899,-0.68052,-0.27625,0.42329,0.28426,-0.71053,1.08127,-0.37994,-0.60913,1.77263,0.98169,0.54407,0.67975,0.44357,1.2288,-1.08637,0.77282,0.05228,1.67846,1.01191,-0.04819,-0.24578,-0.89933,1.30948,0.4654,-0.01374,-0.17108,-0.2027,-0.41851,0.04844,1.27138,0.86791,1.44535,-0.6847,0.90937,-0.42236,-1.69996,2.69007,-0.80287,0.34694,-0.40648,1.48444,0.03012,1.63294,-1.74109,-0.38704,2.47217,-0.07581,-0.09337,-0.0592,-0.70215,0.27063,0.48939,1.26454,-0.63729,-0.58111,0.03462,1.00964,-0.05748,-1.815,-0.51977,0.26714,0.20421,0.92304,-0.61422,-0.09645,-0.16838,-0.31963,-1.19397,0.33362,-0.44464,0.56165,0.51975,1.40359,-1.55238,-0.94538,1.69407,-0.37825,-1.2922,1.0114,-0.38317,-0.66011,0.39802,-2.03111,-2.30177,0.40587,2.39646,-0.88986,-0.14255,2.92385,0.04205,1.55678,-1.37404,0.3817,0.26691,1.70707,0.73874,0.24086,-0.94081,-1.00198,-0.78334,-0.23673,-0.60858,-1.25565,0.43635,0.53379,-0.1773,-0.20239,-0.7525,-0.73503,0.83273,0.25739,-1.64229,-1.4994,-0.1189,-1.15746,0.97306,0.69062,1.21551,0.59857,0.67567,0.19895,-1.36127,0.0045,0.06698,1.44639,-1.53822,-1.09181,0.31799,-0.61325,-1.88801,-1.13424,0.92439,-2.37458,1.1267,0.3442,-0.65881,-1.37344,-0.09904,0.57318,0.42962,0.88033,0.49562,0.76057,-1.05553,0.54408,-0.54499,-1.19667,1
-0.53754,-0.7026,-0.26951,-1.34244,0.45261,2.06384,2.00224,0.13741,-0.83416,-1.96542,-0.53789,-1.42724,0.45351,0.40579,0.65318,0.12586,-1.01188,-0.46938,-0.82194,-0.46433,0.18885,0.47185,0.01996,2.29039,-1.46314,-1.33911,1.04767,0.47441,0.63342,-0.56472,1.92849,0.61451,-1.05992,-0.46037,1.16416,-0.02696,-1.15603,-1.70532,-0.26306,-0.44937,0.85097,0.4354,-0.11551,1.51353,0.92822,-0.77993,-0.32879,0.82538,3.11741,0.36544,-2.77387,-1.07486,0.75294,-1.22676,-1.27279,-1.15074,-0.80332,-0.42267,1.02191,0.60515,-0.84272,0.69521,-1.28247,0.12466,0.99024,-0.15681,1.10029,0.59891,-1.68593,0.169,1.30666,-0.53649,-0.13758,0.01215,0.33494,0.83619,0.10549,-0.30565,-1.06004,1.87892,-0.43724,1.23462,0.09685,-0.58947,1.02408,-0.63147,0.35143,-0.93319,1.04663,0.10236,1.09646,1.39225,0.15075,-0.05799,-0.35158,1.09424,2.44322,1.11889,-0.19582,0.44781,-2.31552,0.02814,-0.33899,-0.21353,0.0432,0.29782,-0.8019,0.42093,1.03822,0.28004,0.3977,-0.50389,-1.20059,-1.98395,1.46295,-1.67327,1.58105,-1.10496,2.3323,0.55469,-1.80981,-1.08152,1.75456,-1.97182,-1.23199,1.16941,0.59364,-1.10098,-0.39919,-0.48734,-1.90527,0.49177,0.4682,0.53027,-0.60749,0.49699,-0.66182,-0.1763,0.12084,-0.45165,-0.61794,-0.27305,-2.45029,1.88587,0.89573,0.53575,0.06145,-0.49662,-1.42552,-0.4465,-0.47294,0.30343,0.6188,0.8599,-0.17994,-0.29222,1.29402,1.80998,-1.07651,-0.46783,1.24084,-0.17573,-0.84499,0.19552,-0.25552,0.69226,0.06876,0.56879,-0.06738,0.41848,-1.83159,-0.96104,0.32279,-1.70265,3.68741,1.80659,0.72168,-1.88917,0.0708,-0.44515,1
-1.95553,-0.83182,-0.23466,0.87451,-0.25184,1.1565,0.56312,-1.03456,1.66606,0.85545,-0.69435,0.06582,-0.57937,-0.74638,-0.40425,0.25716,1.01217,0.81599,-0.36849,0.21997,-1.74748,0.02718,1.24037,1.04615,-1.1941,-0.14971,-1.38535,0.10019,-1.02374,0.99297,-1.85262,-0.21505,0.58642,-2.38928,-0.54016,-0.14085,3.18717,-0.40283,1.50317,0.55402,-0.52792,-0.49234,1.65534,-1.52002,0.08059,0.20396,-0.23797,-0.53801,0.00266,-0.68802,-1.32174,0.29097,-1.32057,-0.08143,-0.39215,0.53061,0.15381,-1.5187,-0.12761,0.07677,0.38377,0.23576,0.98427,-0.71611,0.37421,0.62517,-0.23072,-0.2598,0.68009,-0.5136,-0.91814,0.79516,0.89953,-1.05685,0.9884,-0.30797,0.85199,-0.15295,0.09993,1.81629,-0.58247,0.11214,0.1353,-1.08817,0.21482,-0.4449,0.82666,0.0898,0.42479,0.39567,1.49505,-0.60211,-0.11311,0.97445,0.22351,-0.83763,0.37666,1.0324,-0.29736,0.5894,0.18471,-0.59419,-0.60859,1.7362,0.28396,-0.8273,-0.89321,0.02267,0.24216,1.48174,0.24421,-0.27599,0.67281,1.07937,0.69019,-1.52179,0.57159,-0.35308,0.52201,-1.16938,1.95879,0.82692,0.24705,-1.14894,0.49705,0.68416,-1.20536,1.90883,0.20226,0.53189,1.04027,0.20934,-0.47423,-1.37054,-1.98732,-0.06575,-1.23595,-0.50944,1.44361,1.08497,-0.22913,-0.48332,-0.58521,-0.08846,2.35545,-0.23096,0.12909,0.62614,-0.79626,0.07272,-1.62032,2.09979,-1.05001,-1.41475,0.78311,1.2937,0.28849,0.47153,-0.70757,-0.83461,-0.99379,0.42049,0.76814,-0.24158,-0.25838,1.18392,-0.96183,-1.34736,0.80235,0.02128,-0.18893,1.37258,0.22706,-1.12857,1.6926,-0.00577,-0.84959,2.08885,-0.73675,1.59217,0
0.68464,-0.77274,1.55146,-0.03198,-0.50901,0.48956,0.68873,-2.40324,-0.28873,-0.95788,-0.84121,-0.00054,-0.02838,-0.63769,-0.87447,-0.19037,-0.38816,0.41739,-2.12788,2.30823,0.35329,-0.47625,0.94186,0.17197,0.78001,-0.10578,-0.3748,-0.24677,0.51759,-0.10243,0.05614,-2.14141,0.38569,0.15136,0.36768,0.25312,-1.54437,-0.64918,0.7605,-0.21171,-2.05653,-0.09012,1.74361,0.93346,-1.11923,0.07525,0.63334,0.87826,0.21671,-0.10793,-0.74177,0.32146,0.29602,1.21451,1.11361,0.8643,0.78177,0.04006,0.23616,0.69246,1.25046,-0.20341,-0.88056,0.09512,0.71922,-2.54525,0.72678,0.81533,0.68405,0.38836,1.3629,0.50158,-1.30455,-0.63244,-1.67936,2.59901,-0.09619,0.56894,-1.92734,-1.29097,1.97963,-0.54744,1.25315,-0.76769,1.00244,-1.34657,0.93511,1.01243,2.35959,0.81239,-0.83639,-0.20143,1.18318,-0.75464,0.5761,-1.58911,-0.58696,-0.04851,-1.06088,1.32726,-2.42542,1.51038,-0.01775,1.05751,-0.08877,0.29937,-1.41084,0.58693,-0.32643,-0.05394,-0.63206,-0.48933,1.51461,0.39327,-0.07428,1.69165,-0.90293,-1.54631,-1.27846,2.30701,0.78291,-0.3225,-1.51238,-0.04117,0.1192,-0.49924,0.22309,-0.8475,1.17665,-0.38154,-0.60151,1.25565,-0.3189,1.30324,-1.23301,1.00417,1.01792,-0.41663,0.08686,1.31678,1.32739,-0.4463,-0.03991,-1.03358,-0.47019,0.40535,-1.1966,-0.75965,-0.55065,0.29204,1.1075,2.20242,0.02103,0.56083,-0.05265,-0.82713,0.52676,0.23625,0.13931,1.32021,0.07594,-0.34768,-1.10089,-1.87545,0.7587,0.21832,-2.36111,0.45271,0.91971,-0.49276,-0.78403,-0.04209,-0.54333,0.38891,-0.61545,0.62086,-0.0052,0.65016,-0.71444,-0.22429,0
-1.14363,-1.14461,-1.11438,0.46736,-0.02177,-0.48928,-1.08671,-1.69672,0.00363,0.3087,-0.00753,0.13287,-0.85213,0.58851,-0.78206,0.84711,-0.55594,1.29164,0.31858,-0.98747,0.77337,0.30117,0.30003,0.80436,0.54436,-2.26678,1.2244,-0.01525,-2.51442,-1.01016,0.54105,-0.72831,1.4271,0.11406,1.07209,-0.35524,-0.44008,-1.06828,-0.08062,-0.21149,1.08628,1.26864,0.67565,-0.06392,0.89975,0.71026,-0.87581,1.10194,-0.28431,-0.7961,0.24696,-1.5479,-0.53312,-0.41063,-1.20378,0.02508,1.75427,1.12356,-1.59961,0.26574,2.58608,0.2434,-0.12945,1.88184,1.34771,0.18266,0.42832,0.17257,1.41047,-1.78059,-1.10251,-1.86989,-1.00171,-0.54434,-0.20794,-1.18261,0.62382,-0.97047,2.80383,-0.64904,0.2006,-0.52505,-1.14621,0.16758,0.43908,-0.41378,0.21528,0.32025,-0.06739,0.09759,1.05397,-0.17741,-0.96786,-0.30715,0.6549,1.68977,-1.60884,-0.61109,0.4842,1.11704,1.18871,-0.57264,2.67739,-1.37899,0.13498,-0.39072,-1.23675,-1.11596,-0.02165,-1.76189,-2.73819,-0.08447,-1.11736,-1.34696,-1.66203,0.86812,-0.30316,1.66288,-1.3544,0.18555,-0.82987,-0.84985,-0.70595,0.44214,0.6521,0.88256,-0.50775,-0.24031,-0.75468,0.53474,-0.61104,-0.57833,-1.53475,-0.24456,0.20788,-0.19024,-0.28767,0.12102,-0.28496,-1.71429,1.27605,-1.71617,0.42879,-1.05049,-1.35539,0.31546,-0.08349,1.10715,1.41468,0.40201,-0.91144,0.52612,-0.44186,0.20932,-0.91414,-1.53648,-2.1892,-0.03563,-1.90327,-0.89547,-1.10593,-1.20869,-0.51294,-0.66159,1.11107,-0.78479,-1.42725,1.19685,-0.02507,-0.27394,-0.85582,0.0016,-0.09615,-2.03615,-0.32935,-1.4112,0.99188,-2.38155,1.61781,0.15588,0
-0.31298,-0.02679,-0.00343,-0.41702,-0.41439,1.14866,-1.15176,-0.30211,0.01945,-0.31256,-0.44985,-0.13396,-1.16772,-0.11335,-1.30039,-0.2457,-1.6231,-0.72592,0.00455,2.22236,0.71324,-0.95397,0.2859,0.47961,-1.04085,-2.36185,0.09431,0.96383,-0.886,-0.90388,1.65508,-0.77813,2.09091,-0.96569,-1.18882,-0.65447,-0.14432,-0.3265,1.16844,-2.22948,-1.52492,-0.10007,0.74963,-0.01821,-0.32878,-1.0507,0.16583,1.65917,-0.795,1.52566,-0.60404,-0.68517,1.2334,-1.01288,0.85709,-0.25142,0.29863,2.00913,-1.08072,-0.27981,-1.28435,0.11892,-1.57428,-0.5041,0.48497,-0.31764,0.23388,-0.67551,0.71559,2.18166,-0.05185,1.23905,0.30323,-1.1648,1.13834,1.8133,0.39436,0.14611,-0.0141,0.02372,-0.80766,0.83791,-0.18688,0.49306,1.13309,0.36764,0.41748,0.12761,-0.28157,-0.39646,1.34535,0.01388,2.31207,-1.11552,-1.07026,2.7478,-0.03404,-2.0102,-0.76758,-0.35727,0.39209,0.20946,-0.67026,-0.54966,-0.956,0.67177,-0.56786,0.73062,0.71698,-0.39885,-0.44733,0.02575,-0.77154,-0.95983,-0.97452,-2.27577,-0.28526,0.20372,-0.28029,0.00848,0.62382,0.99967,-2.08318,-0.75003,1.06001,-0.10833,2.19486,0.60884,0.82349,-0.32511,2.04145,0.3866,-1.88499,-0.16459,1.61748,-1.27311,1.21816,-0.08287,0.1211,-0.20456,-0.91909,0.53823,-0.80229,0.70363,-0.22268,1.1088,0.43024,0.26878,0.37958,-1.68088,0.17739,0.88833,-0.82155,-0.73462,0.94161,0.75676,-0.40531,-0.02595,0.23527,0.18646,0.3103,-0.10618,0.3089,-0.70281,1.46725,-0.70236,-2.73051,-0.07625,-0.51637,1.35378,-2.10032,-0.69018,0.77122,-0.31314,-0.1326,-0.08219,0.23223,0.66559,-0.28849,0.40223,1
0.85136,0.95046,-1.56656,1.46923,-1.64281,-0.0667,1.68308,-0.33804,-0.14992,-0.03044,-0.15212,-0.08818,0.05862,-0.82231,0.34292,-0.30458,1.29159,-1.57433,2.17514,0.14523,0.45874,-0.22911,-1.41742,-1.01764,0.60918,1.1316,-0.68579,0.60296,-0.3766,0.3034,-1.36514,2.36143,-1.67301,1.0586,-0.1785,0.38305,-0.50684,0.20157,1.13429,0.77824,0.22533,2.73566,-0.93268,0.63153,0.0961,0.83906,0.05974,-2.23549,-0.87752,-0.44553,-1.88609,1.84044,-0.55301,0.88535,-1.75719,0.03142,0.56345,-0.77734,0.50838,-0.71385,-0.22967,-0.48806,2.29531,-1.07059,0.55685,-2.09367,0.54412,0.31533,-0.83592,-0.13808,-0.29749,-0.70207,-0.33054,0.28439,-0.21717,-1.32957,0.8266,-0.10098,1.92397,-1.73351,1.23225,1.64016,1.98421,-0.10915,-0.7515,-0.92225,-0.46474,-0.76572,0.74631,0.14309,1.09003,0.61468,-0.51912,0.80037,0.6235,-0.09426,-0.28949,0.43667,-0.13854,0.14922,0.07229,-0.9644,-1.24983,2.34575,0.81642,0.20435,-0.61508,-1.01511,-1.03509,-0.90465,2.81151,-0.83589,0.95551,0.25925,0.36766,0.37846,2.09632,0.77087,0.09485,-1.82645,-0.03869,-2.13086,0.3912,0.25004,1.55233,0.55593,-0.80317,0.63492,-1.38667,1.6701,1.82705,-0.60388,1.11383,-0.23026,-0.66773,0.16042,-0.2975,-0.15401,-1.44185,-1.14224,-1.82594,0.85704,-1.07397,0.55468,-0.73286,-0.1484,0.74008,-0.31393,-0.49545,0.12202,-0.01426,-0.24754,0.24046,-0.88238,0.48211,-0.90115,0.60754,0.01677,1.88426,0.08095,-0.51497,0.95754,1.11128,-0.7945,0.80824,0.61537,0.8901,-1.34873,-0.57685,-1.56786,-1.06576,0.84917,2.13571,0.49933,-0.64847,1.44191,-1.03192,2.02008,0.74851,0.96851,1
-1.62069,-0.03258,0.3743,-1.50759,-1.97983,0.87459,0.61967,-0.2028,-0.05374,2.13394,1.21443,0.92029,1.49868,-0.44282,1.00074,-0.11399,0.46606,1.01881,-1.01513,0.70212,0.59952,1.08908,-0.86068,0.03876,0.78932,-1.44406,0.40946,-0.64088,-1.63046,-2.12706,0.24509,-0.35641,-0.87961,-1.68202,1.26386,0.89877,0.43698,-0.45798,0.64247,-0.27993,-0.66021,0.33881,-0.39655,2.2623,-0.73203,1.3183,-0.23869,-2.67976,-0.51974,-0.54214,-0.2848,0.90865,0.60775,1.65211,-0.21995,-0.20608,1.8731,0.12644,-0.36942,-0.11535,0.47084,-0.51702,-0.77213,0.42482,0.96666,0.10421,-1.8568,-0.37075,0.81444,-0.63793,1.1323,1.68215,0.19982,-1.07857,-1.47058,0.20196,-1.17439,1.33313,-0.15899,0.4205,-0.00069,-0.57188,1.51704,0.3835,-0.87514,0.92051,-0.16711,0.13812,0.30278,-0.01864,0.41355,-1.3297,-0.77463,-1.10396,0.69438,0.32105,-0.19683,-0.00686,-0.49752,1.47574,1.10615,0.45032,1.13424,0.06806,-1.05253,-1.36254,-1.00676,0.48286,0.26939,-1.0908,-1.48244,-0.67955,-0.71266,1.37148,-0.71507,1.63937,-0.22905,-1.5351,0.12279,1.20585,1.03296,1.55626,0.18019,-0.35176,-0.05278,0.06802,-0.67936,-0.93798,-1.42596,-1.57445,-2.00025,0.60708,1.06575,-1.20371,-0.21379,0.80648,1.41191,-0.45265,-0.13307,1.29953,-0.00304,-0.39035,1.31965,0.14563,0.96574,-0.20977,-0.31035,-0.914,1.31193,-0.15241,-1.82458,-0.01439,1.25655,-0.22876,0.38909,-0.23945,0.80389,-1.33263,0.62681,0.28885,1.40058,0.41962,-0.66365,0.04992,0.55233,1.05859,-0.19523,0.79232,1.34013,-0.04208,-0.73729,-0.41352,-0.77121,0.95843,0.09243,0.92733,-1.20977,2.54752,0.11904,-0.04426,1
0.45368,-0.71841,0.28219,2.90475,-1.64122,0.06222,1.2627,1.3097,1.09839,0.28693,-1.21414,0.0785,-1.30317,0.52892,0.45642,0.16998,-0.40454,0.16618,-0.94574,-0.52029,0.64702,-1.06296,0.40601,-1.14896,0.84581,0.19117,1.02148,-0.17815,1.09027,1.29947,0.3373,0.55159,0.79018,0.07433,0.19186,-0.24719,-1.30053,-0.41459,-1.35516,-1.32892,-0.94888,0.77634,-0.70333,-1.21221,0.54877,0.57256,-0.66438,0.40937,-2.09897,-0.39309,0.99345,0.37979,1.01541,-2.25467,0.39745,-0.82617,2.31957,-0.10146,-0.065,-1.48389,1.33905,1.39734,0.5826,-0.74582,1.08327,1.12139,0.8304,0.20215,-1.5758,0.38607,-1.06673,0.62387,-2.60088,-0.78396,0.60743,-0.05883,-2.42763,-0.60156,-0.79726,0.11382,0.79245,0.02816,1.16938,-1.77062,-0.26239,0.31156,1.44378,-0.28699,-0.6487,0.72,0.21831,-0.39945,-0.42155,1.93279,-1.62794,0.46129,0.65512,0.46808,0.69903,-0.38579,1.08325,0.00081,-0.95755,-0.5557,0.05361,-0.16124,-1.00944,0.23667,-0.95155,-0.297,0.83452,-0.8042,1.75242,-0.04774,-0.22549,1.03775,-0.45145,-0.8491,-0.20764,0.89525,0.2295,1.04741,1.28688,2.05988,0.23216,1.21294,-0.17795,1.03426,0.43004,1.05289,-0.29104,1.13466,-0.01079,0.52288,-0.84002,0.25924,-0.86737,-0.65134,-0.9425,-1.32886,-0.64552,0.08515,0.67374,1.08577,-1.13044,1.05887,1.49687,-0.43876,2.19007,0.12087,2.41427,-0.98483,-0.07208,-0.01483,-0.04151,0.21875,1.34556,1.05417,-0.67891,-0.00938,0.56219,0.21891,-1.01234,1.73612,-2.72238,1.84569,-0.48718,-0.00481,1.2013,0.15784,-0.37997,-0.39117,-0.36883,0.20751,-0.65343,1.73393,-0.68771,0.24059,2.18094,1.61414,0
0.65455,-1.08021,0.28217,0.93628,0.85837,1.62958,-0.54345,1.0721,-0.46437,1.01158,0.08315,0.30847,0.12855,0.26531,0.83277,1.1709,1.9946,-0.08794,-0.19522,-0.77336,0.83466,-0.61323,1.08529,-0.80864,-0.66207,2.3297,0.00866,-1.81525,0.61633,1.45115,-0.51483,0.57337,0.13403,-1.29768,-0.6468,-0.07012,-2.3555,-0.75914,1.22525,0.61461,0.63044,0.23273,0.57556,-3.08018,0.71482,0.63584,-2.1047,-0.8352,-0.77562,-0.65238,-0.21653,-1.96722,-0.26721,0.44228,-0.03751,-1.46787,2.72349,-0.54563,-0.26767,-0.5259,1.7713,0.60717,1.19195,0.51176,0.58104,0.89528,-1.22998,2.0869,0.95011,-1.77908,-0.69194,2.40333,-0.02707,-0.66869,-0.50945,0.45145,0.36742,-1.6134,-1.61774,-0.12552,0.52483,-1.74952,-2.04386,-0.83218,2.21284,0.76534,-0.3749,-0.28559,-0.06581,-0.7019,0.98853,-0.42403,0.51819,1.0504,0.54622,0.52113,0.01513,0.72706,-0.13816,-0.18872,1.03227,-0.58642,0.78584,-0.06826,-0.82367,0.16047,-0.21938,1.20602,-0.08199,0.12259,0.40919,0.15733,-0.85915,-0.73888,1.65208,0.95888,0.40137,-1.62969,-0.78119,-0.76854,-0.89727,1.23771,0.05184,-0.02389,-1.05754,0.7464,-1.23777,0.15065,1.0465,-0.53439,-0.35216,0.30044,0.57961,-0.22994,-0.94277,-0.45913,0.2351,-0.21797,-0.5444,1.29902,-2.003,-0.22249,-0.97028,0.07098,0.67842,-0.11744,-0.50131,-1.4592,-0.59151,1.71193,1.42615,-0.25351,0.54165,0.25781,0.54635,-0.27473,1.55383,-0.70469,0.06232,-1.19291,0.05452,-0.29713,0.28498,0.0215,-0.19598,0.55708,1.16885,-0.57902,-0.52213,2.14885,1.12457,1.71667,0.48706,-0.82524,-1.51276,-1.93899,-1.86917,0.32234,-0.74551,-1.08948,0
1.22558,1.80766,1.47625,0.35069,0.04679,-0.66742,-0.67436,1.6763,0.19268,0.15089,0.56377,0.87449,-0.17423,-0.74951,-0.44252,-1.048,0.97184,0.85633,-0.25314,1.53188,1.32162,0.38359,-0.75667,0.29782,1.88505,-1.01595,-0.17353,1.97322,-0.98948,0.19384,0.25188,-1.35994,0.12331,0.08831,-2.44648,-0.75162,1.84333,0.84324,-1.16039,-1.89168,-0.45451,1.60426,-0.31925,-0.16896,2.27132,-0.59248,-0.37122,-1.14171,-0.33635,-1.91098,-0.78772,1.06993,-0.60696,1.69126,0.32417,-1.23118,-0.74726,0.82226,0.44851,0.31568,1.25413,-0.17718,0.63629,0.24395,-0.60576,0.72095,-0.72072,1.34493,0.88181,1.14716,0.1146,0.03553,0.95657,0.76634,0.19278,-0.79012,0.69296,0.99351,0.27897,0.21566,0.63895,0.42645,-0.65698,-2.00415,0.11603,0.46908,-1.50676,-1.3844,-0.23637,1.66354,2.12747,-1.60106,0.50745,-0.00676,-0.16704,-0.41617,0.99705,0.35588,-0.52509,0.15299,-0.26561,-0.52988,-1.20861,0.32344,0.35518,-0.59409,0.29371,2.10265,1.46879,0.33986,-0.27664,0.16576,1.01618,-0.53154,0.39557,-0.62434,1.31289,-2.25483,0.19238,0.3195,-0.38557,-2.43156,0.97994,0.75346,-0.87149,0.57379,-0.34569,0.28158,-0.50329,1.57141,0.90615,-0.72795,-0.95198,0.42673,0.17043,1.17318,0.96263,-0.49668,-0.36176,0.40393,-0.32582,0.48843,-1.66949,1.5777,0.97402,-0.45057,0.77189,-0.22241,2.25747,0.01405,-1.24037,-2.09914,0.23262,-0.76572,-0.01754,0.78229,1.86694,-0.35458,2.02188,1.6458,0.77338,2.01901,0.65077,-0.19327,-1.17194,-0.52917,-0.8645,0.69905,-0.5316,0.21146,1.48715,-1.57061,-0.55185,0.31643,-0.16967,-1.22615,-0.48167,-0.1519,-0.00653,1.14535,1
-0.41946,0.80477,-2.03153,-0.68067,0.58573,1.61386,-0.0831,0.16252,-0.91166,0.08957,-0.91867,-1.44929,1.75997,0.11219,0.56263,-0.69539,0.63597,0.85396,-0.79895,1.84942,-1.06681,-1.11292,0.61344,0.47466,0.99959,-0.40083,-0.29741,1.44713,1.26429,-0.23205,1.4817,-1.21536,-0.5566,-0.79833,-0.51594,-2.02235,1.19075,0.69866,-0.43387,-0.72581,0.42943,0.78954,-0.1167,-0.56871,0.25959,-0.15801,0.07476,0.2948,-0.46051,-0.66271,0.12058,-0.07245,0.79823,-0.4879,0.4135,1.36322,-1.49776,0.3969,0.77356,-0.10101,-0.31725,-0.39361,0.53824,1.26975,0.52202,0.68509,0.12776,0.77962,0.06962,-0.52135,-1.02401,0.15549,1.39046,0.34683,-1.09962,0.95243,-1.67496,0.30653,0.23616,0.82538,0.78873,0.53434,1.20306,-0.39789,1.15393,1.10481,-0.03307,0.82208,1.21364,-0.6666,-0.02119,-0.592,0.77796,-0.50141,-0.10489,-1.89373,-2.07365,-1.3631,1.67184,1.36977,-1.25525,0.58502,-0.90356,2.61875,-1.08452,-0.02049,0.10093,-0.88914,-0.69366,0.28589,0.28558,1.04742,-0.90318,-0.15929,0.65732,0.04282,0.14225,0.82417,-0.03897,0.36049,-0.63711,0.68418,0.4447,-0.45955,0.68083,0.75866,0.33447,1.19981,-1.21054,1.7762,0.15634,-0.93847,-0.57468,1.31727,-0.62723,-0.43971,2.65972,-1.07206,-0.03316,0.69685,-2.42261,-0.27996,0.83002,-1.10796,0.28705,0.54351,0.65513,-1.07772,1.19933,-0.74059,-0.55304,0.16299,-1.17394,-0.75706,-1.33353,0.01831,-0.0333,0.53423,0.92525,0.58207,-1.03795,0.77674,0.44004,-2.06343,-0.505,0.27951,0.08443,1.02473,0.00123,-0.32107,-0.66306,0.87511,-0.37797,-0.97137,0.71264,-1.793,0.30276,-0.90819,0.62852,0.12771,1
1.13471,1.07833,1.475,0.59558,1.11238,0.78494,-0.4659,-0.83305,-0.36602,-0.13922,0.25337,0.78506,-0.66211,-1.53603,-0.75196,0.14039,1.10543,-0.57117,-0.52566,-1.12467,-0.01336,-1.60772,-0.72092,0.56435,0.36431,-0.24803,-1.47311,-1.56272,-0.35046,0.35261,-0.72631,0.51024,-0.54211,-0.27201,-1.88003,-1.24192,0.72297,2.34108,-0.44488,0.7876,-0.84922,-1.8152,-0.01362,0.48116,1.09634,0.04015,-0.97616,-0.31886,0.83828,-0.5598,0.29601,1.19753,-2.00466,-0.98323,-0.33347,-1.90463,-0.52193,-2.27636,0.2461,2.29538,0.25668,-1.32049,-1.27075,0.66966,0.4319,0.89525,-0.29177,-0.25215,-0.1934,0.67792,-0.01926,0.73771,-1.37102,0.85331,1.92632,0.59136,-0.91144,0.63929,-0.3054,-0.45838,-1.08242,1.13545,-0.791,-0.15139,-1.21405,1.15947,0.16213,2.18845,-0.3702,-0.21036,1.37775,0.30876,1.04797,-1.13016,-0.88176,-0.27884,-0.86913,-0.21193,0.01745,1.80827,1.2259,1.06529,1.48521,-0.74856,0.06307,0.29928,-0.38449,0.77636,0.39013,0.41699,0.04932,-0.83428,-0.79488,1.87345,-0.12334,-0.30307,1.16839,-1.62071,0.17521,-1.80726,-0.26312,-2.95135,1.4014,-1.71532,0.61182,0.03702,-0.77425,0.3604,-0.1459,-1.07831,-1.32041,1.10758,-0.27911,-1.47957,0.7855,0.8523,1.0817,0.059,-0.52221,-0.48222,-0.86487,-0.46282,0.3918,-0.48689,-0.84581,0.63361,-0.2218,-1.55621,-0.05838,-1.27499,-0.28003,-0.84459,-0.80047,-0.37126,0.5336,1.99435,-0.58718,-0.44921,0.99533,-0.4646,2.4795,-1.44509,0.15066,-0.13526,-1.00166,-0.72507,1.03591,-0.91163,0.28175,0.87416,0.87812,-0.75005,-1.44105,0.04711,-1.22534,-1.24588,0.40423,1.3512,-0.28414,-1.39111,0
0.36841,-0.59636,-0.20477,-0.35708,-0.6741,-0.12907,0.04514,-0.67965,-1.9328,-1.15791,-0.19558,0.87251,0.88484,-0.19041,-0.6972,-0.82758,-1.1089,0.06279,0.12792,-0.55155,-0.48045,-0.50683,-0.69608,0.09834,-0.45119,-0.01324,-0.25162,-0.53449,-0.60547,0.55972,0.07278,-0.412,0.85366,-0.35208,-0.20303,-2.0797,0.43812,-0.02353,0.08141,0.48011,1.30433,0.76834,-0.58122,1.95752,-0.66867,0.6141,1.26907,0.12686,0.63385,-0.69549,-0.16331,0.20056,0.0966,0.4117,-0.01663,-0.26561,0.67273,0.31293,-2.03554,-2.61279,1.55733,1.11626,-0.30729,-0.19537,-0.4549,0.86667,-0.67062,0.50274,-0.51348,1.23269,0.14312,-1.70286,-0.37024,0.6698,0.40411,1.43989,0.3331,1.758,-1.50552,0.59014,-1.09003,0.92839,1.32632,1.00287,-0.29007,-0.17514,-2.08304,-0.10426,0.30284,2.33109,-1.07688,1.41072,-0.50859,0.9021,1.02657,-0.88991,-0.55078,-0.7567,0.31925,0.59936,0.73748,1.19611,1.26895,1.33404,-0.56911,-0.13604,0.23115,-1.07485,0.76832,-0.22292,0.17952,-0.21677,-0.89684,-0.66256,-0.43715,-0.23461,-0.56586,-0.03412,-0.54332,-1.20926,-0.47463,-1.09188,1.5162,-0.79281,0.74038,-0.54693,-1.21986,1.55656,-0.0942,0.49109,-0.03993,0.87616,-1.84772,-1.46864,0.19421,-0.30951,-1.03343,-0.17341,0.44993,0.08603,1.25689,-0.87008,-0.41276,-0.06894,-0.45277,0.47244,-0.74103,-1.67285,-0.09727,-1.74323,0.56641,0.05165,0.08032,-1.64754,0.19348,-0.73064,1.16148,-0.45117,-0.36024,0.31818,-1.65609,-0.39738,-0.66141,0.81905,-1.54983,0.7682,-1.00262,0.4139,-0.93266,0.33406,-0.94264,0.00317,-1.18655,0.4981,0.69847,-0.66439,-1.36034,0.4182,-1.244,-0.16705,1
-0.61901,-0.20122,-0.21425,-0.61268,0.85469,0.63906,-0.55341,0.49802,-0.11914,0.71281,1.61201,0.54843,-1.10788,0.14714,-0.19037,-1.0878,0.37107,-2.38992,-0.27913,0.74274,-3.29377,0.36492,-0.11134,1.29815,-1.80479,-1.76449,2.48519,0.37313,0.85518,1.33283,0.32211,-0.49676,-1.40121,1.25401,-0.69194,0.37648,1.60257,1.14748,1.15834,-0.48175,1.0092,1.49609,0.85263,-0.11437,1.27534,0.48772,0.61765,-0.56372,-1.93007,0.24436,0.35087,0.29316,-1.07064,0.37,-0.73719,-1.01855,0.6296,0.74414,0.59105,-0.19183,-1.74019,0.49782,1.30345,0.31153,1.30467,0.36623,0.51764,0.71048,0.18056,0.35361,1.04496,-0.55407,0.03942,0.046,-0.23891,-0.06536,1.23393,-0.63848,-0.07905,-1.32965,-0.74815,2.84094,0.37076,0.11175,0.20756,-0.37523,-1.28995,0.24091,-0.48004,-0.52048,-0.70421,-0.32055,0.90457,-0.04609,-1.43045,-0.14,-0.56194,0.39228,-2.1716,-0.23661,1.22933,0.916,-1.14652,-0.99779,0.24124,-0.70351,2.31871,-1.27594,0.08534,0.43935,0.97576,-1.90804,-0.8742,-1.42757,1.48174,-0.31857,0.15061,-2.11356,-0.26133,-1.21412,0.25314,-0.14508,-1.29746,-0.37367,-0.34584,-0.14531,0.24955,-0.5447,0.10631,-0.76836,-0.31459,-1.23312,-1.43852,-0.86225,-0.3927,1.08507,1.2828,-0.59305,-0.91377,-0.73916,-1.10703,-1.48214,1.14747,-0.1537,0.56149,-0.02139,0.07892,-0.55574,-0.52789,-0.403,0.26106,-0.14616,0.0595,-1.96508,-1.39896,-1.34091,0.35612,-1.22035,-0.14415,-0.86256,-1.11642,-0.47805,1.75679,-0.51055,-0.03396,-2.40026,0.16704,-0.47502,-0.36111,-0.90743,0.73427,0.16556,0.97992,-0.63621,-0.49092,-1.68854,0.06683,0.42151,-0.24231,0.57188,0
1.01547,1.12596,-0.24179,-1.34174,1.31431,-1.26729,0.03145,0.82428,-1.14805,-1.72435,0.44933,-0.59307,1.31401,-0.85815,-1.18244,-2.69212,-0.38601,-0.67916,-0.35702,-0.57045,-0.99113,1.99546,1.45576,0.33369,0.81994,0.00035,0.37613,1.77163,-0.13465,-1.716,-0.00395,0.36586,-0.02027,-0.39173,-0.79553,0.49912,0.41502,-1.50768,-1.73466,1.70933,-0.70689,-1.60762,0.66539,1.18618,0.46017,-0.54719,-0.86534,-0.49419,0.63392,-0.45789,0.67139,-0.98751,-0.14216,0.31908,-0.73961,-2.68646,-1.37514,0.6928,0.26233,0.61738,-1.94576,-0.81144,-1.01935,-0.01756,0.06709,2.38899,1.65862,-0.39132,-0.02641,-1.29248,-1.44675,0.70875,0.43366,0.47132,0.59685,-1.1301,-0.82576,-1.68429,0.43195,0.80386,1.11185,-0.47601,0.94675,1.12091,0.96286,0.90986,-1.09284,-0.38025,0.19449,-1.89127,0.57688,0.77137,0.12765,-1.93077,1.92942,-1.38615,-0.85344,1.98875,0.65684,0.32945,1.91202,-1.5471,0.87276,-0.15199,-0.70489,0.00827,0.13054,-1.83051,1.05835,-0.58179,-0.48498,-1.02873,0.76062,0.01246,0.99798,0.00825,-1.44421,0.70252,-0.69667,0.11501,-1.49203,-0.07686,-0.5882,-0.71916,0.12483,-0.94826,-1.03973,-0.29786,-0.67253,0.06927,-1.54401,-0.08458,1.15739,0.3845,0.79767,0.01758,0.21455,-0.77625,-0.4748,-1.9362,0.10685,-1.01118,-0.28977,-1.29498,1.00917,-0.31754,0.65884,-0.47424,0.32842,1.00226,-0.02576,-1.58052,-0.29623,0.50617,2.16767,1.54684,0.98786,-0.09205,0.43548,0.64961,-0.20436,0.37086,-0.75518,-0.33221,-0.25451,0.78466,-0.15657,-1.05837,-1.63126,-0.40015,0.90715,-0.41481,1.51976,-0.80649,0.03162,0.33196,0.44071,1.09776,0.43918,1.42398,1
0.41008,-1.12451,0.07961,-1.2197,0.44307,-0.7096,-2.46989,0.48843,0.36069,-2.02898,-0.81425,-0.40763,0.55067,-1.97839,-0.67203,-1.87548,-0.56063,1.08632,1.49421,-0.32618,-1.23913,-0.1178,1.19978,1.86653,0.87454,-0.86923,-0.23971,-2.26537,0.80448,3.40136,-0.94398,1.83126,0.69576,-0.99379,1.09288,0.7257,1.148,-0.22607,1.35472,-1.13546,-0.00991,0.3616,-0.13443,0.41991,0.76709,0.22345,0.8995,0.97322,-0.00453,-0.85638,0.9812,-0.76542,0.58293,0.00732,-0.99288,1.32097,-1.57171,-0.91898,-0.61003,0.34805,-1.32986,-1.03157,-0.19566,-1.12638,0.36808,2.66803,0.08797,-0.75784,0.34032,-0.67248,-0.35122,-0.89332,-0.31154,-0.726,0.87129,0.07003,0.16594,0.84013,1.08749,-0.29519,-1.511,1.13738,-2.18577,-1.62916,-0.57804,-0.81914,0.04303,-0.95643,0.99631,0.13438,0.12803,-0.1888,-0.12056,-0.64742,-0.60848,-0.98669,-0.5346,-0.07506,0.45663,-0.74895,0.61618,0.78776,0.30081,-2.37686,0.47675,-1.30606,0.17376,0.9869,-0.46577,-0.74526,-0.58608,0.63943,-0.54757,0.14863,-0.48983,0.0243,0.66546,0.29482,0.22562,0.94204,-1.06008,0.17187,-1.13852,0.27715,-0.54913,0.93603,0.54152,0.04146,1.66962,0.90865,2.75054,-0.31133,0.01194,-1.29261,2.09865,1.39467,0.84337,1.16664,-0.74673,1.70585,0.01254,-0.8868,-0.89467,1.69761,0.28985,-0.40751,1.4977,0.97919,0.40389,-1.94819,2.21429,-0.79134,0.54202,-0.67879,0.47448,-0.90679,-0.93767,-0.54966,2.27593,-1.36393,-1.47541,-0.28379,1.59475,0.81212,0.67723,-1.57839,-0.98329,0.33414,1.31642,0.32126,-0.06684,0.11066,-0.1718,2.17736,-0.3597,-1.71122,1.32569,0.58575,-0.56599,0.57243,0
0.66215,-0.96683,0.69047,0.1254,0.53838,0.39541,0.00686,0.14221,1.90506,0.72344,1.20517,-0.46513,1.07997,1.53424,1.14632,0.43189,-0.94332,0.42325,-0.70602,-0.42865,-1.53728,-0.64503,0.69065,-1.16867,0.13458,-0.15436,1.20031,0.56383,1.48261,-0.54652,1.68316,-1.15441,1.2999,-0.97405,-0.43637,-1.59561,-0.77894,0.78008,0.50011,-0.21152,0.16852,0.12719,0.83805,0.47286,-1.20059,-1.95713,-1.62326,-1.01038,0.1813,-1.54674,0.10829,0.14198,0.62548,1.53932,-2.1,0.68373,0.931,0.46737,-0.40059,-2.64199,-0.28861,0.10426,2.02652,-1.15258,-0.73942,-1.45979,1.41763,0.12685,-0.63331,0.21771,0.57555,-1.59639,0.76656,-0.73602,-2.14448,1.68899,0.05733,0.76346,2.49349,1.70201,-0.31174,-0.17926,0.5225,1.0605,3.02175,-0.52001,0.27049,-1.58552,-1.11106,-0.06503,-0.99034,0.54853,-1.58788,0.14886,-0.9867,0.19619,0.35409,0.71474,0.26416,-0.30758,0.47346,0.60613,-0.73768,0.89133,1.32371,0.53462,0.65111,0.8179,-0.06993,0.88648,-0.60375,0.66396,-0.42832,-1.13006,1.05164,-1.9492,1.0311,1.16905,-0.1678,-1.18726,-2.15103,-0.81354,-0.96158,-0.34493,-2.31377,-0.93779,-0.319,1.11302,-0.02058,-0.93707,-1.57117,-0.64754,-2.14551,-0.87162,-0.96607,0.30344,0.48092,-1.71234,-0.4289,-0.65174,-0.32752,1.01116,-0.046,0.61557,-0.41484,0.4952,0.17594,-0.50382,0.67582,0.02505,-1.93641,0.55752,-0.67183,0.22741,0.50958,-1.40669,-0.06377,1.35153,0.32289,-0.54351,-0.84913,0.30994,1.08931,-0.73832,-1.40788,-1.47777,0.28657,-0.06144,-0.57475,2.14933,0.74208,1.70834,2.09129,-0.57039,-1.8731,-1.25136,-0.12729,-0.06841,0.24297,-0.15091,0
1.32341,0.34826,-0.91176,0.91836,1.01885,-0.31583,-0.49055,0.84661,-0.5837,0.11531,-1.25448,0.57083,-0.29576,0.61619,-1.09596,0.96898,-0.69916,-0.90442,1.36194,-0.64022,2.19774,1.34788,-1.97347,-1.02949,0.64588,0.30117,0.097,-0.74812,1.56599,0.23785,-1.39734,-0.20529,0.13918,-0.07627,0.90763,-1.35666,-1.35105,0.01973,-0.16606,-0.95525,1.17224,-1.25415,-0.87061,0.6314,1.53304,1.74663,-0.81094,-0.12708,1.44787,-0.21696,0.79188,0.81393,0.4338,0.39578,-1.87956,-0.16168,0.09292,-0.94654,0.39225,-1.71803,-0.83164,-0.99195,-1.17453,0.0786,0.45117,0.14985,0.15424,0.87985,-1.0509,-1.34272,0.61738,-1.97288,-0.47879,0.1288,-1.44131,-0.80756,-0.62654,1.13505,0.41678,0.03157,-0.17938,-0.81292,-0.16481,-0.4516,0.19391,1.11712,0.56968,-0.05998,-1.08631,0.5116,0.32471,-1.78778,-1.76799,-1.53355,0.542,-0.33934,0.06597,-0.50105,0.48702,-2.56228,-0.76801,-0.94655,0.72365,-0.13257,0.2542,-1.39525,-1.25155,-1.2538,-0.20957,-0.08506,0.95973,1.30314,0.09291,-1.20937,-1.81673,0.96259,1.71146,0.86144,-0.10135,0.77533,0.65575,0.00813,-0.31352,-1.17512,-0.44601,-0.40453,-0.3539,0.25981,0.13043,0.3711,0.09084,-1.01137,-0.37436,0.11572,0.09163,-0.10625,0.02758,0.07615,0.21542,1.43642,-1.3071,0.92788,-0.22944,-1.5326,-0.11865,-0.86122,0.10903,0.3307,0.80945,0.17631,0.69006,-0.75759,0.08804,-1.26385,1.35352,-0.04283,0.76043,0.14098,-0.69127,-0.02182,-0.62759,-0.96823,-0.29936,-0.79399,0.09753,0.07287,-0.91699,-1.67084,0.58213,-3.52426,1.07905,-1.70647,0.24971,1.23261,0.67575,0.07261,-0.50205,-0.25421,1.13388,-2.27167,1
0.57584,1.17554,-0.51346,-1.05783,-0.76935,-0.64737,-0.90318,-0.76882,1.62731,0.31744,-0.67057,0.14669,0.01858,-1.26587,0.63353,1.37696,1.07483,0.96257,0.1579,0.11338,-0.67707,-0.0681,0.91334,1.0838,0.10743,0.86951,-0.01647,0.64641,1.4817,-1.49815,-1.03418,-0.21592,0.63469,-0.80595,0.81152,1.05758,-1.50894,0.97438,0.61678,-0.06432,0.25673,-0.5911,-3.43781,-1.19823,-1.27849,-0.08744,-0.16308,0.04437,-0.6989,0.36963,-1.4225,1.25511,-0.1371,-0.53591,-0.6761,-1.68212,0.69437,0.45728,-0.0224,0.12127,-1.89478,-1.0951,-0.01962,-0.32901,-0.81968,0.44097,0.83149,-0.31008,0.40111,-0.13007,0.07321,-0.78869,-1.90934,0.28143,0.60007,-0.31355,0.99289,-0.9208,0.90707,-1.92849,-0.74995,-1.57174,1.84958,-2.81429,-0.19183,0.13694,0.7852,0.83022,-0.27783,0.32641,-0.17858,0.68385,0.1093,0.55917,-0.10958,2.16493,0.6663,2.02866,0.16326,0.87432,-0.84995,-0.75477,0.62829,-2.22587,0.53438,-0.23618,-0.21036,0.14427,0.60988,0.47137,0.236,0.91244,-0.55527,0.76284,0.13307,0.08354,-0.66086,-0.07133,-0.5709,0.17979,-0.62626,-0.44036,-1.15782,1.83209,2.19466,-0.75836,-1.45242,0.19086,-1.58274,1.04136,-1.80313,0.17172,1.33976,0.92062,0.60209,-0.31655,-0.95551,-0.2677,0.05863,0.95273,-0.55186,-0.31089,-0.25746,1.29948,0.69325,0.13669,-1.45488,0.5048,-1.58237,-1.03987,0.09147,0.93156,0.37644,-1.50734,-1.60306,-0.43254,0.13979,-0.67723,2.37656,-0.14763,0.21405,-0.85843,-0.34663,-0.38525,1.37343,0.31286,1.46066,1.33751,-2.3179,-1.05487,-0.44759,-0.94504,0.19913,-1.38713,-1.25754,-0.05461,1.44528,-0.87804,-0.06027,-0.218,1
-0.87267,0.25771,0.08558,-0.80561,0.67278,0.45764,1.52167,-1.17158,-0.40664,0.59411,-2.11642,-1.34148,-0.03596,-0.85811,0.93383,1.4961,1.77971,0.56776,-0.02455,-0.26637,0.59182,-0.48274,-0.86349,-1.03891,0.48253,0.99345,0.80641,-0.86797,-1.19667,-0.16915,0.9226,1.44805,0.3005,-0.10058,-1.73844,-0.39198,-0.49164,-0.34028,-0.8427,-0.43619,-0.06145,0.98405,-0.41006,-0.22647,-0.79625,-0.05333,-1.52843,-0.92384,0.50743,-0.52032,0.64557,-0.05381,1.96174,-0.10392,1.75651,-0.93551,0.2373,-0.35566,-0.15481,0.17262,0.49753,-0.18048,-1.08109,0.09884,-1.16748,0.82807,-0.16345,-1.85727,0.90573,-0.66548,-1.07706,1.03274,-1.82438,-1.14027,0.28519,-0.59907,-0.91435,0.96927,0.3158,-0.3329,0.38459,-0.3801,-0.11019,1.21188,-0.82104,1.14804,1.84722,-0.11796,1.11332,-0.00654,-1.03439,-0.60974,-0.08708,-0.09974,0.9749,-0.36195,0.00423,-0.27406,-0.69703,0.39601,0.48971,0.78581,1.91356,0.95776,0.13502,1.82231,1.30828,0.50058,-0.77589,-0.55177,1.58294,-0.04087,0.11939,0.75802,-0.08017,0.13897,0.37998,1.24886,0.6062,0.89521,1.39549,-0.12247,0.47407,1.10202,-0.38206,0.60957,-0.35224,0.09234,-0.6159,-0.026,-1.04555,-0.76195,0.17849,0.78932,-2.79262,-0.11116,-1.89235,-0.81873,0.51789,-0.37287,0.44942,-0.1143,0.23009,0.6819,-2.6462,-0.53952,0.62079,0.76214,-0.90031,0.09234,0.37509,-1.22231,1.48516,0.08242,0.4611,-0.93121,0.4418,-0.86334,0.73883,1.17536,0.44752,0.33305,-1.70987,0.31326,-0.75628,0.0749,-0.00043,0.83403,1.61705,1.32337,0.86628,0.89559,0.32432,-0.02285,0.1229,-0.92776,-1.33284,-0.24486,1.54259,-0.96369,0
-1.19,0.36336,-1.27816,-0.70163,1.35059,1.35697,-1.66544,-0.64637,1.00019,0.22989,0.91874,-0.03912,0.0625,1.93351,2.04762,1.09752,0.44849,0.52154,-0.54206,1.04296,0.17414,1.32013,-0.11757,0.95592,0.36156,-0.68322,-0.91539,-0.98733,0.35374,-0.89324,-0.94078,-0.1656,0.27844,-0.92444,0.11772,0.79731,-0.65108,-0.81753,-0.91979,-0.19159,-0.81884,1.31037,-0.01358,-0.10675,1.39121,1.60679,0.80145,-0.59136,-1.37004,-0.46232,0.97233,-0.9888,-0.84054,0.88702,0.58278,-1.18402,0.91314,-0.48217,0.08748,0.03978,-1.20426,-1.64179,0.19495,-0.47424,-0.49568,-1.12141,0.29254,-2.04376,-1.06572,0.36529,0.45126,-1.9061,0.05723,0.05566,1.39126,1.46488,0.00899,-1.62013,-1.05625,0.83742,0.01525,0.24029,-1.49508,-0.94694,2.15381,0.34304,0.00467,-2.16656,-0.82376,-0.68957,0.11243,-0.36861,-0.77237,-0.66381,0.846,1.82674,0.89849,-0.44798,0.8572,1.21141,0.91989,-1.58154,-0.29322,-0.36857,0.22085,0.20697,0.15492,-1.1736,-1.2424,-0.84542,-0.05197,-0.6083,0.30161,-0.70509,0.95406,-0.48454,-1.3342,-0.716,-0.18409,0.55893,-2.59705,1.77218,-0.57909,1.5063,-0.53703,-2.37177,-0.2075,-0.27143,0.58311,-1.21798,-0.56137,-0.06201,2.74412,0.06844,-0.81858,-0.55781,0.71051,-0.39571,-1.02812,-0.82506,1.70049,-0.55813,-1.20831,-0.29574,0.4416,-0.86331,2.1685,0.21908,-2.35971,1.35908,-0.62976,0.53979,0.67247,-0.23286,0.82495,-1.3853,0.25353,0.48033,0.7747,0.07086,-0.27724,0.6539,-0.0788,0.23084,0.69188,-0.69982,0.03995,-0.12615,-1.38263,1.57381,-1.96429,0.86469,1.91799,-0.5401,-1.59468,0.43489,-0.43951,1.03613,-0.41999,1.22335,0
-0.14852,-1.50486,0.02209,0.21199,-1.68936,-0.16856,0.25437,-0.41971,-1.66186,-0.26157,0.30008,1.72657,-0.92188,-0.89606,1.04678,0.78482,-0.10322,-0.10652,0.49044,-0.64842,0.18622,-1.50167,-0.15966,0.56017,-0.99315,-0.55322,1.51719,-0.87086,-0.66021,0.14247,1.26704,-0.12857,-0.43156,0.28502,-1.52948,-0.52872,1.03041,0.90609,1.25308,1.64091,1.10852,-0.628,0.29554,1.48973,-0.04143,-0.52736,0.73655,-0.23031,-0.69804,0.77308,-0.74617,0.01876,-1.36783,0.42907,-0.07022,0.31549,-0.61528,-0.88449,-0.88657,0.42025,0.82707,0.5927,-2.03357,-0.6652,0.56388,0.88483,1.64337,0.91867,-0.1708,-1.13831,-0.40785,0.75387,-0.02004,0.43027,0.18958,-0.68413,-0.23325,-1.31908,-0.44916,-1.48671,0.23486,-1.6249,-1.13294,1.18237,-2.02436,-0.20286,0.25543,-0.13476,0.90875,-1.32766,-0.24956,-0.29626,1.24815,0.52744,-0.03203,-1.01442,-0.87506,-0.83122,1.01503,0.10773,-0.1905,-2.37596,-0.65274,0.87657,0.80005,-1.71254,-0.5671,-0.31429,1.73779,-0.28181,1.2766,1.07499,0.3764,1.18564,1.21901,0.16486,-0.32378,0.41398,0.83163,0.39898,1.87475,1.25828,1.45434,1.55015,-0.28836,-0.27104,0.06688,1.60319,0.95252,0.49959,-0.84289,0.00063,0.74138,2.12774,0.58792,-0.34576,-1.38965,1.44919,-0.44193,0.17814,-0.32324,0.20868,0.38137,1.11517,-1.87118,-1.1649,2.74768,-1.38417,-0.91397,-0.60184,0.65656,0.72375,1.69997,-0.54129,-0.84161,-0.76093,-0.19231,-1.59053,1.81088,1.42938,0.97833,-0.4106,-0.4531,1.85142,-1.47471,-0.81024,-0.7083,0.10793,0.19735,0.77132,0.49229,0.04326,-1.06735,0.53208,-1.17354,1.16761,0.01624,2.643,1.10195,-1.4667,0
-0.44104,-0.25644,-1.72725,0.94384,0.17046,-0.01424,-0.66168,-0.49341,-2.45483,-1.59431,0.03217,-0.9306,-0.44408,0.64946,0.29151,0.58872,-1.15919,-0.21375,-1.77111,0.8773,-0.13059,0.48232,-1.61516,1.46177,0.31736,2.15643,-0.92179,0.54062,-0.40929,-1.24224,1.15464,-0.51387,-0.3319,0.94376,2.49639,0.44285,0.66389,-0.71126,-0.38438,0.27402,2.05336,1.49167,0.45876,-1.16052,-0.90953,0.93324,-0.62165,0.46284,1.10004,-0.01466,0.3205,-1.43807,-0.26994,0.14792,-1.94061,1.26609,-0.71193,0.18242,0.16766,1.15702,0.01765,0.65612,-0.15876,1.59218,-2.09864,0.98501,0.48819,-0.57444,-1.55458,0.57465,1.16401,-1.85409,-0.01546,1.90501,-0.1618,-1.44422,-0.63847,-1.08355,0.40829,0.00755,-0.42257,0.7521,0.24262,-1.77364,0.13053,-2.29075,0.71523,0.50411,0.00727,0.45095,1.02759,-1.13409,0.67561,0.62065,3.56206,-0.26549,-0.25728,-0.59158,-0.94084,-0.27236,-0.11621,1.39581,-1.19586,-0.04568,-1.4649,-1.49362,-2.09721,1.63941,-0.99669,-1.5965,-0.58892,0.36594,-0.30991,-0.84893,0.51475,-1.21159,-1.43422,-1.12224,0.43816,-0.17366,-1.48332,1.34102,-0.6218,-1.7528,1.33774,2.21015,0.37421,0.59795,1.17353,1.39283,-1.64959,1.52885,0.47099,0.23116,0.00602,-0.34586,-1.51951,-0.78379,-0.06037,-0.02603,0.28901,0.50074,-0.81458,0.20604,1.76956,-0.70707,-0.7915,0.13812,0.48676,-0.58266,-0.11177,0.99393,-0.31522,-0.71182,0.39739,0.15864,-1.47446,0.31438,0.69835,-1.06872,0.30803,0.27858,0.26713,0.72751,1.38019,-1.04997,0.11633,-0.01221,1.07135,0.01039,0.54428,1.14924,-0.93741,-0.78298,1.08727,0.82991,-0.71984,-0.44141,0.75093,1.11164,0
-0.76443,-0.45287,0.43758,0.63348,-0.62877,0.03894,2.02325,-1.11475,-0.66091,2.79818,-0.31482,-0.83755,-0.27779,-1.29173,0.75984,-0.8967,1.58012,-1.22835,-1.14714,0.55153,0.44122,-0.36393,1.79056,2.14346,-0.7815,-1.39513,-0.60547,3.73655,0.74016,-0.95905,-0.14393,-0.22591,-0.11472,0.79138,0.03452,-0.80655,-0.55358,0.47002,0.226,-0.80051,1.53689,0.74839,-0.41712,-0.8459,0.48936,0.03,0.95128,-1.7825,-1.79836,-0.25852,0.66008,2.06586,-0.71723,-2.85835,1.88765,1.15907,-0.88263,0.03852,1.62396,1.33079,1.44969,-0.12497,0.17866,0.08323,0.51084,0.54746,0.32258,0.60538,0.29505,0.99856,-0.4791,-1.65106,-1.30705,0.19785,-1.12201,-0.35255,0.14633,-0.53501,-0.45364,-0.85325,0.61037,0.02799,0.10366,1.4749,1.25055,0.89627,0.16631,0.21793,-1.56712,-1.67437,0.29969,1.26725,-0.0204,1.00659,-1.57945,1.19493,-1.26275,-1.0665,0.16463,0.14627,0.79845,0.25026,1.52628,0.39432,1.92116,0.44317,0.40884,0.57162,-0.50004,1.66615,-1.30879,-0.61513,-0.47779,0.00635,0.10507,-0.80486,0.10166,2.16247,-1.73902,0.69187,1.45552,-1.1652,-1.17089,0.71425,-0.47542,-0.29913,0.37547,-1.76616,-0.61417,0.01513,2.28096,0.54479,-1.32071,0.38075,0.48781,0.54176,-0.01861,0.85076,-1.17141,0.79032,-1.19805,-0.19464,-0.69473,0.63446,-0.24345,0.2431,0.71993,0.07605,-0.16799,-0.69356,-0.0221,-0.42686,-1.60632,-0.26094,0.94114,0.19438,0.03294,1.84181,0.92191,0.60119,-1.003,-0.90588,0.11146,1.82996,-0.79094,-0.19805,-3.43344,0.50073,0.09732,-0.52009,0.80911,-2.16663,-0.11327,0.40351,-0.6587,1.06058,-0.57399,1.32832,-0.34195,-0.14796,0
-0.15162,0.50327,-0.97728,-2.41533,-1.18007,-1.89238,-0.19911,-0.08241,-0.45426,0.0356,-1.03009,-0.46153,0.42277,-0.96559,0.30029,0.2755,-0.42329,-0.8014,-0.33175,-0.15925,-0.32101,2.22451,0.93903,0.75149,1.18718,-1.57581,1.85657,-0.10064,1.25929,-1.42076,0.83132,1.83673,0.55712,-0.0576,-0.7139,-0.77635,-0.70755,-1.17314,-0.5683,0.25944,0.95085,-1.41624,-0.38738,0.7094,0.12251,-0.04475,0.50574,-0.22208,-0.82959,1.16144,-1.95725,0.4719,0.87798,-1.10904,0.12348,-0.30316,-0.94763,0.40465,0.61003,2.1657,-1.39823,0.1434,-0.87467,-1.12303,-0.42564,-1.09137,0.49145,0.4037,0.29393,0.42016,1.1564,0.22977,0.85521,0.09294,0.20932,1.43957,-0.12314,-0.89535,0.09391,0.62418,1.40229,0.06792,0.29399,-1.41468,0.57705,-1.113,0.15594,0.18476,1.84142,-2.10846,2.08905,1.31594,-0.83511,-0.30693,0.11306,-0.40633,0.32796,0.40896,1.36685,-0.25914,1.3296,0.08258,-0.90193,0.04306,2.13737,0.52935,1.22612,1.83222,-0.09721,0.52645,-1.73354,-2.87031,-0.72333,0.48444,0.52145,1.54303,-0.95331,1.3459,-0.1856,-0.07889,-1.9101,-0.31843,-0.25261,-0.5964,0.12278,-1.27213,1.33549,-1.10022,0.79136,0.63995,0.79581,-0.69759,-1.67141,-0.13277,0.42585,-1.16021,-0.10763,-0.16078,-1.06638,1.27751,1.23953,1.46187,0.07297,0.53596,0.02599,1.03635,1.59876,-0.71538,0.75651,2.57575,-1.78104,-0.74596,-0.89117,0.34483,0.81154,-1.74549,0.00702,0.15351,2.0012,-0.73976,-0.331,-1.89584,-1.16729,-1.90753,1.8839,1.63155,-0.22791,0.81955,-0.18509,0.53107,0.75194,1.64029,0.3515,0.80411,-1.19237,-2.15924,-1.14038,0.37406,0.66676,0.54087,0
-0.49889,0.5961,0.1387,0.78863,0.27649,-0.14537,-0.24149,0.45888,1.13858,-0.45127,-1.77586,-0.64791,-0.13387,0.21904,0.22833,-0.3187,-0.82729,-1.84441,-2.35685,0.20033,2.3316,-0.10307,0.1457,0.93756,-0.54519,1.27783,-0.17178,-0.78184,0.61154,0.8277,-0.84567,0.76333,1.35153,-0.90774,-0.16379,1.00033,-0.03397,-1.33812,0.8373,0.03042,1.02434,1.54036,-0.0334,1.45074,-1.1244,0.85227,0.8767,0.34613,0.36096,0.53084,0.21113,-0.20273,0.01766,1.00164,0.73228,0.58734,-0.37459,-1.41439,-1.32528,-0.32548,0.6877,-0.23891,0.67654,0.01934,1.09298,1.0088,-0.50547,0.96564,0.99164,-0.39366,-0.44489,0.53458,0.4217,0.02959,-0.09118,-0.81706,0.72127,-0.2272,1.10019,-1.3165,-0.1726,0.56418,0.21532,-1.64867,1.69041,0.11469,-0.88668,0.07538,0.38177,-0.30438,-0.15112,0.01365,0.82741,-0.12385,0.49288,0.59225,0.44493,-1.42523,0.68803,0.79887,0.73693,1.65567,-0.95022,1.0572,-0.25641,-1.35472,0.33568,0.16099,-0.1354,0.91026,1.44348,0.62997,0.26258,-0.41334,-1.33832,-0.22677,0.65917,-0.08652,-0.57117,0.70418,-1.4415,0.60201,-1.45437,-1.24878,-0.29204,-0.07257,-0.77895,-0.54977,1.11937,0.68551,0.8083,0.8107,0.85021,-0.06162,0.03475,-0.60138,-0.7313,0.26221,0.14176,0.79693,-0.59977,0.2354,-0.97967,-1.07849,0.0701,0.88428,0.3658,0.30487,0.99155,-0.21233,0.42307,-0.55391,0.71466,1.57609,-0.55178,-1.87531,1.38884,-0.38057,-1.59333,2.18608,0.47813,0.35382,0.84656,-0.82868,0.60486,1.04081,2.28059,-1.07624,1.16922,0.79599,1.69819,0.67443,-0.8036,1.0826,-0.03384,-1.11922,0.57113,-1.21896,0.8198,-0.36066,0
-0.39088,0.04838,-0.86017,-1.297,-0.21168,-0.76741,-0.03526,-0.79028,-1.23433,1.03314,-0.64271,0.06754,-0.0201,-0.33803,0.94015,-0.40434,-0.35873,0.07814,-0.64371,1.11042,0.43784,-0.10161,0.97026,-0.37267,2.23976,-1.46439,0.80945,-0.22266,-1.48713,-0.55867,-1.20641,0.09596,1.77234,-0.62856,-0.02174,-1.42088,-1.76381,0.33672,-1.44089,-0.61456,0.12071,1.47073,1.1006,0.75883,0.0079,0.33745,0.18623,0.4621,-0.33846,0.6439,-0.30298,-0.7486,2.83285,0.27513,-1.24006,0.3091,0.01988,2.06264,0.4944,0.69615,-1.31236,1.71483,1.97936,-0.34937,-0.74985,0.79638,0.14673,-0.2385,-0.88741,0.14292,-0.40778,0.12419,-0.09956,-0.47453,0.29615,0.01092,0.37023,-1.0724,0.49763,0.08301,-0.35732,0.84705,-0.20215,0.00907,-1.38363,1.13654,1.07501,-0.27305,0.15478,2.25685,0.50123,-0.13022,-1.09398,-0.35988,-0.06785,-0.19134,-0.33917,-2.24001,-0.59673,-1.14804,0.99389,0.15817,-1.56527,0.55281,-0.99039,-1.33805,0.689,-1.10116,-1.65388,-0.64658,1.76537,-1.25034,-0.50276,0.99103,1.90362,0.06112,-1.19757,-0.74467,-0.05,-0.84209,-0.10468,-0.25325,0.25949,-1.27496,0.78351,-1.19998,-0.20995,1.37491,0.09528,0.97659,-0.30918,-1.19886,0.20123,0.6625,-0.67163,-1.1648,0.72901,1.11741,-1.31631,-0.32625,0.97676,0.63918,0.74687,-0.75742,0.8543,-0.05281,0.90592,0.46542,-1.19385,0.15159,0.18972,-0.30224,0.02523,-1.17837,0.13075,-0.25207,-0.43213,1.81168,-2.69984,0.71828,0.55372,-0.16239,0.6422,-0.08767,0.43575,-0.497,0.43452,1.33678,2.03336,-0.31635,0.28866,-1.16686,-1.29338,-1.24475,0.60802,-1.50704,1.36996,0.23153,1.38737,-0.43481,1
0.33528,0.69799,-0.54453,0.32865,-0.79099,-1.27184,-2.05737,-1.51515,0.23554,-1.22673,-1.59944,-1.32,1.52713,0.86436,0.8966,-0.02294,-0.24231,1.27245,0.05149,0.25287,0.27934,0.59422,0.71713,0.14104,2.13606,-1.25659,-0.43205,-1.25813,-0.31671,-0.05595,1.16756,-1.42272,-1.12482,-0.5256,-0.51187,0.11804,-0.37008,0.0791,0.70391,-1.44918,1.34735,-2.01672,2.47888,-0.47258,0.55677,0.01686,0.91309,0.15678,1.57395,0.53574,-0.03298,0.62891,-0.25157,-1.49345,-0.86584,-0.5883,-0.06323,-0.56108,-0.4887,0.9169,-0.45925,1.40891,0.7793,1.54898,0.21309,0.39262,-0.60409,-0.51025,-1.05534,-1.34595,0.79513,0.96619,0.31844,1.9489,0.35967,1.043,-1.82579,0.54467,-0.12744,0.12513,0.16233,-1.10501,-0.14011,-0.03708,0.38691,-0.57101,0.14499,0.74372,1.94243,-1.26516,-0.1637,1.13849,-0.09932,-0.50733,1.20568,2.46342,-0.6497,0.94494,0.19701,-0.42729,0.6333,0.06719,0.50453,0.56328,-1.64027,-0.06132,-2.08794,-0.46461,0.71505,-1.31129,-0.55443,0.0593,-1.44166,0.50358,-0.31271,0.58384,-1.21069,-0.55349,-0.22235,-0.24397,-0.36617,0.50425,0.5046,-0.22307,-1.92238,-0.33326,-0.15064,0.53555,-0.72645,-0.6494,0.98384,0.36007,0.67593,0.69529,-1.28344,0.12871,-0.17164,-0.01524,-0.77152,0.83351,-0.11237,-2.05568,-1.36354,0.16237,1.44473,-0.42684,1.18298,0.33745,-0.03828,-2.55718,0.62817,0.21597,-1.24142,-0.29364,0.5746,-1.9592,-0.95544,0.54594,-0.03315,0.29237,0.17486,-1.62325,1.14032,1.44151,0.21719,-0.60353,1.30566,-1.28645,0.41102,0.71135,1.25174,0.39482,0.14116,1.21982,1.02439,-1.20887,0.61745,0.06932,0.27122,1.06319,0
1.91979,-1.31244,-0.32078,1.13436,-0.78874,-0.40054,1.27572,0.04922,-2.48172,1.21305,-0.50412,-0.93959,0.26005,1.79543,0.83618,0.41555,0.57741,-0.65586,-0.08843,-1.40179,0.24708,-0.45231,0.05854,1.05345,-1.22838,-1.23905,-0.35982,-1.61778,-0.9506,-0.59273,0.2358,0.0292,0.002,0.69425,0.53935,-0.72198,-1.31881,-0.34906,-0.07886,0.47374,-1.70748,-0.71745,-1.07311,-1.40093,-2.44079,0.25432,3.33074,1.51873,-0.90614,-1.50116,0.99377,1.99522,0.98036,2.05031,-0.56376,-0.0819,-0.099,1.51542,-0.43576,-0.31759,1.36824,-0.46605,-1.09481,0.39053,1.07449,-1.29116,1.07154,-0.0605,-1.40374,0.142,-0.59311,0.59059,1.50916,0.12678,-0.76627,0.85897,-0.52761,-0.934,-1.08747,0.40308,1.20288,0.19082,0.6842,-0.25916,-0.07914,2.88526,-1.39732,-1.41275,-0.37403,-1.81279,0.94315,1.21234,-0.60087,2.31009,-1.55419,0.16696,0.30444,-0.73519,1.15492,-0.28712,-0.15957,-0.18544,-0.9323,-0.25557,0.001,-0.64246,1.03991,-0.80047,0.14579,0.08977,-1.00898,0.38332,0.12491,-1.02788,-0.47339,0.26291,-0.8902,0.10512,0.17816,1.33239,-0.12047,0.94835,0.13068,-0.71275,0.10443,0.0773,0.32528,0.69256,0.0367,0.12712,0.65301,-2.30836,0.32783,-0.84965,0.3794,0.17135,1.45342,1.24642,0.46358,-3.20751,-0.41015,0.55979,-0.5487,0.77133,0.36993,0.13524,0.02779,-0.14224,-0.41176,-0.74695,-1.5186,-0.09756,-0.22533,0.16769,-0.0139,1.17091,-1.60599,0.06336,-0.98556,1.61036,0.13702,-0.63206,-0.28233,-0.53629,1.1271,-1.32774,-0.10811,0.29139,1.04654,-0.51939,0.38077,-0.84423,0.75735,2.28234,-0.92568,-0.353,0.69894,0.39882,-0.23474,-0.29309,0
-2.78492,0.30896,-0.14672,-0.25156,-0.12674,0.32137,-0.75556,-0.18817,-0.40905,0.33225,0.81561,-0.65488,1.07665,-0.53833,1.03192,0.67362,0.27688,-0.46937,-1.85217,0.83821,-1.97267,0.26652,0.96592,-1.66004,-1.31075,0.64775,0.73,1.51601,-0.66791,-0.31841,-0.11057,-1.17922,-0.56399,0.9094,0.65593,1.04955,0.79426,1.348,1.29867,1.41092,0.10291,-0.22877,-0.08525,0.05777,0.95599,0.55948,-0.67123,-0.85959,-1.03866,-0.11391,0.83723,-1.11786,0.42471,-1.01336,0.34183,0.79601,-1.7456,-0.19879,-0.17804,0.07766,-1.05307,-1.26951,0.50715,0.16211,-0.07617,-0.93227,-0.47723,-0.37052,-0.89212,-1.12473,-0.10116,1.51736,0.28742,-0.47623,-0.22216,-0.23103,-0.55801,0.06429,-0.23806,0.04472,-0.23636,0.23183,-2.66921,1.27949,0.79465,1.63471,0.13391,0.50204,2.05714,0.39871,-0.21843,-1.33901,0.10343,0.23335,-0.09115,-1.03846,0.16391,-1.32534,0.49533,-1.57533,0.46927,0.36659,-2.29149,-0.63534,1.25923,0.36989,0.24379,-0.60857,0.64261,0.61916,1.61263,0.02267,1.65552,2.62287,-0.8203,-1.08514,-0.316,0.87902,-2.11122,0.84594,-0.10391,0.09838,0.73889,-1.43926,-1.34432,0.76449,0.35254,1.02554,0.08406,0.87569,0.62883,-0.20715,-1.49391,0.97619,-0.49081,-1.42736,-0.53368,0.48256,-0.45214,1.05436,-1.75854,-0.31918,-3.34419,-0.10784,-0.32334,-0.42956,-0.12731,1.80059,0.72527,0.89517,0.44025,0.52942,0.42336,0.77687,1.2459,0.14137,1.28061,3.20631,-0.72419,0.42566,-0.01097,-0.82741,-0.38881,-1.09484,-1.12218,-1.84914,0.33692,-0.05956,1.78855,-0.2221,0.72217,-0.03455,0.89687,-0.22737,0.08736,-1.24547,0.26834,0.50892,1.15717,1.26189,0
-0.2673,-1.24196,0.97383,0.59128,-1.70896,2.09893,0.92858,0.63126,-0.86109,-0.5582,-1.14076,0.30446,0.54862,0.49796,-0.36571,-0.17096,1.43417,-1.5942,-0.70434,0.12277,-0.5346,0.74418,-0.56805,1.05538,-2.18476,-2.07405,1.00619,0.18132,-0.14194,-0.02225,1.42113,0.07876,-1.01162,2.53181,1.96094,0.98599,-0.53142,0.78089,-0.76903,-0.06164,0.2328,-0.22225,0.15119,-0.49917,0.03334,1.29571,-1.44916,0.3549,2.03363,-2.20485,-0.43186,-0.15607,0.98009,0.24547,-0.95357,-0.22648,-0.5987,-1.60396,0.32807,-0.10375,0.04443,-0.02086,-0.962,-0.73945,0.29923,-2.83444,-2.40147,-0.21142,-0.37342,-2.3397,0.57802,1.28493,0.1618,-1.63328,-1.06047,0.66835,0.98853,-0.53995,-0.18577,0.00179,0.82049,1.1903,0.39854,1.54093,-0.92046,-0.84029,-0.31524,-0.84869,1.98186,-0.10408,-0.46902,-1.00105,0.13473,-0.95075,-1.27635,0.69584,-1.1993,-0.95388,0.10105,-1.30859,0.3816,-0.29945,1.83873,0.42077,1.00112,0.4889,0.75366,0.06819,-1.44879,-1.54848,0.64374,0.54976,-2.32325,-1.38301,0.70537,1.44407,-0.32464,0.07399,0.10436,1.2155,0.77029,-0.55778,-0.4039,-0.57171,-0.27595,0.18226,-0.95963,0.69244,0.01921,-0.02159,-1.92093,-0.91366,-0.45376,1.39692,-1.08347,0.06851,0.02622,-1.78985,-0.80233,-0.10029,0.3468,-0.9574,-0.0424,0.00429,-0.2921,-0.81656,1.1683,-1.46093,0.41802,-0.3493,-0.79067,1.15186,-0.25419,0.03678,0.23425,0.0146,-0.42778,-1.31313,0.0955,0.2835,0.59593,0.28138,-2.75261,-0.98626,0.15178,-0.08691,-0.17216,1.4257,-0.09708,-0.55342,0.90214,0.8722,0.12372,0.8578,-1.06935,-0.00799,0.39337,-0.29123,-1.1456,1.23515,0
-1.15226,0.03279,-0.99462,-0.19719,-0.21167,-1.03263,-0.00507,0.68924,1.73336,0.51579,-1.52025,-0.71577,1.77956,-0.5812,-1.38553,0.97828,0.68748,-0.95556,0.08923,-2.31607,-0.65976,-1.07417,0.02488,-0.64369,-0.15563,-2.2876,-0.66078,0.9256,-0.06376,0.37246,1.06022,0.40139,-0.58496,-1.32012,-0.42768,-0.55973,1.2597,-0.84409,-0.34599,-0.4736,-0.95572,1.49539,-0.44753,-0.0792,0.80289,-1.37355,-0.74986,0.562,-0.37476,0.86344,-0.72895,-0.48388,-0.1025,0.03892,-0.37638,-0.52352,0.20577,-1.33124,-0.0307,-0.25375,-0.05101,0.07816,-1.97807,-0.68367,0.45308,1.34175,0.97305,-0.40742,-1.21606,0.10679,-1.33448,0.24818,0.65378,0.87167,-0.09865,-1.59501,0.25102,1.53029,0.63855,0.248,-1.49832,-1.14108,-1.56524,0.42551,1.62494,-0.14451,-0.17061,-1.49527,-0.18449,-0.67305,-0.74945,1.79635,0.27573,-1.16693,-1.26962,-0.12956,-1.48598,0.06787,-2.31673,-1.16409,-0.24291,-2.08585,0.0971,-0.20631,-1.05427,-2.21993,-0.17066,0.297,0.98512,-0.54113,0.61857,1.10902,-0.24804,0.06637,-0.40614,0.4279,-0.79809,1.68316,0.61407,1.17226,-0.42075,1.45223,-1.40355,1.0871,-0.67981,0.15222,0.61721,-0.33199,0.53822,-0.26654,0.03096,0.0921,-0.90674,0.95847,2.46519,1.88234,-1.84121,0.76441,1.36914,1.33154,-1.10805,-0.84802,2.56064,0.09384,0.25469,0.98519,1.89273,0.38675,-1.00776,-2.16205,1.76139,0.85647,0.36977,-0.69066,0.69332,-0.10454,1.82864,0.61477,1.58684,0.26877,-0.13758,0.59726,1.12513,-0.46271,0.58011,0.09153,0.10179,0.70589,-0.86924,-0.50152,-0.29084,-1.10897,-0.91181,-0.37071,-1.91366,-0.59919,1.85722,-0.55358,0.60951,0.19749,1
0.25181,0.23416,-0.75673,0.30972,-1.16278,0.06045,-0.0121,1.57439,-0.02164,0.04399,1.87886,-1.59768,-0.02917,0.44828,0.72036,-0.66675,-1.10989,-0.50091,0.38745,-0.76534,0.17706,1.23143,-0.3872,-1.35271,2.02473,-0.25038,0.67168,-0.44726,0.2397,0.92753,-1.07769,0.11537,-0.40319,-1.52655,1.13328,0.74639,-0.12287,1.09804,-1.70343,0.39327,0.36252,0.35545,0.53897,0.86877,-0.3343,0.67961,-0.01596,-0.15015,-0.36936,-1.1417,-0.20777,1.88103,-1.39129,0.17311,1.0149,-1.12289,-0.14796,-1.38555,0.84659,-0.24623,-0.68521,-0.04822,-1.041,-0.56472,1.95476,0.88774,-1.58295,0.65912,0.23571,0.6589,-1.57277,-0.0415,0.87885,-0.97725,0.34791,-0.20957,0.28591,-0.93973,0.12,0.57072,1.22824,-0.66055,0.14333,-0.13606,-1.2985,-0.19503,0.36655,0.30761,-0.26895,0.60633,-0.37736,-2.43219,-0.11297,-0.341,-0.28239,1.84231,-0.07022,1.03066,1.21274,-0.809,-3.35088,-0.98965,-0.15925,-1.08392,-1.51742,2.31262,-1.71531,0.7619,1.38996,-1.50604,-1.85505,0.25352,0.86106,0.05795,0.3661,-1.89157,0.40138,0.93981,1.07466,-0.61732,-0.36861,1.98939,0.00755,-0.18749,0.35035,1.58202,1.28526,-0.35199,-0.87252,1.28476,-0.80225,-1.87101,-0.60729,-0.49263,-0.84265,2.20734,-0.68085,0.82174,-0.64626,0.49996,-2.11838,1.89075,-0.82997,-0.03059,0.66319,-1.08442,-0.53363,0.22926,1.55093,-1.98959,0.97065,1.05644,-1.14307,0.78549,0.74863,0.7011,-0.01342,0.6919,0.08226,1.13699,-0.18239,0.09074,0.73955,-1.48248,-0.98288,0.86517,1.11727,0.09339,-1.77654,-0.73847,1.8215,0.89041,-0.65009,-0.41918,1.12013,-0.89176,-0.68763,-1.81174,-0.5064,-0.88992,1
1.18771,-0.96951,-1.88757,0.2371,-0.20344,0.92735,-0.43501,0.68395,-1.75045,-0.83554,0.54516,0.22929,0.49334,0.86204,-0.68542,0.13772,-2.00203,0.82033,-0.1031,0.03867,-1.31157,0.00674,-2.229,1.29193,-0.76735,0.00684,1.54783,-1.8309,0.04167,0.88168,-0.05296,-1.58531,-0.4847,0.40138,-0.53509,1.32514,1.2159,0.05718,1.39589,0.1308,0.81462,-0.34689,-0.79389,0.0698,-0.28112,-0.55617,-0.09574,0.37031,-0.27056,-1.64852,1.49611,0.45467,-1.67782,1.21196,-1.41584,0.33529,0.41347,0.67232,-0.21635,0.0349,0.13159,0.70388,0.72404,0.2743,1.99784,0.43495,0.17469,-1.01498,-1.19425,-1.453,-1.41017,1.36175,0.56253,-1.86348,-1.06641,0.16577,1.65403,-0.6733,-1.76794,-0.70076,-0.42315,1.15321,0.85291,-0.50413,-0.69422,-1.33184,-0.63245,-0.18082,-0.51023,0.02812,-1.66548,0.48842,0.08441,0.91836,-0.09597,0.1673,-0.50973,-0.29337,-0.29162,-1.40008,1.84804,0.14241,1.16539,1.47423,-2.64711,0.56134,-0.69389,-1.80294,1.3547,0.95141,1.07393,0.2284,-1.69708,-0.17358,1.55792,-1.92359,0.35273,-1.81311,-0.65535,-1.5486,0.20229,0.21218,-0.5868,0.22626,-0.41982,0.40651,-0.56199,-1.06087,0.95841,0.74862,0.53134,-1.03555,0.46444,0.25968,-0.74063,-0.70225,0.35424,0.25787,0.10876,-0.98238,1.52761,-2.03001,1.37981,-0.69,0.83619,-0.13547,0.55912,-0.61939,0.84062,-1.82509,1.06609,-0.09365,1.21358,0.04032,0.1833,-0.385,-1.48215,1.29613,0.29596,-0.98479,2.39204,-0.82971,1.27905,0.22458,-1.59274,0.34561,0.92829,-0.65826,-0.85573,-0.30006,-0.94631,0.59998,-1.07476,1.09466,1.76491,-0.20139,-0.9568,-0.26519,-1.13895,-0.15206,0
-0.83687,-1.47557,1.01486,0.14589,-1.84208,-0.79653,-0.85147,-0.94192,0.27032,0.48846,0.01877,0.19983,0.12614,0.50232,1.9642,-0.77068,-0.25321,0.93548,-0.21573,2.1329,-0.36061,0.75306,1.19242,-0.74945,-1.10954,1.58911,-1.95015,0.17573,1.71414,-0.40531,-0.01106,1.76843,-1.02174,0.88714,-0.18388,0.42235,0.00658,-0.12909,-0.4823,0.86436,-0.85246,0.35841,-0.11173,0.45144,-0.69672,0.20206,2.35784,1.49633,1.34748,-1.09928,-0.82788,0.58757,-2.00006,0.82812,-0.4156,0.8349,-1.121,-0.06493,0.56633,1.20709,0.09151,0.13377,-1.02466,-0.16041,-0.45747,-1.58777,-0.27299,0.77818,2.18184,-2.47882,-0.05085,-1.65516,1.21277,-0.76234,0.09078,0.09848,-0.3331,-1.70955,0.11221,-0.07262,-0.13354,0.28809,-0.0747,-0.77348,-0.93145,-0.26215,2.19432,-0.76135,-0.75787,-2.3404,0.16943,1.02356,0.22426,0.10113,-0.56203,0.06905,-0.46623,1.21071,1.65253,-2.12456,-0.77738,-1.15277,1.7032,-1.43251,1.02438,0.94342,1.09895,0.40805,-0.35583,-0.44603,0.43029,-0.2945,0.52267,-0.85753,0.74491,0.07512,0.61362,0.44553,-1.2871,-2.42154,0.92875,-1.047,0.49222,1.01731,1.89603,-0.57136,0.67523,0.83625,1.03476,-0.04754,-1.54973,-0.45616,-1.01286,1.1104,0.31677,-0.0432,0.2893,2.1061,-0.81822,0.11217,-1.33408,-0.05564,-0.16729,-0.54438,0.62047,0.94213,-0.96621,0.93303,-0.69591,0.67805,1.75875,1.64502,0.50214,0.73909,-0.26354,1.4513,-0.80543,-0.62243,0.35776,-0.27853,-1.05522,-0.44419,0.54991,-0.1081,1.17901,-0.23841,0.57133,-0.01616,0.97435,1.0866,0.51211,-1.51748,0.67741,-0.45873,0.45465,0.28488,1.73672,-0.86101,-0.81184,1.06274,0
1.98749,-0.65024,0.37656,-0.09057,0.19077,-0.77183,1.35908,1.71344,0.71908,-2.20956,0.21244,-1.34764,-0.19942,-1.60003,-2.08597,-0.24638,-0.0213,0.95164,-0.54435,-0.96566,-1.64784,-1.09849,-0.60675,0.02191,1.8746,1.33462,0.01047,-0.06739,-0.14413,-0.53639,1.31999,0.8866,0.02019,0.0838,0.36159,1.88559,1.53275,3.08772,0.32851,-0.86262,-0.36665,-2.03993,0.5192,-0.54706,0.25549,0.61619,1.13383,-0.24237,-0.09449,-0.23306,0.80909,-1.10345,1.38907,1.23236,0.51729,0.23111,-1.46768,-0.60225,1.80708,0.21815,0.84861,0.48982,0.43259,0.35822,0.36326,1.38765,2.3758,-0.89027,0.27311,0.44351,1.82779,-0.71978,0.03268,-0.11762,-0.97334,-0.30331,-0.67909,1.8652,1.08104,-0.25738,1.46892,0.59784,1.45849,-1.1336,-0.00055,-1.31794,1.1506,1.2181,-0.15336,0.33421,-1.57624,-0.66177,0.98785,-1.0689,1.93692,-0.46285,1.12899,1.22444,1.3241,0.2417,-1.0011,-0.64736,0.15054,0.92381,-0.08148,0.85288,0.01736,-0.72162,-0.09827,-0.21788,0.53987,2.06868,0.6644,-0.59258,-0.30726,0.21454,-0.41643,1.10423,1.75358,0.44304,-0.33813,-0.6516,-0.26818,0.60805,-0.29704,1.66422,-1.03251,1.41464,0.47311,-0.88841,0.6774,0.77071,1.93751,1.67682,-0.91545,-1.15656,-0.09112,-0.63776,-1.40358,1.0221,-1.72311,0.5377,-1.01263,-0.21222,0.64003,-0.41686,0.05861,0.17243,-0.25836,0.63683,-0.39282,-0.96784,0.07781,0.09837,-0.62766,-0.23323,0.464,-0.52558,-0.20875,1.70722,1.17802,-0.09476,0.38885,0.34156,1.48513,0.65459,-0.48536,-0.36142,0.19815,0.79891,0.23292,-1.11251,-0.83808,0.06979,0.02051,1.23759,-0.67838,-2.18943,0.01439,0.40489,1
-0.74951,-0.87875,-1.10413,-0.21258,0.28141,-1.03878,0.09851,-0.88523,0.05407,0.48007,-0.76943,0.9585,0.1094,1.0418,-0.82903,-1.00276,0.06312,0.23263,-0.99779,0.82985,-0.16621,1.3955,-0.13581,-0.7153,-0.62042,-0.64795,-1.40337,1.97011,-1.31969,0.22554,-0.59572,1.04147,-1.74724,0.6723,-0.94027,1.26361,0.11593,0.8051,0.6661,-0.05152,-0.30902,0.4843,-1.37743,0.64305,0.45096,-0.46038,-0.45468,-0.6491,0.69453,0.54287,0.96888,1.34969,0.68799,0.19037,1.60996,1.15356,-0.74091,-0.33679,0.00992,0.8789,0.61236,0.09709,-0.76255,-1.60636,0.16388,0.64563,0.66686,-0.84645,0.27957,-2.40966,0.47123,-1.19029,0.86762,-1.52022,-0.35995,-1.0351,0.12218,0.54625,0.66006,0.25936,-0.72198,0.76873,0.68627,0.2727,1.54776,0.42605,0.42341,-1.72768,-0.48072,-1.13307,-1.17849,0.86827,1.39658,0.20358,-0.19542,0.72116,1.61412,1.77487,-1.0747,-1.9851,-2.34134,-1.16333,1.29046,0.0008,0.95827,0.61995,-0.60926,1.46484,-1.41077,-0.29338,0.45022,-0.90739,0.08845,1.24451,0.49119,-0.96919,0.93138,-0.03452,-0.44139,2.40391,0.06528,0.10634,0.43453,-0.85448,-0.69702,1.44822,1.29715,-0.20004,-0.15436,-1.20003,0.12894,-0.94612,1.33215,0.13806,0.17618,-0.04923,0.50572,-0.69513,-0.52449,0.29207,-0.17487,0.00495,-0.43204,-1.14383,-0.62824,0.33815,0.65306,1.22387,2.13371,-0.2315,0.28513,0.17523,0.4443,-0.21286,1.33833,-0.67236,-1.21629,0.35689,0.16739,0.19157,-0.42526,-0.41886,-0.59959,-0.70176,1.53084,0.55986,1.00009,-0.77041,1.60901,0.09074,1.1907,-0.13196,-1.16402,-0.19897,0.75326,0.06086,-0.34186,-0.92135,-0.19674,0.96932,1
0.60522,-0.91358,-0.02627,-0.24869,-0.47711,-0.24757,0.93484,-0.86571,0.88636,-1.27151,-1.92218,0.78014,0.8327,-1.23685,-0.14485,-0.1516,-1.3973,-0.0422,0.53788,0.50274,0.83564,0.94998,-1.48466,0.73588,-0.40426,-1.02071,0.87506,-1.61494,-1.4625,0.42473,0.76498,0.75303,-1.66761,-0.05934,1.21846,1.88033,-0.40141,-1.01275,-0.02883,-1.24182,-0.46619,-0.28899,-0.8583,-1.97598,1.86095,-1.60429,-0.93135,1.66133,-1.78883,0.47033,0.5477,0.57865,0.48721,0.27908,-0.03737,0.42216,-1.63448,0.40331,0.44418,0.00156,0.41122,0.94269,-0.27849,0.45097,0.94705,0.09031,0.92435,-0.59277,-1.29804,-0.43733,-1.06032,-0.51464,-0.23622,0.1102,1.43748,-0.44379,-0.27481,-0.67299,0.73575,1.63399,-0.17935,0.79983,-0.27958,-1.68495,1.0643,-0.34086,1.99803,-0.87253,0.98118,-0.44035,-1.88753,0.28204,-1.04025,-0.87424,-0.05949,-0.02429,0.30189,-0.03528,-0.6829,-0.63773,-0.97745,0.06131,-1.09507,0.08103,0.65725,-0.64487,-2.2416,-0.03601,-0.9206,-1.31412,0.19928,0.50991,0.5409,-0.16892,-0.72539,-1.27095,2.16793,1.13232,-0.92413,0.48717,-0.03796,0.9339,-1.79177,1.0276,0.66371,1.22795,0.15026,-0.47401,-0.9003,-0.14525,-0.33749,0.64921,0.58846,-2.81386,-1.43587,-1.7277,1.936,-1.26611,0.41658,0.45748,-0.26998,-0.63347,0.27645,-1.42742,-0.18134,-0.5417,1.42043,0.8357,0.26967,-0.42866,0.68505,0.15809,-0.48681,1.07953,-1.11298,-0.19455,1.22292,0.54351,1.05819,0.50763,-0.04497,-0.2305,1.94192,0.47876,0.09533,1.52382,-1.20527,-1.58476,-1.29511,-0.2358,0.08276,-1.40171,-0.97849,0.12638,-1.20889,1.70465,0.68302,-0.8508,0.36637,-0.64933,0
0.13657,0.63891,-0.72571,-1.46784,-0.19099,-1.01751,0.74443,-0.16183,-0.66428,-0.59112,1.25577,-0.58702,0.36233,-1.06191,0.39199,-0.82638,1.41471,0.43963,-0.13857,0.38184,0.33529,0.56246,1.11746,-1.22461,1.03323,-1.21992,1.68025,-0.20405,1.31044,-2.40126,0.86626,0.65629,0.11731,-0.49058,1.00321,-0.67909,0.13612,-1.03574,-1.00409,-0.90835,0.93825,-0.22368,-0.2488,-0.28143,0.54314,-1.59644,-0.86316,0.90219,0.33217,-1.2621,1.3877,-0.90411,-0.19616,-0.09466,2.08081,-1.42099,1.03548,1.74665,-0.75093,0.70743,0.22964,-1.3482,-1.98231,-1.25018,-0.7281,1.82041,-0.23324,-0.69267,-0.73751,0.43376,-1.13564,-0.1681,1.23832,-0.94057,0.70173,-1.91354,-1.87387,-0.47575,0.05842,0.5276,-0.71946,1.32106,-0.2943,-1.56992,-0.45414,-0.33478,1.03645,0.03827,-0.20158,0.12063,-0.17565,-0.42311,0.00107,-0.89506,-0.51851,-0.25589,-0.73995,0.58029,-1.08901,0.76089,1.60683,-0.99793,1.14904,-1.55964,-0.13806,-0.21811,-1.53309,1.10005,0.85357,-0.09157,0.06144,-2.35398,0.41207,0.74582,-0.07575,-0.96116,0.85202,-1.9742,1.18984,-0.07563,1.99557,-0.70294,-0.12396,-0.17225,-1.54044,-0.45301,-0.65618,-0.89594,1.51142,0.26142,-1.55678,-0.17622,-0.72944,0.9134,-1.07717,0.64638,-0.23332,-1.17567,-1.55087,-0.19407,-1.58585,-0.18241,-0.63734,0.07225,1.25397,0.6431,-1.26951,2.0574,0.87927,1.02333,0.52443,1.65987,-1.13689,1.20942,1.0798,0.27061,-1.19298,-0.56289,0.06851,0.5795,-0.59386,0.62551,0.58144,1.00245,1.29613,1.62836,1.81966,0.39504,0.04985,-0.98404,1.27499,0.73048,-0.10371,-0.77526,0.13574,-0.27088,0.21271,1.46446,0.27175,0.43801,1
0.37787,-0.27235,-0.61997,1.30782,0.7881,0.7584,0.80143,0.93851,-0.1211,-1.85797,-0.22923,0.91636,0.08339,0.15032,-1.42928,0.52591,0.39095,-0.94406,1.27148,1.29908,-0.50588,1.0463,0.13273,0.91874,-0.1974,-0.30824,0.98583,-1.06349,0.93874,-0.42739,0.65785,0.48236,-0.5385,0.02238,1.45574,0.10361,1.63111,1.28627,-0.81286,0.22275,-1.55093,-0.46803,0.04391,0.10262,0.05904,0.99301,1.37314,0.6963,-0.16211,-0.26477,-0.5247,0.47155,0.52131,-0.08344,1.0504,0.35369,0.88917,-0.98417,-1.5397,-0.67496,0.74514,-0.36612,-0.53583,0.07728,-0.70074,-0.84338,-0.18864,1.50284,0.35766,0.01298,0.00451,1.43706,1.17353,-0.6403,0.16017,1.21799,-1.35659,-0.5091,1.05402,0.93648,2.29875,0.55376,-0.60952,1.54411,1.41582,0.66675,-0.23231,-0.08264,-0.43054,0.10067,0.41961,-1.11199,-0.10562,-2.06381,-0.8248,-0.60082,0.88342,0.44635,-0.79657,-1.02156,0.11418,0.44985,-0.67032,-0.35628,-0.87152,1.52405,-0.60448,1.15317,1.28296,1.30243,-0.69837,1.33424,2.31832,1.56641,0.24581,0.72107,-0.41105,1.35921,0.20956,2.32048,0.88982,-0.5722,-1.47082,-0.00871,-1.37048,2.46576,-1.32007,-1.96802,-0.13354,-0.07782,0.12671,0.00345,-0.5809,1.18536,1.5286,1.26203,-2.09038,-0.81327,0.30675,-0.75875,0.61513,-0.25104,0.27082,-0.62287,1.33594,1.33472,-0.5607,0.48873,1.3944,-0.56326,-0.03637,-0.94259,2.43696,-1.47654,0.2127,-1.02121,-0.92885,-0.86779,-0.42962,-0.19427,-1.79311,-0.41222,0.86971,0.30257,1.07381,0.63976,-2.16511,-1.1391,-1.25439,-0.80524,-0.24359,1.12207,1.08986,1.58205,0.46722,-0.48414,-0.22322,-0.10986,0.47204,0.79047,0
0.50139,-3.6675,0.87507,-0.14746,-1.23117,0.85328,-0.46076,-0.61759,-0.0446,1.0438,-0.43524,-0.19854,0.04495,0.15674,-0.09411,-1.19744,0.54161,-0.08353,1.29046,-0.40631,0.43553,-0.05127,1.6505,-0.9986,1.19797,-0.44432,1.95683,0.03997,-1.28317,0.33956,1.26162,-0.76731,-0.83535,0.29752,-0.78058,-0.44,-1.46135,-0.6912,1.96187,1.26523,0.60378,-2.24089,0.89194,1.13639,-1.35568,0.4374,0.4229,2.39292,0.40125,-0.74311,0.94471,0.23981,-0.66848,0.21816,0.68733,-0.0665,-0.26219,-1.43781,-0.82472,-1.40754,0.57149,-1.74822,0.2019,0.53943,-0.57756,-1.40039,0.24657,-0.17615,1.45002,-0.4392,-0.73155,-0.94776,-1.50171,1.8428,0.38247,-1.39005,0.67571,1.27233,0.71276,-0.00115,-1.5674,0.48586,-0.24375,-0.13493,0.2791,0.49388,-0.50087,-0.08239,0.26061,0.29427,0.07205,-1.52685,-0.30277,-0.31618,-1.10273,0.95977,0.44763,-0.64307,-0.73124,-0.17689,-0.88752,0.02707,-0.29953,1.37923,-0.3874,-1.62176,1.36959,-0.71698,-0.07158,1.75154,-2.27817,0.11114,-0.88129,-0.72995,-0.87639,-0.17746,1.03325,-0.33558,-0.24946,-1.55843,0.96092,0.02629,-0.06065,-0.69917,0.05327,1.12073,0.86481,0.73045,-0.43386,-0.52173,1.29009,-0.47179,-0.96006,-0.47942,2.15933,-1.04621,0.12094,-0.84556,-1.10251,0.55491,0.14572,-0.52521,-0.13787,1.91001,-0.26901,-0.75536,-1.86472,-0.30125,-0.01444,-2.29354,0.95206,-1.04185,-0.45351,0.6099,0.39677,1.36759,-0.95196,0.58399,1.00205,0.51383,1.20782,-1.65862,0.04071,0.64714,0.24617,-0.67635,2.36356,-0.58763,-1.66591,-1.72272,1.8967,1.12723,0.71955,0.83987,-1.09544,0.88749,1.14815,-1.03052,0.71678,1.69074,0
-0.26685,-0.18915,-1.02422,-0.06389,0.6836,-1.47589,-0.70447,0.29774,1.3149,-1.90944,-0.94151,-0.86674,-0.40935,-0.12459,0.84127,0.24958,0.31629,-0.57267,-1.96934,-0.05045,-0.7567,0.70635,0.99169,-0.68411,-1.75077,0.8883,0.06112,-2.01351,-0.23561,-0.60105,-1.39533,1.80644,0.88211,-2.0661,0.58252,-1.49108,-2.52275,-0.01515,-0.55396,-0.34201,0.22769,1.76227,0.27571,-0.79842,1.08615,-0.65484,1.33625,0.72013,0.24651,-1.73251,-0.56758,-0.84409,-0.57406,-0.4047,1.42494,0.12112,0.92166,-1.27791,0.6032,-2.05786,-0.82616,0.52455,0.31936,-0.66088,-1.04281,0.02505,1.21889,-0.94918,1.14351,0.78039,0.2817,0.73749,-0.12994,0.76285,0.74206,1.27569,0.29634,-2.21814,-0.6989,-0.01705,-0.14044,-0.5949,1.49983,-0.27586,-0.42682,-1.35117,-0.2645,0.1955,0.7267,0.28885,-0.6403,-0.60942,-0.66609,0.82642,1.25595,-1.64488,-1.34214,-0.04914,1.2916,0.71311,1.10211,0.54806,-2.01549,-0.76941,-0.88156,-0.32047,0.28758,0.47932,-1.70403,-1.28404,1.59677,0.42872,-0.61411,0.28595,1.18265,-0.47204,-2.22672,-0.21,0.52606,-0.02158,0.88979,0.63553,0.54118,0.33108,0.11692,-0.81079,2.16238,0.02289,0.72247,0.67867,1.11358,-0.64255,-0.80687,1.39169,1.22752,1.59062,-0.32172,1.24692,-0.3992,0.95845,-0.4685,-1.37174,-0.28268,0.8989,1.46094,1.08591,-1.57272,1.65944,1.32007,-0.16051,0.43963,0.59567,-0.31747,0.32137,1.46464,-0.08549,-1.00455,-0.93653,1.44806,-0.36223,-2.42654,0.01667,-1.39735,-1.43893,-0.23338,-0.38073,1.20096,-0.14972,0.6419,-1.89588,-1.15101,-0.44384,0.24295,0.66156,-0.29249,0.1337,-0.3641,-0.11865,1.12546,1.09753,0
0.0735,-0.65444,0.75602,0.54297,-0.4719,0.94958,-0.69351,0.36446,1.00821,1.06818,0.3365,0.15939,0.12663,-1.21137,1.04128,0.46926,-0.54287,0.10945,-0.25189,1.56338,0.49471,2.11671,-0.14936,-0.32776,2.42061,-0.6332,-0.67014,0.64321,-0.62842,1.00848,1.24875,-0.22572,-1.80042,-0.05485,-1.8547,1.78481,-1.50717,0.63924,0.78519,0.9892,-0.52995,2.16472,0.19483,0.57283,0.50036,-0.69245,0.87836,0.63992,-0.92194,-1.09885,0.33944,1.72096,-1.34715,-0.89398,1.30888,1.00621,-0.00339,0.55338,0.12401,-1.13778,0.28526,0.66799,0.88574,0.40825,-0.39605,-1.05797,0.64069,0.3048,2.53131,1.7619,0.19043,-0.98861,0.5076,0.57656,0.83152,-0.87819,-1.2554,0.25918,0.62125,-0.34133,0.76973,-0.51383,-1.60081,0.93358,1.12166,-0.32127,1.84979,-0.99783,-0.84212,0.21464,-0.61495,-1.34256,-0.59415,-0.62578,0.35484,1.74119,-0.85302,0.84285,-0.50541,-0.46213,0.0724,0.44397,0.77085,-0.54983,0.37329,0.23977,-1.0758,-0.35509,0.63405,1.80877,1.24511,2.64364,-0.82863,0.70742,0.63777,-0.08484,-0.0207,0.19497,0.83556,-1.29915,1.44376,-1.01473,-0.75043,-0.86621,-0.05069,-0.05193,0.2382,-0.22185,-0.15645,-0.90695,1.01963,-1.08082,0.66798,0.14563,-1.48207,-0.00234,-0.3172,0.30683,-0.7725,0.06376,0.8243,0.52564,1.28341,-0.63372,-2.10301,0.19449,-0.17733,-0.03588,0.04651,-0.23411,1.73727,-1.01783,-0.45919,-0.61552,0.94507,0.44364,-0.30189,1.32195,0.31241,0.05528,0.13079,0.1554,0.14676,-1.52132,-0.8563,0.89267,0.36375,0.83906,-1.86029,0.42579,0.50604,0.98875,-0.8513,-0.41551,1.34488,-0.64503,-0.47768,1.26046,-0.20591,0.65934,0
-0.24123,-0.31169,-0.58684,0.57716,-0.72901,1.70955,-0.65815,1.1675,0.40434,0.0369,-0.47641,0.37565,0.80089,0.31888,0.27656,0.87999,1.43242,0.45686,0.79091,0.02026,0.16098,-1.42878,-0.86766,-0.85728,0.65587,0.82334,-3.65087,-0.80319,-0.61634,-0.45813,-0.70349,1.73058,-0.18921,-1.00031,-0.10521,-0.86828,-1.45536,-1.08947,0.1774,-0.70486,0.87843,0.33039,0.84918,-1.61748,-0.01069,-0.12233,1.22292,0.52535,-1.35154,1.40058,-0.28038,-0.39073,1.46576,-0.07505,-0.96446,-0.20161,2.11524,-0.96438,1.48391,1.26686,0.68194,-0.95365,-0.42399,-1.29473,1.82382,-0.29499,-0.15071,-0.05314,0.20712,0.75141,0.37657,-0.46576,1.5595,0.04263,1.73894,0.73505,0.07128,0.8785,-1.30381,0.29846,-2.98703,-1.23955,0.9172,0.24623,0.78261,0.42877,1.74134,1.25876,1.00328,-0.39255,-1.98991,-0.30878,-1.24002,-0.11019,0.45101,-1.17878,0.93706,-0.14411,1.13652,0.14514,0.71905,-1.81278,1.36714,0.67342,-0.03742,-1.26154,-0.39056,-0.84121,-0.10264,1.33011,1.39243,-0.27155,0.65585,-0.3213,0.33274,-0.25859,1.90549,1.45313,0.81049,-1.29519,-1.0309,0.4479,1.09239,-0.30164,-1.75262,-2.15976,0.52734,0.69707,-0.59928,-0.61527,-0.37281,0.40526,1.75306,1.64303,0.80978,-0.16616,-2.52727,-0.26779,-0.43729,-1.04647,-0.85207,0.19088,-0.33569,-0.34305,0.3649,1.33038,-0.35436,-1.99014,-1.92251,1.98351,0.66217,1.07195,0.42879,-0.95416,1.77914,0.57809,0.66031,-0.08196,0.14424,-0.99574,-1.99407,1.45794,0.65626,-0.19925,0.0231,1.66741,0.14185,-0.55855,-1.21968,-0.22596,0.15855,1.42809,-2.60428,0.22963,2.19521,1.73177,-0.01775,1.83542,-3.13316,-0.15696,0
-0.12837,-0.23539,-0.80629,-0.05716,-0.73547,0.50075,0.57871,0.20807,-1.29387,0.65947,-0.79323,-0.73041,1.1683,-1.33475,-0.46577,0.36315,-0.97368,0.61039,-0.4184,-0.2174,-0.25497,2.34448,-0.54973,-0.4871,0.94673,-0.66994,-1.36796,1.04172,-0.2075,-2.65021,0.29929,0.82619,-0.51054,0.26326,-0.18415,0.55215,-0.54703,0.53835,-0.78707,1.37908,1.18863,-0.66028,0.61319,0.25727,-1.19692,0.53913,0.38852,-0.21781,1.55143,-1.63111,-0.12257,-0.51706,-0.36646,1.00378,0.22341,-0.01734,1.06063,0.60847,0.01353,-1.14834,-0.01252,0.72023,0.2461,0.71889,0.8366,0.34233,-0.16094,-1.58994,0.22416,0.52232,-0.09212,-1.49155,0.85269,0.50281,0.75254,-0.31043,-0.38606,0.77762,0.34552,0.30713,0.40907,1.96916,-0.69367,3.04962,-2.92419,1.23125,-0.98541,0.30351,-0.7817,0.02992,0.88562,-1.59012,-2.05483,1.30563,-0.6453,0.23982,-0.32753,-1.01986,-1.21927,-1.12756,-0.34584,1.80757,0.31095,-0.72814,0.52955,-1.13744,-0.12034,-2.35982,-0.88764,-0.0794,-1.75691,-2.25374,-1.15324,2.76088,-0.84956,1.32412,0.6126,0.87607,1.64083,-0.73752,-0.61855,1.2017,-0.84815,0.92145,0.60305,0.80923,1.30812,1.87514,-0.65457,-0.04487,-0.26954,2.20815,0.58873,-0.63244,-1.27277,-0.88274,-0.43149,-0.6028,-0.61,0.41272,1.2164,-0.50406,0.00152,0.78037,0.12914,-0.3631,-1.18644,0.97583,0.02877,-0.62015,-0.57497,0.80055,-1.97235,-0.42352,0.79828,-0.04753,-1.29524,1.40942,-0.40469,1.04443,0.11827,0.79826,-0.82001,-0.62447,-0.95494,0.0403,-1.49154,-1.0885,1.40948,1.23094,0.51012,-0.66383,0.80219,-1.13976,1.85974,0.47294,-1.25263,1.15042,1.52483,-0.14975,1
-1.17364,-0.0645,-0.83301,0.61324,0.11456,1.21903,-0.80418,1.48418,0.40504,-0.13448,-0.58244,-1.37224,0.07167,-1.38099,0.17659,-0.23249,-1.59757,-0.45878,0.02795,1.88239,-2.34011,0.13636,0.83656,0.28052,-1.39262,-0.04779,1.28064,0.61384,1.08179,0.65196,2.51374,0.94079,1.01126,0.66212,1.23451,0.55873,0.48081,-0.04497,-0.98939,-0.7364,-0.53059,1.19103,0.17392,-0.57884,-0.05627,-0.23676,-0.83828,-0.93016,-0.32737,-1.72642,0.84054,-1.63607,0.95209,-1.69069,0.47928,2.0972,-0.99819,-0.89765,2.49287,0.36087,-1.53732,-0.64562,0.10012,-0.39297,-1.31319,-1.04234,1.01021,0.21341,0.49665,0.20074,1.18046,0.82686,0.77962,-2.14717,-0.17558,-0.21594,-0.16337,0.92927,0.27273,-0.67169,0.11324,0.15168,-0.98589,1.46103,1.48823,-1.2183,-1.99869,0.83752,1.45994,-0.87752,-0.99348,0.55999,-0.71918,-0.74166,0.14264,-1.27347,0.58676,-0.9661,1.31544,0.49005,0.69663,-0.19172,0.80045,-1.02627,0.98367,-0.34798,1.06668,-2.25086,0.83798,0.04966,0.7076,1.164,0.2694,-2.21717,1.30031,1.01706,-3.0271,1.33772,0.28936,1.14025,1.49013,0.19561,-0.73004,0.15663,-0.75029,0.34821,0.17527,1.02604,-1.3935,0.3222,-0.84314,0.49119,1.73402,0.44595,0.99406,1.34135,-0.76678,0.62618,1.97381,-0.69045,-0.08364,0.8934,-0.34024,1.01051,0.46897,1.19482,-0.48699,-0.36127,-0.68775,1.04998,0.11336,-1.98365,-0.80888,1.45033,-0.45864,-0.13419,-0.68968,0.8612,0.28031,0.67688,0.89607,-0.53932,-1.24751,-0.3526,-0.60396,1.63186,-2.10153,2.00857,0.40094,-1.14132,-2.17139,-1.03418,-1.24527,-0.72231,0.80667,1.83415,0.67539,-0.9707,1.95392,0.14893,0
-1.18521,0.34325,-0.96641,-0.16136,-0.71759,0.33736,-0.85805,0.09241,-2.19756,0.42231,1.04557,0.20285,0.73097,-0.7723,0.39907,0.39725,0.71191,-0.5608,0.66323,0.76658,-0.02627,0.75168,0.66179,-0.35401,1.28828,-0.37636,0.62865,0.05612,0.44364,-0.23205,0.57885,-0.16646,-0.74401,-0.50988,-0.95704,-0.45477,0.12482,-1.12698,1.25446,0.85769,1.16027,0.71507,1.76115,-1.69303,1.73267,0.21664,-1.6031,0.67463,-0.20747,0.50638,1.87309,-1.5275,1.22174,-0.54371,1.37214,-0.6903,1.98683,-0.43801,1.53971,-1.25417,-0.38411,0.9446,-1.61191,0.99455,2.1665,-0.37917,-1.00299,-0.54974,0.74155,-0.56028,0.01189,-0.51959,1.94273,0.56335,-0.39347,-1.24035,-2.1062,-0.20633,-1.61819,0.3366,-0.03621,-0.50703,0.45191,1.0562,0.9265,-1.02892,2.10197,1.69356,-0.71041,-0.20293,-0.27324,0.80574,-2.00132,-0.69209,-0.4831,0.11103,-0.16958,0.76226,-0.59104,-0.96739,-0.37426,0.49543,-1.07792,0.23123,-2.05275,-1.22085,-1.93274,0.39946,0.74961,1.27011,-1.0994,-0.62442,-1.30263,0.11216,-0.66964,0.00177,1.05847,-0.94883,0.32733,-0.0525,1.1281,0.98414,-0.55251,-0.30004,0.44419,0.79268,2.76001,0.7607,-1.31743,0.43511,1.26157,0.36064,0.60231,-0.47931,0.40652,0.91684,-0.29113,0.36092,0.01614,0.34546,0.3031,-1.3024,-1.47199,-1.92215,1.50307,-0.09681,0.89774,1.32661,-0.07765,1.22544,-1.18082,0.01897,-1.20398,-1.92158,0.64926,-0.43421,-1.29179,0.27228,-0.79607,-0.75722,-0.79984,-0.1632,-0.46514,2.37638,1.90592,-1.52443,0.59694,-0.21111,0.56284,-1.26897,0.74172,-0.31285,-0.89827,0.64544,1.16186,0.95848,0.01077,1.25779,-1.56706,-1.37392,0
-0.24124,1.6527,-0.9678,-1.06357,-0.65836,-1.7386,2.30309,0.29191,0.04075,0.35506,-0.37137,1.5649,-1.37738,-0.33865,1.97231,0.52165,0.61668,1.46643,0.16757,0.104,1.50867,0.71669,-0.69755,0.83349,0.42068,-0.13075,0.15549,0.49353,-1.46059,-1.13722,1.4163,2.92733,-1.40539,0.55316,-1.13346,-0.67075,0.70399,0.19025,-1.92752,1.68506,-1.95167,-1.88267,0.94672,-1.51841,-2.59387,0.38785,0.7393,-1.34452,-0.07099,-0.45941,-0.01205,-0.87685,-0.73702,0.90215,-0.94056,-1.10823,-0.21444,-0.29002,-0.80024,-1.07759,2.41977,-0.22503,0.88945,-0.045,-0.57859,0.41407,0.13639,-0.59178,0.6692,0.67902,0.03511,0.49639,0.93409,0.61066,-0.81863,1.87061,1.14958,0.50989,0.04068,0.5845,-2.06037,-0.03026,-0.09361,0.39951,0.9548,0.80392,-0.82237,-0.7137,1.55946,0.13153,-0.28279,-0.63491,-0.24575,-0.70035,1.45558,0.03107,1.35316,-0.0943,0.1152,-0.43677,1.40892,-1.52594,-0.95682,-0.20978,0.89343,-1.1824,0.95676,1.70186,0.44899,0.2164,1.61962,0.32505,2.01457,-0.42903,0.47188,0.17657,0.74799,1.20953,0.36823,0.33198,0.54726,-2.08834,1.96368,-0.91183,0.29865,0.43113,1.46393,1.07774,-0.27373,-1.04856,-0.51867,-1.17032,0.40636,-0.87204,-0.10348,-1.3658,-0.35873,-0.8147,0.31023,0.30884,1.06626,0.01883,0.89384,-1.44976,-1.6391,0.54748,-0.85394,-0.77343,2.05581,-0.61447,-1.10424,-0.46453,-1.41566,-2.27657,0.09789,0.01123,-0.30872,-0.21234,-0.27261,-2.0267,2.04067,-0.59613,0.52031,0.41734,-0.51289,0.54858,0.36461,1.00083,1.04118,0.57696,0.5357,-1.46385,-1.66627,-0.68236,0.36847,0.87518,1.03824,0.51674,0.34154,-2.18527,1
0.9206,0.68683,0.11902,2.80285,0.69415,-0.34982,-0.66639,1.03259,-0.13979,0.59111,-1.03969,0.43704,-1.07556,-0.7164,0.10688,0.11266,0.34543,2.34729,0.23776,-0.5325,0.53345,-2.26083,0.58677,-0.59649,-1.58101,1.20625,-0.2846,-0.38746,1.55354,1.0324,-1.04749,0.43293,0.8966,-0.63963,0.34322,0.16985,1.57411,0.60119,1.86057,0.6012,-0.2734,0.10791,-0.57945,0.17617,-0.69656,0.06375,1.32994,-0.57285,0.31763,1.4593,-0.15334,-0.07652,-0.33113,-0.10366,0.60995,0.13919,-1.28777,-0.62987,-0.45016,0.47121,0.72174,-0.02975,1.0783,-0.32161,-1.15996,-0.05039,-0.55846,0.45464,-0.48692,-0.88321,1.85197,1.1676,0.56442,-1.12567,-1.32687,-1.16826,-2.52932,0.34516,-0.73135,0.67189,-1.42949,-0.62723,1.10005,-0.19001,-0.91632,1.17864,-0.99849,1.1251,0.29829,-0.59251,-0.87468,0.37827,-0.89237,0.05344,0.25059,-0.69501,0.889,-1.41432,-1.52837,-0.56835,-0.08316,-0.56211,-0.01738,-2.41326,1.15886,-1.10989,0.16789,1.50878,-2.25259,-1.28963,0.58309,-0.65535,1.57234,0.85998,-0.71253,-1.40585,-1.93661,-2.39068,1.25093,0.04829,0.34705,1.16917,0.26077,2.02434,0.07008,1.64302,-0.83591,-1.24791,-0.81412,0.55774,0.34162,0.59638,-0.40878,0.7688,-0.09947,-0.00452,-0.25885,-0.45985,0.49141,-0.81068,-1.53803,-1.26526,0.00247,-0.79702,0.27781,-0.09805,-0.76762,-1.56761,-0.08768,0.78695,-0.01427,0.35204,1.3907,-0.34063,0.59065,-0.84869,1.74651,-0.08183,-0.51853,-0.37523,0.09724,-0.17796,0.5188,0.21941,-1.72398,2.04825,0.52987,0.3954,-0.61328,-1.10874,0.54716,1.72993,-0.24272,-0.47616,-0.09304,0.0718,0.55956,-0.7031,-0.55896,1.35888,0
0.0332,-0.38698,1.13791,0.15026,-0.15742,0.64651,0.01591,1.5965,0.83536,0.50132,1.05934,0.11329,1.25684,-0.25596,-0.96395,1.07715,0.27659,1.04198,0.23393,0.21957,1.2925,1.40295,0.38816,0.56291,0.59726,-0.05759,0.53316,-0.55258,0.94489,1.09112,0.0432,-0.91761,-0.62212,-0.77399,-0.02295,-0.83702,-0.51058,-0.02388,-0.68429,-0.18166,-0.57246,-0.33017,0.23015,0.99786,0.6063,0.4313,1.26198,-0.75825,1.94992,-1.1996,-0.24151,-0.39145,-2.86023,0.6267,-0.26632,-2.63465,1.79825,-0.30206,-1.71969,-1.06053,-0.83716,0.40101,0.73887,-1.31587,-1.97115,-0.33127,1.97916,-0.84861,-0.05788,0.50559,0.71104,0.60419,-0.99537,-1.50169,1.85071,0.40458,-0.80694,0.7246,0.47831,0.72908,-0.06181,2.2868,1.63598,-1.79167,-0.83294,-0.16887,-1.82172,-0.04688,0.41939,-0.14998,-0.3462,0.09025,0.22122,0.05301,-0.95757,0.21048,-2.60377,-0.22448,1.31813,-1.7661,-0.83457,-0.49496,-0.75091,-0.24495,1.454,0.17125,0.22597,-0.48568,1.03498,0.0772,0.2834,0.12831,0.77243,-0.12726,0.10712,-0.5864,1.12224,-0.27514,0.6162,-0.52013,-1.04467,-1.18628,1.28134,0.62436,-0.68597,0.47093,0.81264,0.36779,-1.09123,-0.81054,0.30243,1.04184,0.36464,-1.14529,0.6668,-0.53068,-1.20087,0.92966,0.02675,-1.34644,1.77997,0.35155,0.90911,-0.12734,0.00861,-1.45749,-1.19535,-2.04728,0.9566,0.3233,-0.67323,-0.0769,-1.39348,0.59788,0.30951,-0.47537,1.30718,-0.26137,0.21416,-0.10329,0.16367,0.0841,0.49001,-0.42488,-0.86516,0.18189,0.60162,-2.21653,-0.99561,-1.15535,1.01675,-0.06585,-1.26365,-0.06324,-0.50719,-0.05928,0.17698,-2.36706,0.86948,0.70309,1
0.02535,-1.83196,0.27988,0.34667,-1.43364,0.02004,-0.93917,1.24324,-3.06997,-1.84547,0.22462,0.18361,0.62943,1.58479,-0.37005,0.7163,0.2658,-0.78957,-0.37997,0.18165,0.35389,1.085,-0.64153,0.55834,-1.74893,0.19602,0.28445,1.24882,0.15109,0.71293,1.24082,-0.10094,-0.33355,0.7623,-1.24291,-0.80066,-0.5172,1.2025,-0.97816,-2.38341,2.79469,0.46867,0.42587,-0.63336,0.45317,0.39501,0.20606,0.40978,-0.44416,0.10467,-0.03243,1.04436,-0.67696,1.0561,1.09919,0.31237,1.38994,0.39571,0.55422,0.63266,0.02368,-0.43551,-0.50033,-1.76562,1.24905,0.57551,-0.5742,0.81898,0.43318,0.96022,1.21052,0.84355,-0.15182,-2.06244,0.34106,-0.49612,-1.60295,-1.04148,0.55627,0.14025,-1.69444,-1.1593,1.14993,0.57432,-1.60752,0.4193,-0.05011,0.13718,0.48001,0.39012,-0.80722,-1.72822,-1.22178,0.65024,0.12618,-1.35159,0.30113,0.00038,0.72173,2.2236,-0.1225,-1.42637,1.60518,-1.42114,-0.51519,0.94149,-0.00511,-0.49453,0.76925,-0.84619,0.86003,0.01987,-0.68113,0.68132,0.26574,-0.56349,-0.92778,-0.55236,2.27103,-0.41118,0.79657,1.54052,0.24528,0.08381,-0.74327,0.46438,0.12961,-0.55654,0.31175,0.90272,0.26421,-0.84558,0.43813,1.01607,0.1867,0.03883,-2.08568,-1.24334,-0.80643,-1.10436,-1.40042,-0.94196,0.07957,-0.1872,-0.68948,1.57964,-0.17729,-0.49866,0.38509,0.31299,0.12168,0.10237,-0.59982,0.82268,-2.17271,-0.0516,-0.58598,-0.51597,-0.70739,0.93777,1.29024,1.10072,0.11351,0.13774,-0.43185,-0.50183,0.15821,0.91101,0.64501,-0.46252,0.10799,0.7603,0.86344,0.57004,0.91028,0.03283,-0.88847,-0.72725,-0.26667,-0.38057,0
-1.44986,-0.21873,-0.21828,0.94053,-0.22275,-0.47321,0.95948,0.04378,-1.04142,0.09145,1.06655,0.77821,0.27322,1.06205,1.22751,1.49804,-0.47418,-0.16876,-1.81025,-1.62821,-0.20978,0.58575,0.83955,0.61734,-0.8281,0.74362,0.20515,-2.04147,0.07765,0.14112,0.04101,1.17594,0.00665,-0.47703,0.4809,0.37577,-0.33471,0.41095,-0.15965,-2.57775,-1.10606,-0.72863,0.18594,1.54505,-0.02552,-0.70755,0.81823,0.39406,-1.69592,-0.4905,-1.3886,-0.95439,-2.37637,0.22306,0.08789,1.90328,0.24078,-0.65673,-1.00737,-0.71084,-0.81288,-1.4817,-0.84489,-0.27716,-0.26819,-0.34052,0.10116,-0.95365,1.43595,-0.1448,-2.85466,0.18496,0.2459,0.4048,1.9049,0.63571,-0.94692,-2.09042,0.79147,-0.54263,-0.21249,-1.00318,1.31357,-0.78798,0.00805,0.54972,-0.37529,-0.38317,-1.02074,0.23172,-0.66621,-0.25908,0.97361,0.32954,-2.42999,-0.69405,1.29415,0.35702,-0.14947,-0.45613,0.63423,-1.47621,0.86411,0.5275,-0.96079,-0.31278,-0.29892,0.93906,0.71714,-0.9107,-0.10981,-1.7795,0.74984,-0.41483,0.18088,1.35902,-1.15376,1.5142,1.75283,-0.81717,-0.30416,-3.50021,0.18531,-0.50727,-1.19078,0.12406,-0.08217,-0.52132,1.43019,0.76647,-1.63025,0.22439,-0.05727,0.89432,1.74826,0.27642,-0.23352,-0.47096,0.14158,2.19622,1.35396,-0.63216,-1.71664,0.64385,1.90734,-0.26532,0.61877,-1.49461,0.41221,-0.91852,0.86024,2.27964,-0.71197,0.86831,1.69857,-1.67616,0.64877,-1.11374,0.21289,-0.68809,0.6636,0.09181,-0.22348,-0.6171,1.03709,0.33176,1.16308,-1.35175,-0.8144,-1.36894,-0.51681,-0.21622,-0.82716,-0.3289,0.25127,0.04204,0.90278,0.85068,-0.98052,0.53973,0
1.02462,-0.44991,0.18713,-0.15293,-0.06705,-0.0987,-1.03594,0.22833,1.63151,-0.76761,1.28969,-1.63582,-1.25529,-2.27031,-0.21272,2.00662,1.25105,0.35918,0.84713,0.74434,1.44757,1.1566,1.33687,-1.2695,-1.3122,0.33919,-0.92535,-0.18163,0.78264,-0.31554,1.88934,0.43529,1.09542,0.83491,1.93879,-0.10689,-0.84408,1.4798,0.20337,0.14074,-1.96465,-1.48672,0.36129,-0.687,-0.21347,0.72085,0.16878,-2.16749,0.20656,-0.69824,2.57581,-0.85595,0.06212,-0.47829,-0.74169,0.31053,-0.33748,-1.83376,-0.74439,-1.58594,0.53683,0.14301,1.03751,-1.1973,1.41832,-1.20288,0.79115,1.43011,0.48847,-0.83302,-0.33152,0.26914,-0.71647,-1.13745,-1.11848,2.326,-0.66172,0.95613,-0.37157,1.06042,-1.23405,1.82999,-0.72837,0.40679,-0.01298,-0.78542,0.14597,-1.20651,2.1501,0.8321,0.40549,1.00365,-0.86696,1.3916,-0.21438,2.13818,0.29262,-0.05644,-0.0616,0.25352,0.27947,0.28711,-1.14005,0.02126,0.70512,-0.93932,0.21004,1.91266,2.09273,1.18296,-1.31753,-1.1155,1.07891,-0.33265,0.3592,0.43352,-0.38684,0.03894,-0.8471,0.03213,0.77553,0.64878,-1.21245,0.56628,0.76255,-0.56932,0.45831,0.15658,-0.47563,-0.994,0.56465,-1.9081,-0.66717,0.69315,-0.27445,-1.00568,2.06687,0.29691,-0.52949,-1.3232,0.84967,1.63394,0.31138,0.12348,0.12589,-0.56439,0.0302,-1.11855,-0.31728,0.01323,0.68273,0.80329,-0.84893,0.65419,0.05682,1.24734,1.47922,-0.14624,0.34518,0.70604,-0.63671,-0.5706,-0.69006,0.59743,1.93091,1.34912,-0.09587,0.66029,0.94346,1.45704,-0.73984,1.33862,-1.7291,0.65461,1.11405,-0.53446,-0.32033,0.23094,-0.76152,0.8323,1
-1.103,0.56158,-1.21899,-1.58118,0.18291,1.70695,0.77656,0.62207,0.34375,-0.92773,0.47229,-0.81974,-0.72737,-0.39821,-0.1032,1.02682,-0.32039,0.05682,1.21426,1.20617,1.29091,2.10601,0.27819,-0.83896,-1.06236,-1.10195,-0.24532,-1.07453,-1.79967,-2.71082,0.70244,-0.79935,-0.24973,-1.05074,0.91324,0.53226,0.32671,-1.39717,-0.07075,0.14675,1.33927,0.08532,0.70245,1.74808,-0.02278,0.38173,0.56382,1.48566,-0.86805,2.54976,-0.16148,0.17945,0.99343,0.40125,0.38396,-1.03058,-0.49089,0.01578,0.01233,-1.73489,0.41262,1.76699,-0.17565,0.87983,1.51034,0.96279,-0.04655,-2.14395,-0.70647,1.38343,-1.61558,-0.45314,1.83084,-2.63832,0.10458,1.43191,1.81676,0.58508,-0.27183,-0.03779,0.07208,0.68759,0.49819,0.22619,1.42941,0.56172,0.34291,0.68595,-0.1527,-0.5619,0.16209,-0.16166,0.03973,1.55453,-1.41627,-1.67038,-0.97338,0.14667,0.21439,-1.13488,1.57147,0.63806,-0.3279,-0.74203,-0.19046,-0.27143,-1.14933,1.33533,0.65974,-1.70284,-0.4889,-1.50644,0.8147,0.72435,0.41652,1.22777,0.47569,1.44131,-0.83501,0.67982,0.10364,0.06752,-1.69503,1.71443,0.54608,-0.22243,-2.02586,1.46105,-0.01744,-0.53064,-0.15003,-1.46369,-0.30832,1.0433,1.03397,-0.40616,0.59433,0.02994,-0.74359,2.17011,-0.19079,-0.18223,-0.45359,-1.29319,0.25947,-1.27775,-1.65051,-0.77463,1.01563,-0.40883,-1.06568,0.64663,0.60246,-1.09204,2.7281,-0.22856,0.97286,-1.27432,0.3877,1.69,-0.6819,-1.02787,-2.06828,-0.3579,0.79627,-1.75475,-0.0946,-0.75929,0.59421,-0.49815,0.43308,0.68991,-1.73729,-0.98088,-2.11953,-1.46924,0.74615,1.20084,1.94495,1.17203,1
-1.02927,-1.26735,2.1332,0.19088,-0.3568,0.36046,0.33629,1.90948,-0.55054,-1.21514,-0.84841,2.37409,-1.05985,0.21789,-2.22874,0.13137,1.33178,-1.18903,-0.47313,0.85344,0.22631,-0.33203,0.45184,0.42839,-0.05871,0.68068,0.73328,-0.08218,0.92333,-0.55004,1.09694,-0.89208,0.03894,-1.51006,1.39691,0.0131,-1.33965,0.712,0.54022,-1.67269,-0.42669,-0.84672,-0.25646,1.76534,-0.40542,0.96856,-1.71117,0.29501,-0.43139,0.57684,-0.30251,0.7872,-0.12029,-0.77069,-0.84742,-0.60256,0.71549,-0.93307,-0.80115,-0.64275,-0.77039,-0.05584,0.06519,0.59277,0.88092,0.21276,0.04886,-0.58082,0.0097,-0.68965,0.94668,-1.68162,1.65711,1.55881,-0.36981,0.48542,-2.00778,0.31835,-0.48113,-0.10135,0.9305,0.68,0.4083,1.62376,0.90179,0.90562,0.54787,0.71804,1.00156,-2.47697,1.80263,-1.91245,0.81113,-0.28554,0.18998,-2.40696,-1.25019,0.1688,0.12043,-0.53275,0.11131,-0.85901,-0.36373,0.73708,2.014,-0.49246,0.48964,-1.0998,-1.38585,-0.90626,-0.04336,-1.36692,-0.40115,0.19479,-3.14997,-0.02494,-0.68885,-1.58515,1.61714,-1.31626,0.49104,-0.78715,1.24264,0.1697,-0.00312,-0.61008,-0.35307,-0.38078,-0.98741,-0.19777,0.53246,0.31656,1.59183,-1.05785,1.2847,-0.03571,-1.86957,-1.30309,-0.38741,1.05788,0.88116,-0.68871,0.70406,-1.16053,-0.8905,-1.24349,2.32913,-0.22434,-0.91166,-0.16775,1.02676,0.39124,1.68145,-0.71021,1.60058,0.45538,-0.55967,0.5436,0.28057,-0.60856,0.25545,-0.08061,1.06208,-0.57279,2.10622,1.42938,0.40359,0.63275,-1.29156,0.63152,1.81527,0.61249,-1.02702,0.31533,-0.74494,-0.83168,0.64219,1.59426,-0.87876,2.61443,0
-1.60821,1.10144,-0.88249,-0.08568,0.52915,-0.7522,0.63502,-0.40816,-1.58972,-2.39788,0.33919,0.42169,0.21901,-0.47981,2.29755,-1.59787,-1.16825,-0.27649,0.93395,-0.79264,0.45345,-1.28498,1.25875,-1.13934,0.87689,-1.19106,-0.43199,0.35953,-2.20066,0.62029,0.1177,0.4814,-0.01839,-0.98311,0.21775,1.21065,0.06792,-0.45188,-0.9796,-2.23315,-0.03391,0.74735,-0.41204,1.33677,0.21519,-1.54118,1.37287,0.16943,0.69552,-1.0603,2.42249,-2.17154,0.67358,0.22309,0.04784,-0.00747,0.50503,-1.18667,-1.47541,-0.16501,0.22784,-1.13747,-0.07302,1.75396,-1.18833,0.01838,-0.63862,0.62157,1.97349,-0.19739,-0.68338,-0.22259,0.18821,0.12479,0.78444,-0.43563,0.78905,-1.22761,-0.16604,0.05047,-0.12814,-0.58451,0.60714,-0.51904,-0.80774,0.10367,-0.22235,1.99494,2.42856,0.78873,-1.85343,0.86114,2.16562,-0.30321,0.01006,-0.86892,0.59766,-1.02334,-0.54488,-0.69416,-0.97042,-1.40841,-0.16092,0.38866,1.00001,0.11163,-0.69666,-0.99846,-0.49295,1.54349,1.39706,-0.51873,1.12148,-0.76672,3.59885,0.96083,0.53187,-1.48034,0.6329,0.46536,-0.85727,0.25793,-1.69254,0.42075,0.01763,-0.02152,-0.34553,-0.70529,0.24984,-0.48938,0.16537,1.7237,-0.6364,-1.07042,0.45409,-0.22041,-0.33799,0.86493,1.41187,0.07475,0.52551,-1.45741,-1.3502,-1.18322,1.86756,0.22372,-1.39648,0.23568,-1.02988,-0.66538,-0.88281,0.69227,-2.52669,-0.30934,-0.01163,-1.58474,2.11784,0.905,-0.5146,0.42664,0.29625,1.66648,1.51088,1.75828,0.98497,-0.05566,-1.1386,-0.23653,-3.18516,-0.19384,-0.30154,0.7056,-0.28021,0.5378,0.03996,-0.20086,0.82215,-0.75479,0.16262,-1.27197,0
0.94191,0.27844,0.8499,1.4751,1.1004,-0.53243,-1.28137,0.41539,-0.7516,-0.10633,0.18265,-0.24919,-0.7809,1.18579,-0.43267,-0.52991,0.29006,0.7642,-1.43934,-0.47024,0.21812,-2.37908,-0.65041,-0.59339,-0.84093,1.05327,-1.33457,-3.27506,-0.18231,0.74281,-1.70502,-1.42788,0.95799,-0.95682,0.54647,1.23712,-1.0287,0.12511,-0.20709,0.4706,-0.49739,0.0475,-0.8709,-0.64106,1.04425,0.45018,-0.5741,0.95636,-0.98565,-0.71549,0.40939,-0.4875,0.56835,0.21307,0.48239,-0.23692,-1.28542,0.69061,-0.38776,2.23756,0.35781,-0.24349,-0.99515,0.0595,-0.41848,-0.53105,1.55646,-0.16297,-0.78395,-0.67026,-0.38366,-0.46347,1.02295,0.04398,0.98403,-0.36931,0.30114,2.48276,-0.02953,0.60385,-0.5015,-0.53237,-0.91049,-0.20815,0.38522,-0.82529,-0.09109,-1.15889,-0.54953,0.91432,-0.70971,-0.24926,-0.20524,-2.12602,0.4706,0.79415,1.12269,0.21167,0.1097,1.30988,0.46091,0.05464,0.8074,1.48158,0.20457,-0.55735,0.1126,0.34278,1.28221,0.97649,-0.17113,-0.23138,-0.37157,0.25485,0.86548,0.97377,0.84455,-0.5217,0.21076,-0.32905,-0.67567,1.5226,-2.22871,-0.8332,0.24659,-1.85556,-0.33884,0.62199,0.28443,-0.51645,-0.91594,-1.86827,-0.34032,1.37364,0.82855,1.07362,0.07632,0.43152,-1.42337,1.17025,0.38322,-1.32242,-0.23834,-0.32317,1.74828,-1.10798,-0.41664,0.68187,-0.55531,-0.84379,-1.38608,0.03819,1.23293,0.81885,-0.68308,-0.3636,0.28751,1.86778,-1.18539,-0.32174,-0.70393,0.80638,-0.90509,-0.23649,-0.37942,-0.38693,0.42618,0.8208,0.84344,-1.15633,0.82789,1.82542,-2.09586,1.67574,-0.64116,-0.227,1.74129,-1.76244,-0.68607,0.22435,1
0.80452,0.39303,0.41725,0.43914,-0.25386,1.21276,-0.1534,1.87446,0.63028,-0.70127,-0.28443,-0.32413,-0.31136,0.32388,0.67027,-0.02249,0.1718,-0.63522,-0.70793,0.3215,-1.35351,-0.13958,-0.81692,0.06517,-1.72286,-1.57239,0.33062,-0.79234,-0.65992,-1.33488,-0.04604,0.66842,-0.37171,-0.7896,-3.02136,0.63465,0.56823,0.8467,1.48876,2.16021,1.08533,-1.2485,0.02987,1.02065,-0.98318,-0.59659,0.45988,-1.14306,-0.75705,-0.20597,1.04512,0.40428,-0.42642,1.27675,0.17079,0.25677,-1.16645,-0.14721,1.43327,0.65391,-1.22337,0.00097,0.84941,-1.1494,1.37588,1.02296,-0.7323,0.42965,0.73882,0.96137,-1.30082,1.44301,0.465,1.63834,0.92278,-0.11261,0.36343,3.15302,-0.19199,1.12034,0.91064,-0.32027,-0.31559,-0.00054,-0.62531,-0.34918,0.98022,0.03216,-0.2187,1.87351,-0.22417,0.44752,0.99941,-0.10368,-1.21786,0.40146,-0.08373,-0.88293,0.87668,-0.04014,0.29992,-1.59329,0.61577,-0.20473,-0.7321,1.18456,0.15439,-1.54708,-2.064,1.16716,-0.39832,-1.99217,-0.74774,0.23681,1.56868,-0.52159,-1.09868,0.02777,-0.68658,0.56276,-0.13754,0.20046,0.345,-0.51181,0.71177,0.78725,-2.49312,-0.28753,0.92069,-0.33817,-0.40434,0.00675,-0.32766,1.52435,0.98542,0.47609,-0.41237,1.63264,-0.07151,0.17091,0.35147,-1.42683,0.57784,-0.79354,0.76161,-1.11564,0.67519,-0.2945,-0.38071,-0.67656,-0.59476,1.83113,0.32408,-1.40904,0.96543,-1.99064,0.05186,-1.47348,0.25833,1.4229,-2.42535,0.68924,-1.18239,1.63487,0.42811,1.14526,-0.0757,0.33289,-0.62404,0.00285,0.40159,-0.68973,-0.86985,-0.39459,-0.64239,-0.9233,1.29466,-1.23062,-0.47759,-0.18377,1
0.94763,1.34014,-0.71872,-0.01487,0.16444,-1.7355,0.96889,-0.30776,2.86179,-1.23422,-0.73036,2.02224,1.62597,0.17643,2.11145,0.96304,-0.14532,-1.35764,-1.29407,-0.07562,-0.29674,0.71819,0.98785,0.97681,-1.09562,-0.05617,1.30995,-0.84122,1.46668,-1.91817,1.28839,1.27507,-1.25255,-0.18305,-0.62855,1.76674,1.40633,-1.23523,-1.13838,-0.08656,-1.07625,-0.38049,0.77303,0.82115,0.06342,-0.25515,1.6078,1.15788,0.68101,0.71028,0.78375,-1.71314,-0.3065,0.85625,-0.24971,0.58445,-0.22396,0.18399,-0.46074,1.0548,1.53103,-0.36948,0.25004,-1.62719,1.31605,1.45501,0.48615,1.02191,0.22019,-0.06384,-1.23449,0.31379,-0.67113,-0.67178,1.0147,-0.04393,2.44344,0.12656,0.82362,0.8461,0.17993,-0.18052,2.37527,1.50884,-0.61004,-0.9378,-0.19716,0.83004,0.26035,0.66955,0.18252,-0.18534,1.10811,-0.1072,-0.31561,0.13208,-0.86448,0.5109,0.18317,1.02185,0.36443,1.11911,-0.96578,-1.69494,0.29951,0.76499,0.71612,0.10614,-1.64467,-1.57247,0.1731,-0.37177,-0.7063,-0.21648,-1.43472,-0.23873,2.33269,-0.20795,-2.18609,0.26628,2.46182,-0.04198,-0.22436,0.93642,-0.11371,-0.26824,1.77585,0.9671,-0.5672,-0.00133,1.30734,0.20171,0.40791,1.02468,0.20637,-1.19651,-0.00877,-1.66668,0.80522,-0.95652,-0.48497,-1.03239,-0.51356,-0.25487,-0.63762,-1.61066,0.87269,1.27366,0.16764,-1.01465,-0.80461,-1.12815,-1.72192,0.95026,-1.31638,0.00147,1.1273,1.96498,0.63145,2.02286,-0.99317,0.58796,-1.21357,1.93878,0.37451,2.58822,0.66176,-2.17123,0.50824,2.35835,-0.60374,0.65667,0.0996,0.60753,0.14466,-0.41104,-0.78158,-0.91732,-0.67011,0.66904,1
-0.70125,-0.05003,-1.84097,-0.20433,2.03697,-0.49502,0.35108,-0.10929,0.16754,-0.2394,1.45353,0.88257,0.23196,1.7489,-1.64755,-0.81968,-0.42697,-0.1284,-0.98521,0.24963,0.33807,-1.26825,-0.10284,-0.39237,0.62397,1.48454,-0.55943,0.61857,0.67018,0.86353,-1.32718,0.17759,0.23435,-1.73089,-0.92608,-1.59192,-1.11343,-0.85096,-0.08921,0.04004,-0.70196,-0.54454,-0.97444,0.44991,0.29876,-0.33627,-0.13186,-1.21321,-0.13677,-0.79195,-1.40404,1.31917,0.8216,0.16444,0.57063,0.11128,2.18825,1.27959,0.98196,-0.92858,-0.42423,-1.39207,-0.21354,-1.3072,-0.57988,1.64676,-0.62089,1.07559,-0.50325,-2.14602,0.30095,0.75019,0.14497,-0.3608,1.77731,1.26824,0.73198,0.98856,-0.03283,-0.00425,-1.11066,0.46202,-0.01283,0.58726,-0.49713,-0.51952,-2.29383,-1.74939,0.51024,0.30993,0.61862,-0.24677,-1.43347,-1.42711,0.5321,-0.77469,-1.51455,0.74585,0.42133,-1.18914,-0.1333,2.25907,0.32636,-0.67345,0.07363,-0.24972,1.46717,0.67155,0.0344,0.0094,0.58463,0.40294,-0.92172,-1.01944,-0.57541,0.70186,0.1932,-1.83403,1.199,-0.73979,-0.11068,-0.94693,0.55577,-1.31051,-1.0151,-1.463,0.41801,-1.13939,0.54582,0.87384,0.17541,0.92597,0.64979,-0.00373,1.73739,-1.36784,-0.63523,-0.03863,-1.32444,-0.62676,0.20412,1.18828,1.07511,-0.45721,-1.22156,1.36812,0.9135,-1.2271,-2.99885,0.73332,0.08419,-0.55358,0.65629,-0.5986,-0.80102,0.84062,1.28,-1.2915,0.40026,-1.07927,0.82427,-0.52719,1.02334,0.48258,0.80672,-0.52165,0.64811,0.81074,0.5243,0.83629,1.13929,-0.64446,0.22301,-0.31178,1.38159,0.60538,1.2699,0.49619,0.26006,-0.14107,0
1.04775,-2.62519,-0.43799,-0.45637,0.56507,-0.47589,0.45296,-1.07523,-0.66226,0.00933,-1.05224,0.71795,-1.26891,0.51527,1.22726,0.00884,-0.63703,0.14053,-0.35816,1.9503,-1.03559,0.27858,-0.19957,-1.66678,0.06203,-0.25687,-0.31126,-0.1117,-1.18614,-0.40082,-0.15684,-0.04089,1.43351,1.68957,0.03293,-1.45078,-0.0527,0.35312,-0.52101,-1.05594,1.12086,0.4153,0.94239,0.28654,0.22688,0.98465,-2.14146,-1.82949,-0.61365,-0.92853,1.42735,0.65215,0.94695,0.77001,-1.26238,-0.36059,-1.31787,-0.5633,-0.45949,-0.4991,1.18311,0.29611,-0.15711,0.52854,-1.22679,1.13707,-0.20689,-1.04915,-0.77124,0.09448,1.35594,-0.90444,1.20446,-1.31505,2.30716,0.70759,0.76739,-1.39187,1.04238,-0.23963,0.02367,0.46441,0.13161,-0.64641,0.33079,0.26669,-0.55766,-0.52314,-2.10179,0.90333,1.16366,0.81742,-0.91888,-0.80454,-0.59894,-0.37643,0.64587,-0.48859,-0.51507,0.78781,-0.14368,1.58776,1.60471,0.06236,0.62138,-1.8389,0.82706,-0.58332,-2.06759,-0.95348,0.93397,0.10856,1.15627,1.35538,-1.82391,0.01628,0.13971,0.92096,0.95561,0.80966,0.19026,-1.02315,-1.46821,-0.04114,0.20297,0.18557,-0.78445,-1.11189,-1.2581,0.14296,-1.83147,0.34209,-2.03353,-0.83267,-0.03927,1.4167,1.94395,-1.40279,-2.05669,-0.46511,2.08461,0.40916,0.15411,-0.04583,0.34983,-0.80034,-0.67765,0.27726,1.02509,-1.0356,-0.73794,0.44378,0.31237,-0.22416,-1.38121,0.62682,-0.18579,-0.59772,-0.25586,-1.46821,0.69304,-0.78529,0.36824,-1.08306,-0.07887,2.0472,0.10401,2.16044,1.40426,-1.29801,1.42592,-2.03391,-2.17424,-1.22806,0.49132,0.17574,0.00469,-0.76386,-0.36428,-0.71202,1
-0.76832,-2.36015,0.43572,-0.13379,-0.65401,0.01271,0.52537,0.18877,2.36385,-0.84322,-0.9399,-0.34324,1.61838,1.14744,0.28531,-0.51006,0.99507,-0.30334,-1.32362,-0.4608,-0.56225,-0.32576,0.50654,-0.44681,0.57211,1.53109,-0.46614,0.34578,0.71272,0.70843,-1.43466,0.03404,-0.42407,-0.32137,-0.18725,1.18841,1.41397,1.78862,-0.04982,0.66651,-0.2786,0.08476,0.6294,-1.66641,0.24888,0.14536,0.64893,-0.02897,-0.62554,-3.17832,-0.88472,-1.99754,-0.28289,0.22162,-0.47458,-0.07498,-0.32117,-1.1612,1.70836,0.65646,-1.58443,2.05056,1.52115,2.54104,1.57904,0.53843,0.10695,-1.0684,-0.62137,0.59115,0.09549,-2.20245,1.22469,1.43029,-0.46417,-1.13149,1.77301,-1.12583,-0.22785,1.3857,-0.05764,0.06438,-0.24395,0.21405,-1.65328,-0.83086,0.45842,0.81524,0.093,-1.71626,0.32059,0.45233,-1.94929,0.79614,0.51033,0.43516,-1.13091,0.02779,0.53296,1.9608,-1.10146,1.37644,0.07037,-1.34147,-1.27616,-0.01692,-1.56553,-1.44614,-1.13113,0.46546,-0.55465,1.47799,0.70775,0.56155,0.54247,-0.66953,-1.04287,-1.05816,0.14518,-0.3059,-0.35169,-0.73444,-0.10451,1.18321,0.35874,0.65713,-0.82515,1.71288,0.48524,-0.75877,-2.0167,-0.88945,2.1111,0.15232,0.14333,-0.00767,0.60463,0.81161,-0.38978,2.06343,-0.38832,-0.17487,-0.53744,0.77573,0.63125,2.27197,1.05766,-1.20574,1.29819,0.84314,-0.21861,0.53237,0.63698,0.96515,0.14762,0.94976,0.36497,0.215,0.36547,2.61897,1.08988,1.63191,0.5844,0.36425,-0.37691,-0.28045,0.75155,1.51076,-0.00624,-1.53534,-0.11122,0.07828,-1.63768,-1.50741,-1.66147,0.89535,-0.89729,-0.20827,2.0204,-0.23714,1
-0.42176,1.40856,-1.82922,-1.09751,-0.12391,-0.57476,0.013,0.29411,1.656,-0.96447,-0.2491,-0.26944,-0.83048,-0.90715,0.80717,0.39184,-0.06362,0.71774,2.53175,0.26879,1.08755,-0.92494,0.2412,0.155,1.08113,-1.67064,-0.05918,-0.55341,-0.17291,-1.05374,0.76857,-1.27057,1.17396,1.39409,0.24542,0.76469,0.60315,-1.02356,0.47306,-0.23518,-1.52047,-0.22802,0.69066,1.22781,-2.07515,0.1165,0.56032,0.37137,-2.20311,-0.40472,0.96429,0.02339,1.53396,-0.73659,-0.76014,2.56572,0.38206,1.60031,-0.05395,0.85852,2.66919,0.60266,-0.99108,-0.74796,-0.59901,-1.34051,0.55431,0.63212,0.86376,0.09269,-0.62406,-0.44576,-1.25104,0.33417,-1.49567,0.73351,-0.69661,-0.18001,0.76789,-0.28626,0.21978,0.79005,-0.18927,0.24679,0.98611,0.50554,0.94135,-0.47333,-0.6931,1.41866,1.56026,-0.75085,1.32277,-0.58424,0.77045,0.54028,2.24799,2.59713,0.12563,-0.38621,-0.32291,-0.80089,-0.78603,2.61632,-0.45752,0.4083,1.2604,0.87742,-0.05505,-1.8325,1.10467,-0.2857,2.80467,-0.22772,1.23131,0.1242,0.58068,-0.42469,1.42859,-0.65223,-0.42147,-0.28252,0.07264,-0.49388,1.21064,-0.27462,1.41701,-1.44217,0.7451,1.45805,0.38149,0.42202,0.03005,0.67347,0.90745,-0.33435,-1.32831,-0.39844,1.70325,1.54637,0.99518,1.25496,1.30223,0.80555,1.01802,0.23234,-0.87141,-0.37154,-1.93741,-1.5774,-1.10024,-0.2526,0.39355,-0.85162,-2.44486,-0.02306,-1.14857,-0.09621,-0.60173,1.16225,0.97692,-1.13468,1.25375,0.47185,0.52551,-0.37074,-1.04947,1.35926,-0.81643,-0.73115,-0.06348,-0.22093,-1.48584,-0.2637,-0.69289,0.37114,1.67432,0.28165,-0.78945,-0.26738,0
-1.2883,0.22872,0.19777,-0.259,-0.10465,0.4071,1.91294,-0.24682,0.32612,0.91315,0.20177,-1.02962,-1.2958,-1.21316,-1.88641,-1.16472,-0.04615,0.20797,-0.22706,-0.3539,-1.10691,-0.94338,-0.71013,-0.66565,0.97921,-1.42878,0.58481,0.65015,0.97832,1.47167,-1.29871,0.95076,-1.1533,-0.37898,-1.51396,-2.58008,1.67183,1.21988,0.74413,1.06936,-0.81701,0.90257,0.4653,-1.31568,-0.34385,0.66351,-1.32767,1.49336,-1.16817,-1.35027,-0.08787,0.80938,-1.47274,-1.08639,-0.94155,-1.75227,0.91769,0.98011,0.76199,1.47442,-0.9205,-1.41114,-1.11884,0.68956,-1.00335,-1.40832,1.17637,-0.79294,-0.0161,-0.03645,1.46097,-0.96079,-0.62242,1.36524,-0.33835,-0.90244,-0.71617,0.51905,-0.15201,-2.13166,-0.58985,-0.44308,-0.91999,-0.69918,-0.06515,-1.17409,1.21959,-0.16269,1.84812,-0.75098,0.18795,-1.74118,-0.40591,-1.46777,-0.36292,-0.20379,2.09111,-1.37913,-0.25653,0.77473,-0.6541,-0.95332,0.1222,-1.27236,-0.08894,0.18594,0.68176,0.89034,-0.88501,-0.95974,-2.19674,-0.45318,-0.3826,-0.09572,-2.04359,-0.71996,1.97478,0.99423,-0.84341,0.89391,0.77377,-0.93875,-2.60447,-0.86095,-1.52654,-0.41915,0.07912,1.81962,1.11951,0.06737,-3.99044,-0.03957,-1.23544,-0.11057,0.55132,0.16255,1.34052,-0.12488,1.65102,0.35694,-1.87148,-0.45637,0.20373,-1.17468,0.72762,-2.30104,2.0702,1.10715,0.67948,-1.61982,0.99415,-1.21585,0.95984,0.3324,1.69881,-0.24787,1.34832,-0.22553,-0.27575,0.03356,-1.10371,0.23231,0.49791,-0.63862,-0.08183,0.80774,-1.26788,0.27185,3.27118,-0.92532,-1.27544,-0.18986,-1.75108,-0.21227,0.29299,-0.33312,0.38382,-1.27289,-1.17717,-0.77831,0
0.31904,-1.74199,2.2971,0.18182,0.16516,1.05905,-0.27833,0.13921,0.16951,0.19473,-0.55016,0.42375,-2.19902,0.20647,-0.50188,-1.62319,-0.63987,0.31364,-0.12223,-1.436,1.18068,-0.34028,0.19593,0.18862,-1.56628,0.41526,1.24367,0.39605,-1.11477,0.07462,0.44166,0.31938,0.62787,0.7979,-2.05923,-0.58321,-0.0981,0.06107,-0.29597,-1.07051,-0.49483,0.8431,-1.59705,-0.51526,-0.52081,0.07282,-0.14836,0.65977,0.86214,0.99215,1.81298,-0.17088,-0.57496,-0.12677,-0.46935,-0.57329,1.40483,-0.57183,0.13235,0.8878,1.93135,-1.08541,-0.93659,0.08639,-0.6842,1.37282,-0.50299,1.89938,-1.06575,0.47569,1.9737,-1.17684,0.83318,-0.27382,1.15877,-0.5687,0.4222,-0.55249,0.52791,0.85417,0.65171,0.19189,-0.94191,-0.60203,-1.52556,-0.6601,0.68404,0.63537,-1.2112,0.55219,0.29313,-0.09414,-0.87742,-1.26873,-1.25557,-0.51202,0.69799,0.91261,-0.60211,-0.45577,1.66241,0.12641,-0.19262,-0.22713,-0.09063,-0.69198,-0.40887,-0.65194,0.93766,0.56788,-2.39286,0.53081,-1.57441,-0.49913,-0.57536,-1.10521,-1.24427,-0.09425,0.80424,-0.08679,0.14897,1.04009,1.04562,1.02461,0.55336,1.05909,-0.30065,-1.48113,-1.58207,0.56703,-1.87907,-0.42566,-1.30251,0.19583,0.53757,0.88136,-0.01185,0.95204,2.16026,-0.5382,2.04504,-2.22507,0.8043,-0.9962,0.61064,0.66842,-0.55322,0.53715,1.17935,0.7627,0.49001,-0.90598,0.83335,1.1325,-0.0311,1.17767,0.23282,-1.3758,0.61785,-1.15312,0.80811,-0.62174,1.93385,-0.6037,0.82806,-0.26138,-0.28985,-1.81914,-0.69894,-0.88302,1.39876,-2.06282,-0.09666,0.3746,-1.53302,-0.01762,0.00179,0.07851,0.56122,0.47711,1
0.61239,0.94527,-0.13083,-0.61057,-0.30932,0.28735,-0.69564,-0.10734,-1.25033,-1.17927,-0.54621,-1.92582,-0.21229,-0.22541,0.83949,-0.7074,0.26112,0.02355,0.16551,-0.56903,0.34703,0.43493,1.60869,2.13536,-1.60281,0.05489,1.74134,-0.31393,-0.58813,0.42254,0.59499,-0.52322,1.54554,0.1364,-0.16228,0.57824,0.83023,0.47589,0.978,0.09583,-0.57415,-0.50509,0.4403,0.22804,-0.03794,0.86946,1.43176,-0.74939,-0.01055,0.80601,0.79769,0.11069,0.23474,1.28052,0.44895,0.68179,0.71044,0.31396,-1.17023,-0.46414,-0.87946,0.29111,0.82583,2.82631,-2.78247,-0.43571,0.97222,0.76239,0.14046,1.50874,0.33577,-0.53218,-1.10722,0.20063,-1.25125,-0.76874,0.09022,-0.76569,-0.6027,0.91535,2.8264,0.47579,1.5831,-1.82587,-1.53161,-0.01198,0.19252,-0.26583,1.48197,0.4,0.50358,0.68181,0.88072,-0.52391,0.19083,0.02148,-0.25789,-2.42587,-1.08205,0.74857,1.46754,-1.81823,0.4345,0.27198,0.4413,0.60316,-0.19931,-0.04959,0.26567,-0.62966,0.66035,-1.27034,-1.34443,1.56158,-1.38116,-0.956,-0.83979,-1.65104,-0.25921,-0.7383,0.05662,1.4555,-1.29805,-0.60929,0.063,0.54655,-0.89126,-0.07063,-1.08078,-0.05906,0.53213,0.09316,0.18026,-0.27857,-0.84406,-0.62218,-0.46726,0.61124,-0.00542,-0.88986,0.74214,-0.89905,0.14765,0.05884,-0.69481,1.58691,0.09593,0.15541,1.95029,-0.28513,1.18719,0.02072,-1.14091,-1.57769,1.64738,-0.15408,-0.0794,0.53299,0.01705,0.8664,-1.16969,-0.3102,-0.94827,0.15376,0.7014,0.09112,-0.55766,-1.31189,0.68093,0.50972,-1.37213,0.02912,-0.268,-0.42852,-0.68795,1.20147,-2.72429,-0.85623,0.37306,-0.35536,1
-0.36506,0.09627,-0.34919,0.22492,-1.39913,-1.51195,-1.40014,-0.2655,-1.56128,-1.36848,0.86184,-0.51151,-1.28297,0.58848,-2.09151,1.91475,0.70033,-0.40685,0.04176,-0.18364,-0.21126,1.13057,-1.31945,-1.01757,0.32658,-0.97394,-0.33685,-0.37512,-0.14091,-0.50121,-1.1953,-0.4539,-0.05618,-0.30601,0.28359,0.18712,0.09372,0.61419,1.67194,1.38737,0.45415,-1.99269,-1.27648,0.08909,0.94214,1.94275,0.57893,-1.01116,-0.98901,-0.87953,-0.7136,-0.82334,0.99851,0.46892,0.4733,-1.46768,-1.63033,0.3324,-0.46634,-0.87213,0.5976,1.05655,-0.13415,0.34288,-0.02609,-0.37421,-0.13576,0.13923,-0.30434,-0.48944,-0.5704,-0.40836,-0.25556,0.60496,0.12532,-0.12969,-0.87573,1.56526,-1.39285,-1.16195,1.62017,0.44207,0.35569,0.69724,0.18743,1.85993,-0.30201,0.25233,0.48444,1.92109,0.39653,1.45991,-1.71217,0.33542,-0.46014,1.13883,-0.21657,-0.06005,-1.80599,-2.25945,-0.01438,0.28311,0.12776,-1.5174,1.85798,0.46171,0.65936,-0.47338,-0.75624,0.33729,-0.37722,1.00497,0.99615,1.11309,-0.5892,-0.65436,1.30581,0.20351,-0.60996,0.13801,0.38678,0.63644,0.41401,-0.65677,0.27646,-1.14059,1.35908,-0.25969,0.1505,-0.51431,0.50506,-0.49052,-0.43129,1.10827,1.10209,-1.58337,0.49548,0.90809,-0.19465,-0.07984,0.05447,1.53148,-0.71267,-0.04921,0.74477,0.65678,0.36792,-0.47562,-1.53138,1.35824,0.72742,0.64307,-0.89309,0.24131,-0.1584,1.0347,0.35935,0.70116,2.17655,0.03466,0.4352,-0.08534,-0.24963,1.41995,0.03903,1.06774,-0.06084,1.61237,-0.51597,0.33089,-0.36853,-1.88256,0.90643,-1.78323,-0.32012,1.59923,0.68511,-0.60952,-0.00512,-0.5141,1
-0.05175,-1.09671,0.12844,0.3209,-0.74518,0.45594,0.42844,0.65284,-0.68103,-0.88574,0.25349,-0.12571,-0.42666,-0.17528,0.62555,-0.01947,0.98917,0.25086,0.33953,0.7465,0.55282,-1.54824,-0.63428,0.24213,-0.42496,0.27006,0.66753,-2.14779,-0.52043,1.05923,0.02654,0.54866,-0.34419,-0.29732,-2.15706,0.58366,-1.89111,-1.42702,-0.51206,-0.06724,-2.37898,-0.52418,-0.22367,1.69249,0.88963,0.33536,0.09228,2.52423,0.7435,-0.69358,2.80084,-0.67583,-0.17189,-1.41296,0.59956,0.55099,2.01276,0.61495,0.38589,1.21437,-0.68258,-0.34841,-1.16305,-0.41204,1.36526,0.78221,0.14365,1.01556,0.45661,-0.55201,-2.83231,0.34799,0.25296,0.0694,-0.6368,0.22052,-0.8157,0.63924,-0.98651,0.49019,-1.2933,0.41256,0.40845,0.85522,-0.66549,0.2353,-0.97333,1.64327,-0.58765,-0.52781,0.18304,-1.63483,-1.15472,-0.86607,-1.1574,1.13882,-0.26444,1.17573,-0.44393,0.99013,-0.11051,-0.81607,1.17834,0.9184,-2.28004,-0.76891,0.22587,0.97172,-0.97822,-1.78395,-1.02707,-0.71185,-1.41144,0.67293,0.61906,0.89517,-0.63425,0.93011,0.40098,0.21121,-0.39082,-0.80315,0.47493,-1.98157,-1.25899,1.62593,0.88133,2.3606,0.27131,0.25686,-0.55038,-1.66413,-1.0683,-0.97546,-0.135,-0.24311,-1.36969,-0.41861,-0.76897,-0.9001,-0.10654,0.5942,0.37937,-0.55477,0.27105,-2.26498,-1.7823,1.64563,0.39433,-0.27597,-0.1259,0.13419,0.78032,0.58787,0.20763,-0.70958,-0.52863,-1.33316,-1.03398,0.51281,-1.16341,-0.85637,-0.23629,-0.74826,-0.41823,-2.07151,0.50813,0.6862,-1.90231,-0.13958,1.92542,-0.18839,-1.31297,-0.55714,-0.74213,0.16494,0.69891,-1.20587,-0.42512,1.2545,0
-0.31134,0.73262,1.41817,0.77093,0.30092,-0.21904,-0.78317,0.39727,-0.42133,-0.93372,0.53643,-1.18336,1.05584,-0.26984,-0.10367,0.72414,-1.43232,-0.2953,0.13976,-0.10514,-1.14182,0.5664,0.32047,-1.25859,-1.60246,-0.778,-1.79557,-0.52944,1.24166,0.11414,-0.69954,0.13683,-2.13651,-0.70325,1.86337,-1.62775,-0.11169,-1.29443,0.28296,-0.58688,0.29203,-0.12464,-0.33476,-0.35679,0.05679,0.03825,-0.11038,0.05171,1.28096,2.43398,0.77435,-1.654,-0.35026,-2.26653,1.18821,0.6843,1.15596,0.03801,0.0242,-0.38805,0.41147,0.39465,0.33864,0.6193,-0.96214,0.12471,-0.689,-0.59437,0.31413,-0.20108,-0.37384,-1.10582,1.39131,0.21821,0.05106,0.58993,-0.60374,-0.15296,1.96121,0.82118,-0.91532,1.62139,-0.945,0.64334,-1.25998,0.14937,0.07705,0.77807,-0.5261,-1.1067,-0.18225,0.59597,1.83141,0.87041,-1.15844,-0.39975,-0.5914,0.94084,0.26474,0.03895,0.71937,0.9322,-0.47655,0.83799,-0.90366,0.52565,0.91932,-0.25567,1.08866,0.1085,-0.81867,-1.02371,1.98539,1.18738,-0.51624,-0.72923,0.32958,-0.20228,-0.50919,-0.56847,0.02121,1.67462,-0.25262,1.01563,0.42682,-0.42197,-1.11559,0.11423,-0.50842,0.25803,-0.58777,1.94297,-0.15762,0.04288,2.08894,0.0712,0.37921,-0.77091,-1.27017,-2.24667,-0.67875,1.50558,1.45021,-0.09756,-0.46233,0.33033,-1.36389,-0.4741,-0.37374,-0.88265,0.30925,-0.53814,-2.22435,0.49341,-0.90043,-1.04706,-0.49844,-0.74467,0.54466,-0.52712,-1.08641,0.22285,-0.5689,-0.02086,0.42849,-0.66103,0.32418,0.86614,-0.43436,0.40005,-0.09837,-1.59171,0.68723,-0.22392,0.54495,0.47684,0.51423,-0.18749,2.26353,2.36438,0
-0.1824,-0.00836,0.30161,-0.8666,-0.24239,0.90675,-0.8175,1.38462,-0.3394,-0.80667,-0.76435,1.36252,-0.80586,0.40586,1.15448,-0.38215,-1.01378,0.68549,-1.63906,0.86917,0.66158,-1.18307,-1.37887,-0.17168,0.59469,0.85273,0.72531,0.23673,0.05188,-1.15471,0.73026,0.32767,1.24451,0.86552,-0.09875,0.97396,-0.31565,-0.30348,1.68311,1.26789,-0.96652,-0.98009,-1.43889,-0.52307,0.3868,-0.18335,0.12281,-0.84316,0.43907,1.32359,0.74828,0.38313,-0.00713,0.41904,0.04311,0.23664,-1.95074,-0.98766,-0.01484,-1.4371,0.53547,0.03642,-0.38931,1.08217,-1.07696,0.55743,-1.00452,2.12399,-0.15589,-0.60828,-0.85958,-0.5997,-0.67527,-0.85375,0.6226,0.68179,-0.90249,-0.72072,-0.91451,-0.65706,-0.60143,-0.50159,-0.76786,0.49026,0.66705,-0.2139,0.8208,-0.50729,1.18616,-0.2103,1.76488,-0.42222,-0.68665,0.79565,-1.20636,0.43414,1.11847,0.5646,0.34493,-1.06615,-1.55935,-0.51474,-2.68579,-0.05544,1.74141,-0.33515,-0.7791,-0.29552,0.7527,0.03767,1.20555,-0.40976,-1.37179,-0.87517,2.21887,0.18035,1.66599,-0.03498,-0.64907,-0.57804,-1.15093,-1.23324,0.39433,-1.74068,-1.2314,-0.06128,0.89242,1.08133,1.0145,0.44263,0.17951,-0.55349,-0.92283,-0.81666,-0.36381,0.03843,1.56492,0.24649,0.3942,0.48111,-2.82025,-0.50708,0.87607,-0.89255,-0.96804,-0.22852,-0.21518,-0.05268,1.72708,1.3641,-0.23039,0.22067,-0.4104,0.78465,0.5806,-0.73669,-2.08255,-0.8008,0.25572,-0.82119,1.15302,1.67058,0.03701,2.4248,-1.13737,0.56398,1.04038,0.71456,0.37733,-0.34543,-1.01142,1.24987,0.2826,-0.59458,0.06726,0.50819,1.00741,-0.13474,-0.86051,-0.73676,1
-0.04702,-0.59808,0.5585,0.59597,-1.32089,1.46564,2.08351,-0.07218,2.00997,1.21482,3.36695,0.11076,2.78945,0.68369,0.99003,0.46279,-0.45231,1.84093,0.04559,1.72439,1.59941,1.28348,-0.10574,-0.46251,0.49019,-0.34469,-0.16998,1.99311,0.50151,-1.58112,-1.44107,0.04177,0.0085,0.4526,-0.71506,-0.13344,-0.86263,-1.28914,0.03465,-0.11126,-1.66724,1.34346,-1.40796,0.46266,-0.30673,-1.42717,1.80448,-0.52143,0.30609,0.11032,1.40099,-0.84235,0.62758,1.4579,1.63934,0.88401,0.47704,0.18657,-1.67474,1.07533,-0.86432,-0.1463,-1.40554,1.40718,-1.06178,-0.76348,-0.31301,0.96678,-0.06268,1.85895,0.10334,-0.19278,1.09441,0.22099,0.67427,0.52508,-1.10204,-0.33533,-0.95293,-1.56421,0.86479,0.718,1.48186,0.12513,0.85625,-1.65832,0.15049,0.38875,1.2612,0.42755,-0.82442,0.5661,0.19806,-1.91581,-1.76648,-0.50976,-0.86795,-1.02088,-2.07911,-0.86019,0.34534,-0.56146,-1.28631,1.01416,-1.30689,0.76669,-0.37714,-0.98557,2.17222,0.1473,-1.29813,0.36471,-2.12476,-1.11985,0.30131,-1.31934,0.16689,-1.46444,0.12158,0.63842,0.39119,-0.80314,0.17891,0.25927,-1.1679,-0.24071,0.42944,0.28187,-0.53167,-0.45072,-1.37133,0.48847,1.09288,0.24278,-0.39714,0.59419,0.06468,-0.83627,0.15936,0.57092,-0.07829,-0.50044,1.13197,-1.5587,-0.73143,1.18028,-0.41129,0.43308,-1.16924,0.45537,-0.25354,0.29239,0.26355,-0.4722,0.03138,-0.21252,1.10326,-1.66982,0.58609,0.91534,1.90284,-2.04185,0.55087,-0.88254,-1.43816,0.2943,0.73698,-2.06806,0.21548,-0.227,-1.14019,1.48065,0.3803,1.28383,0.75354,1.2735,-2.14568,-0.98004,0.32367,0.76263,1
-1.25541,0.10044,-0.07448,0.60922,-0.43208,2.49597,-0.40213,-0.10894,-2.06699,0.43173,0.18553,-1.88878,-1.4121,-1.98235,-0.26614,-0.57908,0.4586,-0.92231,0.74247,-0.3539,1.76259,2.31331,-0.5428,0.9714,1.2146,-1.07474,1.04822,-0.0552,-0.65292,-0.47248,-0.30979,0.86555,0.55789,-0.99296,-0.45526,1.71393,-0.30252,-1.81838,0.38255,0.78211,0.22764,0.33914,1.2378,-0.8369,-0.83677,-0.96811,-0.36662,0.54067,-0.24673,-0.46411,-2.06562,-0.43533,-0.80173,0.94425,0.40891,-0.76649,0.41471,-1.49508,-0.21833,1.09446,1.33566,-0.61811,1.07647,2.42903,-1.16022,0.29373,-2.64405,0.32119,-1.16397,0.70368,-1.91199,-1.62977,0.22557,0.77001,0.28132,1.62123,-0.35242,-1.12781,-0.21345,1.65943,0.85378,1.0464,-0.11054,0.08705,0.39963,-0.8165,0.70267,1.35472,1.30868,-0.37476,0.70741,1.35493,-0.60914,1.11318,-0.97702,-0.5965,0.16433,0.4886,0.11595,-0.44625,0.0607,0.20443,-1.18082,-0.29277,0.90769,0.25853,2.45786,0.3136,-0.59698,-1.12632,-1.70079,-0.33574,1.52155,-0.37288,0.44665,-0.44207,-1.52358,2.74203,1.34084,1.31732,-0.13718,0.88282,-0.6901,0.05779,-0.77542,-1.29835,-1.88422,-0.06127,0.96796,0.04381,1.72172,0.96456,-0.17979,-0.06089,-0.21976,0.47702,-0.41898,-0.88146,0.03545,-0.49444,-0.25032,-0.99366,1.47854,1.09713,1.2773,0.06476,0.44736,-0.93488,0.12355,-0.59115,-1.15157,-0.4888,-0.38201,-0.24068,-0.68945,1.31803,-0.02631,0.09518,-1.04334,-0.13181,1.03104,1.12582,-0.12308,-0.42419,1.37272,-0.52975,0.10782,0.08362,-0.33122,-0.39833,0.21108,0.07702,0.36396,-0.02501,1.06756,2.07695,-1.53181,-1.522,-3.28226,1.11112,1
-0.91524,0.74376,-0.17205,-0.27788,-1.08216,-1.26165,0.50464,-0.40259,1.26052,0.5023,-1.60335,-0.51421,1.47622,-0.86211,-0.48074,-1.31835,0.83108,1.29601,0.25302,1.53423,0.41533,-1.40978,-0.77959,-1.61019,-1.08876,1.58576,-0.24367,0.97501,-1.06687,0.0045,0.10335,1.07022,-0.88501,0.78831,0.30915,0.57698,-0.97862,-0.94867,0.37311,-0.37848,0.58984,-1.10426,-0.11845,0.32957,0.71007,-0.49348,0.37697,-0.81389,-0.59194,1.099,0.60302,1.11823,0.08345,0.17169,-0.66544,-1.10374,0.61147,0.1092,1.07898,-0.33919,0.55219,-1.33761,-0.12977,0.07818,-0.44278,0.59845,-0.608,-0.98663,0.75913,-0.89397,-0.19915,-0.54178,-0.111,-1.70502,-0.33726,0.52024,-0.52964,0.7691,0.46681,0.62334,-0.46955,-1.70181,-1.28607,-1.61771,-0.06248,-0.6468,-0.14833,-0.67451,0.25044,-1.26006,0.05413,-0.13373,0.41974,-0.11264,-0.90269,-0.00782,1.36302,-2.1922,0.65544,2.52425,-0.65813,-1.64622,-0.52154,-0.51987,-1.0771,-0.18522,-1.61088,0.99165,0.91998,-1.56187,0.47094,0.20784,0.39572,-0.0757,-0.66231,-1.67181,0.48061,-0.11493,0.93713,0.35558,-1.15588,1.04541,0.76128,1.21449,-0.55282,1.13585,0.53952,-1.68356,0.63919,0.96328,0.06465,0.61985,0.97657,0.82612,1.42273,0.23572,0.25035,-0.52048,-0.70204,-0.40049,-0.50722,0.58676,0.3717,-1.00667,0.70185,-0.2909,-1.66635,0.03527,-1.84677,0.0548,-0.23995,4.17931,-1.15689,0.4892,-0.54887,0.71233,0.06382,-0.07928,0.21252,-0.33241,-1.16032,0.24839,-0.66617,1.55744,-0.14777,-0.78359,-0.66928,-0.1119,0.68139,1.12992,0.0238,0.13395,-0.43105,-0.29065,1.54728,1.33684,0.50558,0.23616,0.18243,0.48425,0
-0.1577,1.78113,-1.01991,0.8626,-0.5862,-0.40155,-0.44421,0.08546,-0.04988,-0.54075,1.85284,-0.61122,0.62103,0.76985,0.4208,1.0382,0.3402,-0.33811,-0.96182,-0.09977,-0.3057,-0.1269,-1.13748,-0.81212,0.04628,1.01079,2.34089,-0.857,0.9169,1.84716,1.29384,0.46673,1.49418,-0.95824,-0.8861,0.15322,-0.00373,0.84743,-0.33391,-0.57878,0.83969,-0.34369,-0.08858,0.97481,-1.79816,-1.54294,-0.87966,0.73875,-0.45458,1.16723,1.28971,0.3734,-0.5374,0.45963,0.69078,0.92394,-0.07032,1.09139,2.17046,-1.42097,-0.49501,-0.13822,-0.38058,1.1938,0.65259,1.77242,1.24097,1.19631,0.30417,-1.37707,-0.00128,2.5006,2.03856,-1.81297,0.69647,0.21353,0.77668,-0.28524,-0.42216,-1.1946,-0.29833,0.01471,0.63614,-0.01768,-0.08925,0.70367,-0.00944,0.04177,-0.40981,-0.6614,0.97753,0.17749,-0.21824,0.90562,0.35985,-0.10921,1.11233,-1.09137,-1.86335,-0.09205,-0.09438,1.70661,-0.48936,0.29106,-0.59955,0.05365,-1.2296,-0.72876,-1.67328,-0.41,-0.81045,-0.39836,0.74841,0.66973,-0.50559,-0.27655,1.26452,-0.42372,-1.17083,1.29311,-1.02081,0.8381,1.19232,-0.55363,1.49285,-0.60335,-1.11624,-0.07444,1.98072,-1.9597,-0.01412,1.66835,-0.36629,1.02578,-2.03296,-0.90127,0.42299,-2.26426,0.23564,-0.55903,-0.8449,1.36503,0.9791,-0.42222,-0.16992,0.59321,-0.52277,1.04347,0.78684,0.28094,0.03285,0.61409,-0.17947,-0.05025,-0.44655,-0.2701,-0.08378,-0.6176,-0.52028,0.74395,-0.11948,1.01977,-0.31508,1.92413,1.07376,-0.76053,-1.08144,-0.65638,-0.12454,-0.30555,-0.70241,-0.35047,-2.15744,-0.39777,0.21349,0.56997,-0.37039,0.85867,0.08222,0.29441,0
