v001,v002,v003,v004,v005,v006,v007,v008,v009,v010,v011,v012,v013,v014,v015,v016,v017,v018,v019,v020,v021,v022,v023,v024,v025,v026,v027,v028,v029,v030,v031,v032,v033,v034,v035,v036,v037,v038,v039,v040,v041,v042,v043,v044,v045,v046,v047,v048,v049,v050,v051,v052,v053,v054,v055,v056,v057,v058,v059,v060,v061,v062,v063,v064,v065,v066,v067,v068,v069,v070,v071,v072,v073,v074,v075,v076,v077,v078,v079,v080,v081,v082,v083,v084,v085,v086,v087,v088,v089,v090,v091,v092,v093,v094,v095,v096,v097,v098,v099,v100,v101,v102,v103,v104,v105,v106,v107,v108,v109,v110,v111,v112,v113,v114,v115,v116,v117,v118,v119,v120,v121,v122,v123,v124,v125,v126,v127,v128,v129,v130,v131,v132,v133,v134,v135,v136,v137,v138,v139,v140,v141,v142,v143,v144,v145,v146,v147,v148,v149,v150,v151,v152,v153,v154,v155,v156,v157,v158,v159,v160,v161,v162,v163,v164,v165,v166,v167,v168,v169,v170,v171,v172,v173,v174,v175,v176,v177,v178,v179,v180,alvo
0.31899,-2.02253,-0.81615,-0.14034,-1.05439,0.25922,0.86026,-0.07097,-0.64225,-1.25678,-0.69211,1.17287,1.55394,0.11631,-0.87274,0.35321,-0.55143,1.29489,0.12285,0.55836,1.41028,-0.04259,0.50916,1.09063,0.99877,0.33235,-0.55603,-0.61677,-1.00343,0.68053,-0.21543,-1.03909,1.30344,-0.51808,-0.63928,-0.61669,-0.11161,0.72921,-0.2434,0.79533,-1.44909,0.11396,0.31085,-0.17978,-0.09366,-0.83523,-0.32258,-0.37699,0.23487,1.52998,0.83356,1.51976,0.01255,1.01397,-1.07013,-0.93821,2.35355,-0.21598,-1.73871,1.15364,0.1419,-0.07361,-0.05106,-0.34054,-0.44995,-1.15621,-0.03706,0.64926,-1.69083,-0.62597,0.1057,-0.29168,-2.35103,0.51996,-2.32913,-0.98001,0.15338,0.59179,0.45585,0.4592,-1.11752,-0.11958,-0.26008,-0.87181,0.78543,-0.55102,0.82258,-0.4581,0.23817,-0.62088,-1.04223,0.2264,-0.52039,0.38114,0.8222,0.2115,0.29646,0.60067,0.34464,-1.39187,-0.58922,0.29274,1.14086,0.17498,0.55261,-0.62604,1.65387,-0.67593,1.1021,1.68611,-0.62111,0.38073,-0.99502,1.37847,-0.08439,-0.82993,0.10071,0.48931,0.17623,-1.03487,-0.19448,0.61221,-1.0225,0.77424,0.10901,-0.71658,0.46906,-2.03405,-2.70876,-0.74768,-0.90018,-0.91503,-0.72639,-0.81993,1.672,-0.83799,0.06502,-0.09991,0.29329,0.88286,-0.08341,0.73363,0.46096,0.18128,0.27162,1.42061,-0.01358,0.40676,3.08868,0.30949,0.1553,0.51836,1.21665,-0.07328,0.16066,1.77447,-1.94483,-1.2737,0.07369,0.27518,-0.31708,-0.5912,0.52242,0.06829,1.11196,0.32677,-0.26621,1.18572,1.53991,1.58373,-0.2045,0.46017,1.03918,-0.12367,1.07821,-2.52402,0.80415,0.82089,-0.54264,-1.28919,1
0.36032,-0.42601,-1.07966,0.4045,-0.159,-1.98642,0.53651,0.11736,1.97133,1.97037,1.93846,-0.48993,-0.33918,0.03836,0.8452,0.73714,1.10194,-0.92134,0.38481,-1.25899,1.07584,-0.92429,0.28771,0.86506,0.37407,0.93937,-0.05154,-0.93011,0.03133,0.17018,0.53432,-0.35748,0.12423,0.21831,-1.08683,1.10087,-0.33681,-0.21999,1.32747,-0.34534,0.40449,-0.6505,1.94116,0.16778,-0.5167,-0.78798,-2.14763,0.72695,1.78711,-0.4892,1.23598,0.31115,-0.63906,-0.78579,0.02963,-1.06304,1.75199,-1.18294,-0.30042,-0.09745,-1.74169,-1.11952,-0.24311,0.35166,0.49313,-0.1107,-0.72075,-0.19629,0.4026,-0.13035,-1.41638,0.59854,-0.19337,0.1884,-0.51943,0.119,-0.29255,-0.23428,-1.76231,-1.26413,-0.14127,0.7048,-0.04369,-2.23793,-1.03187,-1.38564,0.33569,1.79839,-0.0551,1.27884,0.15864,0.66137,-0.58437,0.93225,-0.78426,0.14306,2.42596,1.95585,-1.55496,-0.577,-0.44427,0.35415,-0.09591,-0.42951,-1.07066,-0.85824,1.04227,0.50542,-0.56633,0.63964,-1.19698,0.68774,-0.47221,-1.06384,-0.06119,-0.12376,-0.58399,1.54715,-0.16915,1.11753,-0.8026,0.86608,-0.73852,-1.79602,0.30222,0.0508,0.2111,0.89368,1.00929,-0.6323,0.65167,1.18985,0.57292,0.27341,-0.77387,1.50405,0.30539,-0.10219,0.30719,1.55015,-0.54608,0.35045,0.23511,-0.14524,-0.71334,-2.8913,-3.1887,0.88706,1.48097,-0.53667,-0.73217,-1.82781,2.61642,-0.88232,-0.24354,-0.02769,0.63526,-1.28668,-1.69913,-2.64973,0.56235,1.19364,0.85892,0.5678,0.36309,-0.68383,-0.3001,0.20641,1.39307,-1.10852,-0.30863,-0.51841,0.09765,0.06969,1.57224,-2.07799,1.03541,0.24837,0.28456,0.44682,1
0.17072,-0.66596,1.82048,-1.45093,-1.07639,1.89031,-0.54403,1.30542,-0.21964,0.38436,-1.24085,0.74417,0.37125,0.11243,-0.83086,-1.25819,0.48383,-0.78106,-1.35998,0.83647,0.93561,0.96109,-2.11292,-0.5307,1.71464,-0.16284,-1.30738,1.70983,1.34837,-2.12514,1.82009,-0.27637,1.21954,-0.44298,-1.1835,0.70565,0.85817,-0.49169,-1.67792,1.20804,-0.1551,0.22713,-1.37713,0.62753,-2.02935,-1.00507,-0.17424,-0.46042,-0.4048,0.08933,1.52371,-0.40786,-0.6268,-2.05719,1.41605,-0.77925,-0.3302,-0.03421,0.42731,-1.43532,0.07308,0.74522,0.37866,0.28237,0.43869,0.17441,0.28496,-0.06104,0.55948,0.37308,0.00223,-0.35563,0.37723,0.4748,0.65763,0.85959,-0.04581,-0.08754,-0.68457,0.73919,1.91645,-0.09054,-0.43664,0.10408,0.8362,0.28237,1.45002,0.36204,-1.70351,-0.24219,0.55827,1.08651,0.11223,-1.44472,-0.79235,0.47504,0.93556,1.59267,0.67256,0.91084,1.03008,-0.27253,0.55569,-0.14575,-0.95507,0.55368,0.17888,-0.47676,0.45266,-0.39816,-0.54342,-0.13148,0.14575,0.39818,-1.06843,0.06098,-1.5023,0.47336,-0.2338,-0.45435,0.59323,-1.28537,-0.50099,-0.4866,-0.42097,-0.69064,0.05137,1.64633,1.67256,-0.47497,0.64736,-1.34524,-0.95891,1.73902,-0.50008,-0.17055,1.20412,-2.37813,-0.76115,-0.19321,0.55381,-0.71151,-1.98386,1.65337,-1.07732,2.26998,0.13469,1.52154,-2.39441,-0.49444,2.57513,1.50396,0.09255,-0.25077,-0.01442,-0.0391,-1.11421,0.17919,0.46688,1.34428,0.41124,-1.50036,-1.52409,-1.27084,-1.56187,-1.94865,-0.67797,0.393,-0.87554,0.47892,2.0557,-0.22666,3.00972,-0.23249,0.96119,-1.03636,-0.66045,-0.95076,0.03767,0.05661,1
0.4371,0.04325,-1.13644,0.74593,-0.74035,-0.14886,-0.81739,0.48711,-0.26878,1.0311,-0.61626,1.23182,1.53025,0.27451,-0.70815,-0.24193,0.00705,-0.56882,-0.10038,0.14894,-1.15615,0.36852,-0.44429,0.23384,-0.94187,0.38561,1.07387,-0.53573,0.44941,-1.91123,0.47042,0.45172,1.22566,-0.43271,0.31488,-0.20466,0.2741,0.81543,-0.04695,0.88526,0.49766,0.08147,-0.51584,1.14388,0.21762,0.13234,0.47266,0.53552,0.00131,-0.46528,-0.43226,1.11541,-1.8615,-0.0687,2.27241,1.15589,0.05624,-0.47863,0.07282,-0.10241,0.56883,-0.47331,0.55843,-0.73883,-0.22755,0.7129,-0.26709,-1.29295,-0.90432,0.91484,-1.17586,-0.45968,-0.86675,-0.44205,-1.28714,0.81552,0.41592,-0.03386,0.46549,-1.11858,-0.43822,0.40131,0.57143,0.63521,-1.02022,-0.80799,-0.64271,0.50157,1.33116,-0.10633,1.07476,0.88903,-2.05385,-0.95222,-1.08091,-0.42338,-0.47677,0.13645,-1.82894,0.00497,-0.06026,-1.32037,-1.11655,0.78026,0.46209,-0.79411,1.77625,0.4172,0.16238,-1.19879,-0.75496,-2.19111,1.8076,-0.44751,-0.15031,-0.19072,-0.88282,0.89037,-1.12075,-0.15427,0.51017,-1.80797,-0.83573,0.35024,0.0966,-0.71284,-1.40163,-0.58404,0.63105,0.96548,-0.32958,0.95338,-1.24773,0.63028,-1.51759,-0.37365,0.33759,0.74065,-1.69305,0.05218,-0.16229,-0.2604,-0.89711,0.57323,-1.09383,-1.572,-1.03759,-0.9778,0.09843,-0.9737,-0.62996,0.04817,0.05702,0.72643,-1.31609,-1.42317,-0.3562,-0.03376,-0.59612,-1.17225,-0.94156,-0.63824,1.02952,-0.04718,0.3448,-1.67301,-0.41013,0.57627,0.5632,0.57084,-1.45487,0.7955,0.89219,-1.64254,0.89648,0.56706,0.52703,-1.61985,-0.22597,-1.01019,1
-1.19399,0.87054,-1.16634,0.47639,0.02686,0.84884,-0.391,-1.42181,0.23328,-0.88534,-1.0849,0.77733,-0.14836,1.20924,-0.40199,1.61165,-1.46816,1.89896,-1.23866,-0.26355,2.14028,-0.35215,-0.20818,-1.40438,2.42191,0.12337,1.51226,-0.18746,1.04634,0.51423,-0.80253,1.55289,-0.00696,0.1012,-0.80417,1.97748,-2.43561,0.31412,1.11111,-1.26111,1.28532,0.58693,-1.46286,0.04674,1.49451,-1.73904,-0.63805,0.3289,0.47373,-0.11185,0.95386,-0.89076,-0.32969,-0.93793,2.12228,-0.09849,2.46537,-0.1818,1.42531,-0.51722,-0.7639,-1.62851,-0.00799,-0.27806,-1.28863,-0.06193,-0.25929,0.45116,-1.14204,0.72436,0.01309,0.58825,-0.55927,0.65838,0.38482,-1.29982,0.57963,-1.23009,-1.63561,-0.8124,-0.44048,0.46063,-0.41235,-0.24873,-1.16587,-0.60097,0.56508,0.87736,0.15118,0.02743,-1.20823,0.31991,0.8185,-0.64993,1.69277,-0.63669,0.21907,-1.02988,-0.64924,0.36754,-0.7357,-0.39922,-0.30118,-0.05817,-0.87028,-1.6389,0.64904,0.1328,-0.17745,-1.16845,-0.66758,-0.87665,0.52872,0.3899,-0.14625,1.55953,-0.26011,-0.31103,-0.82658,0.84465,-1.43108,0.0806,-1.54959,-0.01896,-2.30706,0.04624,-0.46611,-0.2207,0.05558,-0.04874,-1.06864,-0.34751,0.62424,0.92697,-1.29345,-1.37672,-0.44553,-0.28741,-1.38394,-0.64761,1.16903,-0.15256,0.93013,-0.65261,-1.01935,1.03881,0.56522,0.92696,-1.01441,-0.08966,-1.84101,1.41627,-2.66379,2.5881,1.74781,1.81439,0.2282,0.83788,-1.91426,2.49328,-1.52093,-0.88791,1.13781,0.3226,0.85218,0.81018,-0.20879,-0.99977,1.75426,-0.28031,-0.58254,-0.70898,0.11806,0.70261,1.15969,-0.04209,-0.80008,0.3667,-1.39206,1.05768,0
-0.17181,0.68975,0.01723,0.07593,-0.09153,-0.89155,-0.9412,0.36373,-0.61642,-0.86518,1.23183,-1.0832,-0.89614,1.42195,0.23216,0.62337,-0.47014,-0.15527,1.57327,-1.27215,-1.40736,1.55859,1.4562,0.42042,1.45576,1.7819,0.45043,0.64576,-1.08043,-1.45288,-0.62018,-1.12001,-0.5292,-0.31567,0.52803,-0.29006,0.9023,0.2084,1.23104,0.60144,0.26325,-1.18565,0.97672,0.79607,-0.05535,0.95674,1.05774,0.40527,-2.47466,0.39834,-1.04481,-0.83346,0.02068,0.87454,-0.51791,-0.54782,-1.33606,-0.06168,0.04831,0.94995,1.4664,-0.25869,1.26088,1.10474,1.08196,-0.62461,0.2377,0.08445,3.43746,2.30175,-0.36919,-0.86585,1.38061,1.92237,1.504,-1.15735,1.05122,0.91137,0.74408,-1.18649,0.03274,-0.23972,0.1032,0.43874,-0.747,-0.14667,1.51266,-0.53588,2.33094,-0.41383,-0.55914,-1.39634,-0.33207,1.69393,-0.26498,-0.60818,0.27379,-0.33487,-0.47676,1.95058,-1.78697,-0.30159,-1.04225,-2.17084,-0.17708,0.72396,-0.15178,0.07456,-1.54274,0.73083,-1.71432,0.28516,-0.22838,0.56255,0.55246,-0.19341,-1.44788,-0.95844,0.17557,-0.72114,1.07245,-0.50675,-0.45281,-1.74124,0.3315,0.32742,-1.22249,-0.70684,-0.51594,1.21889,-0.0029,-1.45368,-0.77013,-1.12548,0.69523,0.87262,1.39627,-0.70694,0.43499,0.33422,-2.75739,1.19448,1.4592,1.44391,0.56937,0.24612,-1.43023,1.74827,0.16689,-0.17016,0.22204,0.91389,0.71445,0.52266,0.11254,-1.47654,-1.2779,-0.78402,1.60737,0.38582,0.20473,0.06544,0.74633,-0.12484,1.07003,-0.67066,1.90251,0.80057,-0.60876,-0.52953,-1.19437,-1.5023,-0.93927,-1.62483,-2.30022,-1.14915,1.69725,-0.26165,0.70507,0.50452,1
0.64489,-0.45152,0.86912,-1.15377,-0.18479,-1.39819,0.13488,0.09253,-0.19384,-0.00091,-0.46405,-0.98057,0.09694,-1.31614,-1.39154,0.85285,-2.05658,0.83804,0.43571,-0.38968,-0.2961,0.89006,-1.20186,-1.65233,0.53047,-1.3922,-0.73173,1.09035,0.74849,0.10692,-0.39707,-1.34614,-0.99726,-0.50574,0.53724,0.51028,0.91784,1.00046,-0.82271,0.56814,-0.37324,1.58582,-1.23339,-0.83595,-0.60017,2.52901,0.75304,-0.89571,-1.49034,-0.24238,1.72816,0.55167,0.68377,1.15915,-1.23403,-0.60723,-0.95392,0.30106,-1.32978,-0.37399,-0.6312,-0.80241,1.04345,0.65099,0.39824,-0.09503,1.11172,1.29405,1.35875,-0.65815,0.74503,1.42957,0.81005,0.01549,0.57983,-1.08953,-1.06281,1.15042,1.89053,0.54681,0.11862,-0.33805,1.96971,-0.93876,-1.06247,0.66406,0.44441,-1.39269,-1.38946,0.38619,-1.19036,0.19142,-0.06034,-0.97575,-0.43502,-0.2516,-1.15307,-0.92159,-0.54236,-0.14104,0.2263,-0.03883,0.17594,-0.67438,-0.30106,0.63983,-0.81084,0.47869,-0.26809,-0.64816,-1.83561,-0.25816,-1.24501,1.21874,1.01943,-0.99489,0.46389,-0.781,0.71755,0.87681,-1.86049,-0.31331,0.74719,0.273,-0.10229,1.38887,-1.71883,0.04536,-1.31582,0.14588,-0.13896,0.18066,-0.84518,-0.46012,-0.31464,-0.22766,-2.54481,0.7012,-1.05725,1.92971,0.77482,0.72831,-0.70281,0.18601,-0.49774,0.57959,-0.19633,0.36459,-0.06623,-0.72272,1.56181,-1.44626,0.75094,0.33845,1.45045,-0.42449,1.3131,-2.14421,2.17003,-0.98343,0.05259,-0.04328,0.82158,0.63185,0.94419,-0.86823,-0.16799,-1.79405,0.98077,0.57711,1.1078,-0.1289,-0.26905,-1.62791,0.70431,0.62434,0.89363,0.96707,0.79177,-1.73163,0
-0.68861,-1.04824,1.3981,1.00497,0.97001,1.3039,-1.34757,0.12155,-0.19934,-0.88243,-0.59219,-2.04791,0.31553,-1.40807,1.20541,-0.46792,-0.29688,0.28312,-0.79413,0.22334,-0.03154,0.46736,0.34063,-1.0196,0.27141,0.53399,-0.98362,0.63265,0.301,-0.394,-1.28246,-1.05051,1.90889,-0.34331,-1.12955,-0.69977,1.03989,-0.68582,-1.86889,-1.50777,-0.26802,-0.46445,-1.82967,-0.68465,-0.53847,1.47306,-0.4622,1.14187,-2.65708,0.70572,0.41066,-2.00116,-0.54044,2.22516,-1.18219,-0.04131,0.76526,0.40568,-1.91322,1.53059,1.1991,0.45332,1.52556,0.41257,1.31183,-0.09249,1.5914,1.88787,0.2926,-1.41916,0.9554,-0.5446,1.6937,0.85412,-1.30653,-0.33793,-0.97559,0.28317,-1.39351,1.20578,-0.54818,0.43935,-0.76133,-1.39929,-1.27039,0.46928,-1.5717,-2.22554,-0.7023,0.90882,1.35434,2.26085,0.83437,1.36323,-1.39358,-1.37081,-0.56229,0.05973,1.1083,-1.19373,-0.37817,-0.39856,0.08947,-1.51658,-0.66894,0.26045,0.55723,1.33698,1.23354,-0.44801,-2.49641,0.16317,1.14041,-0.20609,-1.5125,1.30661,0.80417,1.49842,0.16743,-0.02241,-1.19589,0.06805,-0.16168,0.33926,-0.78106,-0.15129,0.47348,0.54071,-1.77583,0.54319,0.18642,0.98841,0.91463,-0.5389,-1.56371,-0.5889,-1.03021,-0.38388,-0.63647,0.07433,0.78718,-1.24864,0.82399,0.36403,-0.58312,-1.60459,-0.76289,0.11291,0.80053,0.62842,-1.07311,-0.11361,1.20632,0.98674,-0.14578,-0.94744,-1.10687,0.5062,-1.19585,-0.27555,0.81609,-1.14113,-0.58962,0.95358,0.75322,-1.69831,0.82626,-1.25009,-0.64634,0.48056,0.00969,1.28798,3.03858,-0.21092,1.02264,-0.56292,-0.68429,-1.26962,-0.74487,-0.77489,1
0.22174,-0.1314,0.38804,-0.0484,-1.2942,1.18646,0.56677,2.29705,1.03703,-0.16562,0.40118,0.1559,0.57787,1.21476,-1.27753,-1.05418,-0.46127,-0.29764,-1.28805,-0.20855,1.01509,-0.75033,1.4665,-0.233,-0.08438,1.80866,-0.04574,1.38879,1.1463,-0.61235,0.66946,0.04697,-2.3241,-1.5632,-0.15239,1.82566,1.19283,0.07691,0.26213,0.1263,0.40872,0.86687,-0.76005,1.79285,-0.82366,0.56265,-0.16423,-0.73824,-0.41392,0.04591,0.77695,-0.6752,-0.3446,-0.32927,0.808,-2.01928,-1.19192,0.55724,-1.60761,-0.59326,-0.58437,-0.63947,-0.28101,-1.06634,-1.49475,0.86165,0.73804,-0.37446,1.14061,0.97251,-1.33607,0.33475,-0.37073,-0.59666,0.85362,-0.27843,1.07702,0.27047,-1.26894,-0.20642,-0.90118,0.00029,0.07462,-1.52292,-1.41181,1.10071,-1.51355,0.29776,-0.04559,0.6516,2.1857,0.24722,-0.64455,-0.3372,0.68883,0.46236,-0.42318,0.7628,-0.21521,-0.10171,0.89426,-0.36647,1.18275,0.16769,-0.55102,0.97936,-0.83436,0.03391,0.71776,-0.06891,0.34192,0.34436,-0.54054,0.94901,1.08377,1.23662,0.6528,0.10936,-1.88188,0.41293,-0.16886,-0.86899,-1.38658,1.88074,0.17368,0.78605,0.1797,-1.16314,-1.19401,1.6395,1.46632,-0.77461,0.15656,1.08891,0.0237,-0.5152,2.25034,0.05546,1.29357,-0.42471,-0.68938,-0.60344,-0.67887,0.69364,-1.22121,-0.75144,-0.17828,0.4935,1.21624,0.27311,0.66573,0.11107,-0.73651,-0.0305,0.89617,-0.40109,-0.40186,-0.53282,-2.13803,-0.97469,0.18855,0.94459,0.36105,0.75202,0.73102,1.52071,-1.15572,-0.08428,-1.57094,-2.03513,-1.36082,0.38248,-0.61769,0.99626,1.22471,0.85903,0.58746,-0.3876,1.9273,0.15241,0
-0.61017,-0.33792,0.84353,-1.93885,-0.53668,-0.29444,-1.24664,0.06376,-0.85865,1.51031,1.95896,-1.26057,0.62978,0.3725,0.44509,-0.12032,1.37222,-0.02076,-1.08235,-0.61235,-0.43621,1.06669,0.25269,0.67497,-0.24814,0.88759,1.37635,-0.49021,1.32554,-0.00856,0.11708,1.76013,-0.59761,0.21899,1.71715,-0.93417,0.02365,0.17043,-0.51121,1.20226,0.95725,-1.82379,0.54691,-0.91988,0.58543,0.11638,-0.23789,-0.42341,-0.61829,0.93167,-0.07727,0.89035,-0.01455,-0.53985,-1.13521,-0.79696,2.03834,1.71164,1.47478,0.33301,-1.23009,0.20115,1.12481,-0.17778,0.07595,0.81257,0.37246,0.4068,-0.21216,-1.50638,-0.19145,-1.53256,-0.99627,-0.45843,-0.32349,0.43542,1.33146,-1.19945,-1.47357,-0.12099,-2.90214,-1.70088,0.46846,-0.77193,-2.63089,0.81944,-1.00637,-1.70453,0.11003,-0.56602,-0.04544,-1.13905,-0.73546,-0.39749,2.52151,-0.46644,1.26704,0.69305,-0.39624,-0.68267,2.00697,-0.80922,-1.47861,-0.82051,-1.82283,-0.6729,0.58524,0.61533,-0.40577,0.49356,0.01976,1.16197,2.42141,1.64652,-0.45068,-0.15122,0.35918,-0.85769,-0.50113,0.615,-1.36992,1.81884,0.02913,0.23905,1.39729,0.1154,-1.15849,-0.5346,0.09209,0.49128,-1.70883,1.44495,-0.56162,-0.20143,-0.0516,-0.01982,-2.24097,0.38876,-0.48918,-0.03085,-0.72185,0.15625,0.42075,-0.84625,-0.74741,-1.19344,0.46464,-0.0304,-0.11653,1.81873,-1.46345,1.02383,-0.94389,-0.32118,-0.45003,0.09874,0.54316,-0.48835,-0.58177,0.99817,-0.8619,0.39701,-1.01436,0.045,-0.1531,0.22117,0.26109,-0.32045,0.25602,-0.33872,-0.17739,1.75148,0.66109,-1.11783,-0.94395,-1.29384,1.32711,-0.60141,-0.65746,1.09783,1
0.60856,0.13168,-1.48487,-0.59783,-0.7666,-0.44647,0.4842,-1.59297,0.58822,-1.25885,1.17154,0.43309,-1.05501,-1.31377,0.11102,-0.45187,0.41176,0.2505,-0.90503,-0.99045,-0.91053,-0.48286,2.84429,0.72962,1.00088,0.41273,0.74364,0.54244,1.48983,0.35597,-0.68346,1.67394,-0.2538,-1.09713,-0.67751,0.80414,-0.42496,0.05735,-0.39847,0.52678,-0.80006,-1.1719,-0.52304,-1.42302,-0.64116,0.98687,0.48572,2.49066,-0.00953,-1.92441,0.42736,-0.32902,1.93406,0.55515,0.16304,-0.82345,-0.34802,1.65522,-0.49419,-1.2218,0.17568,2.16047,1.47441,-0.83769,0.23809,-0.0196,-0.69154,-0.91575,-0.12891,0.90368,-1.28673,-2.11268,0.41235,-1.70886,-0.31466,-0.44986,-0.11479,1.69766,-0.20412,2.15138,0.25047,-1.13489,0.36431,-0.17459,0.02719,-1.55443,0.03723,0.60964,0.05331,-0.14659,-1.40481,-1.44526,1.47982,-0.35262,0.15543,-1.40318,-1.34376,-0.07271,-0.28913,-0.51566,1.73915,0.39464,0.89782,1.38521,-0.47644,-0.47451,-1.9045,0.15617,-0.82445,0.65011,-0.90023,0.9236,-0.60261,0.32807,0.36059,0.17489,-1.01184,0.62508,-0.57892,-0.50653,0.32831,-0.08306,0.41533,1.45462,0.91243,1.04885,-1.58668,-0.32799,-2.06329,-2.12681,-1.41937,-0.31227,1.41841,-0.7462,1.74786,-0.13423,0.64778,-0.96703,0.42786,1.34553,0.28702,1.03008,0.38726,2.2632,-0.69618,-0.64167,0.06351,1.85492,1.51152,-0.31934,-0.37737,0.1515,-0.20481,0.79696,-1.00318,0.99933,0.54977,-1.00246,-0.03931,-0.04641,-0.44828,-0.48591,-1.48204,-0.83824,-1.48836,-0.39268,2.39813,-1.35342,-0.93182,0.31889,-1.31663,1.38436,0.76776,-1.27881,-0.75662,0.67858,0.53689,-0.97369,0.98071,0.86125,0
0.02447,1.07091,-0.42602,-0.58748,1.46742,0.48541,1.5623,0.34622,-1.5304,0.0716,-0.14586,2.10072,-1.19542,-0.63033,0.5348,-0.15867,-1.09271,-0.58138,0.67772,0.95342,-0.18033,-1.33934,0.60642,-0.0805,-0.18418,-0.47124,1.8105,0.11917,-0.19225,-0.53175,0.53201,-0.81986,0.811,1.98105,-0.15853,0.55773,-0.6751,0.80417,1.05865,0.20424,-0.53213,0.02573,1.24299,-0.2267,0.93672,0.48127,1.46367,-0.81731,2.01102,-0.57429,1.64377,-1.75062,-1.6503,-0.18219,1.19426,-1.04263,0.68385,-0.75737,-2.27133,-0.23125,-0.23734,1.12153,-0.09849,0.89844,-1.64043,0.89952,-0.45664,0.22793,1.29909,-1.25358,-0.80407,0.75083,-0.0783,-0.46601,-0.38404,-0.29159,1.68202,-0.10735,0.49213,-0.18781,-0.04748,-0.11886,-1.7067,0.00414,-1.55341,0.02832,-1.99622,-0.29274,-0.01182,0.74313,0.39125,1.48942,-0.7298,-0.01126,-2.12173,-1.87309,-1.37217,2.40728,-0.22106,0.82252,-1.17548,0.53719,-0.99458,-0.57334,-0.93031,0.69959,-0.75499,0.06528,0.02393,1.47182,-1.30103,1.02833,1.69287,-1.69137,-1.05798,1.02786,-0.60366,-0.3864,0.35386,0.9302,0.81622,0.70044,0.40306,-0.54442,-0.03237,-1.24062,1.3289,1.27628,-1.34755,1.00076,0.68238,-1.94389,0.59694,-0.89987,-0.03467,0.8343,1.30914,-0.96976,1.15675,-0.7436,-0.0932,-0.61574,0.76284,-0.43592,-0.53243,1.22925,0.82064,0.47376,-0.31346,0.34989,0.30131,-1.06195,1.29976,-0.22555,0.47766,0.43262,0.5435,0.59237,0.97186,0.07513,0.92961,-1.35652,-0.52069,0.08945,0.44588,-1.12416,-0.23121,-1.34767,1.43391,1.13413,-0.43929,-0.23295,-0.80268,0.39208,-0.37751,0.25475,0.00914,-1.06111,1.89042,0.00093,0
-0.72935,-2.33341,-2.01711,0.29974,-0.56007,0.08105,0.3961,1.1613,-0.86229,0.35427,0.4987,1.3706,0.79866,1.05223,-0.43328,0.12627,1.08286,-1.42309,2.15753,1.29792,0.29724,-0.84645,0.84661,-0.46061,0.72449,0.03806,0.39281,0.58893,-0.67077,-0.03747,-0.84362,0.60924,1.09612,0.24448,0.0953,0.31898,0.92641,-0.74002,-1.29093,-0.61501,0.40231,1.22578,-0.31477,-0.01292,0.15793,1.87782,-0.80151,-0.03177,-0.03784,-0.00731,-0.23266,-0.57418,0.52886,-1.26071,-0.59323,-0.70676,0.3814,-0.4216,1.37096,-2.24898,1.27457,0.03421,0.00504,1.0372,0.05039,-0.45945,0.9153,0.94222,-0.73353,-1.14023,0.065,-0.30728,0.40088,-0.12972,1.40383,-0.88445,0.04387,-1.29677,-0.36151,-1.17645,0.23946,0.95331,0.94413,-0.27253,1.31316,-1.32328,1.57759,0.85411,-0.23922,-1.72101,0.86456,0.46165,-1.36849,-0.70379,-0.88413,0.08892,1.08185,-1.08921,-0.73686,-0.02716,-0.95318,0.73913,0.10247,1.09507,-0.09803,-0.74605,-0.01166,-1.34816,-0.25926,-0.12837,0.45931,-0.24766,0.82294,-1.20689,-0.37844,-0.10555,0.95127,-2.1918,0.09567,1.69284,-0.06969,1.24928,-0.05418,-0.19326,0.45173,-1.31591,0.21206,0.97298,-0.92747,1.06454,-1.17845,1.2673,0.27411,-0.07289,-1.72189,1.57133,0.2313,-0.27252,-0.18823,0.91963,-0.02081,0.44443,0.3698,1.36048,1.40933,0.98685,0.50137,1.21886,-0.95683,1.07587,-1.58897,0.76073,0.57748,1.04182,0.20134,-0.31443,-0.56608,1.04815,1.00302,-1.86855,-0.7467,-0.01129,1.25206,0.04707,0.38039,1.41978,1.54644,0.08635,-0.6149,0.07564,0.27267,0.84146,-1.24953,0.17942,0.72917,0.55056,-0.41433,-0.08153,-0.27769,-0.4303,0
1.4858,0.82438,-0.39454,-1.03247,0.29412,1.47177,0.55936,-2.20557,2.08122,-0.46779,1.78088,0.36581,0.39549,-1.94473,-1.69707,-0.1447,0.26142,0.46529,0.57239,-0.22471,-0.18257,-1.01782,0.6601,0.00426,0.80468,0.01404,1.27638,0.36983,0.62373,1.82034,0.54358,-1.17033,-0.01763,-1.07675,1.10781,-1.02726,0.73887,0.28138,1.6957,-1.87854,1.55992,-0.29079,1.81588,-0.44453,0.12724,0.73636,-0.50752,1.64835,0.35884,-0.18872,0.59099,-0.33683,-0.30894,-0.44326,1.09981,0.75174,-0.38936,0.0815,0.04139,0.43956,0.41392,-0.48247,-0.5143,-0.42742,1.53109,1.5604,-1.02348,0.33713,1.09898,2.08319,0.2376,-1.55674,-0.47186,-0.18897,-1.0571,-1.00664,-0.29478,0.04852,0.82003,-0.947,1.91743,-0.36458,-0.42747,0.10966,-1.12801,-0.01517,1.06189,0.41096,0.17537,-0.04364,1.06995,0.58613,2.28812,-1.99308,-0.20588,0.16619,-0.06683,-0.21946,0.52571,0.76145,-0.14467,1.69924,-0.62608,1.6857,1.19455,1.35192,-0.49504,-1.21862,0.11081,-1.26007,-0.06727,-0.76651,-0.88329,-0.41852,-1.94465,-1.57696,-0.29438,-1.13548,-0.22352,0.62682,0.59303,0.17704,0.74804,0.85581,-0.09255,-0.6726,1.31956,1.23079,1.63714,3.0716,-1.22299,-0.71162,0.01188,-1.13009,-0.64755,2.00132,0.34242,-0.31219,0.82373,-1.26844,1.16953,0.96594,-0.91523,-1.38532,1.81366,1.2896,0.13991,-0.57915,-0.58807,0.02752,0.50285,0.65875,-0.56181,1.15898,0.42495,-1.22818,0.18049,1.21708,-0.45657,-0.7793,1.55903,1.82785,-1.75536,0.74014,1.1262,0.18254,-0.93567,-0.62479,-1.13207,0.55728,-0.14158,0.268,-0.95345,1.00468,1.69669,0.38788,-1.37203,-0.78863,-1.00011,1.73738,1
0.73427,-0.44304,-0.30376,0.64305,0.58123,-0.01826,0.21929,-2.0661,1.69176,-0.48286,0.52797,1.55879,0.95969,1.34172,0.6879,-0.97578,0.56339,0.93149,-2.08719,0.44611,-0.18062,0.42902,1.43689,-0.05869,0.01335,0.18557,-0.51249,0.0751,2.39897,0.85435,1.38999,-1.48362,-0.25431,-0.72457,0.36455,0.6139,1.68495,1.94563,0.66989,-0.83669,-0.71373,0.78488,-0.2016,-1.17996,-0.28642,0.60426,0.69054,1.2319,1.28993,1.16762,0.11928,-0.69382,0.01724,-0.59492,1.14052,-0.24871,-1.25005,1.94694,-0.61855,0.17664,1.07214,0.50592,-0.31996,-0.67421,-0.25855,-2.57412,1.60228,-0.46135,0.45739,2.20492,0.17201,-0.1408,0.13855,-0.49461,0.98811,-0.21965,0.37824,-0.68939,-1.18529,-0.69694,0.65423,-1.96653,1.48942,-0.44622,0.05739,0.34672,0.14914,-0.46122,-0.71622,0.86171,-0.54919,0.60571,-0.67206,-0.30762,1.04799,-0.36042,-0.2001,-0.8461,0.24129,0.93355,0.66928,1.74165,1.01219,1.24693,0.19643,-0.83057,1.23763,0.59952,-1.09842,-0.21294,-1.5843,-0.59191,0.00046,0.15392,-1.92515,0.09013,-1.24758,0.97346,1.34807,2.67746,0.20101,-0.70706,0.04799,-0.36418,0.78962,1.43007,1.74129,0.29293,-0.49081,-0.10064,1.72767,0.17885,0.05372,0.18911,0.6697,-1.42297,-1.49405,1.64747,-1.36109,-0.58798,-0.66042,-1.18498,0.04565,-1.42691,-0.77722,-2.18276,0.23575,0.73196,0.10369,1.1334,0.3766,-0.05865,1.23035,-0.0589,-0.77082,1.23632,0.33994,0.67558,-0.18351,-0.14881,0.61562,-1.9495,-1.22776,-0.07417,-1.09755,0.4449,-0.95505,-0.69909,0.61821,-0.74498,0.86679,0.18019,-0.67628,0.3781,-0.14274,1.00853,-0.49164,-0.71926,-2.36045,1.23389,0
-1.73511,0.9317,-1.32199,-1.09401,-0.22735,2.11392,-0.90236,0.0817,0.10211,1.77178,-0.34549,-0.74982,0.42935,0.9714,2.01428,-1.55157,1.02355,0.65932,0.57323,0.00275,0.18336,0.85545,1.28231,1.10153,1.25223,-0.05742,-0.37055,1.10042,0.66044,1.70412,1.45922,0.14315,0.70965,1.0123,0.77308,0.43346,-1.37275,-0.27601,-0.10811,0.82451,-0.7492,-1.10005,-0.13045,-0.5727,1.31791,-1.04117,0.48197,-0.01235,0.18662,-0.44478,-1.61451,-0.54336,0.10583,1.70206,0.37986,1.24187,-0.87325,-0.22441,-0.29854,0.2254,0.76025,-0.21262,0.0247,0.3853,-0.29233,-0.58811,0.62239,-1.07445,-1.6958,-0.43177,-1.19779,-1.03673,0.8812,-0.67816,-0.83157,-0.39066,0.08736,-0.81558,-0.27645,2.18624,-0.16388,-1.17579,-0.06563,1.95079,-0.95583,-1.57782,-0.75383,0.59715,0.18018,-0.18955,0.20111,0.10542,-0.78242,-0.62066,-0.87061,-0.02541,-0.17964,-0.28197,-0.39682,0.61353,1.98052,-1.65791,1.81579,0.19011,-0.02297,-0.58268,2.0526,2.12083,-0.66961,0.39546,0.35802,0.2439,-0.24627,0.44057,1.13961,2.05806,2.1026,-0.96695,0.06444,0.56108,0.10584,-0.67582,-1.01514,0.81352,-1.30739,-1.19822,0.0854,-0.51404,-0.17631,1.12493,1.91004,1.72168,0.09733,-0.19412,0.6641,-0.83131,0.55378,0.03028,0.04878,1.11392,0.36005,-1.53084,0.10164,0.31663,-1.68187,0.06081,-0.72535,0.32798,-0.52084,0.81897,0.78041,-1.77956,-1.34714,0.46352,-0.68071,-0.02826,-0.60457,2.10757,-1.37052,1.52188,-1.08733,1.62097,0.19533,1.39466,1.62996,-1.13512,0.74846,-1.01418,-0.2867,0.54485,1.07107,0.78431,-1.44719,0.05438,-1.61186,0.79965,-0.86336,-0.34285,1.75494,-0.28573,1
-0.43832,1.32253,-0.30722,1.0294,0.00269,-1.42057,0.34577,1.77389,-0.14249,-0.93863,0.70634,-0.16527,0.13105,0.55256,1.07479,0.19724,1.31248,-0.53353,0.47058,2.21787,0.98604,0.42928,-0.41512,-0.06736,-1.42684,-0.49001,-0.92087,0.05608,-1.66562,0.32589,-0.14561,0.12773,0.61482,-0.27198,1.28765,-1.52935,2.2956,1.67367,-0.40373,1.24349,-0.91054,0.84257,-1.04403,0.20142,0.09026,-0.63681,1.09165,-0.96195,-1.6968,-0.17598,-0.56587,1.38303,0.89759,1.91554,0.83682,-0.37078,-0.05086,-1.40817,1.34747,-0.26074,0.48271,1.5025,1.08983,1.20224,0.51081,-1.27076,-0.59729,-0.16407,-1.72677,-1.58112,0.99233,1.22345,1.94321,-0.69958,-0.87974,1.24101,0.91914,-0.48411,-1.07305,0.70557,-0.07544,2.25043,-0.22474,-0.12772,1.03939,0.91479,1.22325,0.66712,0.59636,-1.15798,0.93892,-0.98673,0.60891,-0.79128,-1.29607,0.33573,-2.0413,-0.93294,0.2215,0.64472,-0.61589,-0.91787,-1.12504,-0.92359,-1.22892,0.01703,-1.70383,0.39542,-1.85519,-0.79278,-0.35014,1.78048,1.03363,-0.91839,-0.10174,0.01584,0.10471,0.82346,-0.07429,0.64587,0.34665,-1.36486,-0.11737,0.7497,-0.37702,0.0066,0.27627,1.01242,0.3628,-0.41278,-0.78087,0.59646,-0.65125,0.22471,0.47036,-1.16251,-0.64401,0.21193,-0.94737,-0.59737,-0.74257,-1.73173,0.26325,0.17441,2.00551,1.24463,0.14194,-0.66632,-0.51535,-0.8427,0.51928,-0.47567,1.13648,-0.80627,0.3735,0.19512,0.05136,0.6113,-0.10159,1.21082,-1.03398,-1.88954,-1.58579,0.30984,0.27384,0.41095,1.04104,-1.08476,-2.20229,0.67391,0.40057,0.70238,-1.01569,0.97035,-0.13213,0.95153,0.57975,-0.67351,1.0485,1.06651,1
-2.73234,-0.1135,0.66568,0.65216,-0.06451,-0.13244,-2.09154,0.19688,1.24601,-0.23181,0.5025,-0.70841,1.23797,-0.63399,0.39998,-1.69448,-1.15246,-0.05922,-0.57327,0.87005,0.19618,0.6847,1.07105,0.87418,-0.27119,-0.19304,0.75776,-0.79152,1.10165,-0.64493,-0.38854,-0.54492,1.78967,-1.38615,-1.36203,-0.38933,0.36114,0.21867,-0.43331,-0.89734,-1.51623,0.57724,0.33013,0.72979,-1.02598,-1.03246,-1.13799,-0.52338,-0.34903,-0.2931,0.4175,1.15562,-0.36106,0.51714,0.2382,-1.30494,-0.11646,-0.81288,1.18577,-1.17818,0.7682,-0.70914,0.15556,1.80472,0.17148,-0.5911,-1.14265,-0.6705,2.69906,0.25923,0.6585,-0.98897,-0.52843,0.36051,-1.16986,0.51946,-0.0872,0.31343,0.85873,0.48413,-0.76373,-0.24139,-0.37955,1.27652,0.35842,1.03665,-0.18268,-0.28729,-0.9701,-0.21812,-0.30308,-1.00696,-0.32391,-1.0406,0.58033,-1.00955,-0.1909,-0.08454,-0.81962,-0.2734,-0.01527,-0.77006,-0.16211,-0.55631,-0.17159,-0.42665,0.36117,0.07802,-0.50027,-0.79376,-1.17223,0.62217,-0.99692,0.88359,0.52908,0.73976,0.44859,-0.87562,1.47354,-0.09474,0.71618,-0.32016,0.31378,0.00039,0.76824,-1.51498,-0.51102,0.58397,-0.46273,0.21966,1.70849,1.8745,-1.01579,-0.52958,1.85019,1.04592,1.46152,-0.3456,-1.29885,-1.05661,-0.24629,0.01687,-0.48716,1.79061,-0.37305,-0.28174,0.54838,0.05689,-0.51582,-2.49833,-0.51269,-0.24766,0.38064,-0.37753,-0.38405,-0.8738,0.69301,0.69455,-0.5645,-0.52753,0.10027,-1.08253,0.02571,-0.50558,0.35793,-1.18774,0.61904,-0.06124,0.76806,1.90914,-1.64302,1.09342,-0.18616,-0.08581,0.80797,-0.06443,-0.78939,-0.20576,-0.52672,0.00459,0
0.98085,0.37953,0.92354,1.16343,-2.31138,-0.41677,0.68865,-0.2407,0.27534,-0.17661,0.65933,-0.90485,-0.21086,0.69073,-0.00116,0.67251,0.49488,-0.79133,0.89088,-1.20156,-1.33367,-0.57839,0.56122,-0.39524,0.11198,1.72964,1.03443,0.56875,1.79911,-1.03269,1.15381,1.91824,-0.01533,-0.53791,-0.18639,-0.76639,0.31426,-0.18055,-0.10407,0.04109,-1.95596,-0.43085,0.11733,-1.42161,-0.14309,1.17168,0.32562,-0.57535,0.25546,-0.38749,-1.18081,0.76348,-0.7596,0.39332,0.79102,0.61311,-0.17711,-0.54253,0.13705,-1.01065,-0.94461,-0.40933,1.26289,0.66792,0.14702,1.5169,0.42396,1.87548,-0.40766,0.9203,-1.58543,0.64099,0.10554,-0.47152,-0.6442,0.51301,-0.10837,-1.73373,-1.83902,1.85771,0.4136,0.14803,0.8761,0.09772,-3.13208,0.51813,0.94179,-0.15603,0.61071,1.72098,-0.05055,0.40657,-0.03578,-0.21714,-0.48502,0.18419,-1.05646,-0.59041,0.04963,-1.34859,0.75102,0.75459,-0.58818,0.83863,1.01199,2.02148,0.59379,-0.62652,0.90065,1.34137,-1.70294,-0.90534,-1.89776,-1.19893,-0.36312,0.72629,0.4434,-0.27639,0.03778,0.76297,-0.94426,0.60056,0.71738,-0.77748,0.2107,0.73308,2.10111,1.20172,1.28797,1.00166,0.4367,0.94213,-0.08027,-0.47592,-2.09521,-1.13359,2.24427,-2.1475,1.21992,0.39703,0.92323,-0.56811,-1.76048,0.00745,0.11617,1.04838,0.00248,-2.24178,0.25359,0.0789,-0.47728,1.57077,0.50038,0.25742,0.58611,-0.30796,0.24984,-0.24633,-0.96702,0.25669,0.93493,-0.03999,0.11497,-0.32932,-0.73224,0.50535,-1.1979,0.77935,-0.37771,-0.49595,0.96118,1.31617,-0.37512,-0.83766,0.55594,-0.6171,-0.77865,0.72712,-0.90327,0.98201,1
-0.96416,0.48303,-0.65527,-0.52198,0.50026,-0.33289,-0.10228,1.11795,-0.91415,-1.06137,1.09775,-1.15069,0.09433,0.00013,-1.15818,-0.08167,-0.65095,-1.21452,-2.28881,-0.34586,1.10204,2.23575,0.19017,1.61055,0.40671,-1.47637,-0.68583,0.29437,0.06701,0.68323,1.02534,-0.53214,0.59,-1.20597,0.09319,1.12494,-2.39239,0.73424,-0.83957,-0.96054,2.2102,-0.57819,-0.38551,-1.39535,0.06635,-0.19748,0.4271,2.5312,1.30535,-0.12026,1.04395,1.30286,-0.80628,0.16062,0.30306,-0.71605,0.0207,-2.73379,0.17808,-0.4716,-1.37997,-0.31086,-0.68648,-0.4034,-0.312,0.99331,0.48898,-0.40995,0.01357,-0.52079,-1.98919,-0.01368,0.17566,0.88851,0.86138,0.50128,-0.3073,0.2802,-0.29402,0.27319,0.05909,-0.03403,-0.04189,-0.08466,-0.41625,-0.19227,-0.66704,0.61001,1.09545,0.34595,0.28671,1.28958,-1.01033,0.38122,2.88716,-0.9724,0.43456,0.2234,-0.16716,0.02267,1.11422,-1.4974,-1.70272,0.07988,0.76943,0.15921,-0.89557,-1.94661,0.33069,1.6066,1.52777,0.28411,-0.55823,0.12713,-0.07102,-0.87473,0.28533,0.6402,0.0359,0.39615,-0.19191,-0.21021,1.4929,0.00885,0.3087,-0.27459,0.86092,-0.16845,0.56863,-0.46672,0.83855,-1.08212,0.77118,-0.38865,-0.7113,-0.93976,0.62666,0.33471,0.67583,0.75549,-0.80583,-1.12814,-1.01674,0.44596,-0.61884,2.04185,0.76814,0.69966,0.22484,0.41999,-1.75959,0.78556,2.53286,-1.27707,-0.69571,0.34623,-1.10696,-0.12063,0.64966,-0.43469,0.28005,0.26458,1.44057,-3.54475,-0.10038,0.49698,2.34999,-1.80169,-1.58707,1.92803,-2.74224,0.69029,-0.07897,-0.21672,-0.76052,1.14255,-0.21939,-1.13799,-1.41545,-1.04205,0
0.05884,-0.09191,0.17803,0.97935,1.57161,-0.95676,-0.88586,-0.67678,0.53983,-0.18827,0.65769,-1.54603,-0.96174,0.60829,-1.06005,0.14774,0.85485,-1.3978,-0.12524,0.99682,-0.52727,0.46477,1.73024,-0.54239,-0.08829,0.90933,0.25328,0.30973,0.32409,-0.90666,-1.37773,0.11216,0.44995,0.10507,-0.03405,2.79786,0.99761,-0.39168,1.50846,0.74614,1.91817,0.86033,1.13899,0.17467,0.61032,-0.07301,-0.79721,-0.4778,0.02031,-0.0998,-1.01714,0.41113,1.59631,0.871,-0.12099,-1.32156,1.61683,0.71931,-1.7074,0.19557,0.71732,-1.08285,-0.70922,1.54286,0.58216,1.75125,-0.82553,-0.87419,0.25979,2.1529,-2.63998,-1.32011,1.14627,0.03359,-1.4703,-0.84557,0.0365,0.25335,-1.97913,-0.71964,0.09108,-0.08223,-1.29074,0.22918,-1.93273,-0.8202,-0.39289,0.69782,-1.23662,-0.74891,-1.23698,-0.05817,-1.17604,-0.45091,0.95495,0.92212,-0.69022,-0.59006,-1.98479,-0.85086,-0.30716,0.53972,-0.05787,0.04374,-0.1317,1.05685,-0.51106,-0.25134,-1.13913,1.76508,1.73247,-0.15217,-0.8069,0.69675,-1.5783,1.47088,0.26799,-0.75316,-0.41055,0.51344,-0.10238,-1.59882,-0.69951,1.78586,1.20365,-0.5344,-0.73923,-1.32077,0.67312,-1.08037,1.56276,1.412,-0.18878,0.17053,3.26005,1.37484,-1.09364,-1.05903,0.19605,-0.16873,1.85174,-0.60418,1.52585,0.92448,-0.66168,0.32169,0.76424,1.28042,1.71315,-0.26271,-1.39105,1.39991,-1.48607,0.70248,-0.68181,0.05311,0.89484,0.03514,1.36239,-0.94522,-1.50502,-1.29809,-0.48792,-1.82601,0.69731,0.46752,0.46772,-0.18557,-0.30463,0.23735,0.53411,2.74441,-0.69166,-0.40462,0.91522,-0.13353,-0.88735,-0.37643,0.73355,1.01041,1
0.29452,0.51952,-0.98085,1.1101,1.2172,-1.00795,-0.29608,-0.70434,0.33276,-0.19501,0.9056,-1.09471,-0.62062,1.0252,-1.11347,-1.07407,0.22725,-1.29459,-0.00992,0.0418,-1.19284,-0.38164,0.81836,1.54635,-0.4559,-0.9725,1.06598,2.38686,0.11076,-1.71836,-0.53499,0.6327,1.74508,-0.85061,-1.38776,-0.53926,0.5718,-0.39126,-0.74528,-0.33715,0.96119,-0.19962,0.78702,-1.08544,2.12234,0.78598,-1.51163,-2.40825,0.65067,-1.35484,0.10576,1.00068,0.71464,0.148,-1.06321,-1.48474,0.99554,-0.44923,0.1685,1.46744,0.24961,-0.11894,0.78322,0.76737,1.71629,-1.50236,-1.66772,0.00729,-0.71589,-0.23536,0.45242,0.89759,0.18683,1.393,-0.39199,0.24922,1.1791,-0.5038,0.76376,-0.84702,0.36154,-1.33797,-1.41351,1.91174,0.28299,0.57446,-0.35966,-1.54263,-0.74172,2.02203,-0.53114,1.8498,-0.74309,-0.20699,-0.24481,-1.17015,-1.79354,1.70122,0.34468,0.56456,-0.05862,-0.41466,-0.14743,-0.12977,0.12419,-0.64445,-0.13844,-2.1513,0.52387,-1.39876,-0.32341,-0.60109,1.09755,-0.44501,-0.78405,1.87929,1.30536,0.58086,-0.08169,2.32883,-0.63436,-0.2454,0.24776,-1.57693,0.0168,2.59733,0.14891,-1.22214,-0.33883,1.34178,0.78656,0.5972,-1.21446,-0.5669,0.37479,0.12272,-2.35657,-0.73845,2.56053,0.71397,-0.74663,-0.29446,-1.18586,-1.79559,0.46956,0.04531,-0.70498,-2.23183,1.27842,2.84145,1.32475,-0.26591,-1.31336,0.17556,1.32402,0.314,0.88415,1.21279,0.99386,0.17127,-1.12136,0.18796,-1.84032,0.90902,0.16149,-1.0832,1.32539,-0.30229,0.45616,-1.63805,1.03656,-0.14777,-0.62784,-0.72664,1.25014,0.45086,0.85648,-0.60936,0.10189,-0.20902,1
0.91023,-0.84782,0.27696,1.34627,2.22721,0.41325,0.8051,-1.46209,-0.46647,-1.53311,-0.66708,1.28106,0.69591,-0.47357,-0.19587,0.45228,-1.02931,-1.50487,0.18201,1.08001,-1.53178,-0.91674,-0.95042,0.92914,-0.4126,1.51262,0.30096,-0.69386,-1.50014,0.60217,0.31598,0.91988,-1.80346,1.06112,0.4754,1.01224,-0.2564,0.37033,-0.10658,-0.49898,-0.26591,-1.70247,-0.9124,1.72352,1.54419,0.85625,0.70455,0.24918,-0.527,1.86728,-2.10215,-0.74151,-0.65566,0.35115,-0.76365,0.08153,-0.4333,-1.14098,-0.21213,-0.40811,-1.38183,1.36213,-0.00584,1.17988,0.12832,0.12922,-1.91891,-0.93205,0.4863,-0.36091,-0.58658,-1.54028,0.11861,-1.96876,0.21906,-0.75988,0.38716,0.57942,-0.74412,-0.06366,-0.82183,1.17105,0.96712,1.19637,1.00499,0.96947,1.81732,0.09964,-1.10707,0.84656,-0.19903,-1.88743,0.48599,0.26172,0.32196,-0.06907,-0.28019,-0.08616,0.62112,-0.06606,1.42465,0.01606,0.22112,0.14049,-0.85387,0.04636,-1.28284,0.19448,-2.13383,2.51905,0.88143,-1.62888,-0.82094,1.89771,-0.29259,0.89222,0.88693,-0.43201,-0.05105,-1.10991,0.09722,0.10038,0.33047,0.40159,-0.43827,-0.32113,0.47912,-0.4147,-0.00496,-0.0818,-1.95753,0.65587,0.24504,-0.24118,0.32907,0.05384,-1.08044,0.44099,-1.5829,0.79374,0.97196,0.87128,-0.13561,-1.52772,-0.10304,1.5611,1.10542,2.37594,0.02413,0.45834,0.19343,0.74911,0.86391,-0.86044,-0.68605,0.01501,1.93724,-3.02085,0.03154,0.42649,3.17034,-0.24082,0.4227,-0.3128,0.24999,1.06495,-0.32134,0.15911,-1.68489,1.21303,-0.74073,0.18235,0.79363,-0.48791,-0.09831,0.96405,-0.46019,-0.01141,-1.64141,-0.08386,0
-0.51808,-0.21076,-0.59733,-0.06492,-2.18164,-1.53594,-0.04654,-1.81166,0.88133,1.21199,0.62987,-0.70289,0.92121,-0.72534,-1.57515,-1.4807,1.1846,-0.08434,0.00853,0.9243,-0.12198,-1.4021,0.84008,-1.72414,2.10829,-3.33878,-0.14633,0.54855,0.336,-0.43366,-0.30678,-0.31857,-0.49512,0.52679,0.02732,0.36589,-0.27658,-0.61928,0.78558,-1.14361,-0.88578,-0.57064,-0.41543,-0.17543,1.67421,-0.56303,1.24484,-0.04026,0.03914,0.87423,-0.05012,-0.59373,-0.72189,-0.54059,-0.66219,0.55203,-1.06447,0.29159,-0.68463,-1.36508,-0.50374,2.69194,0.45583,1.80171,1.17104,-0.96292,-0.04984,2.1262,0.06585,-0.18498,0.86425,-0.26075,-0.77636,0.60396,0.68549,0.9814,-1.09294,-1.45686,-0.39664,-1.3506,0.17479,0.95536,-0.61746,-0.91149,0.59841,0.64578,-0.34994,-0.90376,1.01683,-0.11793,-0.00247,-1.58441,-0.09593,-0.06578,-2.3932,0.09765,-1.67899,-1.07805,-0.78811,-1.8603,0.36837,-0.80064,-1.49833,0.5914,-1.38517,-1.08391,-0.16899,1.64554,-0.99586,0.12479,0.45117,0.12345,-0.90617,-0.93772,-0.57611,0.84899,0.0611,-1.15525,0.25597,0.13201,-0.16388,1.17474,-0.4219,-0.17505,-0.14558,-0.10726,1.05373,-0.55512,-0.21164,-1.00399,-0.30817,-2.08656,0.02939,2.51832,-0.54341,-0.08228,0.15596,-0.15188,0.26473,1.89281,-1.04306,-0.21345,1.27716,1.49695,-1.20084,1.32911,1.08868,0.43832,0.19929,0.67589,-0.74975,1.54035,0.6634,0.73554,0.90596,-1.18963,-0.00133,0.06979,-0.04338,-0.75148,1.04413,1.80277,0.43738,0.35384,-1.05605,-1.0731,-2.12679,-0.10349,0.9213,-0.93564,0.09968,-1.2954,-1.18113,-0.91206,0.07952,-0.62532,-0.64527,-1.18636,0.85686,0.07858,1
-1.18383,0.11828,-0.61761,1.65094,1.45168,1.69911,0.02399,-1.3724,1.38695,0.15412,0.07784,-1.04878,-0.78408,1.3104,-0.1645,-0.5391,0.73847,0.74944,-0.07455,-1.86723,-1.38904,0.15775,1.30874,0.9691,-0.10385,0.09726,-0.56753,-0.40711,-1.35531,-0.03981,2.84058,-1.37019,0.73309,0.93722,0.35165,-0.03312,0.07888,-2.07029,1.32684,0.41882,-1.05864,0.67108,0.38558,0.07366,-1.41619,0.35441,-0.90661,-0.19111,0.75899,1.44708,1.09792,-0.25074,-0.74031,1.38629,0.5345,-0.51339,-0.19404,0.75588,0.07437,-0.4086,-0.03823,0.50848,-1.9028,-0.75857,-0.78351,1.27204,-1.55029,1.90473,-1.94204,1.6302,0.66738,0.57082,-0.17,1.98569,0.26108,-1.08488,0.79973,-0.56678,0.82491,-1.56056,-1.59792,-0.18688,-1.7538,-0.82655,2.46621,-0.13451,0.1556,-1.04785,-0.20356,-1.29611,-0.80288,-1.15588,0.86456,-0.28099,-1.69703,0.80198,-0.61951,0.43163,0.9232,-0.03524,1.75846,1.32213,0.65591,0.41976,0.40998,-0.20043,0.07021,-0.0356,-0.81051,1.06888,-1.54122,0.59921,0.39407,-0.39835,-0.77688,-1.0529,-1.58556,0.39413,-0.79084,-1.18792,0.19158,0.27471,-0.3313,-1.48697,-2.71868,-0.44483,2.30143,-1.95167,0.51174,0.67577,1.37126,-1.14414,-0.77603,-0.93209,-0.16238,-0.87847,1.17953,0.23989,-0.13562,0.41526,1.02617,0.29199,0.42773,-0.64581,0.08274,-0.52039,0.5029,0.09178,0.02127,-1.66107,-1.41415,-1.60199,-0.60477,-0.42334,-0.85858,-1.88464,0.08642,1.07185,1.09943,-0.23758,-0.96064,-0.18074,-0.25738,-1.3523,-1.32838,0.94628,-1.41938,0.08149,0.04472,-0.89001,-1.65482,1.61729,-0.70502,-0.95895,-1.19564,-3.24413,0.20238,-1.16563,2.13319,-1.53969,0
-0.69685,-0.50694,-0.44574,0.49014,1.42295,-1.64085,1.24846,-0.0799,0.43364,0.43724,-0.66871,1.96522,0.96915,-0.23583,0.96131,0.99447,-0.76503,-0.23065,0.59462,1.15271,-0.24054,0.4914,0.86755,1.36651,-2.38096,1.75283,-0.0446,0.6835,-1.78196,0.81475,1.15715,2.10571,-0.1455,-2.01833,-1.41411,2.26479,0.25794,0.08775,0.7081,-0.42631,0.40695,-0.18873,-0.64872,-0.78132,0.20295,1.31265,-0.1078,0.54529,1.29691,0.76353,1.11801,1.02429,-0.75016,0.13236,-0.97357,-0.81208,-0.46462,0.75886,-0.07289,-0.23952,-0.61232,-2.32388,-0.57346,-1.07744,-0.01749,0.06478,-0.77764,-1.81867,-0.49197,-0.23939,-2.18579,-1.93576,2.11738,-0.55237,-0.09708,0.84994,0.26762,-0.33739,-0.44472,-0.50021,-0.18448,0.07834,-0.13044,-0.72214,1.5642,-1.27393,0.24998,1.79301,-0.59316,0.05915,-0.34257,0.53825,-0.33873,-0.63083,0.26097,1.26237,-1.82307,0.19368,-0.17493,-1.44222,-1.19289,-2.04538,-1.1273,1.33151,-0.52706,0.10983,0.41687,0.72344,0.29954,-3.39754,-0.65804,-0.78476,0.33399,-0.24268,0.14685,-0.68098,-0.81741,-0.57611,-0.66078,1.15755,0.45503,-0.11758,-0.30401,-0.7363,-0.18797,-0.05479,0.48452,-0.57678,-0.12458,0.87727,-0.48893,0.62441,0.4141,-0.87363,0.53596,1.93157,-0.49344,-0.17223,-0.88411,0.61632,0.16419,0.47665,-1.97309,-0.96171,-0.71677,0.12881,-0.97702,-1.64969,0.62622,-1.30022,-1.39039,0.51551,0.46505,-0.69554,-0.00312,-0.70021,-0.12847,0.63651,-0.05956,-0.91249,0.0162,1.60133,-0.88724,-0.35698,-0.39279,0.37727,0.08339,0.74828,0.29297,-0.86174,0.14596,0.31432,-0.2378,2.31039,-0.35329,0.83974,0.46851,1.74216,-0.62701,1.15687,1
1.29725,-0.87287,-2.15378,-1.35532,-0.96354,-0.60176,0.60401,0.54443,-0.78348,0.66051,0.80713,1.1063,-0.19308,0.5933,0.27827,-0.39714,1.89269,0.42015,0.78448,-0.74914,1.06458,-1.45274,0.20484,0.72073,0.51732,-0.59635,0.6033,-0.89531,0.08336,0.96866,0.44738,-0.7044,-1.04377,-0.31341,-2.24747,0.75498,0.28102,1.62636,-0.19121,1.4567,-0.06247,0.71346,-1.79001,0.61452,-0.90868,-0.70625,-0.4046,1.23821,-0.77605,1.05206,2.28258,0.66366,0.64203,-0.40765,0.01269,-1.44437,-0.6805,1.1133,0.47184,0.52084,0.5839,-1.46985,0.65152,0.38994,0.40261,-0.83359,-0.68878,1.69157,-0.21871,-1.03455,-0.68951,0.54112,0.29626,-1.37771,-0.30648,-1.32498,-1.11004,-0.52923,-0.10069,-2.41382,-0.33055,-0.30698,0.53891,-0.62044,0.3466,-0.53767,0.23274,0.91952,0.3488,-0.45216,2.28615,-2.66737,-0.0105,1.83655,1.02969,-1.42936,-0.61343,0.80227,0.93678,-0.51511,-0.00038,0.11936,-0.58277,0.60964,-1.09662,0.29329,-0.24497,-2.62588,0.69384,-0.87152,0.75226,0.32439,-0.34605,-0.22706,-1.22684,0.32534,0.73925,2.22116,-0.91449,-0.97734,0.17862,-1.96859,0.11214,-0.43236,0.67733,2.90643,0.50309,0.53001,0.78139,-0.43016,1.67254,-0.37387,2.06957,0.59029,-1.36381,-0.65092,0.86221,1.51989,1.10028,-0.32405,-0.52564,-0.26664,0.48665,0.28961,-0.60912,2.09671,-0.59882,-0.71982,0.40768,1.15223,-1.05498,0.43708,0.23363,0.75856,-0.72643,-1.33913,0.62289,-0.06375,-1.76728,-0.01209,-1.26363,-1.17374,0.25615,-3.15368,0.93325,-0.32092,-0.0757,-0.21437,0.36515,-0.69352,-0.52547,0.21336,1.8134,-2.01037,-0.79382,0.99854,-2.55049,0.67722,-0.01135,0.8401,0
0.61768,1.52314,-0.81124,0.1871,-0.26055,-0.78778,-0.60904,-1.42901,-0.48819,0.55489,1.59054,0.66085,-0.06705,0.24043,-1.7634,0.18868,-0.02574,0.62123,-0.03935,-0.3324,-0.73694,-1.61344,-0.13827,1.09974,2.32004,-1.12548,-2.66437,0.49135,0.53821,-0.71793,0.03151,0.49761,0.90933,1.28983,0.58092,-2.67442,0.81206,0.92573,1.26136,0.84633,1.26071,1.75306,0.66007,0.41776,0.26823,-1.0016,0.00089,-0.91885,0.4786,0.28614,-0.18209,-0.94191,-0.05839,-0.77247,0.35178,1.76568,-0.07851,-0.85502,0.76412,1.064,0.43282,-0.82651,0.27344,0.12499,0.94983,-0.08092,0.6677,-0.86494,0.35207,0.45205,-1.02472,0.7925,0.64203,1.87436,-0.84594,-0.55115,-0.40348,-1.14333,-0.65815,0.67379,-0.14299,-0.1417,-0.91798,1.88839,-1.7665,-0.12855,-0.71041,0.4088,-0.75095,-0.67467,0.49432,0.27897,-1.05636,-2.54306,-0.09802,0.35998,0.90097,-0.62836,-0.55325,1.09063,-0.39167,-0.29128,0.34823,-2.26166,1.66342,1.35432,1.55145,0.53146,-0.18402,0.40261,0.78624,1.34843,0.04049,-0.70568,1.70887,0.53234,0.58139,1.45282,0.60779,-1.40389,-2.05232,-1.36004,0.28645,-1.39168,0.50336,-1.09308,1.49638,-1.29188,-0.0152,0.0687,-0.95035,-2.21329,1.38451,-0.9442,0.74957,0.78874,-1.48371,0.67439,-2.07336,-0.67404,0.72379,-0.83397,-1.3476,1.88987,-1.33472,-0.64674,-0.06158,0.88676,2.08486,-0.59152,-0.5248,-0.07001,0.61933,0.33916,-0.64548,-0.43084,1.87516,0.35303,-0.30576,0.28887,-0.2348,2.02652,0.63797,-0.20447,-0.91693,-0.50616,0.30861,-0.04507,-0.78505,0.05863,-0.3207,0.11656,0.58452,-0.41171,-1.18461,1.36767,-0.20548,-0.06661,-0.17096,-0.21225,0
-1.55267,-0.17581,1.04599,-0.07887,1.95811,0.83705,-0.7822,0.55428,0.41378,-0.5207,1.21952,0.36205,1.71318,-1.3625,0.90424,1.06207,-0.32897,-0.48315,0.93767,-0.28438,-1.71242,1.39313,-1.89326,0.20319,-0.40538,0.37202,1.87796,-0.51392,0.35283,1.32497,-0.43075,-1.43532,1.16554,-0.57641,-0.09302,0.34986,-0.72068,-1.29588,-0.57948,-1.68993,0.26526,-1.30766,0.29299,0.61024,0.34093,-1.24339,1.11579,0.60734,1.3217,0.00758,-0.77928,1.15193,-0.58481,0.35911,-0.21745,0.02426,0.74375,0.56685,-0.02997,0.61798,0.82451,-0.06099,0.307,-0.38971,0.67058,1.4202,0.12444,1.18115,0.20707,-0.2578,-2.64748,-0.70917,0.82497,-1.6599,-2.00318,-1.06058,1.08166,-0.18335,-0.04373,-0.784,0.98472,0.18354,0.30613,0.55683,1.11998,0.815,0.65064,-0.68466,1.76377,-0.05675,1.80571,1.12438,0.08086,2.19947,-2.50125,0.84046,-0.74318,-0.95876,-1.27697,0.2159,-1.46926,-0.50556,-0.73763,0.94826,0.39757,-1.87077,1.7406,0.15662,0.16878,1.55266,-1.23693,2.68653,-0.06028,0.66876,-0.4788,0.66182,0.60384,2.0629,0.16596,1.08067,0.9279,1.22075,-0.19106,-0.38418,-2.14568,1.75504,0.42164,-0.84944,-1.13085,-0.29562,1.03881,2.10142,0.31135,-1.19824,2.34848,0.17946,-0.02119,-0.06789,-1.82049,0.7856,-0.82916,0.31054,0.61987,0.6109,0.45992,-0.15592,0.26923,-1.58316,1.47134,0.14612,-0.10068,-0.58153,-0.05655,0.15966,-0.46616,-0.45881,-1.00055,-0.40909,1.26995,0.36215,0.61606,-1.28935,-1.16715,1.16073,-0.3937,-0.31252,0.41838,-0.37407,-0.25932,-1.01033,0.55342,0.30501,0.00034,0.76196,-0.35592,0.95407,-0.30963,-0.76759,-0.77867,0.78319,0
1.20415,-0.80349,-0.26239,0.71227,0.19391,-0.10773,-1.20558,1.48134,-0.20726,-0.0705,0.1749,-0.425,-2.83228,0.52083,-0.51417,1.18424,0.38776,-0.03867,0.74099,2.58949,-0.01389,-1.19345,-0.0042,0.85231,-0.90964,-0.3843,-1.24859,-0.39461,0.48743,-0.8115,-0.99582,-0.48131,-0.56859,-0.42934,0.10071,0.81042,-0.93418,1.52917,-0.22667,1.07278,0.91032,-0.05656,-0.95776,1.66754,-0.182,1.84748,-1.71787,0.1229,-0.31796,0.2759,1.12918,1.37424,0.3618,-0.21032,-0.26235,0.61571,0.31917,0.56446,-0.4912,-1.0483,-0.33027,-2.37751,0.83628,-2.6123,0.07254,0.18015,-0.80506,0.81864,0.78404,-0.43988,-1.07504,0.39254,-0.07634,0.18229,-0.50498,-0.15276,-0.53992,-0.53774,0.16629,0.37816,2.0172,0.18936,-0.996,0.7833,-1.0562,-0.62131,0.27503,-0.27645,0.21136,-1.4566,-1.67481,-0.33027,-2.24814,0.26778,-0.93685,-0.50582,-1.79085,-1.55741,0.36726,-0.09983,2.08516,1.09953,0.67639,-0.69745,-1.20065,-0.82305,-0.12723,0.10497,-0.55132,-1.60607,-0.47553,-0.47486,1.51055,1.24953,-0.67921,-0.1879,-1.04831,0.09523,0.04395,-0.20961,0.07942,0.85134,0.71753,0.68942,0.16878,-0.87679,0.99556,-0.01766,1.27755,0.26038,0.84007,1.14771,-0.86141,1.23457,-0.39283,2.40442,1.49714,-0.26022,-0.47803,-0.01208,-1.78845,-0.94395,0.68157,-0.51947,-0.34135,1.51678,-0.67516,0.02124,1.93974,0.09742,-0.00941,-1.14995,-0.70309,-0.0569,1.09458,-0.72829,-0.47702,-0.51499,0.83495,-0.84017,-0.47153,1.83454,0.36089,-1.31004,-1.30753,0.96109,-1.44754,1.25044,0.87528,1.33273,0.70986,0.32666,0.09658,-0.62385,1.28932,-0.71044,0.97099,0.53719,-0.66324,1.73785,1
0.25559,0.95012,-0.32127,-1.00292,1.30908,0.56076,0.41705,-1.61294,-1.13193,-0.15582,-0.25765,-2.60954,0.23476,1.76864,0.31096,0.01422,1.19637,-1.15332,0.75528,-1.43762,0.92528,-0.84528,-0.33009,1.08663,0.21065,-0.26342,-2.61947,1.79298,-0.91663,-0.05087,-1.07405,-0.99333,-0.62158,0.21108,-0.61703,1.72572,0.248,1.50341,-0.623,0.33614,-1.58373,0.22236,0.11023,-1.39054,-0.05475,-0.99316,1.65695,0.17409,-1.11791,0.47783,-0.04768,0.63155,-0.4785,0.95399,0.92161,0.45471,-0.59063,-0.56928,0.96314,0.17671,0.7735,0.63877,0.37324,0.78695,0.96223,-0.22555,-0.01515,0.56409,1.99096,0.20872,-0.542,0.28824,0.08113,0.13742,-1.12104,0.18911,0.32281,0.30211,-1.85643,0.42587,0.71507,-1.6842,-0.48241,0.53798,-0.76107,1.57561,-0.38287,0.82616,0.00103,1.06727,0.12025,-0.05676,1.10988,0.32826,-0.14101,-0.27057,-0.49824,-1.47312,1.72165,-1.23968,-0.0547,-0.23545,0.08256,0.03757,0.12639,0.36509,0.99622,-0.23329,-0.99376,1.54091,1.73225,0.69371,-0.30582,-0.98215,-1.31897,1.1861,-3.19372,-0.26596,-1.07054,-1.23605,2.48522,0.78658,-1.87446,1.10441,-2.01897,-0.23463,-0.40887,0.21446,-0.00987,0.64945,-0.52373,-0.36017,-1.03951,-0.89258,0.84402,-0.92001,-0.65795,1.25334,2.32334,1.32078,-1.39137,-2.18295,2.32835,-1.08747,0.87773,0.68387,0.12791,2.0801,0.42153,-0.45548,-0.11438,0.49497,0.85892,-1.18289,-0.87231,1.24284,-1.47924,-0.01873,-0.70371,-0.47434,0.55581,-0.70459,-0.32395,-1.25445,-0.65434,-1.25708,1.3993,-1.32664,1.15784,0.13736,-0.14568,0.02778,1.15832,-0.56022,3.18035,-2.37025,1.11776,-0.47221,-1.10904,-1.07355,0
0.85478,-1.21011,0.3931,-0.17124,-0.76243,1.46944,0.67308,-1.2061,0.17636,-2.45918,1.53271,0.8554,-0.985,2.28917,-0.7525,0.37662,-0.81244,-0.51688,-0.27318,-0.79454,0.91599,0.72721,-0.11453,-0.1265,-2.3293,0.55618,2.83002,-1.07032,-0.83829,-0.3688,-2.28183,1.84913,-1.38119,-0.78447,-0.13655,-0.86493,0.36275,-1.04183,0.19383,1.162,0.3424,-0.11075,1.45937,-0.29107,-0.01023,-0.54447,1.64613,-1.23538,1.13215,1.02182,1.55345,1.6256,0.95289,-0.43437,0.46436,0.74336,1.4307,-1.45348,-0.35845,-0.9029,0.50775,0.58384,-1.14024,-2.28891,-0.46697,0.17303,-1.25667,-0.97558,1.86832,0.19593,-0.88111,-0.2585,-0.05034,0.45233,0.82871,-1.2002,0.78373,-0.23273,-0.54885,0.06085,-0.7205,0.1217,1.96363,-0.51119,0.80191,1.20661,0.60249,0.5977,0.07156,0.76272,-0.15586,0.99473,-1.73007,-0.20445,0.05341,0.62205,0.76274,-1.33061,1.05096,-0.97653,-0.17009,-0.93032,0.44514,-0.84667,2.36855,-0.69313,0.71708,-0.60676,-1.15982,1.13493,-1.14098,-1.17898,-0.09344,0.05116,-0.18592,-0.25229,0.67463,0.08782,-0.56489,-0.78252,-0.92128,0.32072,1.36753,0.83386,-1.27885,0.4255,-0.05242,-1.02664,-1.3726,-0.30533,0.9669,-2.28278,-1.31016,-1.25787,-0.31562,0.59122,0.32743,-0.2475,0.30309,1.45444,-1.29924,-0.77103,-0.66258,-0.18589,0.04013,0.57479,-0.80398,-0.14518,-1.03098,0.82046,0.42587,-0.07415,0.87198,1.13192,-1.01575,-2.25536,0.98732,0.9688,0.45577,0.64401,0.57381,-1.52948,0.27475,-1.48199,2.06692,-0.34962,0.17312,1.3564,0.57422,-1.57548,0.18581,-0.03075,0.79537,0.58498,-0.82634,-0.71638,0.63052,0.08456,-0.70025,-1.42643,1
0.29984,-0.60743,0.08369,-0.639,1.0533,0.20307,-1.4151,0.19774,-0.99165,-0.68289,0.1552,-0.68202,2.33777,-1.39342,-1.61391,1.03714,-0.83479,-0.95332,0.7813,0.07941,0.41406,-0.74774,1.30357,0.01492,-0.64874,0.22633,-1.06636,0.30349,-0.75419,0.93636,0.84655,-0.8046,0.55222,0.28379,-1.59293,-0.01322,0.0833,0.71998,0.37745,-0.13041,0.0452,-2.06157,-1.72925,1.16192,1.63714,-0.19726,1.10753,-0.46929,-1.56617,-0.55567,0.54518,3.01507,-0.54779,-0.4089,1.42964,2.26496,-0.56028,-0.46095,-0.43772,-1.57466,0.8008,1.05146,1.01164,-1.02818,0.01377,-0.03496,-0.26715,-0.16315,-2.24269,1.23325,1.05747,0.09868,0.01005,-0.60483,0.14003,-1.0217,0.82815,0.44002,-0.89655,-2.87219,2.7694,-0.54505,0.02483,1.40023,-0.67995,-0.4898,-0.69595,-1.11765,0.81336,0.00359,-1.74591,0.14764,-0.09361,-1.65768,0.88418,-0.37278,0.08417,0.45048,0.40652,0.59519,1.26579,0.61001,0.22347,-0.52833,-0.56168,-2.20476,0.49402,1.97636,1.44195,-2.10692,-0.58191,0.78028,-0.71277,-0.52195,-0.38286,-0.90174,-0.54877,0.66602,1.15927,0.78526,0.94528,-1.79696,-0.55925,-0.46277,0.88851,0.89391,-0.66782,0.27352,1.90598,0.63022,-1.33571,-0.37761,0.46546,-1.86254,-1.10864,-1.38246,1.53837,0.48038,1.46335,1.05128,1.09429,-0.60475,-0.82231,0.17257,-0.00282,0.34564,2.54252,-0.18824,-2.02222,0.90347,1.077,0.40686,-0.54088,-0.04633,0.78565,0.21264,-0.24228,-0.82516,1.89529,-2.19669,0.12427,0.96037,0.55785,-0.64928,-1.2905,1.42455,0.00795,1.14896,0.90771,0.13067,2.02626,1.76287,0.27355,-2.55165,-0.33614,-0.07052,-1.0485,-1.01675,1.34608,-0.7218,0
1.92796,-0.5326,-1.39947,0.71979,2.02485,0.12427,0.99115,0.70675,-0.42256,-1.30961,-0.9471,-0.9199,0.94862,-2.42611,1.05529,1.08183,-2.25319,-0.56347,-0.34092,-1.11228,0.46707,-0.14357,1.22048,0.61057,-0.44712,-0.28037,1.46246,0.73442,0.95827,-0.4469,-0.10604,1.04539,0.4797,-0.05363,1.47712,-0.64702,-0.14253,0.09001,-0.92079,0.33063,1.60492,-1.07388,-1.99643,-0.98229,0.39997,1.37122,0.11454,-0.63585,0.85462,-1.26523,-2.05821,0.0406,0.53564,0.32967,-0.52802,1.18254,0.04363,0.47352,-0.75735,0.43377,-0.34976,0.78396,-0.13156,-0.297,-1.63039,0.3007,0.2669,1.13986,1.60695,0.61982,0.17502,0.71373,-1.61792,-0.59742,-1.38814,1.48824,1.72787,-1.67128,1.11454,0.49726,0.6318,-0.3154,-0.32799,0.82302,-0.51428,1.64545,0.38532,-0.014,-2.36059,-0.69371,0.01973,0.1554,0.27798,0.40846,0.07794,-1.14762,0.9022,-0.89423,0.29366,-0.72632,0.83864,0.72469,-1.10933,-0.67099,-0.17766,-1.20503,-1.98407,1.41981,-0.74089,0.45966,-1.16357,0.01009,0.81312,1.15861,1.13354,0.35263,-0.02736,-0.57099,-1.05325,0.89782,-0.23291,-0.58223,0.25186,0.66095,0.58002,-0.63951,-0.28453,0.10545,-1.248,-0.39282,-0.06699,0.87934,0.50376,-0.33685,1.05461,0.57449,0.25824,-2.91441,0.46858,-0.34048,0.19875,-0.373,-0.03035,0.45426,1.66295,-0.32756,-0.49423,-0.23781,-0.25918,0.6149,-0.56279,-0.5265,-0.07409,-0.38889,-1.10286,2.46,-0.68206,-0.69374,-1.09537,1.63163,-0.22685,-0.53636,2.2998,0.89068,0.66938,0.5146,1.13388,0.72898,-0.14685,-1.0224,-1.00014,0.41167,-0.14884,-0.07907,-0.82054,-0.59135,1.60393,-1.1779,-0.56277,0.3782,1
-0.40455,1.07943,0.93874,-0.1765,-0.05168,0.98555,-0.83837,-0.02917,0.10395,-0.0017,0.33641,-2.12951,-0.85921,0.6032,-0.43434,-0.43105,-0.67352,-0.34088,-0.87607,-1.88513,0.63446,1.0116,-0.04834,0.38004,1.32834,-1.08497,0.76921,-1.12216,-0.07145,-1.4273,2.59029,0.3424,-0.40388,1.85056,-0.28536,-1.41184,-2.07037,-0.48694,0.14964,-0.28375,-1.69896,-0.04031,-0.76592,0.79088,1.08536,-2.57081,1.33753,0.47309,-0.64976,-0.16058,1.15685,1.03523,-1.44962,-0.61467,0.22375,0.35329,0.2416,0.06038,0.63607,0.73142,0.33321,0.78742,1.4713,1.4505,1.75875,-0.52755,-0.077,0.67172,-1.03202,1.12261,-0.39604,0.17871,2.07409,-1.10861,-0.3246,0.82688,-1.15924,-0.35777,0.80587,0.30456,0.69695,-1.13642,-0.1687,-0.89132,0.64994,-0.03528,0.39185,0.52386,0.1518,-1.26764,-0.54079,-1.22609,-0.224,-1.35975,0.15528,-0.83973,-1.22787,-0.42066,1.3456,0.96307,1.2122,1.10813,-0.24598,0.52748,-0.11862,0.08634,2.04916,0.20733,-1.58091,-1.41963,-0.4981,1.12069,0.36553,1.79358,1.61316,2.6169,1.16034,0.02593,-2.45917,0.64744,1.3072,-1.75018,0.13301,-0.87062,0.50203,-2.25159,0.66336,0.50395,0.00787,0.43642,0.21238,0.32187,-0.34731,-0.37331,0.32038,-0.12253,-0.29772,0.42823,1.6748,-0.29624,1.73263,0.85989,0.34119,0.83426,-1.3926,-0.17564,-1.23323,0.44781,0.9969,-1.34379,0.17008,1.36806,-0.66494,-0.00155,0.19231,-0.74038,-1.6654,0.22229,0.33742,0.00761,-0.98096,-0.04809,1.6772,-2.03264,0.11599,-0.1727,0.12778,0.25697,-0.58591,0.09932,-0.01162,0.20538,-0.5154,-0.38406,0.3834,-1.44542,1.48731,2.79428,-2.47713,-1.73348,0
-0.88927,0.0685,-0.44963,-1.294,-1.17544,2.82475,0.68766,-1.01544,0.08697,-0.71757,0.72314,-1.53058,-0.02239,-1.49567,-0.62813,1.32515,0.14835,-0.81548,-0.89356,-0.89228,-0.95116,1.87568,0.83742,0.58657,0.06379,0.8497,-1.08602,0.64412,-0.74402,1.16148,0.16457,0.41365,0.59231,0.21298,-0.86905,0.59446,-0.21743,1.62991,-0.46833,1.41025,-0.70834,0.2031,0.87756,0.60394,-1.51202,-0.99364,-1.17755,-0.65657,-1.46011,1.13815,0.07738,0.86446,-0.41969,0.9055,-0.89914,-0.80144,-1.01986,-3.18389,0.81808,-2.36232,-0.63342,-1.37279,-1.25958,0.32045,2.35094,0.34024,1.68474,1.39947,-0.91813,1.30468,-1.86983,-2.57301,-0.33206,0.23872,0.58761,-0.98511,-0.80655,-0.51456,-1.57211,-1.85068,-0.05588,-1.31322,-0.10667,-0.45724,0.52349,0.22276,-0.20509,-0.32872,-1.02439,-0.87688,0.86675,0.89357,0.47548,0.42308,-0.14972,0.76336,0.80287,-0.34101,0.23342,0.20601,-0.51416,0.32065,-0.63973,0.77332,-1.17989,1.27833,-1.55121,1.28357,-0.18578,-1.71474,-1.49481,-1.50366,-0.86546,-0.667,-0.42493,-0.76595,-0.00402,0.88182,1.34987,0.27385,-0.55584,0.53858,-0.13256,1.55746,-1.41606,-2.11415,0.64455,0.52567,0.16411,0.0425,1.00467,1.893,0.38308,-1.27904,1.80375,-0.08169,-0.68497,1.0203,1.41796,-2.08199,-0.78593,0.24905,-0.6413,-1.16909,-1.75688,-0.48881,-1.07119,0.3814,0.65541,1.92259,0.12748,0.38118,1.17536,0.65447,-0.7979,-1.07147,0.05379,0.35382,-0.20746,0.97655,-0.30215,-1.88455,-1.14328,0.2859,1.18229,1.5656,-0.07741,0.13831,0.89567,0.1766,0.58499,0.21154,0.02292,0.02333,-0.205,-0.26659,-0.31507,0.14359,-0.47376,-0.1859,1
-0.8822,0.37073,0.78147,0.16616,-1.31881,-0.75457,0.34116,0.38573,-0.66962,1.92614,-0.86028,0.86336,-0.51667,-0.43274,0.02678,0.14179,-0.59566,1.1841,-0.63047,-1.36956,1.56275,0.78093,1.2077,2.43097,-0.60782,-0.78148,0.0213,0.62437,0.93293,-0.53797,0.48921,-1.12624,0.8006,0.15431,1.0307,-0.62401,-0.59572,-0.25194,-0.28246,-1.16781,-1.8163,-0.109,-0.36802,1.13689,-0.41025,0.63533,0.32799,0.3203,0.10946,-0.87096,0.41331,-1.56498,-0.74315,-0.58689,0.11916,0.78154,-1.50707,-0.24476,1.19911,-0.29809,0.61145,-0.41265,-0.49818,-0.96678,-0.6212,-1.0418,0.0413,-0.27138,-0.06117,1.12531,-1.05073,0.53741,-1.15236,0.59074,1.95795,-0.09222,1.08478,-0.76191,0.39452,0.48655,-1.00904,1.64983,-0.93842,1.32824,0.36173,0.57826,-0.14588,-0.01361,-0.14416,-0.70005,0.87908,-0.19604,-0.15176,-0.06367,0.48692,-1.51962,0.57146,-0.6773,0.34228,-0.04093,0.51456,1.10914,1.13526,-0.09389,0.72005,0.65033,1.85562,-0.14785,-1.14654,-1.25443,-0.32794,0.23943,-1.50983,0.38272,1.52269,0.80424,1.69395,1.09374,-0.3583,-0.93946,-0.23775,-1.23412,-0.06606,-0.39041,0.08305,-1.99013,-0.18896,-1.58215,0.31361,-0.09986,-1.58893,-0.07153,-0.2781,-0.11771,-0.66845,0.58522,-1.53029,-1.42666,1.21487,-0.54916,-0.56916,-2.16462,0.93754,0.8696,0.0373,-0.86549,-1.29466,-0.19716,-2.05532,-0.84569,0.13384,0.41454,-0.49202,0.40005,0.38213,1.26862,0.24587,-0.03488,0.75299,-1.51384,-0.80025,-0.70322,-1.15615,0.46529,-0.68887,0.97237,-1.2249,-0.65848,0.14057,-0.97683,-0.30642,-0.1785,0.81612,0.13325,1.90481,-0.98194,-0.74196,0.54674,2.15949,-2.24921,1
0.63962,-1.79759,1.29917,0.79494,-1.46723,-0.24081,0.28457,0.36237,-1.03017,-0.91904,2.2999,-1.24583,0.74384,0.6019,0.87976,-1.48323,-0.48472,-1.50865,-0.47298,0.24821,0.71471,0.54949,-0.57879,0.50595,1.69222,0.46632,-1.27255,-0.19332,-0.5811,0.53237,1.03423,-1.73715,-2.1214,-0.3716,-1.57618,-0.84814,-0.87568,2.04171,-1.44712,0.91902,1.69261,-0.55731,-0.98951,0.54443,-0.41173,0.23173,0.5901,1.65746,0.43493,-0.41716,0.41095,0.06852,-3.60887,1.36868,-0.47979,-0.94675,-1.7372,0.30007,-0.74344,-1.45141,0.8757,-0.85306,0.23464,1.14215,0.57054,1.21302,0.09875,-0.43432,0.63276,-0.66302,-0.46471,0.08861,0.54071,-0.27311,-0.30453,0.67079,-1.01346,-1.41061,2.09845,0.42398,0.35842,-0.74294,-0.32939,-1.92675,0.00646,-0.53656,-0.48325,0.60247,-0.2674,-0.26568,0.04988,-1.63937,0.8045,-0.92691,-0.36373,0.88038,-0.92449,-0.93135,0.16273,-0.04897,-1.14972,-0.54089,0.39479,0.49695,-0.44344,0.19261,1.52935,0.34288,0.23907,0.88409,-0.14316,1.06391,0.82863,1.40563,0.67828,-0.01251,-0.48613,0.31402,0.55078,0.11025,-0.12212,1.54541,-1.19178,-1.5901,0.02684,1.67579,-0.38234,-2.677,-0.10812,0.33671,-2.4251,-1.83253,0.67893,-0.83496,1.08983,-1.30591,1.0221,-1.44984,-0.31246,-0.09457,0.08209,0.85134,-0.27342,0.03505,2.24611,0.51477,-1.02412,-0.89115,-0.76789,0.42002,-0.21552,-0.48102,-0.23359,0.75574,-1.16854,0.03359,0.64345,1.56343,-0.00171,-1.1426,0.42694,-1.40114,-1.87063,-0.41408,-0.59969,0.18594,-0.01157,-0.01385,0.26914,1.52472,0.19402,0.13912,0.55023,0.31162,-1.19224,-0.69419,-1.19331,0.12943,0.62219,1.23793,0
-0.55415,0.56063,-0.7877,0.53774,0.90563,0.45071,-0.62926,-0.15292,-0.27296,-0.33322,-1.36763,-0.55938,-0.02695,0.93422,-0.12899,0.84142,-1.47122,-1.50921,-2.49046,-0.07849,2.4932,-0.2615,-1.0646,-0.55548,-0.29569,-0.89598,-0.88323,0.73008,0.38122,1.12928,0.71057,0.91304,1.81148,0.39219,0.84972,-1.15428,-0.6464,-1.44079,1.16669,-0.02089,-0.32096,-0.61561,-0.52449,-0.00551,-0.37725,0.45586,0.75698,-0.082,-0.20052,0.77979,-0.17442,0.13929,-0.31589,-0.15952,-0.41509,0.87826,-0.41367,-0.66773,-2.41384,-0.98838,0.5197,-1.41793,-0.62902,-0.94975,-0.86532,-0.58259,-1.44657,1.00377,-0.17922,-0.45305,-0.82273,2.01202,-1.4253,0.62096,0.07492,0.41565,0.13774,-0.55533,0.16561,1.34492,2.29754,0.71232,0.69453,0.07674,-0.10471,0.22968,0.12068,-0.85364,-1.67237,-1.37868,1.49969,-0.93473,-0.97477,-1.47743,1.33283,-0.83888,-0.88146,0.13619,0.34139,0.51701,-0.20959,-1.34877,-1.62578,-1.16462,-1.96536,-1.21704,0.59377,-0.62415,-1.21006,0.39557,0.36565,0.62395,1.22974,0.23307,-0.34059,-0.15833,-0.08523,-1.09135,0.58283,-0.82697,-0.96553,0.53034,-0.78363,-1.51861,-1.23825,-0.67812,-0.51907,-1.20296,0.26211,0.38241,1.56743,0.10617,-1.12348,0.48699,1.3441,-1.37723,-0.33098,-0.26065,-0.80108,0.03065,0.7485,-0.54023,0.51162,0.98419,-0.23813,0.28734,1.87832,0.52339,0.51817,1.13297,0.77025,1.34273,-0.12781,1.15667,0.29536,-0.85277,-0.52264,-0.08408,-0.35458,-1.6346,-0.98832,-0.48588,0.7034,-1.15848,0.70753,-0.03379,0.43071,0.26367,0.44074,0.96143,-0.19804,0.2412,-1.34392,-0.80238,-0.88966,0.75042,1.71411,-1.83067,-0.56068,-0.30745,0
0.80678,-1.19077,-2.4686,-0.47201,0.53661,-0.38643,0.03211,2.30389,-0.22287,-0.32415,-0.34514,0.87595,-0.01021,0.43439,0.54412,1.45967,2.51612,0.86776,0.23294,-1.60773,-0.78698,-0.03083,1.27797,0.00156,-0.7147,0.45712,0.24688,1.01542,-1.4975,0.48456,-0.16405,2.36333,0.21279,-0.63999,-1.12448,-0.43154,-1.23694,0.65775,-0.49912,-0.86475,0.13865,-0.88478,0.41347,-3.12092,-1.67707,1.03111,0.51149,0.0169,-0.64578,-1.30405,-0.09688,-0.08343,-0.98074,-1.07683,-0.56951,0.47049,1.14655,0.85399,0.89836,-0.21692,-0.13517,-0.44073,0.46209,-0.83794,0.17813,-0.56882,-0.52704,-1.11379,-0.50271,-1.10701,0.31057,0.00222,0.50847,-0.5919,0.62741,-0.84015,-0.19814,-0.6662,1.44754,0.84625,-1.541,0.37692,-1.27387,-1.2413,0.97917,-0.104,0.00105,-0.65311,0.58159,-0.79554,-0.25319,-1.84667,-2.15858,0.3935,0.99238,-2.64625,-0.34241,0.0189,-0.71048,0.11965,-1.42157,-0.12211,1.92776,-0.77544,1.04362,-0.06595,0.44737,-0.02788,-1.91677,0.41707,-0.08219,-0.49563,-0.55001,-1.18069,-1.5045,-0.25189,0.33633,-1.49181,1.70173,-0.77244,-1.71913,0.18873,2.55235,0.04907,0.46687,1.60042,1.21293,-1.70193,0.87943,0.99,-0.42394,-1.85618,0.13826,0.83316,0.22096,0.18084,-1.14654,-0.06051,-1.83965,0.6483,0.50654,-0.92484,2.26825,-0.44575,-1.25833,-0.29535,-1.35432,-0.19111,1.00748,0.75604,1.3265,-0.15186,0.12197,-0.22557,0.72884,0.24929,-0.7292,0.19355,0.36644,-0.39566,-1.14552,-1.03711,0.27502,0.31515,-0.24882,-0.25627,-0.21291,-1.22576,1.32275,0.11439,0.62537,1.72805,0.97319,-0.85199,-1.4957,0.39668,0.75928,-0.74814,0.51895,-1.23145,0
-0.47595,1.7265,0.72183,2.40245,0.33266,-2.07749,0.21074,0.03373,2.25047,-1.10716,-0.53367,-0.34521,0.58986,-0.09439,-0.30749,-0.48224,-0.8203,0.00952,-0.03524,1.34439,0.14729,-0.10547,0.03947,2.83813,-0.53989,-1.1873,0.27365,0.16044,0.99722,0.07083,1.44068,0.52298,-1.47217,0.66086,-1.32051,0.8906,-2.66904,2.28938,-1.60566,-0.17738,-1.81272,1.23354,0.25627,1.72141,-0.05519,-0.39933,-1.23366,-0.00054,-1.48158,0.09319,1.3902,0.31602,-0.04979,-0.85311,0.63313,-1.19511,-0.2644,-0.26776,-1.37363,-0.33084,0.74077,0.41755,0.42214,1.62618,-1.16637,-0.99272,-0.1322,0.24304,0.0317,-0.17656,0.98472,-1.32734,-0.06615,1.4609,-0.20222,0.18688,0.56433,-0.44811,-0.12214,-0.65746,0.40608,-0.50508,-1.45802,-0.15348,1.95742,-0.64641,-0.76889,0.21711,-0.242,0.16792,2.48543,2.02605,0.73602,-1.16114,-1.51298,-0.08636,-0.3553,0.41819,-0.78463,0.25888,0.04499,-1.57879,0.24313,1.25267,-2.00824,0.89001,0.33795,-0.34795,0.14138,0.13064,-3.07613,-0.57743,1.82901,-2.27439,0.78004,-1.76728,0.11626,3.02479,0.49569,0.81689,-1.5337,-0.25638,1.65531,0.05674,-0.02643,-0.00439,0.79702,0.2711,-1.35999,0.86428,0.19532,1.00093,-3.04435,-0.82174,1.96281,0.97483,-0.51897,-0.19549,1.92257,0.55558,0.72545,2.10474,0.83893,-1.28851,-0.62665,-0.10807,-2.27874,0.79431,0.07598,-0.81376,1.10969,1.256,0.93033,0.90017,1.85493,-0.22448,1.08916,0.94477,0.04694,-0.95377,-0.35007,-1.00163,-0.10611,-1.18484,0.59544,0.72256,-0.35568,0.55477,1.12864,-1.3316,0.24579,1.74792,1.41955,-1.55445,1.33209,1.49461,0.68849,1.0151,-1.68327,-2.02834,1
0.63413,-0.69808,0.14944,0.13583,0.28266,-1.25385,-0.32,-0.26092,-0.25175,-0.27893,-0.81541,1.06737,-0.87202,-0.05131,-0.38044,-0.74088,-0.70513,-1.36897,-0.02179,0.20895,0.6809,-0.17313,0.02952,-1.31506,-0.11736,-1.37444,1.7263,-0.67017,0.39695,0.51543,-0.61153,1.91735,-0.18278,0.25766,-0.53497,-2.62445,-0.84477,0.42599,-0.93193,-0.10868,-0.25905,1.08442,-1.59114,-0.50621,0.59083,0.37521,-0.0493,0.42411,-0.52036,0.08564,-1.21529,0.90147,0.03955,0.35731,-0.60793,0.96383,0.30431,0.26683,0.63894,0.69634,-0.18687,1.01287,2.12452,-1.03103,1.60421,0.44441,0.36611,1.27809,-0.44835,-0.61696,-1.02123,-0.83211,-0.04385,-0.37558,-0.38915,-0.59252,-1.21489,0.8598,-1.4094,1.06717,-0.6509,0.07638,0.41092,1.02941,0.77901,-0.23917,1.25702,-0.77335,0.15076,1.80159,0.31545,-0.16103,-0.67923,0.72425,0.13607,-1.01552,-1.84702,0.4914,-1.0351,-0.28857,-0.16316,-0.03285,1.80428,-0.33959,0.48265,0.79536,0.63571,-0.80946,-1.60841,-0.16486,0.93225,-0.30396,0.92059,0.32189,-0.25832,0.41058,1.84252,1.99965,0.56075,-0.23757,0.51793,0.22594,0.16545,0.75026,3.22473,-2.87777,-0.70626,-0.43278,-0.92206,0.71919,-0.91102,-0.11162,-1.61721,0.23336,0.59047,0.45524,-0.60562,0.22065,0.64333,-0.38675,-0.017,0.11249,0.5882,0.92,-0.63829,0.41719,-0.78097,0.59834,0.95426,1.02172,-0.32113,-0.73424,0.30732,0.62579,-1.04283,1.21267,1.06721,-0.25506,1.62148,-1.06687,-2.04491,0.46993,0.01506,-0.85776,0.22406,2.41043,1.53465,0.38616,0.51581,2.16871,-0.36783,-1.69384,-0.36971,1.50402,0.73393,0.89509,0.16056,-1.88807,-0.96668,0.61941,1
-0.74919,0.5402,-0.1758,-0.22181,-0.40107,-0.62338,1.01292,0.07034,-1.34373,0.62755,1.52813,1.55146,0.37063,1.08752,-0.6192,0.21787,1.8244,0.8669,0.60051,0.64441,-0.54512,0.30026,0.50504,0.68656,-1.08588,0.03487,0.31839,0.90597,-1.57764,-0.30601,-0.83583,1.41978,1.52146,0.40258,1.27635,0.9242,0.53332,-0.24929,-0.75639,1.18573,-1.28193,0.07647,0.16272,0.63148,-0.46914,1.41684,0.20786,-0.45835,-1.53315,-0.67659,-0.7787,-0.45082,1.89601,-0.25105,-1.46367,0.3978,-2.27705,-1.0743,0.02578,-1.0033,-1.0219,-0.49199,0.67958,1.27549,-0.81029,-0.74442,-0.26714,0.61034,-1.30586,-0.72167,1.8333,-1.56628,-0.9064,-2.21506,0.55353,-0.2571,-0.03395,0.19823,0.56429,1.25506,-1.08409,-0.74085,-0.11648,0.76362,-0.75223,-2.306,1.11205,0.20967,-1.26709,-1.15591,0.1688,-0.40687,0.71982,-0.11463,0.31651,-0.64336,1.30386,0.03226,-0.05901,0.04771,0.8215,-0.41278,-0.90356,-1.32934,-0.39152,-0.9478,-0.40534,1.70187,2.0384,-0.86954,2.67828,-0.46331,-0.25561,-0.72771,-0.434,0.15661,-0.20875,-0.00626,-0.16711,0.31138,-1.90958,0.31176,-0.7566,0.45481,-0.50742,-0.99867,0.46239,2.20746,-1.51163,0.82553,0.35323,-0.30598,-0.14006,-0.74937,1.80266,1.00401,0.37114,0.79862,0.07435,0.037,-2.08499,0.91916,-1.68165,-0.46438,-0.00496,0.19669,1.0697,-0.08184,1.23468,-1.43946,-0.32285,2.16746,1.65404,0.55826,0.01888,-0.26113,-0.4279,-1.26104,0.83239,0.54816,0.79363,-0.53178,-1.66266,-0.09354,-0.11966,-0.02118,-1.6795,-0.76097,0.43099,-0.42357,-0.2553,-0.31074,2.91291,-1.57256,-0.84755,0.86622,0.77125,0.33798,-0.53307,0.40706,1
-0.38053,1.72774,-0.39147,-1.95445,1.62009,-0.86769,-0.51555,1.3719,0.0628,1.55715,1.10106,-2.58106,-0.73361,-0.32059,1.44062,0.1807,0.30951,0.12836,0.34111,0.44937,1.58072,-2.05556,-1.13952,-0.30228,1.18124,-1.18577,-0.97282,1.62861,-0.65906,-1.65302,1.16433,0.76636,3.09939,-0.35005,0.40628,-0.06157,-0.60332,-0.6821,-1.53528,-0.64762,-1.49822,0.89478,1.03559,0.61347,2.37621,0.6567,-1.11183,0.06779,0.3154,-0.75613,1.05762,2.15981,1.00485,-0.49051,-0.27037,-0.98787,2.31134,0.07614,-0.25177,-0.45191,-0.51065,-0.16675,-0.26987,0.47681,0.14891,0.66151,0.90971,-0.21761,-0.41752,0.56532,-0.57381,1.82502,-0.65254,-0.17094,0.75728,-0.49965,0.98425,-1.88786,0.02863,-1.85148,-1.16247,-0.08701,-0.0298,-1.32879,-0.30948,1.91109,1.21661,0.5151,1.31828,2.47986,0.74578,0.7862,2.43075,-0.52457,-2.27403,-1.83275,0.86372,-0.14906,1.09829,0.30415,1.26285,1.22588,-0.76969,1.0663,1.49035,-0.35629,0.35878,0.61764,1.19799,0.38864,0.24138,0.68873,0.19442,-0.16334,-1.73561,0.47938,0.94811,0.22073,0.32695,0.2922,0.15862,1.04576,-1.53021,0.39353,-0.52254,-0.26432,-1.06349,-0.26225,-1.1579,0.42039,-2.70524,-0.31994,0.04544,-0.72387,-0.527,0.8844,0.81195,-0.85866,-1.85592,0.1637,-0.42245,0.7447,-0.15473,0.80835,-1.43604,0.35674,-2.14891,-0.03486,-1.60283,2.55347,0.38564,0.46727,-0.05159,0.35259,-1.16986,0.75017,-0.14309,-0.48126,-0.72081,0.14125,-0.65497,-0.16712,-1.49083,-0.27638,-0.28908,1.69324,0.59184,0.69197,-1.59153,0.53214,0.69662,0.49007,1.08617,-1.65682,-0.60358,0.67729,-2.12358,0.13252,-0.68238,0.25776,1
-1.01343,0.99275,0.95003,-0.46889,0.04381,-1.15187,-0.77297,-0.44515,0.14567,-1.89349,-0.05719,1.03761,-1.60327,0.3872,0.64607,0.16568,0.20351,0.45284,-0.46943,-0.18444,0.38394,-0.31229,1.40786,-0.01839,1.38974,1.65795,-0.89396,0.08959,0.28038,0.34949,1.29472,-0.65759,-0.90543,-0.32199,-0.77433,-0.8611,0.60099,-1.45642,-0.14991,2.01812,0.54083,1.03323,0.61845,0.56556,-1.02105,-0.9409,0.40545,-0.52032,0.08853,0.29207,-2.10445,0.67841,0.15705,-0.51224,0.8622,0.70081,-0.50544,0.13436,-0.09829,-1.53235,-0.28678,0.61923,-0.46794,-1.45909,0.88275,-0.23162,1.79795,-2.28789,-1.80816,-0.62747,0.0105,-0.30486,1.11067,-0.74943,-0.42444,-0.69121,1.0321,1.5256,0.29735,1.45621,0.45986,0.78731,0.03268,0.62345,-1.78,0.46583,-1.24756,0.77055,0.80951,0.90245,1.59181,1.76704,-0.6799,-0.26646,2.27776,1.02594,1.58732,-0.70721,0.90891,-0.82407,-0.79141,-0.2732,0.42717,-1.28343,1.14563,-0.13562,-2.1203,-0.31865,-0.04401,-0.03972,1.01575,1.19064,-1.05784,0.42209,-0.80048,-1.11966,-0.192,-0.23838,-0.16944,0.60463,1.3491,-1.39793,-0.25139,0.09347,-1.26237,0.18537,-0.51431,-1.7201,-1.69069,-0.50906,-1.52528,1.10664,-0.14623,1.0429,1.31951,-0.88168,-2.41131,-1.80755,0.12373,-0.19726,-1.75205,-0.14351,0.47433,0.36582,-0.54331,0.72772,-0.68358,0.57732,0.18769,-0.48415,0.48694,0.24554,-1.27041,-0.90601,0.91838,0.32102,-0.16792,0.8772,0.91799,2.8363,-0.21938,-0.25787,-0.47515,1.01196,0.70239,0.35488,-0.12173,-0.46667,0.04116,-1.01261,0.61115,0.95317,-0.53185,1.31984,-0.98055,-0.44946,-0.36861,-1.31407,1.42047,-0.71803,1
0.28983,-0.3688,0.39795,-1.77955,2.06968,0.78353,0.72009,-0.3393,2.3561,1.81923,-0.44399,-1.77258,-0.65547,0.92552,1.35366,-0.34897,-0.3227,1.2894,1.54724,1.1546,-0.65995,0.95904,-0.96068,-0.33075,-0.76869,-0.18706,-0.22977,-1.13979,0.99223,-2.18564,0.40894,0.30544,-1.28993,0.95697,0.48699,0.4442,-1.61012,1.47807,-0.65739,-0.49472,-0.91351,-1.39993,0.71036,-0.41554,0.18803,-0.00545,-0.03791,1.65262,-1.47442,0.31107,1.03061,-0.40983,-0.29841,-0.89333,-0.27925,-0.37732,-0.37179,1.68926,2.27233,0.05525,0.05886,0.90878,-0.76475,0.55259,-0.99308,0.96341,0.78724,-1.00981,-1.11049,-0.91764,1.03482,0.22616,2.12761,0.93955,1.09963,-1.20086,-0.68474,-0.99804,0.00373,0.9721,-2.2224,-0.35635,1.09381,-0.07823,-2.18085,1.06716,-0.8188,-1.34435,0.75075,-0.68768,0.19445,0.02787,1.40839,-1.25814,-0.6402,-1.6423,1.04982,-0.20895,-0.49308,0.78461,-0.89808,-0.77935,-0.73531,-1.39427,-1.81407,-0.44624,-0.14374,-0.45679,0.28905,-0.96285,-0.80588,-0.57809,-0.8258,0.20615,1.71357,1.6521,0.34702,-0.20756,-0.7359,-0.71189,-0.21357,-0.78458,0.67992,-2.35599,0.3919,-0.34464,1.53859,2.14495,1.40468,-1.19469,-0.70813,-0.0651,0.92532,-0.54192,0.80832,1.42624,-0.56735,1.67553,0.55816,1.01062,-0.58198,-0.01176,-1.18251,-0.90412,-0.88845,-0.47588,-1.74275,0.98467,1.00294,-0.02489,-1.29809,-2.36687,-1.36346,0.54349,1.65312,0.52888,-0.22815,-0.01508,0.30694,0.41057,-0.61027,1.08043,-1.98812,0.7524,-0.04887,0.19569,-0.6091,-0.09277,0.30692,0.15198,-1.14301,0.21593,-0.02324,1.65942,1.03354,0.00107,1.08857,-1.35147,-0.74833,-2.50633,1
-0.05908,0.80753,1.22563,0.41278,-0.39234,0.5705,-0.98726,0.15767,-0.87746,-1.19717,-0.93697,-0.48451,-0.46938,-2.39581,-0.48412,-0.39866,-1.93588,1.49137,1.12435,0.29795,-1.44484,-1.17822,-0.90247,0.25471,-0.77429,0.24089,-1.09725,1.3298,-1.34694,-0.94601,0.54514,-0.59747,0.26566,0.43927,-0.19445,0.6254,0.21802,1.70454,-0.83709,-0.02772,1.38372,-0.10068,-0.36287,1.22368,0.30626,1.21915,-0.83222,-0.63405,-0.89531,0.04463,-0.16899,1.16619,1.05716,-0.29934,0.23073,-0.39406,0.14356,-0.39437,-0.77234,-0.2517,-1.05653,1.93997,-1.04584,1.65184,1.31149,1.32169,0.01383,-0.36572,1.09061,2.30664,-0.07886,0.56937,0.30384,-0.87177,-1.34828,1.29729,0.38481,-0.07631,0.04993,1.81391,-0.23589,0.9022,0.80405,-0.0404,1.11773,-0.24577,0.1887,-0.3264,2.30158,0.57828,-0.43615,1.31337,0.52015,-1.38152,1.23973,0.97732,1.72768,-1.48362,0.5346,0.40701,2.0558,0.69841,0.67945,0.5181,-0.27872,0.52524,-1.11612,0.4463,0.43444,0.64994,-0.69709,-2.54747,0.97766,-1.92367,1.83373,1.32079,-0.88529,0.67973,0.18843,-0.55948,-0.83523,1.36027,-0.75323,0.97733,0.54603,-0.78323,0.45908,-0.62542,1.85431,0.40707,0.68504,-0.87897,2.02734,-1.30065,-1.23357,-1.07403,-0.21951,0.6071,1.3868,-0.65249,0.13584,1.52225,-0.88437,0.5778,-0.87444,0.25234,0.7936,-1.00936,0.34761,0.2658,1.2603,0.36933,-0.01016,1.02923,0.44233,0.73872,-0.04067,0.80662,-0.34985,-1.51246,-1.06699,0.00568,-0.01927,-1.4806,1.56525,-0.13762,-0.41628,0.10444,-0.37511,1.03308,0.56208,-0.86616,-0.77995,-1.10757,0.78051,-1.53881,-0.54704,-0.19871,0.50176,-0.2387,0
0.3174,0.09416,0.45379,-0.15599,-1.14853,1.26208,-0.70852,0.49653,-1.01481,-0.08827,2.00201,-0.2773,0.29834,0.15146,0.62414,-1.74239,-0.56159,-1.23936,-0.04323,0.1205,-0.51787,0.43007,-0.92107,0.60171,-0.23177,1.02406,-0.12948,-0.62954,-1.92824,1.43066,-0.24508,-0.8683,-2.99335,-0.21789,1.08477,-0.73606,0.26052,-0.94248,-0.40441,-1.14083,-0.75938,-0.10813,-0.09346,-0.20986,-0.56086,0.98633,-0.61502,-1.71118,-1.70084,-0.58302,-0.64481,1.04579,2.08348,-0.61867,0.27681,1.0262,-0.2696,-0.71419,-1.47669,-0.72343,0.85664,-0.84668,-0.00519,-0.77061,-0.98661,-0.14672,-1.83141,-0.97603,-0.2155,-0.81117,-1.46977,0.92889,1.5919,-1.06056,-0.37604,-1.63353,0.18434,0.40031,1.09389,0.24634,-1.07822,-0.57537,0.16468,-1.46386,2.16539,-0.55624,-0.34612,-0.48043,0.16533,0.75248,1.84665,1.76529,-2.1553,-0.68595,0.87538,-0.48168,0.47353,-1.3913,-1.23229,-0.26644,-0.05125,-0.94838,0.61907,0.27084,1.68598,0.72858,0.0309,1.72684,1.72842,-1.08095,-1.62115,1.58043,-1.395,0.55375,1.23625,0.6248,-0.5954,1.35653,1.61375,1.4434,-1.11529,1.16171,1.21889,0.11975,-0.24779,-0.00011,0.69951,-0.34434,-0.31038,0.82571,0.13279,1.04213,0.99611,0.54138,-1.37202,-1.65271,1.00164,-0.21475,-1.45418,0.83918,0.4369,0.18823,0.21395,0.43647,0.14151,1.39255,-0.60732,1.22964,2.86369,0.41094,0.53288,0.57076,1.61481,0.25004,-0.78204,-1.29568,-0.49065,-1.59548,0.79168,0.95728,0.26828,-0.23585,0.37793,0.56087,-1.59085,-1.2547,0.00992,-0.16574,-0.60261,0.02947,0.3055,-0.80696,0.03082,-1.21903,-1.38437,-0.76589,1.57731,-0.86869,0.60205,0.34565,0
-1.10129,0.69431,0.32126,1.20083,-0.2018,1.23422,-0.14022,-0.47091,-1.02745,1.05023,0.73636,-1.10039,1.16615,-0.45419,-0.49433,-0.43606,0.09969,-0.62615,-1.51186,0.17192,-0.65523,2.16711,-0.58145,0.44776,0.3084,-1.05411,1.15408,-0.6493,-0.03949,0.63326,-0.42194,0.52662,0.9541,-1.22194,1.05762,1.05082,1.13853,1.7379,1.18336,-0.63576,0.28652,-0.28249,0.24096,-1.19367,0.73723,0.93095,0.10903,0.79162,0.58746,-1.57785,1.27974,-0.00988,-0.10841,0.39106,1.46895,1.24478,-1.38488,0.54562,-0.48862,1.13248,0.88103,0.80811,-0.76426,-1.71152,-0.6109,-0.78071,-0.55516,0.00956,0.25123,-0.46012,1.58272,1.39458,0.27744,0.66464,-0.02216,0.6683,0.18199,-0.51264,0.7478,0.19681,-0.13742,-0.20427,-0.30369,-0.66428,0.05705,-0.83176,-0.20541,1.26481,1.39986,0.09292,0.68387,-0.59569,-1.28019,-0.12648,-0.32114,0.40176,-0.42451,0.47162,1.46276,1.24052,0.99874,-0.55317,0.53374,0.62451,2.07747,-0.14802,0.26337,-0.5307,-0.62158,0.28561,0.31208,-0.21582,-0.93399,0.47079,0.2468,1.13547,0.78286,1.16389,-2.39199,1.36472,0.04225,0.18401,0.73678,0.18159,-0.37156,-0.80334,0.98048,1.79063,-0.85095,0.03624,-0.04669,2.49035,0.0744,-0.20625,1.62908,-0.64518,-1.24751,-0.4769,-0.45847,-0.21555,1.11209,-1.00231,0.98664,-0.84166,-0.58777,0.35577,0.84976,1.3152,1.2887,0.39861,1.0939,0.2374,0.52216,0.939,1.25888,-0.79139,-0.61554,-0.88631,-1.41518,0.35495,1.57829,-1.50882,-2.40178,-0.55954,1.42209,-0.9946,-0.8368,1.76416,-1.7011,-0.11304,0.66052,-1.25742,0.31555,-0.77597,-0.80084,0.32652,-0.76369,0.60255,2.30783,0.02445,1
-0.94868,-1.04684,-0.49837,-0.8888,3.08883,-0.27187,0.11131,-2.27085,0.48878,-0.44808,0.71299,-2.45325,-1.84244,-1.1843,-0.68038,-0.88019,1.44349,1.66191,1.80563,0.21777,1.12204,-2.00359,-0.40883,-0.43343,-1.51168,0.93338,1.08953,-1.4066,1.68173,0.45509,0.27363,-0.42619,1.353,-1.178,-0.51819,0.63355,-0.4041,-1.36733,1.30399,-1.59417,-0.87249,-0.20978,1.97823,0.09506,0.97463,-1.10394,-0.00353,-0.48134,-1.4664,-0.97238,-0.59316,0.16131,2.05942,0.83243,-0.93556,0.07605,1.70331,0.58253,0.28169,1.55816,-0.00922,0.61006,-0.56209,-1.42699,-0.8569,-1.98172,-0.07216,0.33921,0.1102,0.04892,-0.30654,-0.22073,0.10776,1.3765,-1.31693,-1.12309,0.91126,-0.85271,-1.9303,0.94921,0.17532,0.73204,-0.10567,0.26961,-0.28354,-0.32782,0.25759,1.21076,-2.60698,-0.67286,1.18107,1.16015,-1.26798,0.11342,0.97504,-0.78287,0.58841,0.93142,0.03525,1.25573,0.81301,-1.61521,-0.73221,0.05663,1.22552,-1.03785,0.86892,1.76901,1.04859,-1.92195,1.26674,0.32002,-1.64555,-1.22871,0.75239,-0.54752,0.51882,0.92215,0.69766,0.62057,0.03274,2.21737,-0.49274,-0.57542,-0.90281,-0.96287,-0.20228,0.53795,1.87479,-0.70415,-0.05792,-0.25985,1.33952,1.1483,-1.80657,3.13939,0.06861,-0.58573,-1.3007,1.21147,-1.56053,-0.72147,-0.38887,1.48588,-0.63702,-0.28915,0.58619,1.43923,-0.61085,-0.67,1.21286,0.00626,0.24105,2.41554,-1.80301,1.34434,1.25686,0.3121,-0.55671,0.13025,-1.79361,0.05977,0.13448,-0.40666,-0.89996,-0.28648,0.74689,-0.14497,-0.19291,-1.28972,0.66721,0.95388,1.13538,1.04798,0.19222,-0.22636,-0.87808,1.62205,-1.19705,0.02266,1
0.41632,1.79972,-0.0856,0.6961,-1.09021,0.64809,-0.32195,-0.30891,0.64949,-0.93603,0.42462,0.67592,-0.01486,-0.63517,-0.59297,-0.30542,0.72436,-1.52272,-0.14556,0.91442,-0.75736,0.03812,-1.70694,-1.18713,-0.11536,-0.60772,0.97483,-0.35195,-0.39383,-0.19896,0.27709,-0.71192,0.99562,-0.39976,-0.00193,-1.21584,1.14764,1.37191,0.63365,1.41779,0.74345,1.25654,0.24339,1.71638,-2.61057,1.48508,-1.51978,-1.37054,-1.36323,-0.55323,0.34804,-0.70315,0.44869,0.28567,-1.45488,-0.51981,0.78621,1.20324,1.5585,0.54558,-0.01296,1.54027,-0.41538,-1.98543,-0.12044,-0.99,0.44001,1.50828,-0.50048,0.72071,1.2613,1.81905,0.97387,3.40496,0.93717,-0.26138,0.32162,0.25244,1.03911,0.41815,-2.08696,0.15065,0.39529,0.42318,1.18963,-0.46997,2.2715,-0.65198,-1.08305,1.32951,0.5818,0.15451,-0.22868,0.58821,-0.14108,0.67003,-1.51142,0.92453,0.65509,-2.10032,0.30863,1.97842,0.13463,0.25902,0.22755,0.91325,-0.10249,-0.98599,-0.9439,-0.4394,-0.20754,0.85598,-0.94202,-0.89731,1.37219,-0.3414,-1.48034,-2.66075,-1.9283,-0.13663,-0.74963,0.05965,-0.46007,-1.92752,-0.64791,-0.17283,-0.89588,1.16557,0.28159,-2.001,-1.64979,-0.67557,-1.96863,0.26802,-0.07258,0.08664,0.31085,-0.32165,0.19945,0.28686,-0.34933,-0.61644,-0.44057,-0.05925,-1.87063,-0.64395,0.51563,0.51695,-1.81907,-0.42217,0.24877,0.30513,0.25797,0.99116,0.80609,0.93923,-0.71906,0.52687,1.26212,-0.55107,0.28612,-1.21981,-1.56799,-0.13359,-1.55893,-0.60704,-0.23758,-1.15849,3.01042,-0.375,-0.47932,1.4724,0.62146,1.70552,-0.07806,0.59501,-1.75018,-0.37982,-1.1731,1.09212,1
0.09991,0.53752,0.06589,1.49609,-1.23682,1.33938,0.2901,-1.54152,-0.68315,0.98941,0.25387,-0.47097,-1.3263,0.94978,-0.45948,0.42169,0.1524,1.12148,-0.89829,-0.53631,-1.38415,1.55066,2.91959,-1.21315,1.16132,0.70468,-0.72518,0.66018,0.44009,0.538,2.00028,0.00977,0.2263,-1.07759,-0.54858,0.75689,-0.78163,-0.05565,0.72703,1.13528,-0.97553,-0.52321,1.41004,0.18585,0.15551,0.98791,0.6416,0.29583,1.21481,-0.96345,1.15744,-1.29102,-0.5756,1.35975,0.80426,-0.71017,0.25541,1.82089,1.53611,-0.45171,0.53466,0.60972,-0.69392,3.12005,-0.45483,-0.82966,-0.82691,-0.00043,-0.29333,-0.39011,0.97883,-0.32794,-1.1915,0.12764,-0.18863,-0.6809,-0.04175,0.70081,0.4632,-0.73405,-1.21872,0.46127,-0.45518,-0.51641,-0.1619,0.81631,-1.92715,-0.21818,-2.23949,0.77877,-0.53386,-0.31509,-0.36893,-0.95325,-1.67661,0.09148,-0.03296,0.89076,-0.73298,1.67738,1.59693,-1.4738,-0.13745,-0.38661,0.87663,0.499,-0.96282,0.64324,2.68662,-0.33072,0.61459,-0.90867,-0.18895,-1.3472,1.49865,1.19744,-1.26703,1.18641,1.02735,-0.71408,-0.21517,-0.94075,-0.49086,-0.88262,1.57579,-0.02829,0.53585,-0.65022,-0.74618,-0.68181,-0.87052,-0.19355,0.62372,-0.39561,1.58598,-0.83418,-0.86099,-0.33139,0.26078,-1.00163,2.55421,-0.25402,-0.77384,0.91124,0.33656,0.39244,-0.27656,0.85661,-0.19658,-0.44962,-2.15723,0.03081,0.83405,1.07156,-1.01076,0.4443,2.38568,0.64193,-0.67052,1.04863,-0.62423,-0.93874,-0.31984,-0.90408,2.76698,-0.45064,-0.83562,0.95486,-0.92744,-0.11346,-0.35548,0.32554,0.0502,1.69036,-0.10689,-0.21093,1.47744,0.77358,-0.54289,-0.77924,1
0.93844,-0.57451,-0.91082,-0.81308,-2.62921,0.40625,-0.96769,-0.16783,-0.60513,0.04476,-0.29642,0.00306,-0.00532,1.58334,0.02734,-0.55327,0.72719,-0.08615,-0.92841,0.41905,-0.49847,-1.76881,0.02852,-1.02997,0.08552,0.27538,0.80565,2.02097,-0.29458,1.00192,0.65837,1.272,2.91356,-0.33437,0.55435,-1.0475,-1.36097,0.65202,1.3811,0.36571,0.56927,-1.06719,-0.91817,0.40972,-0.16307,0.26566,-1.5347,0.83502,0.82726,0.28302,-0.74439,0.03236,-0.65922,1.27244,0.90753,0.20955,1.99063,0.94262,0.1731,-1.36768,-0.71602,1.31141,0.59417,0.1191,-0.59469,-0.034,-0.82397,0.31431,-0.36862,0.81928,-1.61914,0.85346,-1.45671,-0.75539,0.41179,-0.67702,1.85696,-0.83048,0.7671,0.31126,-0.59566,0.37986,1.92919,-1.21704,-0.25784,-0.74095,0.95756,-0.3566,0.42235,0.72583,0.20649,-0.02625,-0.88863,1.12445,-1.82952,-1.10098,-1.60044,0.16769,-0.36601,-0.33365,-0.28167,0.73452,-0.72066,1.18296,-0.48507,1.72747,-1.58386,0.84425,-0.38919,-0.2561,-1.24261,-0.65876,-0.28321,2.16594,-1.30182,-0.60543,-0.41393,0.6772,2.34358,0.04842,0.52147,0.14426,-0.4685,1.78798,0.38808,0.21721,-0.886,-0.00139,-1.09515,-0.3384,0.56349,-0.06068,-1.60561,0.0376,-0.09943,0.72305,2.3546,-0.10804,-0.34774,-1.58501,-0.6437,0.48615,-0.343,0.61895,-0.41656,1.25298,-0.36315,-0.41308,0.22344,1.90714,-1.60345,0.83197,-1.72626,-1.69057,-1.84172,-0.13694,-0.17695,-1.40399,0.90502,0.16221,-1.47164,0.85411,0.45827,0.59739,-0.02212,1.17977,-0.20206,0.50017,-0.09423,-1.47565,-0.55253,0.8594,-0.62199,0.73729,0.24516,0.9923,0.64179,0.83762,-1.34886,-1.12558,0
-0.96133,0.28314,-0.4336,-0.10146,0.41406,0.97721,-0.47828,-0.04794,-0.3636,2.43559,0.18281,0.02335,-0.88964,0.68915,-0.62766,1.12626,-0.15264,0.32095,-0.22056,-0.90174,-0.23817,-0.52306,-1.05123,1.16715,0.52952,0.80088,-0.70951,-0.20318,-0.27913,0.10168,-1.24755,-0.288,-1.10627,-0.47198,1.32519,-0.00229,0.29006,-0.81972,-2.06556,-0.28786,-0.27726,0.35551,-1.37249,-0.01685,0.16874,0.74148,1.60403,-0.63299,0.66811,-0.77996,0.60606,-2.98587,-0.56441,-1.84243,2.72664,0.23912,-0.14896,-0.69812,-0.69906,-0.05537,0.07465,1.469,-0.42747,1.26614,1.04715,0.90387,-0.49287,-0.638,0.55079,-0.89596,-1.40447,-0.11507,-0.11729,2.91523,-0.42021,0.04637,1.14051,1.14475,-1.08701,2.28603,-0.38507,1.11046,-1.71335,0.08051,-1.21483,0.02581,-2.25827,0.90541,0.49975,1.00359,-0.63242,0.17365,2.0978,-0.09621,-1.84084,-1.20348,-0.7176,0.68073,-0.26317,0.68517,-0.46639,1.72662,-1.84627,-0.58549,-1.52777,1.35056,-0.08932,-0.71833,0.86237,-0.52493,-0.24174,-0.8131,0.69522,0.77069,0.73253,-0.51487,0.32065,0.07746,1.14315,0.01472,0.80451,-1.18108,-0.34646,-1.93319,-0.08935,1.92323,0.73548,-1.07621,-0.22192,0.84124,1.30459,0.98501,1.10907,-0.93009,-1.11777,-1.17379,-0.23754,-0.7374,-0.92999,1.6446,-1.58302,-1.19712,0.38268,-1.11534,0.93744,0.16619,0.2987,0.93774,-1.84697,0.14052,0.3008,-0.61646,-0.85632,0.11115,0.30999,1.17602,-0.58835,-0.75606,1.18886,-0.9458,-1.79355,0.08163,-0.86946,0.10013,1.6935,-0.07169,0.18053,-0.29508,2.17491,-2.45235,-0.52553,-0.25071,-1.07594,0.96693,1.1481,-0.89667,0.3198,1.44715,1.008,-0.12475,1
0.55188,-0.13582,-1.70242,-1.35674,1.19719,-0.80078,2.02491,-0.68045,-2.07454,0.23323,1.57645,-0.17648,-0.23817,-0.12915,-0.65831,-0.48613,-0.10221,-0.5557,0.61191,-0.90677,0.04531,-0.92308,-0.92086,1.75386,0.25741,-0.72999,0.58727,1.12258,-0.78578,-0.33103,-0.49778,-1.16155,0.43331,-0.58999,-1.18562,-0.42709,0.40151,-1.30913,0.59906,-0.13141,-0.42064,-0.18717,0.73006,-1.63409,0.09898,2.55507,1.32157,-1.0268,-0.67733,0.36471,-0.20806,-0.14519,0.11971,1.0817,-0.42436,-0.47703,0.97879,1.1845,0.83532,0.40934,-0.08244,0.10492,-0.2488,0.29111,0.08416,-1.13611,1.6533,-0.17446,-0.42576,0.4526,0.90845,-1.6308,-0.06887,0.40921,-0.79081,0.80297,-1.17449,0.38403,0.27841,1.90952,0.38721,-2.49837,-1.01001,-0.40571,1.41578,-0.20347,0.3046,-0.50494,0.37285,1.08994,-0.15006,-0.77212,1.3187,1.58124,-0.62559,0.1479,0.18272,0.47579,2.39938,-0.16026,-0.70834,0.46666,0.35264,-0.65501,0.74845,-0.99306,-1.05853,-0.9208,-2.42119,-1.16858,1.32692,1.03063,-0.31409,-0.80476,0.61806,-0.61868,1.23947,-0.60962,-0.14674,0.97249,0.02796,-0.59551,-0.77244,-0.60017,1.00043,-0.01453,-0.10407,-1.45094,0.80735,1.28979,1.00178,0.24678,0.35158,-3.10573,-0.89123,-0.2368,-1.55861,-1.40996,1.12212,-0.01393,0.99361,-0.09305,1.24079,0.14124,-0.45433,0.01096,0.32311,0.39855,-0.58106,0.43165,-0.23603,-0.34781,0.34087,-1.19572,0.59216,-1.1228,0.54406,-1.25302,-0.61828,-0.29926,-0.12959,1.75453,-0.42994,0.34047,-0.33232,0.67342,0.67548,-0.89193,1.4128,0.4149,1.06608,0.64031,-0.37321,-0.30398,-0.84076,-0.33586,-0.38362,0.51118,1.46597,-0.5416,1
-0.81326,0.31249,1.77102,0.20419,0.80372,-0.48085,-0.17204,-0.39886,1.56328,-0.43136,0.44373,-0.13006,-1.49933,-0.60249,0.01644,1.00792,-0.89843,-0.50562,1.69106,0.47664,-0.97755,-0.54005,0.62821,-2.11058,0.1631,0.24525,0.24684,2.60255,0.45769,0.63772,-1.06107,0.36934,1.80865,0.40641,-0.46639,0.0125,0.4559,-0.40939,-1.30745,0.35906,0.81181,0.474,-0.39286,-0.38983,0.62717,0.83924,-2.07606,-1.58335,0.47095,0.64187,1.00747,-0.81103,0.56361,0.81319,0.07431,-0.50481,0.45563,0.90414,-1.20544,-1.16881,0.10773,-1.09142,1.73328,1.65648,-1.93433,0.08299,0.90379,0.97075,-0.026,0.88214,0.34042,-1.46338,-0.83434,1.46102,-0.9923,1.53947,-0.19809,1.8688,-0.92146,-0.79309,-0.02883,-0.56384,-0.32606,-1.20658,0.60371,-0.68025,-0.13973,0.7157,-0.36539,0.25866,-0.6053,0.72385,0.43889,0.21946,-0.79647,0.23452,-0.10759,1.86026,0.75173,-1.21706,-0.47972,0.46853,0.00445,-0.82879,0.31008,-0.01598,1.5101,-1.78806,1.05662,-1.06352,-0.24165,-0.7056,-0.63145,0.74407,-2.07732,-1.56389,2.15988,-0.10042,0.6126,1.87688,0.5383,-1.10312,0.33478,0.4957,-0.09425,0.08853,-0.47501,0.58905,-1.41096,1.06241,-0.00216,0.20544,-0.07248,-1.17861,1.62358,0.24389,1.55261,0.98333,1.06241,0.45093,0.33647,-0.61438,-0.84438,0.12645,-0.5597,0.3481,0.46355,1.09599,-0.41721,-1.719,1.03829,1.3918,-0.99747,0.53736,-0.68265,0.56102,-0.22769,-0.50736,0.92928,-1.32615,0.13579,-0.20724,-1.61759,1.49032,-0.12114,0.60718,-0.07255,0.32374,-0.05318,2.1077,-0.75284,0.32009,0.93723,0.58745,-0.20021,-0.73925,-0.82632,0.00955,0.0715,1.50318,0
0.25144,0.93205,-0.1663,-1.29284,-0.54351,0.41411,-0.48652,-0.22476,-0.04586,0.70564,0.89239,-0.10583,1.19291,0.55518,-0.4606,-0.09752,-1.61631,0.0155,-1.15056,-0.56655,-1.70312,-0.57329,1.48425,0.44377,1.48854,-0.53681,-1.83968,-0.58859,0.39494,1.28988,-1.47412,2.71822,-0.6865,1.10636,-1.8591,0.55895,-0.54147,1.13528,0.69977,0.26167,-0.80361,-1.38524,1.95817,0.66797,0.27331,-2.20338,-0.18894,0.35843,-0.45232,-1.47075,0.05518,-1.48103,1.28654,-0.56242,0.59303,0.40942,-0.42178,1.23147,-0.84604,-0.93839,-0.56748,-2.59383,-0.45296,0.7136,0.3498,0.75876,-0.34578,1.45078,-1.01181,-0.36531,0.95152,0.02227,0.52564,-0.91635,0.17942,1.54401,-1.10172,0.45854,-0.78245,-0.48633,-0.83124,-0.28041,1.36098,-1.60013,0.8556,-0.59441,-0.57113,0.18946,-0.46689,1.0683,-0.40024,-1.1384,-0.90692,-1.55569,0.44213,1.49738,-1.30403,-0.00895,0.89956,0.15364,0.63591,1.46327,-1.78399,-0.65622,-0.63589,1.13499,1.12684,1.24695,-0.47989,-0.38958,-0.32355,0.14433,-0.48634,-2.21178,0.18994,-0.60892,-0.60017,-1.66998,-2.08687,-0.22095,-0.06648,-0.42507,1.3653,-0.2358,-0.73716,0.26794,-1.71701,3.21923,0.89736,1.18755,-1.00128,-0.79132,-0.73575,1.05117,-2.47125,0.89755,0.96157,2.29599,0.17373,0.91504,-3.03862,0.11665,0.44042,0.03295,-0.21726,-1.78773,0.63704,-0.25411,0.45582,0.56947,-0.61342,-0.78024,-2.77195,0.0819,-0.06109,-0.04203,-0.05162,1.57819,-0.48769,-1.16816,0.97854,0.62417,-0.04643,-0.71903,-1.14649,1.49824,1.694,-0.87247,-0.13163,-0.81105,-2.38731,-0.46397,-3.37568,-0.80053,-0.4343,-0.32593,0.54566,1.36358,-0.21035,-2.84182,0
0.22978,-1.27404,0.40301,1.10537,-0.15931,0.39252,0.93742,0.87811,0.23206,-1.52858,-0.06619,-0.85884,0.61609,-0.36061,-0.55328,0.3365,-0.97267,1.84506,-0.629,0.19713,0.57982,1.97051,0.0134,1.65908,-0.27509,0.28326,-1.49697,0.14546,-1.57979,1.42235,0.98347,-1.1677,0.22581,-0.92802,0.2879,-0.87738,0.73176,0.18445,-0.68055,1.11954,0.287,0.907,0.49916,0.95626,0.02705,0.61471,-0.21565,0.83562,0.27926,0.05387,-1.50136,-1.17578,-0.63516,-0.03712,0.46125,1.99375,-1.08621,-0.57421,-1.05077,-0.57705,-0.6468,-0.61534,-0.18123,-0.10188,0.96517,1.40006,-1.20881,0.07604,1.56279,0.16315,-0.95831,-1.34297,0.68213,-2.1711,-0.91756,-0.00989,0.60866,-1.25787,-0.96799,-1.65255,-0.5876,0.76241,0.81649,-1.08738,-0.28157,-1.77192,-0.57908,0.27409,-0.39793,1.38299,-0.04593,1.95809,2.26118,0.05109,-0.24136,0.08332,-1.5739,0.52735,-0.52178,1.86119,-0.80517,0.48682,0.68302,0.91419,0.44618,0.92638,-0.0298,-0.62414,1.52496,0.6192,1.24622,-0.77772,0.53146,0.07087,-0.08928,-0.69641,1.61071,-0.67345,-0.88995,-1.15143,0.48998,-1.181,-1.28405,0.48896,-0.6064,0.8752,-0.30458,0.22156,-0.19571,-2.30889,-1.26587,0.94341,1.00301,1.78189,0.81429,-0.5368,0.30078,0.42421,0.03017,-0.89191,0.25813,0.03569,1.32665,0.66863,1.43055,0.94374,-0.38285,-0.13528,0.31621,-0.24785,-0.00731,-1.16191,-0.78073,0.67013,1.49198,-1.32798,1.25643,-2.02743,-0.16419,-0.76125,0.44312,-0.01053,1.12378,-0.03862,-1.16771,0.7768,0.25377,1.41917,-0.38771,-0.84765,0.80834,0.64808,-0.23783,-1.32955,-0.88572,-0.60514,0.82528,0.97184,-1.35202,-0.36876,1
-0.64907,0.42874,-0.31085,-1.34818,-0.92249,-0.0071,1.45551,0.77309,-1.93495,-0.956,-0.44397,-0.05713,-0.40577,-0.73446,1.42597,-1.12923,-1.41942,-1.31402,0.90288,0.22939,-0.90822,1.98648,0.59288,0.88201,0.61861,0.56643,-0.89291,-0.03762,-0.5082,0.07459,0.68037,-1.40847,1.48301,0.67003,1.05651,0.75199,1.47585,0.02979,-0.27797,-1.55559,0.24685,0.83217,-1.00674,1.05346,-0.98379,-0.12583,1.03454,0.91388,-0.75749,-0.16023,-1.50104,-0.05492,-0.09969,0.9921,-0.20878,0.03083,2.15288,-0.04644,-1.53479,-1.26836,-1.19731,-0.76989,2.00823,0.01812,-0.43009,-1.07123,-0.59601,0.04719,-0.70705,-0.21012,-2.10148,-0.67528,0.13533,-0.88499,2.24493,-1.59824,0.63216,0.48142,-0.80264,0.57099,0.63017,-0.0999,0.61309,-0.23854,-0.90867,1.14803,0.85057,-0.04683,-1.97015,-0.44774,0.84754,-0.99043,0.01466,-0.51028,0.49987,0.08782,0.78362,-1.08256,-0.01658,0.94794,1.24294,0.30196,0.4045,-0.98187,-0.23878,0.88767,1.07445,0.06419,-1.14741,-0.52798,0.86666,-0.78467,-0.51708,1.10606,-1.38368,-0.79086,-1.64655,-0.58367,1.71638,1.97642,0.35234,0.66279,-0.10737,1.9258,2.90653,-0.04544,-0.60503,-1.1885,-1.26769,1.59585,-0.17819,0.08336,-0.96634,-0.46815,1.11355,-0.78071,0.04579,0.91818,1.241,-1.30306,-0.48287,-0.01318,-0.16609,-0.27446,-1.28898,1.80119,1.46446,0.26858,0.35658,0.74292,0.96637,-0.41725,1.3415,-0.44289,0.1651,1.82447,1.38179,-0.11939,0.56526,-0.90333,-0.11522,0.48454,0.44953,0.38038,0.53281,2.70138,0.56898,-0.32173,0.39307,0.73113,0.89357,0.14317,1.12999,0.51448,0.19357,-2.6145,-0.63528,0.58237,-2.36155,0.01129,1
-0.27672,-0.15918,-1.04945,1.48879,-1.9328,-0.69643,-0.57837,-0.10187,1.3404,0.48243,-0.26396,-1.31771,0.30488,1.08761,-1.66473,0.76099,-0.14504,-0.48013,-1.34215,0.66926,0.95125,-0.87979,0.17924,-3.09704,1.47589,-0.99073,-0.96096,0.95447,0.69928,-0.24773,0.11423,-0.18331,-2.03294,0.21377,-1.58835,0.82338,-0.07726,0.40661,-0.22749,-0.07621,-0.55936,0.38649,-0.85437,0.76912,-0.20626,1.04514,-0.71701,-1.29387,-1.00523,-0.48108,0.25497,-1.69815,-2.28755,1.03213,1.21092,1.14319,-0.1381,-0.26801,-0.97573,-0.63511,0.23149,-0.58103,0.43681,-0.78152,0.98682,0.78827,-1.13721,1.02969,-1.28182,0.24606,-0.19712,-0.24399,0.41856,0.98289,1.53356,-1.90546,1.48457,0.27621,-1.06485,0.40846,1.39173,0.90524,-0.42534,-0.48873,0.54387,1.66384,-1.04695,-0.41183,-2.35053,-0.47813,0.77968,-0.39995,0.32436,-0.29055,1.54688,-0.21683,-0.91914,1.41454,-0.13215,0.20768,-0.10175,0.92865,0.47683,-0.14413,1.784,0.08998,2.268,1.13647,-0.0272,-0.11827,-0.65961,0.06654,1.08425,1.43761,-2.68134,-1.3593,0.8437,0.26198,2.07059,2.34703,1.33139,-0.52012,0.44998,-0.98462,-0.17009,-0.70719,0.1693,0.08117,-0.13979,-0.9506,1.30382,0.03409,-0.06913,0.0401,-0.74548,-0.40395,-0.34446,-1.4034,-1.2406,-1.42018,0.91697,0.68037,0.78377,-0.05578,0.15514,-0.82087,-1.13472,-0.85557,0.54513,-0.53512,-0.14339,1.92507,-0.14072,-1.89439,0.65204,-0.53876,-0.20363,0.2699,1.05551,0.77594,1.09221,-0.40723,0.24118,0.44464,0.128,-0.5927,1.55291,0.31562,1.39383,-0.0596,0.5084,-0.69289,-0.17509,-0.89325,0.22666,0.40433,0.9353,1.09914,0.06108,-0.13647,1
-0.25679,-1.40295,0.63237,-0.31865,0.3157,-0.74467,-1.71921,-1.87718,1.12161,-0.98483,2.0256,0.96477,-0.11862,-0.75002,0.5401,-1.2377,-0.33471,0.57337,0.18514,0.02104,0.65309,-1.20241,-0.55199,-0.84424,-0.48959,-0.9103,-1.46577,0.67031,-1.01344,0.78515,-0.94789,0.81623,0.26155,-0.56098,0.32304,-0.21945,-0.32485,0.03228,-0.00912,-1.53545,0.45408,1.16029,-0.42566,1.3041,-0.35102,-1.72213,1.41093,0.91545,0.32186,0.70187,1.21509,-0.26725,-0.11485,0.19722,1.24037,-0.97696,-0.0762,-0.02087,0.10912,-1.37024,0.42624,-0.1128,0.11939,0.49149,0.28971,1.04623,-0.57766,0.28708,-0.0393,-1.3335,-0.84039,-0.45208,-0.11439,-0.59932,-1.82325,1.17439,0.97837,-0.97173,-1.82782,-0.02633,0.39849,-0.25025,0.34107,0.16124,-1.5269,0.98025,0.18596,0.13538,-0.62305,-0.55992,1.26387,0.77704,-1.62523,0.30224,0.27294,1.29176,-0.95982,1.52773,1.06221,-1.80976,0.72311,0.86549,-0.45555,-2.42445,1.62865,0.41509,-0.26694,1.72716,-0.03338,-0.68989,0.09953,-1.04616,1.02063,0.28237,0.32465,0.6252,-0.56486,-0.94562,0.55568,0.27956,1.65975,0.85765,0.14939,0.29352,-1.80269,0.95575,-0.72372,-0.58582,1.09432,-0.16383,1.72162,0.35351,-2.80647,0.04325,0.24847,0.33156,-0.64434,0.70885,-0.20052,0.16809,0.81395,0.3541,0.18344,0.03874,0.52957,-2.36126,-0.31632,0.24265,0.32073,0.17202,1.46465,-0.60593,-0.81954,-0.12536,0.23389,0.42266,-0.89752,-1.71622,-0.11645,-1.53087,0.93526,0.10887,-1.30234,0.02032,0.62245,1.58639,0.99549,0.67788,-0.17471,0.09295,-0.85227,0.53606,-0.66086,-1.03614,-1.34044,-0.82989,0.75146,1.1809,-0.12538,-0.47649,1
-0.57828,-1.15325,1.18281,0.22894,0.12074,0.43398,-1.23527,-1.2953,1.53824,0.21855,0.01907,0.91016,-0.35464,-1.49095,-1.48616,1.64102,-0.28245,2.93457,1.79621,0.84446,-1.27299,0.03956,-0.41138,1.64796,0.67941,1.80318,-0.47425,3.21508,-1.30618,0.20618,0.41397,0.61005,0.04721,-1.41138,-0.19608,1.69537,-0.38008,0.31779,-0.74466,-0.76049,-2.36924,-1.87385,-1.4993,1.1242,0.50751,-0.66825,0.49757,0.24849,-0.50239,-1.0249,-1.3886,-1.34542,0.83366,-0.71975,0.6053,-1.23824,-0.66851,-0.74844,0.01897,1.05228,1.44642,0.52187,0.58291,-0.32133,-1.35761,-1.51624,0.35899,0.32163,-0.28582,-0.41873,0.64466,0.8036,0.42915,-1.14167,-0.38759,-0.44351,0.53896,-0.27841,0.37292,-0.9665,0.46319,-0.84479,-1.11597,-1.02908,-0.51457,-0.26116,0.97798,1.76252,0.62431,-0.00413,0.5385,-0.15859,0.84178,-1.30718,-1.31022,0.29835,0.07674,-0.94403,-0.11846,-0.2961,1.4217,0.2391,2.48337,0.84788,0.41574,0.1027,1.35741,0.31276,0.77762,0.09081,0.27711,-0.18719,-0.75085,-0.0346,-0.79848,-1.62372,-0.10872,0.09766,0.12538,-0.87887,1.10809,0.7782,-0.93749,-0.20396,-0.72381,-0.68491,-0.0947,3.11546,0.37887,-0.60333,0.7298,-1.96348,0.23357,0.13349,0.51777,-0.13258,-0.68708,-1.46854,0.46204,3.1698,1.01576,-0.09443,0.04016,-0.39678,1.18653,-0.24466,1.82529,1.65885,-0.93615,0.03425,0.83747,-1.30145,1.71743,-1.74855,0.58267,-0.10521,0.2275,2.01014,-0.54879,-0.63745,-0.30471,0.0627,0.45214,0.41557,-1.3085,-0.35483,0.14127,-0.21156,0.30184,0.24067,-0.91445,0.69482,-0.66227,-0.77241,-2.18903,-0.11402,0.22266,0.48014,-0.91504,-1.82486,1
1.05011,-0.48524,0.24861,-1.40789,-1.53532,-0.88231,-1.00281,0.16379,-0.46083,1.04816,0.26731,-0.76092,-0.88979,0.84517,-0.67742,-0.71857,-1.51667,1.03001,-0.73685,0.99006,2.02106,0.25892,-1.05222,0.70522,0.75718,-1.11082,-1.07011,-1.59932,1.31907,-0.47054,-0.03231,0.00718,-1.55434,1.05579,2.01092,-0.49964,0.15478,1.15609,-0.20638,-0.58771,-1.41911,-1.44121,-0.23726,-1.46837,1.48905,-1.26198,0.31682,0.28936,0.45799,0.52214,0.19351,0.05952,-0.75537,0.74005,1.70036,1.4023,-1.73241,-1.10623,0.97678,-0.52009,-0.41065,-0.45605,0.50106,-0.77406,-0.23373,-0.03273,0.83107,-0.9344,0.81517,0.61847,-0.21701,0.53319,-0.99844,-0.23512,-0.04776,1.45387,-0.31939,0.39737,1.45317,-0.80793,-1.54897,-0.97399,-1.87424,3.35988,0.83397,0.58414,-0.19195,-2.43751,-1.17263,-2.05797,0.66979,-0.25233,0.23015,1.12911,-0.24629,2.7973,1.36343,-0.75374,0.88034,2.45593,-0.61651,0.70709,-0.61459,-0.474,-0.13915,0.02963,-0.61847,0.87588,0.16343,0.7213,0.50952,1.5448,-0.39563,-1.05662,0.12972,0.5804,-2.5296,1.1248,0.30128,0.3749,-0.27248,-0.82975,-1.46875,-2.0245,0.93113,0.28041,0.86597,0.17581,-1.99156,-0.28554,-1.46728,0.68183,1.24682,0.10643,0.40024,1.42821,-0.13751,-0.88835,-2.23825,-0.67786,0.11204,-0.77111,0.41447,-1.37505,-1.95457,1.30253,-0.89831,-0.52928,-1.31585,-0.65274,-1.71034,1.67043,0.46491,-1.13341,1.89007,0.22371,0.44833,0.59161,0.91831,-0.66725,0.51634,-0.00823,-0.2691,-0.26145,1.03354,-1.02148,0.29706,-0.46228,-1.90076,0.72431,0.4411,-1.63524,0.77593,1.07558,0.38067,-0.3501,0.60837,1.88176,-0.62164,0.89552,0
0.13259,-0.11771,0.77956,-0.03374,0.00574,2.20505,1.47354,-0.22284,0.71403,0.30757,-0.46916,-1.1243,0.12991,0.56211,0.21766,0.85846,-0.08703,1.7058,0.1895,-0.06437,-0.72344,-0.49754,-0.22854,1.11126,-0.79123,0.07243,0.06429,2.133,0.07911,1.98947,-1.57901,-0.45065,-0.69084,0.96503,1.61774,-2.54744,-1.14609,0.54934,-1.7389,-2.5658,-0.89439,-0.07465,0.16224,-0.58658,0.61521,0.11279,-0.79417,0.05755,-2.5171,0.34321,0.44707,-0.44489,0.2366,-0.88967,-0.91124,-0.10009,-0.06348,-0.4181,-1.83412,-0.07356,0.37738,-0.82423,-0.08719,1.24775,-0.45568,-1.88685,-1.6644,0.66667,2.64564,0.41674,-0.05944,-1.32685,2.2076,-1.31946,0.83582,0.12787,-1.26019,-0.25402,0.64356,-0.24979,0.43446,0.09187,-1.19695,1.34557,0.47925,-0.16502,-0.60638,0.2542,-1.05495,1.30047,-1.50791,0.3194,0.44847,-0.6898,-1.091,-2.18083,0.68545,-0.43318,-0.93126,0.89941,-1.34148,-0.08831,1.24883,1.67563,-0.35227,0.02365,-0.01225,-0.02268,-0.6723,-2.10549,-1.225,-0.69712,-0.50079,0.34144,1.40055,-0.52458,1.07852,0.11263,0.51097,2.61974,-0.89961,1.49995,0.00597,0.02345,-1.81784,-1.24588,0.01417,-1.00127,0.73651,-0.68782,-0.39256,1.29664,0.12102,-0.83949,1.11965,-2.10024,1.21261,-0.94554,1.44568,0.21564,1.04471,0.66469,0.14595,0.02781,0.6034,-0.50666,1.12236,-0.87363,-0.78086,-0.25464,0.26431,0.84687,0.09663,0.56825,-0.49593,-0.04853,0.13774,-0.59709,0.38465,0.58238,-1.91533,-0.7648,-0.53973,-0.31524,0.06746,0.938,0.41472,0.95605,-0.78052,0.67087,0.46525,1.7157,-1.3732,-1.24362,0.57936,-0.04794,-0.01334,-2.01193,-1.3158,-0.70428,0
-0.23763,0.47649,0.26356,0.50554,-0.1935,0.04408,-0.35235,0.28955,0.87598,-2.2903,-0.09428,-0.0426,-1.41089,-0.28789,-0.1287,-1.06406,1.28415,-0.62718,-2.06734,1.37875,-0.75978,0.41372,0.14938,1.38696,-0.7465,-0.21234,1.28136,1.09696,-1.35443,-0.41212,-1.9517,-0.88289,0.02815,0.82973,0.32237,1.55553,1.10605,-0.57958,-0.01582,-1.41194,-0.42055,1.266,-0.07904,1.54401,0.49153,-0.31177,-0.91127,-0.24117,0.45252,-1.00178,0.90597,-0.64824,0.38404,0.44657,3.58461,-0.10577,1.42974,1.03429,0.01595,-1.04463,0.64298,-0.16143,0.15608,0.67461,0.75482,-0.41148,-1.16901,-1.43986,0.38457,1.87949,-0.26163,-0.23937,0.34075,-1.4254,-0.73857,-0.82125,0.23584,-0.29475,0.5477,0.49625,0.13363,-1.16074,-0.89081,-0.871,0.21624,-0.32418,-0.3138,0.56666,-1.64461,0.74748,0.8916,-1.09825,1.0545,-1.35918,-0.54435,0.42454,-0.32889,0.18012,-1.02737,-0.20207,0.49028,-0.33512,0.72694,0.98984,0.82526,0.5114,-0.54565,0.85101,1.27017,-1.69449,-0.40222,0.15207,1.42921,-0.46503,-0.36764,-0.13641,-0.13849,-1.21934,-1.2179,1.02083,0.18502,-0.85902,-2.33044,0.61543,0.2602,-0.33004,-1.02118,0.53604,-1.28923,1.53917,0.58823,0.1266,-0.02761,0.26017,-0.3911,-0.47761,-0.92986,1.89152,-0.06481,-0.0732,1.18553,1.17876,0.06178,1.21132,-0.76166,-0.67534,1.30034,0.12083,0.62172,-0.07886,-0.40826,0.70396,0.04579,0.36487,-1.15788,0.6997,2.20007,0.53747,-1.96336,0.84305,-1.33763,0.33609,1.42394,-0.31513,-0.52937,-1.85277,-0.43697,-0.11567,-0.87565,-0.67426,-2.28533,-0.08963,-1.57028,-0.42396,0.48248,-1.88574,-1.27649,1.39789,0.36923,0.74225,1
-0.4159,-1.00179,0.94192,0.59509,1.39995,2.30886,-0.66106,0.92091,1.10582,-0.32713,-0.39662,-0.96965,-0.30093,0.68639,-1.24875,-0.07731,0.03489,0.52433,-0.7857,0.21482,-0.7091,0.52418,-0.23013,-0.17269,-1.01949,-0.32838,-2.50517,-0.69254,0.2742,-0.58657,0.50653,-0.64873,0.45638,0.687,-0.34455,-0.72867,0.17454,0.30055,0.78171,-0.8107,1.63657,-1.64394,-0.50291,-1.39998,-1.56811,0.79518,0.89352,1.52713,-0.25538,-0.62667,-0.15862,1.00228,0.10038,0.93747,-1.44066,-0.5947,-0.91218,0.57684,-0.10123,0.46773,0.58084,0.05086,-1.94011,0.63528,1.74218,-2.61668,-0.12568,0.04422,0.07841,0.76465,1.01692,1.39157,-1.04496,-0.01986,-0.24521,-0.19563,-2.16964,0.93648,-1.78965,0.47607,1.2021,1.26833,-0.77368,-0.41196,-0.29452,-0.72423,-0.57955,-1.48235,0.20269,-0.89074,-1.91792,1.00981,-0.69077,1.1766,-1.10843,0.06498,0.55916,0.9422,1.71411,-0.96257,-1.35128,-0.21758,-0.37453,-0.01994,0.60863,-1.77492,-1.12044,0.81607,-1.50104,0.1268,-0.41398,1.17765,-1.43388,0.1462,0.63479,-1.47636,-0.66149,0.07535,0.72247,-0.07779,-1.21519,-0.00081,1.60052,-0.21589,0.35867,-1.43892,0.9641,1.37966,-0.52835,0.21716,0.42014,-0.0329,-0.54328,0.0784,0.25408,0.40012,-1.93311,0.04831,0.96402,-0.09619,-0.56286,-1.85871,0.89244,-0.37112,-0.09266,1.13813,-0.74853,0.59842,-0.31563,0.73689,-1.19301,-0.81901,1.3168,0.58652,-0.50158,-0.0083,1.57206,1.46742,0.30109,0.02559,0.8994,-1.00382,-0.78594,0.20361,1.25625,0.10226,-0.57598,-0.36022,0.08984,0.48504,-0.75019,0.1714,0.1551,0.01841,-1.21823,0.30016,2.29283,-0.08698,-0.51006,-0.59596,0
-0.0952,-1.34186,-1.09864,-0.30414,-0.0576,-1.68355,1.13302,-0.58767,-0.56716,0.30865,-0.89088,-1.14835,0.31161,0.41671,0.08404,1.19189,0.54413,-0.03718,-0.38912,0.8245,1.41306,0.85095,0.0984,0.49836,-1.20582,0.16565,0.28268,0.58147,-0.21584,-0.0888,-1.11575,-0.00911,-0.65127,-1.18669,-0.8444,1.76723,-0.79786,-0.22093,0.35764,0.36288,1.02297,-0.38405,1.16829,-0.04817,-1.54068,0.48432,-0.59242,1.14978,0.70161,-0.96746,1.36185,-2.95742,-0.24815,0.0444,-0.56566,-1.44219,-1.08343,-0.12491,1.4366,0.47551,1.78971,0.99206,0.8991,-0.39378,-0.26363,0.39785,-0.95877,-0.35209,-0.94318,1.2404,-1.29552,0.25938,-0.87514,-2.71522,0.24073,1.12102,0.19212,0.20503,-0.97021,0.48682,0.54154,-2.27849,1.02096,0.30431,1.745,-0.133,-0.66387,-1.69665,-0.5241,-0.79212,2.49637,-0.57317,0.57929,0.36546,0.46351,-0.87405,-0.02068,0.5692,-0.85382,1.59911,-0.55842,2.04834,0.20872,0.69893,-0.41553,-1.45741,0.8148,-1.46143,-1.05783,0.13328,-0.21117,-0.10305,1.22656,1.18946,-0.15603,-0.89363,-0.29572,-1.15483,0.06243,1.97323,-2.04075,-1.35749,0.84716,0.20949,-0.87498,1.54269,-0.70138,-0.96257,-0.60712,-1.80178,-1.40323,0.72859,-0.05688,0.31039,0.422,-0.30695,-0.74655,-0.65531,0.56844,-1.34268,-0.82732,1.00532,-0.20352,-1.68255,0.27801,2.00051,0.14422,-0.69773,0.49338,-0.87638,0.45891,-0.43429,0.20547,0.09088,0.28365,1.10027,-0.5808,2.26091,-0.73303,-1.02806,-0.0368,-0.57122,0.68792,0.45308,-1.32916,1.68583,-1.04937,-0.39253,0.62798,-0.71083,-1.31055,-0.06363,-0.18214,-1.18792,-0.58553,-0.29877,-0.01148,-1.19249,-0.08832,-0.29617,0
-0.99083,0.28886,1.2658,1.76628,0.31384,-1.1501,-0.30482,-0.32556,-3.11541,1.45203,-0.04434,-0.89875,0.57814,-0.06919,-0.0801,-0.46693,0.65525,-1.35655,0.02086,0.26956,0.58599,-0.63843,0.73617,0.36873,-0.30403,-0.41624,-1.49831,0.00213,1.69949,1.41295,-1.04475,-0.13192,-0.74771,0.2787,-1.82691,-0.11114,0.62208,1.67012,-0.94447,0.65713,-0.46451,0.09773,-0.82057,-1.15487,0.45164,-0.18882,-1.01905,0.15987,1.05174,-1.20182,-1.11332,-0.67759,-0.05393,0.96607,1.38649,0.47163,1.43293,-0.43014,-1.20749,-0.48558,1.32446,0.54522,0.36928,1.46027,-0.46759,0.44535,0.12715,0.44269,0.51357,1.49195,0.8361,1.09542,0.00789,-0.23314,1.71413,0.30129,-0.48585,-0.70141,0.47782,-0.75412,0.2273,0.5145,0.62374,0.68578,0.447,-0.31975,0.86442,-1.04821,0.43491,-0.10365,-0.98855,1.33946,0.01409,1.09725,1.48535,-1.08452,-0.69058,-0.51141,-1.2515,-0.14399,0.30999,0.39659,0.31997,0.56624,-0.31644,0.36145,1.53161,0.59272,0.33224,-0.45814,-0.83251,-0.18636,-2.42615,0.00229,0.40808,-2.0521,-0.69771,-1.97564,-0.4712,-0.85989,1.40854,1.95275,-0.82159,-1.41064,2.25194,-1.82193,0.42374,-0.29072,0.39963,-0.80489,0.05675,1.06212,-0.57828,-0.54557,1.83005,-0.65172,-1.90279,0.26108,-0.7353,-0.13733,0.2516,-0.00227,-0.13393,-1.28355,-1.35408,0.52999,1.00168,-0.22794,1.07432,1.54223,0.83505,0.18313,1.81034,1.05689,-0.19395,-0.78357,0.43291,-1.2075,0.63042,-0.10057,0.32678,0.55407,0.02675,-0.37785,1.27027,0.59485,-1.00495,-0.14413,-1.62312,-0.44357,-0.4024,-0.18308,-0.3949,0.07864,-0.41085,-0.10852,-1.27167,-1.10216,-0.5604,1.2209,0
-0.06738,0.8973,-0.77297,0.57161,0.40005,-0.17754,-0.04231,-1.71854,0.04434,-2.07053,-0.46683,0.1695,-1.80661,0.19428,-0.75894,0.92444,-0.99239,0.57811,0.78719,-0.07645,-0.71358,0.86634,1.08311,0.79154,-0.40993,-0.86764,-0.13821,-0.507,-1.56812,-0.13711,0.57474,-0.69385,0.93747,1.09593,0.14857,-0.10696,1.62954,-0.71766,-0.10439,1.85204,-0.19503,1.0705,-2.06368,-0.78147,0.36618,-0.65694,-1.17091,-0.62082,-0.9844,-0.18101,-0.68277,0.88059,-0.43589,1.51503,1.44902,0.14044,0.16945,-0.38259,-0.57588,-0.91543,1.61993,-1.42872,-0.90344,-0.11721,1.1866,0.33673,0.52002,1.47702,-0.66699,-1.30262,-1.31483,-0.86962,-0.52203,2.14267,1.70877,0.69505,0.54414,0.44238,-0.38499,1.38349,1.09103,0.31414,0.04335,-1.03727,-1.22151,-0.40555,0.30489,0.54944,0.08083,1.25113,-0.79889,-0.60183,-2.22859,0.41087,0.79825,0.57096,-0.24422,-0.22924,0.27488,-0.20889,1.78859,0.47896,1.18947,1.40585,0.53044,1.16219,-0.28473,-0.5769,-0.8858,-0.00112,-1.78695,0.58258,1.44899,-0.09536,-1.9006,1.50056,-0.05934,-0.13803,-0.78626,0.2706,0.43606,1.24,-0.00439,0.22851,0.52425,0.03765,-0.09249,1.80412,-0.18736,-0.56556,-1.76876,0.7413,0.8313,-0.00019,-0.50381,-0.31486,0.33458,0.38411,0.65979,0.73887,-0.23903,0.42803,2.29663,-0.87757,0.37544,-0.48107,0.25399,2.06955,0.00314,0.3376,1.67142,-0.96729,-1.11405,0.62285,-1.17972,-0.29706,0.24573,0.00801,0.79987,-0.61162,0.30412,-0.19734,0.83716,-1.17326,0.96794,0.16987,1.01263,0.13604,0.49579,-3.18808,-1.21106,-0.11307,1.9517,-0.4117,-1.90879,-0.37324,-0.06722,-0.54498,-1.79458,-0.39896,1
1.57544,-0.73126,-0.33354,-0.17874,-0.44008,-0.41392,0.1049,0.06801,0.20195,1.68397,1.12002,-0.70795,1.13441,-0.18019,-1.20505,-0.25525,-0.56317,0.2116,-0.39452,-1.12672,0.60614,0.56171,0.37029,0.54024,1.57349,-0.66011,-0.12348,-1.17328,-1.29043,0.2552,0.58776,-2.03321,0.86432,-0.31123,-0.68864,-0.94429,-0.1589,-0.27939,0.77462,0.07998,0.31189,-0.24072,-0.67006,0.47897,-1.21293,0.06315,-0.83918,1.4621,-0.18888,-0.25355,0.44278,0.34813,-1.56265,0.64053,-2.03049,0.69646,-1.21644,-0.13633,-1.70987,0.41613,-1.04026,-1.97789,-0.76694,0.93969,0.12658,-0.47986,-1.16724,-0.0599,-0.16746,-1.83584,-0.59283,1.32058,0.80241,0.90361,1.05311,1.14387,-0.48333,-0.34017,0.63635,1.9495,-1.17476,1.15936,1.8081,-0.43571,0.03488,0.64279,1.08245,0.87074,-0.62374,1.18095,-0.56278,-1.07414,0.17369,-1.97942,-1.73552,-1.00799,-0.45922,0.92154,-0.81079,-0.30733,-1.49739,-0.15943,0.27444,-2.06682,0.52213,1.05132,-0.4454,0.05075,-0.93916,-0.07579,1.25928,1.75245,0.62345,-1.64677,-0.1624,-1.5742,-0.29365,-0.7247,-1.22512,1.12393,-0.86955,0.67009,-1.38926,1.33287,-0.57982,0.07415,-0.27999,-0.28034,-1.38314,-0.74906,-0.71597,0.09757,-0.12204,-0.86235,1.09219,1.44331,-1.81162,0.25222,0.96273,-1.18865,1.07028,0.92256,-0.09167,-0.00827,0.59823,-0.65534,-1.26731,-0.72836,1.51952,-1.56897,-0.04557,0.75063,-1.52698,-0.09812,0.23664,-2.18788,0.09299,-1.42755,0.15734,-0.86573,-0.26957,0.44661,0.28511,0.48017,-0.25705,0.12946,0.94037,1.03392,0.18411,-1.39798,-0.41601,-0.28813,0.23294,-0.43871,0.65038,-0.26839,0.13663,1.373,-0.9173,0.71166,1
0.80003,0.64446,-0.18871,0.22659,-0.00675,0.19493,0.75473,0.25619,0.19924,-1.55635,-0.28587,-0.16314,-1.68899,0.74638,0.00452,0.34561,-0.43942,0.08615,-0.67129,-0.36144,0.21349,-1.25857,0.8317,0.33212,-1.02479,-1.61858,0.38919,0.02603,-0.49387,1.86379,-0.66469,-0.16744,0.33441,0.24385,0.65323,-1.2438,0.5196,0.50956,2.22271,-0.86722,-0.77122,-0.50247,0.69171,-0.24763,-1.29947,0.90933,1.22785,0.03877,-0.85429,-0.3376,-0.45468,1.75275,0.6149,-1.02667,1.65773,-2.55915,1.26161,-0.65827,-0.96449,0.3247,0.61583,1.06758,-0.90001,0.75745,-0.80463,0.51423,0.12321,1.6367,-1.25183,-0.73628,-1.08154,0.08889,0.17953,0.89847,1.11719,1.12846,1.28247,-0.9265,0.94802,-0.5656,0.47877,1.56538,-0.3327,-0.47478,1.5596,0.43216,-0.72159,1.1595,0.43382,-1.54089,0.74405,-0.53824,0.80369,-0.16417,1.4625,-0.63978,-0.00499,0.30896,1.4268,-0.36186,-2.03378,-0.15254,1.53486,-1.35777,2.94131,0.33707,0.49072,-0.19371,1.35196,-0.09875,0.00504,1.40951,1.03973,0.59025,1.02877,-0.56756,0.6419,-0.38643,-0.32493,1.10643,0.13333,0.85958,0.72525,-0.24215,-0.00522,-0.78772,1.51574,-0.24875,-0.23941,-2.74072,-0.62357,-0.39635,-1.16699,0.53496,0.17999,1.32461,-1.85868,0.01109,-0.92037,-1.10248,-0.61665,-0.52844,0.68851,-1.59255,-0.9871,1.59452,0.89957,-0.4207,2.22868,-0.55963,0.48125,-1.98905,-0.96654,-2.17053,-0.50224,-0.01368,0.20892,0.45181,-2.70208,1.10927,1.09399,-0.5349,0.63451,1.25526,-0.10118,-0.72267,-0.57136,-0.21427,1.29568,-0.08853,0.21789,-0.55069,1.4366,0.71783,0.85091,0.12437,0.92447,0.05742,0.69902,-0.22117,0
1.48439,-2.22967,0.02429,0.08158,-0.90637,0.77448,-0.57954,-0.08758,1.71999,0.94979,0.55271,0.86485,0.89269,2.1115,-1.58084,-0.28539,0.14872,-0.04206,0.26927,1.34712,-0.83344,0.20315,-1.02583,0.00465,-0.31978,-1.06072,1.20163,-0.08974,-0.70771,-0.55301,-0.52508,-1.11934,1.22206,0.23923,0.97125,-1.60515,0.12658,-0.93862,0.36041,-1.35953,-1.16222,-2.27382,-1.3864,2.60207,-0.92186,1.06521,0.1578,0.74816,-0.06009,-0.2825,0.12733,-0.27399,-1.39112,1.15437,0.22436,0.00256,0.70903,0.80038,0.65623,0.97718,0.08593,-1.23404,-0.96718,-0.15238,-0.4261,0.35582,-0.33214,0.98651,-0.76262,-0.15145,0.44805,0.37123,1.44552,0.23294,-0.2585,-0.67989,-1.97065,-1.04915,-0.09822,-1.09373,-0.13181,0.5819,1.01006,-2.39589,-0.32179,1.00359,0.0467,-0.18819,0.17404,0.85281,0.58615,0.49286,0.21361,0.22261,-0.88876,0.13766,1.90906,1.39409,1.18958,0.39445,-1.10588,-0.63393,-0.74768,-0.19739,0.18315,0.28994,-0.1953,1.26249,-1.68505,-0.37115,-1.31027,-0.55743,0.50488,-0.75539,-0.91689,0.2352,-0.99676,-0.26995,-0.86488,-1.25415,2.04711,0.54921,-0.71205,-0.76865,-0.50492,-0.24297,-0.55942,1.75401,0.37966,-0.17583,-0.54498,-0.93226,1.59418,0.77103,-1.0272,0.59998,0.73709,-1.52413,0.86284,-2.02011,-0.52661,-0.63957,-0.00757,3.15094,0.86222,-1.42934,1.4872,1.56372,2.29462,-1.6212,0.20088,-0.7672,1.50831,-0.69834,-0.00206,2.21544,-0.29349,-1.52872,-0.60993,0.12929,-0.38358,-0.73936,0.29776,-0.23243,-0.18527,0.27497,-1.13238,-1.27438,-0.0529,-1.56965,0.09612,0.30463,-0.30868,-0.74899,-0.73084,0.05941,-0.31658,1.673,-0.60878,0.60793,1
1.33881,-0.67281,0.20236,-0.72068,1.32437,0.33121,0.28546,1.24204,0.07994,0.40735,-0.75052,0.25826,-0.35411,0.63742,-0.27505,-0.4298,0.69706,-0.19756,2.00879,0.19474,0.99648,1.22406,0.18894,-1.03777,0.0244,0.17402,0.14371,1.07673,0.47093,0.18881,-2.01211,1.2105,-0.19864,0.46251,0.18367,-0.14239,-0.32464,-0.7394,-0.72311,1.83497,-0.92109,0.36306,-0.06336,-0.85445,-1.02659,1.10629,-0.07723,2.49989,-0.60647,-1.4242,1.77807,0.5376,-1.45125,-1.47767,-1.40661,-1.71112,-0.34367,1.93578,-0.37492,-0.17592,-0.28565,-0.62354,-0.44809,2.12704,0.24959,-0.0209,-0.04528,1.50774,-0.44495,1.73404,-0.27921,0.04802,1.83834,1.17024,1.25959,-0.7867,-0.09209,-0.25826,0.65604,-1.80759,-0.57435,-2.05098,0.13085,-2.06043,0.25087,-2.28979,-0.06049,0.36775,1.23629,-2.00904,0.02861,0.95565,1.61937,0.17131,0.81866,-1.17095,-0.56734,0.65949,-0.8211,-1.10898,0.33924,0.15755,-0.9948,-0.30841,-1.30668,-1.68608,-1.19909,-0.0122,-1.03221,-0.40878,-1.4484,0.54674,0.74529,0.01183,-1.24156,-1.26975,-0.2426,0.79598,1.94513,1.15011,1.8312,-1.334,1.781,-0.4542,-1.1138,-0.70826,1.02566,-0.09082,0.32019,-0.23186,-0.83518,0.84669,0.11505,0.01998,-1.91091,-1.70187,0.24626,-0.46418,1.14961,1.2329,-1.11758,0.53645,1.0386,0.45063,-0.93978,-0.78437,-0.00063,0.74599,-0.27427,-0.61694,1.0051,0.42593,0.19552,-0.29446,0.76489,-0.07817,-1.7612,1.11387,0.44343,0.48879,0.45299,-1.49372,-1.64085,1.61747,-1.29243,0.11526,-0.53311,1.10019,-0.05479,0.34322,1.0442,-1.53078,0.30836,0.51961,-0.45946,-1.11966,0.76816,0.59185,0.3852,-0.42174,1
-0.91049,1.5732,0.67708,-0.75135,0.20197,-0.99792,-1.4387,-0.6125,-1.09788,-0.60146,1.04451,0.68987,-0.94645,0.4409,-0.44023,2.76368,-0.0997,-0.42305,1.29184,-0.42591,-0.27162,-1.34749,-1.28294,-1.22468,0.03961,1.58769,0.39348,0.49347,-0.7579,-0.03413,-1.61184,-0.00704,-0.45501,-1.24269,-0.71899,0.92023,-0.63651,-1.07325,0.01657,-0.71749,0.67199,0.6649,0.20653,1.08063,0.72008,-0.61896,1.62186,0.21856,-0.56516,0.7415,-0.13116,1.00244,0.27978,-0.94095,0.92471,1.06883,-1.29021,-1.14215,-0.76964,-0.30916,-0.21488,1.01151,-0.106,0.19186,0.78012,-0.38806,-0.36297,0.94573,-0.21846,-0.14675,1.23091,0.31073,0.27368,-0.0448,0.32787,-0.13749,0.44805,-0.76088,0.49292,0.64665,0.24462,-0.63759,0.26337,0.93451,-0.30072,0.60856,1.05035,0.79155,1.40207,-0.50763,-0.55675,-0.78705,0.97232,-0.28717,0.07908,-1.39529,0.62169,-0.10561,-1.4572,1.92756,-1.49495,1.03919,1.16822,-0.56787,-0.90226,-0.65132,-1.532,1.6256,-1.32773,0.3939,-0.382,-0.31005,-0.03509,0.90178,-1.76493,0.42322,0.04423,0.15312,1.49046,-0.97373,-2.19679,-0.00856,0.83986,-1.85921,0.28383,-1.10229,0.09624,-0.75514,-1.36341,-1.68502,-0.69053,-0.57307,-1.14887,-0.97681,-0.19971,0.77274,-0.544,-0.20592,-0.83725,1.07522,-1.26112,-0.65175,-0.40367,-0.02263,-0.68568,-0.25876,-0.59638,0.07902,0.65169,-0.08629,0.98865,0.78106,-0.53037,-1.56273,-1.49723,0.21231,0.22004,-1.6831,-0.92141,0.66613,1.20354,-0.31764,0.25645,-0.72454,0.93338,0.14274,1.49104,0.80198,-0.1322,-0.83977,-0.85556,-0.48161,-0.93028,0.10261,1.96872,0.03624,-0.11723,-0.31676,0.29007,0.28042,0
-1.18508,0.58035,-0.44079,-0.39622,-0.03583,0.07687,-0.90725,0.13651,-0.64191,-0.84761,0.18539,-0.37832,0.21408,-0.05158,0.46213,-0.08678,1.90879,1.18319,0.11437,-0.30537,0.51321,-0.16862,-0.33156,1.57026,0.20115,1.11143,-0.95433,1.14103,0.9368,-0.83438,-0.34292,-1.49606,-1.46801,-0.54968,-0.26844,0.63363,1.39102,-0.79068,-0.37049,0.2906,-0.41611,0.84161,0.54344,0.38828,-1.62205,0.78001,-1.2942,1.09913,0.1278,0.01549,0.54832,1.38907,-0.04547,-0.59609,0.28405,0.88399,1.04007,0.7985,-0.91001,-0.46362,0.14461,-0.99413,0.09899,1.20443,-0.55113,-0.10819,-0.95713,0.14324,-0.61533,1.37643,1.85442,0.14903,0.48742,-0.30856,1.06706,0.04734,-0.75645,1.5021,1.15399,-0.1501,0.12655,-2.87941,0.14577,-0.8515,0.42408,-0.20833,2.62251,-1.07557,0.07875,2.29621,1.81749,-1.14413,-0.72398,-1.09604,1.41284,-1.72904,1.03482,0.79551,-1.19507,0.96593,0.91114,0.23352,-2.57172,0.32083,0.24814,1.62855,0.95117,-0.56938,-0.31618,-0.25237,1.97646,2.28481,-2.01638,0.19024,-1.19882,1.66389,0.58808,-0.15957,-0.4712,-1.57253,-1.32608,-1.26231,1.41545,0.22497,-0.91196,-0.79741,-0.50524,0.33793,1.45803,-0.66857,1.93209,-1.02159,0.90247,-1.11111,1.31944,0.12079,0.61524,-1.04254,0.29402,1.3464,1.92656,0.67217,0.3979,-0.12187,-0.85235,0.84781,0.84075,0.11046,-0.2354,0.05019,0.63313,1.19094,-0.12274,-1.79921,-0.41866,-2.77066,1.04603,-0.17471,-0.65192,-0.62438,-1.06496,-1.00241,-2.79247,-0.20907,-0.61096,-0.83281,0.38239,0.93415,1.00492,0.7377,0.12528,1.95236,-0.66179,-0.08506,-0.26498,2.17569,0.91848,0.36799,-0.5765,0.3438,0
-2.18814,-0.80323,-0.28425,0.5243,0.52289,1.08649,0.81301,3.6148,0.7127,-1.29438,-0.34474,-2.73723,0.13967,-0.56322,-0.4088,-0.20858,-1.94018,-0.86606,0.79968,0.68741,-0.05484,-1.05612,0.03468,0.4585,-0.4235,-0.2733,-1.18945,0.27341,0.34214,0.23003,-0.72534,-0.07391,0.31243,0.22686,1.08238,1.58301,0.27018,-1.50219,0.36517,-1.1785,0.71464,0.56494,-0.10259,-0.98867,0.03134,0.31801,-1.10199,0.53338,0.05501,-0.56759,-0.52026,1.925,0.38906,-0.81511,1.02324,-0.16726,0.332,-0.59157,0.73545,1.06108,-0.12533,1.16072,-0.47666,-0.25099,-2.08203,0.94365,-0.08195,-0.18527,2.28015,0.38891,0.33515,-0.25037,1.74148,0.56062,-1.11621,-0.12975,-0.8669,-0.80362,-1.44157,0.05214,-0.75755,-1.28624,-0.27463,0.52379,0.26455,-0.2725,0.6606,0.39088,-0.85591,2.58748,-1.17874,-1.35306,0.10838,-1.73962,-1.05994,-0.43854,1.02905,1.03327,-0.20609,1.97978,-2.08362,-0.39961,-0.44855,-0.40503,1.08419,0.05157,1.7532,-0.17095,0.73626,-1.49125,-0.95959,-0.14604,-0.84374,0.34542,1.3037,0.69175,2.07019,0.41552,-0.89264,-1.84696,1.42361,-1.44764,-0.44135,1.35445,0.06652,-0.85052,-1.33952,2.48763,1.19749,1.7795,-0.11171,1.49646,-1.89567,1.39936,-0.10818,0.48885,-0.31338,1.27621,0.85125,-1.94175,0.61747,-0.17852,0.068,0.00067,0.60788,-1.4058,-0.81438,1.45177,0.03036,2.15017,-1.25118,1.1,-1.4998,0.06613,-0.60339,-0.97022,1.35584,-0.88902,0.38146,-0.51916,-0.98728,-1.36767,-0.70118,0.19061,-0.18717,-0.65893,1.12173,1.57198,-2.38547,2.42632,0.25994,1.3059,0.75756,1.8551,1.3279,0.16519,2.02688,0.22385,1.51504,-0.16207,0
0.5765,-0.78732,0.42278,0.24505,-0.97167,0.3335,1.40213,1.29204,0.83891,-0.60509,0.92359,-0.64713,1.04734,0.57915,-0.48644,-0.00843,-1.55104,-0.27175,-0.54422,-0.49828,1.08826,-0.69974,-0.32822,0.72528,0.5146,0.5854,1.25969,0.43862,-0.63712,2.49201,-0.14274,0.30449,0.11424,0.13511,0.43035,-0.35409,0.06197,0.62984,-0.22507,-0.79683,-0.90097,0.43458,1.03581,2.13895,1.16764,-0.61989,0.25926,0.90196,-0.04827,1.53889,0.60903,0.07039,-1.01408,0.14595,-0.26959,-0.87855,0.79842,1.71262,0.34449,-0.00347,-0.68474,0.02701,-1.34155,-1.73197,-2.26762,0.08136,1.53659,1.00503,1.57049,-1.75031,0.17674,-0.0298,-0.40885,-0.84668,0.91667,0.30306,-2.43056,0.78982,0.5513,-0.07652,-2.34833,-1.41739,-1.43679,-2.37417,-0.18867,1.71752,0.79857,0.88482,-0.8356,0.05861,-0.39769,-0.25506,-0.4917,-0.31993,1.49517,-0.16583,1.50318,-0.05994,0.90113,-1.52478,-0.37168,0.87196,-1.0589,1.79666,-0.11108,0.39561,0.82359,-0.75029,1.52208,0.13529,-1.56281,0.6982,-0.66706,-1.32763,-0.89018,-0.86963,0.41336,1.96464,1.04682,1.24031,1.17901,-0.66427,-0.37917,1.25819,-0.70805,0.80757,-0.47931,1.19051,0.40651,0.09591,-0.0871,0.79367,1.66962,-0.14622,0.06027,0.21182,0.7308,-0.3558,-0.40767,0.09889,-0.71208,0.38496,0.04303,0.22698,-1.60094,-1.22977,-0.40181,-0.71865,1.4186,-0.1682,-0.79144,0.53851,-0.0082,-0.23479,0.33728,-0.35722,0.42985,-0.37946,0.38639,1.31188,-0.71863,1.26062,2.01162,0.45218,0.03546,0.86234,0.19161,-1.0174,0.93421,0.83575,-1.54745,-0.86909,0.42045,0.76541,1.52787,0.06025,-2.12442,-1.86365,0.90093,1.0945,1
1.04601,0.85636,-0.99936,1.03781,0.96471,1.90594,-0.74223,0.49769,1.06821,1.30189,-1.56595,0.39849,1.51019,0.32917,0.48365,1.28475,-0.69671,1.2313,0.60023,0.30192,0.23488,2.46876,-1.25184,1.30967,1.82106,-0.4401,-0.91134,-0.29081,-0.98934,-0.11583,0.1578,-0.16356,1.0582,0.31492,-1.11594,-1.18879,1.01588,-1.00124,-0.45924,-1.30314,0.38488,1.93389,-0.75447,-1.81815,0.29439,-0.63948,-1.26381,-0.42448,-1.08466,-0.65429,-1.70974,-1.19622,-0.60495,0.34631,-0.69002,0.50549,-1.54259,-0.27142,0.31967,-0.33381,0.09159,0.74792,-0.30877,0.71013,0.61423,-1.57021,-0.1246,0.45417,-1.3942,0.2544,2.01941,-0.25486,-0.67247,2.06369,1.22642,-0.35027,0.03529,-0.80612,-0.0173,1.47077,-0.55863,0.98712,0.16243,1.15183,0.38219,0.13277,1.36318,-0.05809,0.91555,0.30503,0.41846,-0.87948,-1.68797,-1.72537,-2.21836,1.04203,0.12227,0.33383,-1.30966,-1.9171,2.31533,1.83117,-0.77744,-0.62301,0.56643,0.77612,-1.57813,0.43543,0.77444,-0.19199,0.50728,-0.27674,-1.45929,0.90972,-0.39521,0.08156,0.37007,0.16295,-0.3919,-0.84409,-0.8532,-1.18436,-1.24507,0.71623,1.3154,0.21894,-0.69464,1.90379,0.17696,-0.2275,1.66219,0.30493,1.22192,-1.22489,0.4468,-0.01195,1.47317,0.10686,1.13041,0.71931,0.71876,0.85897,-0.13218,0.50542,-0.27421,0.00558,-0.60745,-0.91424,1.63079,0.23287,0.17386,-0.05137,-0.83049,-0.13019,-2.52666,-1.19286,0.72745,-0.08035,-2.21517,-0.62762,-2.55533,1.55461,0.20041,-1.39596,-0.3455,0.56761,1.3528,-0.14083,0.32087,0.37246,-1.15865,-0.74735,0.45945,0.93246,-0.46359,-0.86282,0.59667,-0.82989,-1.95135,0.52328,0
1.88334,-0.77477,-0.34052,0.71443,-0.1139,0.5503,2.18847,0.18979,-1.01787,0.14306,-0.23845,0.79452,-1.17106,-1.00504,1.23356,-0.33669,-0.31861,-0.12138,-0.42551,0.37977,-0.59096,-0.82098,0.53156,-0.27341,-1.00717,-0.13511,-1.60494,-0.9524,-1.15793,0.91335,1.72047,-0.68978,-0.12022,-0.65939,1.22098,0.07115,-0.74805,1.42892,-0.71034,0.94331,0.19197,1.7749,0.8517,0.95403,-0.4667,-0.2255,-1.02355,0.90629,1.11035,-2.46835,-1.9498,-0.1375,1.66541,0.09832,1.33214,-0.78385,-1.04915,0.49484,-0.3552,0.76901,-0.05739,-0.38209,1.9481,0.49655,0.39223,1.03385,-0.3296,-1.82183,-0.88475,-2.00384,-1.19146,1.73393,-1.11795,-0.39582,-0.13221,1.03805,-1.35891,0.39284,-0.7394,-1.45304,0.29961,0.59676,0.81168,-0.72148,0.16981,-0.89237,2.19263,1.30746,-0.97515,0.69944,-1.90226,0.22019,-0.7216,-0.27092,-0.60728,0.37576,-0.18441,-0.03726,0.38032,1.29347,-0.46418,-0.03143,1.57351,-0.47022,-0.69317,-1.24227,-0.43407,-2.59963,-0.20732,-0.60896,0.66637,-0.22499,1.60289,0.95287,-0.46736,1.04733,1.26391,0.4559,1.72031,-0.3715,0.27282,0.23348,-0.45945,-0.00389,-1.06026,0.33436,0.05597,-1.24409,-0.06337,-2.15034,1.25492,-0.2503,0.41093,0.30592,0.7069,0.18186,0.06249,-0.09844,0.99746,0.64863,0.65103,0.36406,-0.15063,0.20126,0.2726,2.66218,0.10528,0.8496,2.02135,-0.16244,0.162,0.40896,1.14742,0.36728,0.02639,0.47216,-0.0469,-0.66881,-0.24079,0.37838,0.41512,-1.05821,0.90932,-0.97936,0.47247,-0.56677,0.66097,1.73304,0.3209,0.0268,1.56056,0.25562,0.85544,-0.22361,1.46728,0.82798,0.71263,-0.01196,0.50079,1.32294,0
0.0177,1.10871,0.59475,1.97354,-0.58427,-1.01761,-2.36815,1.26843,-0.55069,0.08619,0.42931,0.13744,-0.117,-1.70196,-0.54193,0.03224,-1.01774,-0.06916,-1.14248,-0.2157,-0.55242,-0.36529,0.72548,1.23286,0.58232,0.03377,-0.20137,0.00579,0.51358,1.3236,-0.31418,0.01392,0.79745,0.79177,-0.96372,-0.1455,1.43017,0.25898,-0.92206,0.25713,-1.79381,0.2293,2.16177,0.38171,-1.01249,-0.08349,-0.80757,-0.31876,-0.24764,1.36587,0.05208,-0.1261,1.32975,1.91194,0.51362,0.58103,-0.49925,0.72143,-1.09624,-1.0853,0.56261,0.46768,1.51589,1.1892,0.05718,-2.59638,-1.03064,1.04622,0.77277,-1.16478,0.63297,1.17993,-0.81669,0.0495,-0.29349,-1.01131,0.35631,-0.48522,-1.24546,-1.68624,0.5393,-0.09236,0.52632,-0.36113,-0.01502,-1.57554,0.71011,-2.08983,0.43756,1.02574,-1.23147,0.59391,0.16055,-0.509,-0.06616,-0.37785,-1.53055,-0.57137,1.71935,0.61988,-0.65287,-0.42926,0.42356,-0.8253,0.26386,1.54606,-0.80314,-0.58458,0.76869,0.5346,0.21273,-0.77749,-0.15846,1.30248,0.1926,0.23321,-0.96037,-0.17216,-0.29952,1.97814,0.51794,-0.2077,-1.01038,-0.90942,1.79125,0.21171,0.03455,-0.19577,0.50924,-1.37,0.90063,-0.30892,-0.57368,1.29562,0.04405,-1.93098,-0.8864,0.94759,0.18263,-0.06387,0.39602,-0.35634,-1.28377,0.89,1.62007,-1.27374,1.00135,-0.17922,-0.13754,0.80013,-1.26509,1.54823,-1.43395,0.83612,0.12489,1.73706,0.08471,1.55145,0.63197,1.00414,1.39009,-0.49313,0.24775,1.23324,-0.39264,-0.22671,-0.96827,0.25303,-0.81655,0.82087,-0.27469,0.48057,0.50498,0.01042,0.82794,-0.45236,0.12969,2.2993,-0.55097,1.41116,0
0.7214,-2.22212,-0.8768,-1.5602,-0.39618,-1.23315,0.34055,0.98222,-0.49937,0.07985,-0.61478,0.01606,0.87851,-0.40049,-1.55909,-0.03543,0.26052,-0.53003,1.99869,-0.57116,1.84155,0.10982,-1.17678,1.32445,0.25137,-0.06388,0.47762,-1.37873,0.53976,1.20018,0.15938,-0.37116,1.02793,1.35901,-1.75052,0.69698,1.25855,1.05494,1.07474,1.9307,-0.47684,-1.41932,0.60088,-1.75274,0.39421,-0.23885,0.23044,-0.24771,1.10014,-0.23143,1.07366,0.48741,0.00719,1.47442,-0.66656,-0.38346,-0.53187,-1.80363,0.30076,0.68548,0.3994,1.21842,-0.79537,0.57473,-0.75321,-2.57386,-0.18287,-0.21936,-0.67039,-2.01736,-0.3094,-1.06007,-3.10499,-1.34729,-1.56931,-1.19098,-0.96456,0.02262,-0.17958,0.16082,-0.60372,-0.95681,-0.28077,-0.66852,-0.33673,0.20431,0.27078,-0.1181,1.07448,-0.05786,-0.12148,-1.00957,1.6543,0.23621,0.60627,-2.50287,0.85317,0.21845,0.76836,1.12135,0.47203,0.43101,-2.02353,-0.66666,1.5067,1.55077,0.40145,1.30833,-0.56645,0.82203,-0.84138,-0.40966,0.21658,-0.66965,-0.10156,-0.69029,1.09569,-0.53246,0.22682,0.77573,-0.35458,0.53661,-3.25711,-0.30705,-0.00238,-1.30481,1.30586,-0.76908,0.65288,-0.43675,1.28596,-1.02707,0.67621,-0.08469,1.77992,-0.20054,-1.20198,1.0264,-1.55709,-0.75087,-0.6308,-2.14606,-0.70906,1.34498,-0.52655,2.34019,-0.85932,0.38122,1.12007,-1.38131,1.14693,0.54474,-0.8498,0.21515,1.84443,1.37021,-0.06408,0.52097,-1.49405,0.02435,0.35653,0.32012,-0.03692,1.06031,0.8842,-0.19944,-0.42484,-0.61521,1.24694,-0.61455,1.50638,0.92432,-0.74596,1.17208,-0.15439,0.68138,1.97679,-0.00748,-1.76226,0.87173,1
-0.99474,1.84072,-1.63711,-0.17508,1.76101,-0.91877,1.13163,-0.74855,0.79814,1.79447,-0.45051,0.70708,2.12467,-0.8158,0.11502,0.71873,-1.49845,1.05189,0.4014,-1.74573,-0.02738,1.0661,1.59687,0.17286,-0.67071,-0.74985,0.93119,-0.99111,0.86696,-0.26608,0.30127,1.28166,-0.74817,-1.52434,-0.45469,-1.54229,-1.50844,-0.44286,1.59755,-1.71806,0.77156,-1.25379,-0.02808,1.88462,-1.54722,-1.70461,-0.30665,1.36518,0.78503,-0.71175,-0.92931,0.44617,0.96736,0.78893,1.93974,0.18896,1.40441,-0.16614,-0.59755,-0.60202,-1.35051,0.51633,-0.13687,-0.00361,-1.03903,-0.26871,1.22355,1.50135,0.10185,1.25861,-0.9851,0.08499,-0.09922,1.87871,-0.73423,-0.67839,-0.45575,-1.46967,-0.89056,-0.71061,-0.54659,-1.07837,1.44257,-1.72723,-0.61881,-0.28419,-0.03227,-0.69082,-0.6213,0.87152,2.23697,0.82344,0.95163,-0.54985,-0.73683,0.64863,0.34673,-1.87981,0.05676,1.81608,0.90793,2.42717,1.24209,-0.37918,1.30867,1.22114,0.64554,0.09946,-0.29448,-1.03419,0.63803,0.32843,1.0939,-0.51145,-1.05521,2.12456,-0.05778,0.35176,0.71403,0.89168,0.18108,-0.91728,-0.99048,-0.21548,-1.33721,0.35427,0.99666,0.14524,1.15232,-0.77283,0.32244,-0.53859,-0.96419,0.34868,-1.19715,0.43812,-0.26527,-0.16102,1.27412,-0.39266,-0.49037,2.52164,0.9025,1.1088,-2.6631,-0.80876,-0.13246,-0.32735,0.97318,-0.37944,-0.25636,0.50437,0.52424,1.00824,0.61219,-2.71032,0.82849,1.95379,-0.38693,0.20521,-0.15506,-1.11373,-1.06724,-1.02894,1.36484,0.52759,1.0173,0.04569,-1.16872,-0.2837,0.54931,-0.22313,-0.49008,-0.07292,-0.11411,-1.47633,-0.36616,-0.43044,1.5098,1.22776,0
0.99274,1.02137,1.17226,0.82482,-0.22937,0.44069,0.44644,0.25767,0.17423,0.33389,0.17777,0.34064,0.02643,0.08681,0.28137,0.85699,-0.14752,-0.02752,0.49919,0.7594,0.82325,0.63367,1.42505,-1.25671,0.62352,-0.85034,2.1127,-1.75016,-0.70223,-0.76057,-0.14403,1.47598,2.18061,-0.02676,-0.01385,0.39007,-1.1229,-0.06699,-0.73238,0.14985,-0.32415,0.99017,-1.09441,-1.64915,0.14333,-0.90007,0.0456,-0.19905,0.66003,-1.92569,1.13392,-0.45144,-0.49099,0.02659,0.37426,-0.50827,-0.96064,-0.47704,0.27802,0.98977,-1.74727,0.57178,-1.58863,0.51052,0.24907,-0.99748,0.78373,1.20168,0.55603,-1.90744,1.06124,1.62058,0.66415,-0.19787,0.31426,-2.17185,0.03581,-0.87555,-0.05163,-1.34007,1.04499,0.12505,-0.3077,-0.47753,0.62217,-1.97136,-0.69132,-1.48553,0.56132,0.72362,-0.4844,0.00024,-1.31327,-0.42264,-0.96908,1.00353,-0.70046,0.38126,1.27383,-0.18307,-0.06738,-0.38411,1.13216,0.29161,-0.02709,-0.62043,-1.17953,1.17091,0.29629,1.32497,2.13618,0.77014,0.16587,0.24865,0.33758,0.17366,-1.57391,-0.64856,-0.13142,-1.16096,-0.22183,-0.71174,0.25805,-0.28809,0.93085,-1.51609,0.57142,-1.17206,-0.8745,-0.66744,0.00959,-2.33729,-0.21851,-0.67307,-0.03137,0.98904,0.42621,-0.77488,0.00085,-0.52731,1.00171,-1.23034,0.48224,-1.55802,-0.70394,-0.7587,-0.56239,-0.63941,0.02966,-0.17676,-1.8643,0.75497,1.33237,0.13089,-1.48907,0.67227,0.83935,-0.69144,0.06865,0.06055,-0.09239,-0.34761,1.64776,0.88632,-0.63178,-0.34437,-0.62977,-1.47269,-1.38449,1.06431,0.45796,-1.17057,-2.09069,-1.50398,0.51976,-0.22632,0.65087,0.03646,-0.29598,0.18524,0
0.07447,-0.9248,0.4285,-0.25189,-2.12743,1.56346,-0.73704,0.19888,-0.01306,1.04737,1.07264,-1.0709,-0.98093,-1.07777,-1.46946,-1.21347,-0.95284,-1.67451,0.58552,-1.56133,-0.17062,-0.6967,-0.62648,0.14126,1.11844,-0.54392,-0.73982,0.40137,-1.12569,-1.44467,0.00766,0.60849,0.23039,-0.51616,0.82725,0.47903,-0.71821,-0.62735,-0.80616,0.09309,-1.44259,0.47165,0.24164,0.76764,-2.22042,0.16555,0.60662,-1.25541,-0.10208,-0.89024,0.91035,-0.31192,1.54023,0.43356,-1.21072,-0.77235,-0.61343,-0.21387,-1.71598,0.39886,-0.10823,0.58084,0.29528,-2.05644,-1.4527,-0.10397,2.80245,-1.34216,1.43567,1.7054,-2.29932,0.23269,-0.07933,-0.32992,-0.98275,-0.24097,-0.2397,-1.49963,-0.62681,-0.60577,-0.28136,0.62329,-1.25428,-1.07178,-1.36048,-0.23223,-0.82878,0.67905,-0.03572,-1.0327,0.20283,-1.15224,0.41336,-0.87277,0.02989,-0.57674,0.57724,0.84538,0.7964,0.80028,-0.71909,0.15467,0.48431,0.7812,-0.36398,-0.83786,1.50102,0.35212,-0.15257,-0.1293,0.14859,-0.3509,-0.55084,-0.03264,-0.13765,0.03768,-0.46347,-3.3487,1.50594,-1.05046,0.31985,-0.23433,-0.41687,-1.63587,-0.19066,-0.46636,0.0742,0.91487,0.92134,-1.00563,-1.59881,-0.45803,-0.58831,1.01835,-1.22562,1.72929,1.009,1.33952,0.37227,-2.09217,-0.19613,-0.05404,-0.40114,0.13244,0.53061,0.98898,-0.41883,-0.88937,0.71631,-0.57706,1.66888,-0.41498,-0.25193,0.45946,-1.11865,0.23858,-0.99262,1.34263,-0.18605,-0.98555,0.91638,0.15972,0.39374,-1.75107,0.03151,-0.35385,0.55972,0.11604,0.28182,-1.62304,-0.43819,0.65449,1.43015,1.40637,1.56654,-0.87521,1.55517,-0.54484,-0.01217,-0.55826,1
-0.99715,-0.78644,0.41486,0.1989,-0.52504,0.56654,0.5891,-0.97814,-1.27066,-0.08406,1.18789,-2.61237,-1.55505,0.25198,0.56202,0.14345,-0.54848,-1.60286,0.36082,1.40997,-0.51471,-1.91073,1.25674,0.30721,-0.5824,-0.34507,-0.94405,-0.61679,-0.16085,-0.19229,0.2109,2.13211,-0.02737,0.74679,0.42129,0.5116,-2.1974,-0.77472,-0.66793,0.31694,-0.42761,0.24443,-0.32409,0.04415,2.02404,-0.71165,-1.58928,-0.18137,-2.01742,-0.24652,0.66184,0.54903,1.28252,-0.08812,-0.33417,-0.17657,-1.50131,1.94921,0.87751,-0.0772,0.1039,0.16417,-0.6974,0.21763,1.33528,-0.04379,1.4093,-1.70918,0.12953,0.13178,0.54486,-1.90981,0.68907,-0.09998,-1.04385,-0.46512,0.63049,-1.48159,-0.35517,-0.1248,0.4263,0.25605,-1.00782,-0.41217,-1.41602,-0.2406,-0.14694,0.69381,0.02259,0.13166,-0.07693,-0.34872,1.4746,1.65864,0.68896,0.77899,-0.2191,-1.07216,1.12081,-0.1147,0.90555,0.53273,0.69739,-0.08719,-0.11244,-0.68871,1.38222,2.08988,0.16958,0.10198,-0.32479,0.42302,1.71378,0.74122,0.91224,-1.40007,-0.57782,-0.06986,0.24584,1.24618,-0.50915,-0.62831,-0.89288,-0.64763,-0.46791,0.31667,1.09776,-0.18602,0.58636,0.04726,-0.30608,1.00987,-1.83001,-0.45736,-0.03631,1.05984,-0.36836,-0.71096,-0.19898,-0.00902,-0.02739,-0.65077,-0.46238,0.34777,-0.89766,-0.1782,-1.15671,0.13804,1.13389,1.8193,-0.09516,0.11692,-0.69745,-0.38759,0.87514,0.97535,-0.50822,-0.17426,1.07791,0.07529,-0.63257,-1.81441,0.22309,-0.59141,-1.4244,-0.75971,-0.01753,-0.68278,1.46575,0.88844,-0.27395,0.58738,-0.41602,0.47234,-1.23299,0.45481,-0.29358,0.14265,-1.3566,-1.03831,1
-0.37302,-2.41508,-1.58186,-0.05919,-1.95769,-1.11655,-0.06532,0.65289,0.41815,-1.16608,0.37736,-1.40221,0.42273,2.15091,1.1805,-0.16747,-0.30595,0.33667,0.63104,-1.78521,-1.44499,-0.0608,-1.62432,-0.34681,-0.23752,1.34174,-1.19907,-1.63774,1.3238,0.18452,-0.52689,-0.00505,-0.99873,-0.45511,1.05263,-1.19995,-0.75621,-1.31085,-0.20504,-0.28717,-0.38579,0.68944,0.67997,0.2856,1.12554,-0.05056,0.09651,-0.98162,-0.96179,1.61212,0.02128,-0.4284,0.23788,-0.774,1.15507,-0.76378,0.45303,-0.10919,1.20301,-0.08887,-0.70438,-0.05806,-0.49299,-1.42123,0.01826,0.70063,-1.45565,-0.73689,1.33536,0.029,1.11007,1.43425,0.842,-0.24348,0.68103,-0.95609,0.86068,-2.89003,0.90722,0.19074,-1.59079,-3.16449,0.58259,-0.45141,-1.28259,-0.11927,-1.19347,0.41307,-0.46693,2.04896,-0.98603,-0.09936,0.13454,1.32325,-0.52955,1.24269,0.98537,-0.30007,-0.47921,-1.15261,-1.75115,-0.65592,-1.26964,1.83102,-1.41388,0.28952,1.46634,-0.70984,1.05498,-0.54085,1.35014,0.941,-1.16943,0.47446,0.60264,1.08186,0.05045,0.21501,-1.12452,-0.0355,-0.21586,-1.33722,-0.14078,1.16394,0.63251,0.70408,0.5765,-0.27798,0.12531,1.51916,2.54366,-0.60902,-0.0125,-0.98047,-0.26259,0.98515,0.70672,2.21516,0.1541,-1.21402,0.76575,1.46374,-1.30051,0.18181,-0.2039,0.9589,-0.6094,0.4035,-1.04909,-0.5698,0.72328,0.08109,-0.82111,-0.31029,0.66172,-0.06126,-0.89621,-0.39259,2.62245,-0.65251,1.55461,0.56891,-0.33792,-0.7959,0.70343,0.21341,0.35986,-0.68603,-1.66891,-2.05842,1.7159,0.01506,0.04676,-0.08943,-0.04347,0.19696,1.74724,-0.45411,-2.68694,0.33431,1
0.79634,-0.41814,0.91195,-0.62528,1.98295,-1.34552,1.35548,0.86471,-0.16842,0.23919,0.80784,-0.30353,0.59618,0.09869,0.08224,0.13959,-0.62477,-0.43601,1.21036,0.24344,1.74737,-1.97637,-0.91848,-0.74903,0.56675,2.91393,-0.36292,-0.10436,1.12166,-0.47978,0.816,1.47817,0.40609,1.07173,-0.00717,0.40757,1.25162,-1.58065,-1.1946,-0.0356,-0.10181,0.91431,-0.26753,0.14234,-2.0708,-0.64774,-0.09386,-1.43005,-2.22734,0.65142,-0.34458,-0.53773,0.07795,0.86083,0.22125,-1.37763,1.21829,0.5844,0.18833,-0.52595,-0.59901,-0.24701,-1.68252,-0.68141,1.19356,-0.37622,0.11948,-1.27891,0.09492,1.09368,0.7771,1.89638,0.13676,-0.28661,-1.21258,0.93302,1.09763,0.50087,1.2516,-0.54,0.82808,0.05372,-0.36413,-2.30241,1.46304,-0.44503,0.04813,-0.46271,2.64323,-0.41283,-0.76261,0.22176,0.02981,0.14888,1.13753,-0.19873,-0.69961,-1.12633,0.20679,-1.02182,0.54714,-0.75728,-1.69132,-0.02792,0.98338,-1.5912,-0.40403,-1.15634,1.42499,-1.95871,0.70697,0.51992,0.08922,-0.59065,-0.97886,-1.30745,-0.33162,-0.19112,0.16839,-1.25192,-0.17779,-1.95544,-0.97624,-0.62347,-0.50533,-1.4867,-0.5499,-1.68338,0.58461,-2.17062,0.0307,0.40728,3.25041,-1.45541,-0.79067,-1.5979,-0.52325,-0.9785,-0.39486,-0.44983,2.42609,-1.21001,-0.70234,0.70422,-0.33287,1.41391,-0.59966,1.86383,0.57125,-0.45605,0.77189,1.19645,0.41815,1.22718,0.47206,0.30842,-1.34504,-1.05844,-2.26265,0.19059,-0.8019,-3.06118,-0.87586,-1.71409,-0.27639,0.57639,-1.39666,-1.78505,0.89407,0.41681,-0.02883,0.48586,0.32332,0.36704,1.41283,1.91096,-0.63543,-1.60718,0.33848,-0.6882,1
0.5047,-1.30926,-0.07331,1.27602,-0.25156,1.8033,0.37672,1.27075,0.35513,-0.82328,0.33588,-0.0488,1.10937,-0.53665,-0.13554,1.29252,-0.8191,0.64602,-1.97732,0.95571,0.25727,1.27001,0.23349,-1.08874,0.19959,-0.66487,2.42818,0.15401,-0.4646,-0.88294,-0.53648,1.14233,-1.34758,1.27265,0.55495,-1.34314,-2.33826,-0.62127,-1.12527,0.44101,0.26437,-0.2762,0.93578,1.05571,0.60887,1.15934,-0.49035,-0.28177,-0.18793,-0.2677,0.47982,0.58056,0.2425,0.1641,-0.59733,1.05329,-1.61688,-0.60507,0.95373,-0.98675,1.40369,-1.65183,1.27565,-0.30514,-0.53666,1.04612,2.30123,-0.15648,-0.06745,-1.05417,-1.50536,0.48175,1.97913,-1.73431,-1.71827,0.71976,1.28222,-1.12823,1.88215,-0.03791,-0.46336,1.95127,0.03993,-1.37052,1.60108,1.17777,-0.68328,-0.74694,-0.52224,-1.33379,-0.34279,1.78087,0.32694,1.56238,-1.52134,0.57962,-1.0717,0.01605,-1.27497,0.80883,-0.06529,-1.49972,0.44307,0.36117,-0.17619,1.40865,0.08065,1.60203,-1.31569,-0.8534,-0.82135,0.81123,0.29604,-1.81176,1.28934,-0.84067,0.44055,-0.11893,-0.37467,-0.80339,0.47869,-0.10137,0.2119,1.82576,0.77489,-0.49961,-1.0387,-0.6717,-0.18114,1.16539,0.45572,0.15462,-0.1027,-0.97045,-0.02046,-0.50805,1.44653,1.07721,-0.54975,0.92423,-1.50557,-1.92237,-0.35198,-1.21448,-1.22819,-0.8394,0.87392,1.0761,-1.11441,-0.37966,-0.45747,-0.42659,-0.85108,1.42482,-0.91962,-0.33593,-0.88814,-1.07012,0.87374,1.6276,1.34302,0.48639,-1.81247,-1.40823,0.34788,0.34209,1.53826,-1.41321,1.58212,-0.69178,0.43763,-0.58689,1.75966,1.57355,-1.07145,1.64808,-0.93049,0.29649,-0.25307,-0.14315,1
1.24095,0.90223,-0.79936,0.14074,-1.58884,-0.59456,-0.68925,1.21372,-0.94158,-0.12238,-1.74996,-1.012,-0.67758,1.31475,-0.26751,1.03811,-2.36816,0.2854,-1.22523,1.51134,-0.50825,0.75675,-1.33752,0.66195,-0.74059,-1.76074,-0.44852,0.93288,0.37334,0.0668,-0.81836,0.92109,0.22222,-0.81178,1.80681,0.3628,-0.53025,-0.0814,-0.35282,0.7032,0.16978,1.31693,1.22245,-0.72942,0.15539,-1.63179,-0.31624,1.25854,-1.8887,-0.82999,-1.82312,1.13777,-0.20405,0.67738,0.07709,-2.22848,0.70112,-0.45521,-0.56282,-1.53345,0.81178,-1.44479,-0.95743,-0.46145,0.10487,0.21988,0.00063,0.46297,0.26873,-0.45188,-1.36613,-0.00872,-0.51065,0.326,0.35608,-1.12794,2.37992,-1.29442,-1.13804,0.69562,-0.9799,2.66991,-0.46415,-0.16093,0.97417,1.71648,-0.6157,-0.38758,1.36681,-0.41272,0.28345,-0.58418,-0.00117,-3.12624,0.86902,2.77862,-0.39459,2.3479,-0.29205,-0.08407,0.72821,0.47297,-0.83688,0.19527,-1.31084,1.67491,1.09491,1.04773,-0.75603,-0.21455,-0.92737,0.19206,-0.90931,-1.1946,1.18631,0.98211,0.69165,-0.62364,1.38779,-0.48429,0.83611,1.01135,0.11054,1.09244,-1.21952,0.36684,-0.55918,0.2878,1.78802,-0.02751,0.14372,1.11502,-2.37337,-0.27068,-0.31662,-0.50364,-0.53218,0.72534,2.423,-0.03692,-1.68046,-0.12059,-0.26872,-0.3669,-0.03304,1.79256,-0.98605,0.69656,1.57801,0.71685,-1.5663,-0.25114,1.45823,-0.38341,-1.2797,-0.76108,1.76187,-0.51111,0.13116,-0.05265,0.61017,-0.24122,1.13468,-1.88077,-1.37322,-1.14639,0.0785,-1.72544,-0.31616,-0.08839,0.06936,0.02961,-0.29231,1.16298,-0.8489,-1.00088,-0.41206,0.61252,1.39266,0.4727,1
-1.33084,-0.40061,-1.45884,1.06731,-0.31288,0.37841,0.98778,-1.47028,-0.60672,0.34403,-0.87471,-0.63772,0.94818,0.56985,-1.04469,0.6624,1.16372,1.01827,0.88683,0.51322,1.15444,-1.0059,1.21536,-0.71882,-0.67175,-2.70425,0.25253,-0.27237,2.12863,-0.15784,0.23049,1.70291,0.46916,0.9147,1.24861,-0.3975,0.22274,-0.50969,-1.33725,-0.64154,-0.8941,1.26595,0.45327,0.64788,-0.93517,0.42689,0.5249,0.71068,0.76373,0.09819,1.47835,-0.4434,-0.98513,-1.48416,-0.21233,-0.52337,0.04652,0.6036,-0.7579,0.77494,-1.58025,0.8647,1.60805,0.05316,-0.33031,0.90778,-0.61865,2.05048,3.29268,-0.17641,0.20296,-0.54339,-1.56488,-0.15422,1.78422,0.55124,1.21981,-0.93263,-0.32238,-0.18545,-0.03023,-1.89684,-1.10428,-1.95639,0.33145,0.58456,-0.8635,1.09358,-0.09546,-1.76347,-1.30545,-1.68423,0.40463,1.14273,-1.70633,-1.23741,1.49365,-0.32656,-0.52914,-1.24257,0.87412,-1.71191,0.97193,-0.45225,0.22761,0.30975,-0.0291,0.98319,-1.1161,2.43766,-1.28325,-0.52568,-1.93986,0.30079,0.97103,1.63102,-2.36093,0.16957,-1.59721,1.03587,-2.68228,1.97119,1.08592,-0.68661,0.99858,-0.44196,0.12733,-0.03746,0.70305,0.12648,0.53019,-1.11067,1.46736,0.42191,-1.0377,1.27858,-0.31941,-1.57179,-0.7647,0.90595,1.22433,-1.29061,0.5731,0.94736,0.41935,-1.39861,0.60476,0.43651,-0.69664,-0.90657,-0.33374,1.09537,-0.48254,0.65162,0.36365,0.46741,-0.60201,0.66057,-0.53673,0.46481,-0.45985,0.76361,-0.52046,-1.01918,0.66164,1.00814,-0.06727,-0.12497,-0.99279,-0.49974,0.32452,0.82338,-0.18308,-0.31704,-0.04489,-0.96939,1.40055,0.50114,-0.19884,0.27442,0
-0.69381,1.08537,0.31517,0.85797,0.51063,0.93395,-0.38177,0.79324,1.18051,1.00335,-0.23803,0.01191,-1.1771,-0.05393,-1.24245,0.46392,-0.90632,-1.20693,0.33235,-3.07633,-0.18106,-0.32388,1.81504,2.10027,-1.96702,1.03561,0.32511,0.557,1.7062,-0.37939,0.68184,-0.26167,-1.71067,0.97219,-0.54376,1.61548,-0.17926,0.81656,-0.50565,0.12675,0.65024,1.66401,-0.49316,-1.31636,-1.66658,-0.45962,0.01324,0.80336,2.02523,-1.01876,0.36373,-1.44411,0.58439,0.75997,-0.42619,0.74251,-1.73445,0.60465,-0.98888,0.44418,-0.90783,-0.25618,0.72166,0.71393,0.74057,1.44048,0.66851,-0.44952,-0.51395,1.07914,0.49474,0.53587,0.46593,0.76463,0.32695,0.98594,-0.26638,-1.72051,0.28417,-0.77848,-2.28374,0.09186,0.48178,0.62154,1.50306,0.55436,-1.24673,-0.90013,1.4227,-0.95606,1.32199,-1.39183,1.54726,-0.74031,-1.45658,-0.71763,-0.1786,-0.33191,-0.55821,-1.6327,0.33849,0.55358,0.41572,-0.15521,0.12753,0.281,0.81922,-0.40109,0.36932,0.71929,-0.25986,0.3705,1.09601,0.33843,1.36466,1.08112,-0.77931,-0.02947,0.85403,1.08851,-0.89147,0.82178,0.14878,-0.65075,-0.71837,-0.68394,0.11821,-0.36921,-0.20045,-0.74546,0.48772,-1.18186,-0.21933,1.57466,1.14954,-1.14422,-0.99961,-0.93769,1.36084,-2.29234,-0.02614,0.21763,-0.31916,-0.50615,0.72635,0.09995,0.86315,0.826,0.91787,0.187,0.59807,0.72113,0.61392,-0.23307,0.24904,-1.17468,0.20233,1.83263,-0.37655,0.27664,-0.18065,0.19635,0.27004,-1.18657,-0.38357,-1.24804,-0.44898,-1.59476,-0.0886,-0.1572,0.24094,0.57644,-0.90406,0.58287,0.10343,-0.68126,-0.1912,1.30355,-0.31255,0.23162,1
0.88109,0.77474,-0.68536,0.27935,-0.10635,1.0405,0.82965,-0.03024,1.99682,1.67093,-1.12523,-0.80526,-0.00272,-1.69444,-0.9476,0.24425,-0.70482,0.35338,-0.39768,0.87445,-0.78118,-0.24559,-0.34312,0.91678,-0.73963,0.67774,0.0107,0.65763,-0.46331,-0.59071,-0.88573,1.12706,-0.04301,1.13733,-0.79708,0.6777,0.22283,-0.4505,-0.35958,-0.06159,-0.17779,-0.06735,3.36406,2.17174,-1.73531,0.17245,-0.64299,0.43206,1.12155,1.17958,1.10593,0.68331,1.49565,0.56493,0.3947,-0.0994,-0.51903,0.51919,1.60878,-0.08063,-0.03222,1.57131,1.06355,1.03152,0.02111,-0.51675,-1.05355,1.171,0.2114,-0.09404,0.33027,-1.51475,1.20194,1.39435,1.27781,-0.22693,0.40672,-0.77008,-0.37265,-1.54823,-0.38619,0.2143,0.12575,0.53903,0.1088,-0.43916,-0.07021,-0.24279,-0.17075,-0.37299,1.43881,1.75209,-0.59109,0.40208,-0.81493,-0.86763,-0.86359,-0.33699,-0.48836,0.12199,-0.35373,0.53162,-1.18942,2.04604,0.72446,-0.88851,-1.68682,0.52149,0.97332,0.08367,-1.41818,-0.67443,-0.96547,0.24428,0.81132,-0.40386,0.44165,-1.40499,0.36617,-0.1231,-0.70024,-0.92642,-1.63655,0.32941,-1.13845,1.32527,0.08674,-0.22091,0.5201,0.7115,-0.14239,1.02509,-0.57749,0.72345,-1.28777,0.03735,-1.70628,0.06603,-0.53139,-3.39999,-0.86843,0.39936,0.62009,-1.78265,-2.27181,-0.55906,-1.05043,-1.25786,0.99028,-0.30897,0.56351,1.43135,-0.64154,0.25751,0.29072,-0.60114,2.21633,-0.63187,0.32311,0.15032,-0.0452,0.3193,-1.75373,1.54748,0.00921,-1.08659,0.12859,-0.71185,-1.15747,1.27482,0.1327,-0.34661,-0.70386,-1.00801,0.54642,-1.43612,0.89567,-0.23252,-1.7612,-1.90625,0
0.82747,0.27291,-0.38811,0.51534,0.38076,0.69454,-0.08581,-0.6328,-0.60314,0.20253,-1.0333,0.77104,0.52123,1.39542,0.84466,0.91538,0.21925,1.46557,-1.0231,-0.97291,0.79793,-0.35453,0.84538,1.75195,0.37244,-0.03326,0.73234,-0.99998,-0.18887,-1.08134,-0.47381,0.41141,-0.91905,-0.6163,-1.94969,-0.12734,0.97517,-1.35036,-0.3481,-0.27365,-0.86474,1.39821,-0.9412,0.18094,-1.9612,0.40298,-1.2006,2.22188,0.33018,-0.33744,-0.94446,-0.06181,0.23092,-1.72174,1.18381,-0.07319,-1.36155,1.01613,-0.94713,-0.53753,-0.19324,-0.38048,-0.60057,-0.1544,0.49457,-0.61239,-0.86582,-0.31657,0.72073,-0.94752,1.83643,1.67519,1.82964,-1.02795,-0.27336,0.203,-0.1998,0.90358,-2.13638,0.88301,0.00067,-0.70147,-1.03922,0.94568,-1.51724,-0.07064,-2.19418,-0.40714,0.7845,-1.1044,0.26388,0.3672,-0.86646,1.089,0.5861,1.22238,-1.94339,2.5223,-0.67373,0.09873,-0.20446,-1.21273,-0.57747,-0.27981,-1.03561,1.09152,0.45657,-0.47051,1.41664,1.84035,0.10416,-0.89863,-1.95213,-0.17677,0.70122,0.09985,1.7233,0.17579,-0.98325,-1.17002,0.31173,1.8994,0.77423,0.16873,-1.72248,0.1425,-0.04988,-1.83534,1.52225,-0.89752,1.20015,-0.3637,1.18452,0.20973,-0.65511,0.49737,1.22857,0.53269,-0.88836,-0.77851,-1.28251,-3.04671,0.00435,-1.70721,0.32269,1.93017,-0.67413,0.21085,0.62361,0.46115,-1.46278,-1.12599,1.53445,0.77895,0.11242,0.75174,0.48542,-0.93818,0.15977,-0.29918,0.85548,-0.3575,-1.60263,-0.91201,0.88937,0.59495,0.34738,0.7764,-1.21615,0.16318,-0.49107,-0.89245,0.44178,-0.3708,-0.05162,0.57995,0.30487,-1.20959,0.48018,0.48523,1
-0.02591,-2.27626,-0.73771,-1.48057,-1.78785,0.0376,0.95172,2.59005,-0.4588,-1.12081,-0.82282,-0.16155,0.59752,0.02106,0.1018,-0.92786,-1.10647,1.75021,-0.85736,2.26304,0.14281,0.88354,0.28995,0.35678,0.89023,0.8725,1.17512,-0.6426,-0.82908,-0.08938,0.67427,-1.3456,0.32464,-1.59782,-1.01338,-0.2064,0.54293,0.11534,-0.19897,-1.07918,-1.97928,-1.32321,0.83841,-0.50833,0.33643,0.23623,1.89266,0.43991,-0.29165,-1.47246,0.60106,1.12733,1.31368,0.42706,-0.20573,1.54366,0.15689,0.61146,-0.14361,-0.70083,-2.62983,-0.1219,-1.63793,-0.33225,-1.07716,0.43769,-0.19279,0.46595,-0.2676,-1.65796,-0.3836,0.31578,0.59768,1.22552,-1.11017,-1.05988,-0.27132,-0.74019,0.6666,0.45755,-0.29929,0.38823,-0.49179,-1.42746,0.21688,-0.25839,1.97845,1.25785,-0.66821,-1.30089,-1.28145,1.2162,1.59958,-0.68186,1.66993,-0.21819,0.81059,-0.35041,1.60825,-0.85011,-1.3826,-0.48477,-0.01547,0.12454,-0.26937,0.59317,-1.10307,0.57915,-0.00048,0.44333,1.16186,0.43784,-0.99685,1.54548,-0.75956,0.47043,0.03036,1.02098,0.03985,-0.62379,-1.30466,-0.59435,0.84031,0.77685,-0.8756,0.46332,0.4426,-0.7052,-0.24941,-1.19098,0.42043,1.08162,-0.75091,1.69726,-1.35546,0.52543,0.41586,-1.15092,-1.40846,0.11727,0.23306,-0.48577,-0.47683,1.05332,0.98734,-1.54084,0.39859,0.66415,-0.60047,-0.15492,-0.38356,0.47188,0.08988,-0.36084,1.4579,0.489,0.48045,-2.16406,-1.10299,-0.52969,0.03607,0.47943,-0.84607,-0.7478,0.05745,-1.80693,-0.24823,-0.48239,1.23088,-0.19776,-0.22142,-1.16355,0.70432,0.00266,0.68866,0.65353,-0.9546,-0.48245,-1.28622,0.97833,0
0.57689,0.43718,-0.19555,0.71043,-1.76371,-0.04437,-0.52917,0.76906,-0.22837,0.08005,1.21527,-2.15432,0.81676,0.95902,-0.01799,-0.24161,-1.14993,0.38273,0.62839,-0.11096,0.35262,0.1945,-0.28849,-0.38919,0.26297,-0.48822,0.57731,0.3567,-0.82921,-1.07648,-0.10551,1.12683,1.93236,-0.36133,-1.17376,0.48201,-0.28023,1.86329,-1.06305,-0.96594,-0.34022,-1.12676,0.24948,0.89719,0.56747,1.83586,0.04884,-0.50693,-0.81754,-1.28679,-1.22203,0.24022,-0.73305,0.07225,0.33583,0.85869,-0.50052,-2.09122,0.35651,-0.00966,-0.26488,1.72135,-0.4164,-1.57941,1.74363,1.21579,-0.80523,-0.21825,1.81286,0.43106,1.6628,-2.47928,-0.8966,-1.15279,-0.58176,-1.42271,-0.74073,-1.25247,1.19138,-0.55073,1.57424,0.93748,0.47974,0.01439,-2.22747,0.06185,0.42655,0.59174,0.06415,-2.25493,0.54372,-1.66339,1.23486,-0.62416,0.93872,1.1037,0.00399,0.24975,-2.13964,0.18796,0.28686,1.36675,1.07114,-0.42128,-0.2016,-0.79256,0.26621,-1.40546,0.80093,1.0297,-0.4067,-0.1717,1.32364,-0.64956,-0.50977,-1.2829,0.02297,-0.08304,0.514,0.01714,-0.29646,-1.53219,1.4614,-0.53033,1.21819,-2.15228,-0.7842,-0.24749,-0.83685,0.95677,-0.21654,-1.11955,-2.0394,-0.02989,0.85001,0.05772,0.21358,-0.61833,-0.07295,-0.07015,-0.31604,0.60756,-1.30289,-0.09284,0.00366,2.34725,0.94849,-0.24626,-0.30276,-0.09955,-0.87785,0.39488,0.31439,-1.07852,0.53053,0.16866,1.53401,0.15231,2.30353,-0.57922,-1.52855,0.24689,-0.96342,0.61446,1.13523,-2.49581,0.8046,-0.97057,-2.21867,1.54579,-0.63591,-0.09965,0.21928,0.19433,0.16124,-1.20178,0.40347,-0.7056,0.86065,-0.15077,1
-0.95146,1.23298,0.89037,0.13238,-0.3995,-0.35386,-0.10258,-0.50642,0.29063,1.27819,-2.05022,1.65717,1.03104,0.15133,-1.20936,-1.54431,0.91775,-0.03587,-0.86192,1.75109,-0.6724,0.95973,-0.95262,0.04066,0.6733,0.88782,-0.24371,-0.50123,0.24245,0.4009,0.06345,-0.02153,0.04704,0.61697,-0.39621,0.04737,-0.05251,1.08257,-0.54731,-0.56088,0.30188,-0.02294,0.18443,1.85873,-1.16488,-1.01101,0.84276,0.02426,0.37444,0.743,-0.31816,1.75384,0.5779,-0.18593,-0.17519,-0.6798,-0.40406,-0.53958,-1.34949,0.07821,-0.86401,1.18481,-1.32311,-0.15822,2.29116,1.06637,1.02464,1.11619,1.53531,0.17216,1.41834,-0.49976,-0.06515,-0.77829,1.23728,-1.54226,1.71715,-1.43894,-0.92975,-0.22161,1.61596,-1.06334,-0.20717,-1.07134,1.06634,0.33134,2.92,-0.53303,0.01328,0.78092,1.48852,-0.11402,1.69013,0.07043,1.0192,0.45117,0.94372,0.83286,1.41086,-0.23167,0.26306,0.91541,-0.39749,0.57058,-1.9156,-0.65222,0.88675,-1.39393,-0.8703,-2.08922,-1.2466,0.24973,-1.35124,0.19483,-0.43981,-0.31313,-1.61563,0.02926,-1.4431,-0.78174,-0.58486,0.33469,-1.55648,-1.46225,0.7947,-1.30901,0.81241,0.86522,-0.12853,0.2334,-0.11226,1.88951,0.26677,1.39002,-0.03206,-1.60691,0.86063,0.00489,0.05127,-0.67528,0.7635,-1.19519,0.64821,-1.20034,-1.66209,1.0892,-0.33827,-0.50236,0.11398,-0.15163,-0.45897,-1.19128,-0.34183,1.83609,0.2145,0.56423,0.80978,-0.21142,0.69016,0.50092,0.24336,-0.36957,0.63168,0.19398,-0.65609,-0.2916,-0.33972,0.00674,-0.10063,-0.65624,-0.39839,-1.45822,-0.0134,1.38765,0.26304,-1.14499,-0.28712,1.38251,0.87296,0.17594,1
1.2543,0.88687,0.70854,-0.21337,-0.64759,-0.00825,-1.00141,0.03951,1.02451,0.50841,2.01394,-0.63155,0.07275,0.04371,-1.11553,-1.9417,-0.36976,-0.10144,0.12894,-0.84375,-0.02954,0.49695,0.92796,-0.52269,-0.02291,0.61447,0.1076,-1.095,0.36859,-1.97506,-1.43483,-0.56126,0.37575,0.3783,-0.52432,0.72873,0.10242,-1.37873,-1.86121,0.66075,0.51819,0.80546,-0.23674,-1.81741,-0.7852,-1.35801,-0.06486,-0.1504,0.34491,1.09548,-0.37206,0.88217,-0.39926,-0.92704,-1.6991,-1.04553,-0.34203,-2.79654,1.08778,-1.50854,0.26115,0.68272,-0.36235,1.2246,-0.16404,0.12238,0.04939,-0.44053,1.05239,-0.81047,-0.60684,-1.16848,1.2054,0.9567,-0.81876,-1.87299,0.51811,0.75871,-0.7137,0.68248,0.71852,0.4078,-0.0545,-0.67819,0.48192,-0.00689,0.67144,0.82035,1.41778,-0.4937,-0.65501,1.17697,0.0941,-0.42657,-0.99461,1.2568,1.7055,-1.26747,0.41062,-1.35984,0.21887,-0.95492,0.11965,-1.0426,1.06347,-0.61454,-0.20292,1.07198,-0.6128,0.27321,0.60934,-0.40193,-0.78577,-0.44496,-0.52731,-1.08575,0.94514,0.9046,-0.9653,2.58874,-1.12396,0.53263,0.57239,0.18085,1.09231,1.76692,0.03969,0.64813,-0.22806,-1.29729,-0.66063,-1.21742,2.5893,0.47497,0.03441,-1.64778,1.02732,-0.34176,0.46599,0.18027,-0.1031,0.11436,2.02759,-0.76853,0.99375,-1.63263,-0.8974,0.10428,-0.28465,-0.54238,0.85928,0.88263,0.09154,1.65073,0.8569,-2.2286,0.08453,0.28565,-1.73126,0.88559,-0.38868,-1.24893,0.0203,0.19973,1.04751,-0.27008,-1.30056,1.84132,-0.59107,1.29293,-0.46347,0.38267,0.21708,-1.02592,-1.03401,-1.53841,0.90523,0.74381,-0.34915,1.85385,1
0.08548,1.48425,0.81683,0.71699,0.24695,2.05834,-0.65007,2.05654,-0.23559,-0.05448,-0.5312,-0.96359,0.49113,0.12312,-0.27569,0.44185,-0.94917,-0.32465,-0.9038,-0.41505,0.50692,-0.4907,-1.79279,0.72431,0.50558,-1.7517,-0.51104,2.69142,-0.52065,-0.11937,2.39464,-0.21288,-1.39363,1.31337,0.26139,-0.12745,1.43944,0.25875,0.3764,-1.02355,0.25556,-1.58786,-0.39167,-0.33786,0.17285,-0.72274,0.24672,1.12743,-0.84842,-0.11829,0.8,-0.49996,-0.98501,-0.9785,-0.05598,0.76098,-0.74662,0.24798,-0.20672,-0.11041,0.22046,0.03945,-0.09789,-2.11447,0.98223,-0.18424,1.53258,-0.18715,0.02309,0.71497,0.71707,-1.02778,0.60424,0.55901,-0.0656,0.47744,0.36771,-1.88103,-0.08864,-0.18758,2.64533,0.08914,-0.00042,-2.20904,-0.01924,-1.15258,0.23261,-0.34775,-0.29141,-1.56158,0.06173,-1.69298,-0.04351,1.67229,-0.1791,1.35173,-0.90888,0.05634,0.78752,2.03928,-0.87454,1.86395,1.6942,2.109,-1.18508,-0.22347,0.25042,0.42151,-0.24249,-0.15187,-1.667,-1.64935,1.83235,-0.35369,0.74683,-0.57133,-0.29041,-0.65057,0.94702,0.35068,-0.26794,1.16395,0.56272,0.74863,-1.24393,-0.78982,-0.01768,-1.31977,-1.73981,-0.57327,1.5337,0.07432,-0.36628,0.00764,-1.31703,-0.27906,1.50349,-0.01916,-2.2037,1.80861,-0.09127,1.15763,-0.92967,0.11767,0.70857,0.75106,-1.03289,0.51212,-2.31858,-0.53621,-0.04028,-1.3129,-0.35311,-0.63874,-0.154,0.7917,-0.0066,-0.72409,1.29494,-1.37506,0.82743,-0.91895,0.76297,0.91376,1.08343,0.03806,-1.76727,0.4856,0.61042,-0.92257,-0.14553,0.24116,0.28868,-1.19543,0.44286,-0.83809,-0.42617,-0.16687,0.94037,-1.264,0
-1.03252,1.06743,0.1103,-1.31349,0.18595,-0.37952,-1.24935,-0.11566,0.29827,-0.85461,-0.93794,-0.62303,1.01534,-1.14973,0.33177,1.9084,1.21013,0.35293,-1.33962,-0.20339,0.1124,0.76002,0.44615,-1.09465,-1.59444,1.61519,-1.3462,0.18542,-1.14713,0.64672,-0.59728,0.07507,0.19676,-0.08762,2.67624,-0.29411,1.217,-0.5529,0.34075,-0.75441,1.04513,0.12015,0.82984,-2.17918,-0.91376,0.49424,-0.2899,-1.24124,-0.36504,-0.95512,1.54185,0.05311,0.06881,-0.8315,-0.31724,0.55659,-1.5644,-0.6963,1.00374,-0.0603,1.60656,1.26788,0.42973,0.84619,-1.56018,1.38279,-0.51948,-1.59053,2.14428,-0.89652,1.06909,0.53163,-0.96851,1.28787,-0.75226,-0.46645,-2.09915,-1.639,-0.04225,1.00784,0.44937,0.22896,-1.59635,-1.01697,0.29508,0.03877,1.9751,0.98295,1.36963,-0.63415,0.3419,1.55712,-0.15055,2.19649,0.23993,-1.47696,-0.8689,0.81068,-0.05104,-0.14392,-0.65221,-0.2381,1.83749,-1.23178,1.27693,0.09949,-0.18198,0.72361,0.46405,-0.09979,1.74151,-0.49913,0.02538,0.49634,0.87303,-0.24062,0.37206,0.14014,2.77973,-0.70902,-1.85425,0.03995,-0.90697,-1.4116,0.2206,0.21728,-1.35459,-0.43266,-0.76007,0.76731,0.75447,0.12506,0.05981,0.99895,-0.98158,-0.91756,-1.55801,-1.24198,1.09954,0.38197,0.56891,0.13111,0.66899,-0.62908,-1.06754,-0.80024,0.95125,-0.34085,-0.84364,-1.16457,1.26914,-0.42804,0.31697,0.58594,-2.07113,1.02316,-1.34503,0.60477,2.00361,2.33989,-0.59938,-0.45054,0.53287,-0.72288,-1.15502,0.73065,0.15067,-1.58632,-0.6596,0.04184,-1.13966,-0.76009,-0.19093,-0.86954,-0.62121,-1.50629,-1.8006,1.44781,2.27715,0.79953,0
-1.08596,-2.05431,-1.62773,-0.18974,0.22201,-0.1492,-1.52419,-0.84563,1.41398,1.35764,0.26632,-0.62938,0.71611,1.7897,0.5992,0.81467,-0.67981,0.64407,-0.04734,-0.05269,-0.11113,0.82424,1.6629,0.10078,-2.15933,0.71664,-1.28264,-0.55889,-1.11465,-0.39797,2.0447,-0.94661,-0.39195,-0.29646,-0.76582,0.3209,0.82564,-0.08862,2.38059,1.41734,-0.44986,1.03218,1.08988,-0.60016,1.1941,1.1301,1.30993,0.23494,0.88534,0.60684,-0.90799,0.06786,1.14914,2.20278,-2.01331,2.38745,0.4908,0.48101,1.58819,0.84437,0.5088,0.09536,-1.2846,0.63904,1.43236,0.08864,0.90135,0.32047,-1.71032,0.15929,1.08823,0.54353,0.67972,1.27311,-1.53255,-1.20113,1.32961,-0.03293,0.96541,0.59764,1.03867,0.49557,0.07487,-1.4432,-0.32734,1.33736,0.50859,-1.98624,-1.25145,0.66862,0.07606,-0.6404,-1.03195,0.65101,-0.92653,-0.94126,-1.02249,-0.11011,1.74255,0.67479,0.68858,-1.03674,0.90558,-0.36187,-0.46785,-1.13634,-1.0425,-0.16472,-0.50182,0.98276,-0.23456,-0.10592,1.27477,0.46058,0.24006,-2.435,0.00239,-1.14077,-0.53012,0.39013,-1.49456,0.82621,-1.24808,-0.27086,0.54391,0.91189,1.56581,-0.84728,-0.69638,-0.67841,0.09575,-0.00483,0.5555,-0.29543,1.35984,0.02942,-0.591,0.11243,-0.75908,-1.29959,0.6773,-2.97375,-0.50336,0.83263,1.56533,-0.33821,1.64509,-0.60906,0.11,-0.17315,-0.64149,1.68042,-0.58939,-0.34997,0.94511,-0.04735,1.45223,-0.2168,-1.16654,0.57107,0.01488,0.23892,-0.82071,1.39696,1.48791,-0.86986,0.20428,0.68766,0.3178,0.67936,-0.18186,-1.11879,0.27008,1.59417,-1.12814,0.91777,-1.5829,-1.42771,1.50293,-0.06306,0
1.25237,-1.67669,0.08899,0.00148,0.12042,-0.77498,0.46576,-0.02146,-1.29784,0.57196,0.47448,-0.12797,-0.47294,0.33041,0.76622,-0.40353,0.10463,-1.61315,0.01126,0.9916,-1.88563,0.3088,-1.75148,-0.07072,0.38878,-0.39429,0.5352,0.60681,-0.43536,0.92461,1.29252,-0.32972,1.518,0.18494,-1.10602,-1.07351,0.7524,-0.83674,-1.90855,-0.55988,1.03522,1.68766,0.02082,-0.10361,0.28307,0.12658,1.26599,-0.41052,2.33769,-1.09644,0.1615,0.74908,-1.3481,-0.26213,-1.07649,1.04983,-0.32256,-1.71622,-1.10308,-0.18668,-0.11512,0.94685,0.26971,0.44564,0.46921,0.0767,0.67105,0.88684,0.7219,1.90995,1.88389,1.97974,0.22838,1.80875,0.5872,0.1868,-1.45605,0.36458,1.28135,1.22723,-1.13029,1.19709,0.1698,1.14323,-1.32639,1.03139,-0.78842,2.39311,-0.03515,1.35803,0.63795,-0.82972,-1.42771,0.85924,-0.12542,-0.73933,-0.01756,0.2098,-0.34995,0.28174,-1.84758,1.07591,0.03485,-0.90102,0.61391,1.68037,0.29669,-2.97294,0.61854,0.43105,1.08458,-1.60106,0.52868,0.01233,-0.71122,-0.82934,0.21259,-0.08773,-1.05122,1.67697,-0.23947,0.87275,-1.95997,0.35132,0.63292,-1.40065,-0.04384,-0.08995,0.72787,-0.01219,-1.49143,-1.03501,-1.38447,1.08454,-1.10641,-0.71018,0.85842,0.04966,0.07671,-0.08381,0.24849,0.9386,0.59965,-0.85556,-1.43806,0.42479,0.42831,1.24575,-1.14486,1.31914,0.95698,-1.3237,1.52655,0.82773,-0.20957,0.02372,-0.69462,-0.67214,-0.62906,-1.86591,-0.25882,-2.01973,-1.81045,0.86253,0.40393,-0.87699,0.29318,1.20422,0.77631,0.55833,-0.80685,-0.61963,0.27335,1.08985,-0.95767,-0.25727,1.95096,1.52564,0.03135,0.09349,0
1.42685,2.41221,0.08882,-1.05278,-0.13331,0.78846,0.76532,0.28939,2.16461,0.07202,0.3567,-0.63735,0.66876,1.22387,-1.15261,0.83137,0.64506,-0.34541,-1.26638,0.18051,0.21541,1.18914,-0.34125,2.57781,1.7484,-0.59432,-0.15241,-0.11164,1.3525,2.70447,-0.05037,-0.26951,2.00786,-0.89789,2.49136,1.08598,-1.07345,0.0552,1.04897,0.09279,0.02695,1.3584,-1.85766,-0.55809,0.77094,-0.70126,-0.76131,-0.78493,0.9217,-0.59487,-0.80374,-0.01119,-1.39211,0.16782,-0.13704,0.0097,-0.26113,-2.00203,0.07668,-0.68577,0.71623,-1.46455,1.69027,0.09395,0.88156,-2.30584,0.56962,0.48406,-0.62915,-0.26266,0.54873,0.39261,-0.71564,0.43989,-1.46271,-0.23328,-0.81166,1.13903,0.84008,0.6948,-0.92555,0.29599,-1.04719,1.1301,0.7722,-1.11502,-1.1345,0.75181,0.21752,1.49892,0.5743,1.59752,-1.26837,0.71887,-0.0754,-0.13308,0.63882,0.1023,-0.40404,0.14467,0.6485,0.79692,0.72172,0.87185,0.30998,-0.40617,0.1336,-0.00962,0.88992,0.23449,-0.75192,-2.09332,0.87491,-1.23672,-1.68607,2.05603,-1.1442,-0.20978,-0.17868,2.98516,-0.68357,-1.09777,1.144,-0.03718,-0.93268,-1.35744,1.1846,1.62059,-1.39056,1.73609,-1.50762,-1.37918,-0.5238,-0.94772,-0.22068,0.18205,0.51763,0.8669,0.98931,0.3427,0.56491,-1.12593,0.522,0.51984,-0.61871,0.4031,-0.73377,0.15354,-0.4462,-0.40277,1.47735,0.80841,-1.07386,-0.52902,-0.49532,0.78216,-0.27827,-0.69849,1.42672,0.77483,-0.73105,-0.06181,-2.73436,-2.73293,0.76078,0.57733,-1.47897,1.27628,-1.23409,1.59719,1.35095,-0.25877,-0.30456,0.25055,1.73492,0.04394,0.55989,0.57948,-0.44658,-0.35789,1
0.61129,-1.25846,0.49309,-1.31078,-1.9443,-0.47877,1.50827,0.33711,0.79667,-0.27076,-1.99189,0.68138,-0.42111,1.00678,-0.19932,-1.22669,0.96067,-1.13183,-0.96464,-1.63347,-0.0163,0.74829,1.52555,-1.75463,1.61825,-0.62508,-0.542,0.17413,-0.44464,0.08492,-0.0866,-1.07218,0.1815,0.19289,0.59494,-0.10278,0.70012,-0.74753,-0.6481,-1.14518,-2.09621,1.58758,0.23096,0.95669,0.75286,-0.6044,-1.40874,0.70665,-2.0218,-0.70007,1.25655,-0.25308,1.03215,0.72896,-0.49624,-0.3535,0.76157,0.55132,-0.86112,-1.454,0.80978,0.11998,-1.13991,-1.61684,-0.74147,-1.40869,-0.38519,0.52312,2.11585,-0.3559,-1.82967,0.18691,-1.02468,-0.78556,1.27939,-0.58433,0.16876,-0.43928,-0.06495,0.82219,-0.09905,0.427,0.95767,-0.05633,-0.84265,-0.59023,0.16537,0.14587,-0.7439,-2.1538,0.13367,1.67577,-0.20929,0.5407,0.41066,0.87354,0.55323,0.49894,-0.44378,-2.04682,-1.23019,-0.61373,-0.73042,-1.45781,-0.00759,0.32711,1.5162,-0.55111,-0.82807,-0.69512,0.44127,-0.54419,0.34633,-1.47214,1.56284,-1.01866,-0.33307,0.38725,0.89495,-0.28423,-0.97227,-0.62946,1.19767,-0.37474,0.51271,0.26445,2.22038,0.74958,-0.44749,2.21639,1.05329,0.89638,2.65289,0.12027,0.02194,0.06067,-1.47131,-1.32899,1.98087,-1.38942,0.27382,1.35696,1.30303,0.39139,1.62259,0.64278,-1.65831,-2.4199,-0.28568,-0.26271,0.05849,-0.10078,-0.31308,-1.25342,1.77307,-0.05395,-1.02857,-0.14745,0.12292,-0.9332,1.16875,-1.43516,-0.74975,0.17234,0.34005,0.40357,-1.69332,-0.43309,1.04938,0.5197,0.78089,1.35746,-0.46948,0.06337,-1.34247,-0.50617,-1.00789,-0.91393,1.06429,-1.06656,1
-1.7335,-0.71266,0.10958,-1.20024,0.77879,-1.78217,-0.35104,1.9729,-0.67873,0.18401,0.88523,1.29432,1.3306,0.04872,-1.21219,-0.3614,-2.29657,1.51383,-0.12515,0.23995,-1.69274,0.8109,0.05505,0.99072,-0.68645,-0.90539,-1.79489,-0.9359,-1.48222,0.37822,-1.85179,0.76914,-1.86351,-0.32963,0.94666,0.09821,-0.98541,1.41028,0.42498,1.38427,0.67034,-1.43115,-1.2956,-1.06507,0.08731,-0.5149,0.60528,-1.4444,-0.90325,0.18543,-0.32191,0.57628,0.09948,3.05851,0.14919,0.00121,-1.63434,-1.12016,-1.24985,-0.89678,1.58029,-0.23797,-0.78631,-0.04886,0.84028,-0.51384,0.17482,1.75441,0.52671,-0.29874,-0.33303,-0.97129,1.53833,1.17131,0.68086,-0.49991,0.13325,-0.3996,0.55726,1.4148,1.69125,0.02393,-0.73665,-0.33945,-0.56889,1.17766,-0.65919,-0.9023,-0.67658,0.39797,0.02779,1.60606,-3.51761,-0.0643,-0.53298,0.2477,0.74198,-0.46321,-0.21136,-0.85523,-0.063,-1.45448,1.54958,0.67076,-1.00158,-0.03267,-0.99508,-0.16446,0.56139,0.02084,0.44845,0.18791,1.36842,0.9872,0.93593,0.11703,-1.03051,0.25951,-2.23941,-0.04593,1.04765,0.70245,-0.93409,0.46856,0.08719,0.01389,1.15652,-0.02224,0.1475,0.08134,0.93127,0.02127,-1.74584,0.12373,-1.31221,2.19587,1.0072,-0.02691,-0.47963,1.96789,0.35489,-0.66598,-0.84984,-1.18402,-1.63655,0.5363,-1.06929,-0.29003,0.6399,-0.42001,1.01404,-0.42224,1.23986,-0.14618,-0.92234,0.58931,0.51053,1.22884,-1.39206,-2.06783,0.03032,1.5991,-0.23661,0.728,0.70654,-1.39205,-0.36074,-0.61852,0.90717,-0.77814,1.19356,1.80139,-0.42223,-1.19096,0.44344,0.10378,0.48448,-0.22345,-0.84874,1.24624,0
-0.6047,-0.663,-1.94455,-0.83384,0.11563,0.19049,1.63798,2.24756,1.13096,1.81266,1.78134,-1.50722,0.32369,-0.37021,-0.32901,0.61569,2.07847,0.3516,-0.03604,-0.40482,0.51988,0.14174,0.59797,-1.45397,1.18476,-0.02814,-0.17372,0.56021,-0.71248,-0.05003,-0.79008,-1.78011,-0.6826,0.27518,-0.23924,-1.14255,0.34331,-0.0806,0.8062,2.98082,0.62486,-1.32496,0.24546,0.58076,1.21193,0.12238,-1.13611,1.15748,0.36661,-0.3319,0.79862,0.47007,1.2218,1.03434,-1.68642,-0.48971,-0.39726,-0.03383,0.85099,-0.20757,1.72536,0.39603,1.83011,-0.3741,-0.04476,-0.28314,-0.44721,-1.1268,-0.50734,-0.9138,-0.1841,1.28193,1.13495,1.46216,1.09995,1.86614,0.12667,-0.01624,-0.88263,-0.60145,-0.03344,2.20159,1.29896,-1.01185,-0.24321,1.62418,-0.17477,-0.23129,0.51281,-0.30225,-1.13688,1.26041,-0.74577,0.40663,-0.44279,1.56463,-0.39332,-0.69335,-0.98637,0.12416,1.20342,-0.34456,0.47138,-2.65402,2.00395,-0.33304,0.43689,-0.5202,-0.63435,-0.25473,-0.48225,0.4345,-0.58416,-0.29052,1.14733,-0.66903,-1.9967,-1.32814,0.47782,-0.10945,0.59502,0.92958,-0.80871,-0.05099,-0.85711,0.83614,0.45363,-1.28349,1.19075,0.3126,-0.37489,-0.8136,-1.592,1.26892,-1.07532,0.38372,1.24011,0.23183,-0.21611,1.82153,0.14605,-0.47457,-1.27184,1.81968,0.18799,0.28785,0.23553,-1.44777,-0.54714,-1.83467,-0.28582,0.57518,-0.96144,-2.24366,-1.3342,1.40032,-0.22146,0.97701,-1.27576,1.12522,0.59457,-0.45959,0.05037,-0.6112,-0.09869,-0.70504,-0.653,0.44752,-1.82663,-0.50651,0.87902,2.26962,-0.6488,1.42568,-1.35701,0.14215,-0.53599,0.58182,-0.5581,-1.36913,1
0.63859,-1.58844,1.88653,-1.65743,-0.85037,0.49993,0.43869,1.06123,0.32701,0.14591,-0.86655,-1.0724,1.07612,-1.24757,-0.79934,1.20761,0.58623,1.35227,0.17644,-0.96696,-0.15105,-1.22734,0.65571,2.27437,-1.10998,1.83936,-0.9547,0.60427,1.5223,1.79823,1.28856,0.32964,1.56169,0.75289,0.72994,-2.25885,-0.72368,-0.94236,0.64981,-0.587,-0.39647,0.1596,0.32024,0.55658,0.52252,1.98123,0.56612,0.58643,-0.74243,-0.52197,-0.54645,1.32438,-0.11503,-0.30344,-1.33188,-0.13173,-0.87383,-1.24073,1.71334,1.37293,0.93051,-0.84377,1.33491,0.21111,-1.00422,0.31558,0.94388,1.12887,1.17292,-0.86948,-0.66334,-0.06574,1.35611,0.38888,-0.7734,-0.26319,0.80839,-0.4648,0.11602,0.79821,-1.08938,2.03498,-1.10494,-0.01384,0.11003,-0.81823,-1.76188,-0.97382,-0.36229,1.41631,1.36495,0.38979,0.66755,0.72356,0.13986,-1.13805,-0.30554,1.47189,-1.35361,-1.38544,-0.83898,-0.02676,-0.65933,1.13746,1.05202,-1.36208,1.48433,-0.76126,0.01655,-0.32882,-0.09232,-0.61538,2.51496,-0.29827,-0.39057,1.07749,-0.48715,1.47656,-0.81832,-0.21477,1.25068,-0.69918,2.37481,0.802,0.34735,1.1777,0.9547,0.22106,2.76845,0.91757,0.22128,0.46724,0.32513,0.95286,-0.52168,0.63018,-0.1232,-0.17384,0.93038,2.01348,-0.23596,-0.79145,0.64131,-0.61864,0.48011,1.04657,0.54549,-0.31985,0.8271,0.70628,-0.80571,-1.32558,-0.317,1.63054,-0.40238,0.37208,-0.69596,1.31761,1.08781,-1.40996,-0.05254,0.36806,2.27901,-0.11891,-0.5814,-0.25559,0.50353,1.32817,-0.52662,-0.19479,-0.68276,1.99257,0.48706,-0.10448,1.04942,-1.69218,-0.59792,-0.48391,0.3352,-1.05448,0
-1.0286,-1.85483,0.97899,-0.83198,0.71902,0.16797,0.52006,0.4103,-1.00152,0.42245,-1.91228,-0.32046,-1.40375,0.34898,-0.30344,0.44122,1.40865,0.97251,0.97686,0.74273,0.07029,-1.71058,-0.41044,0.11112,-1.30952,1.44597,1.48926,0.28992,-0.08972,0.39529,-0.11224,-1.87417,0.18772,-0.11839,-0.64718,-0.99009,-0.37224,-0.73479,-0.55116,0.04051,-0.15407,-0.69531,-0.82246,1.35078,0.21367,0.40836,-0.72874,0.86997,-0.23718,0.63756,-1.06271,-0.86784,-0.91496,-1.49042,1.66715,0.43694,-1.08244,0.84922,0.87399,0.58453,1.84779,-0.24192,-1.12913,-1.21774,0.47792,-1.79906,-1.55476,1.11916,0.0391,-1.0562,-0.55048,0.8091,-1.42649,-0.63628,0.57038,1.99955,0.51282,1.18669,0.37781,-0.18241,-0.45057,1.45022,2.21337,0.19098,0.18417,-0.17904,0.8082,1.49675,0.16373,-0.25895,-1.31065,0.30259,-0.01537,-1.42105,1.08704,1.16561,-0.28702,-0.47911,0.83052,-0.69429,0.84499,0.42854,-1.21087,-0.34465,-2.06898,-0.03826,-0.68002,1.2984,-0.34613,-0.81386,0.53395,-0.67713,0.14602,0.68937,2.21235,2.03505,-0.3791,-0.01735,-0.6389,1.07995,-0.60868,0.55275,-1.06562,-0.78459,1.38801,-0.36048,-1.04492,1.0353,0.30396,1.53733,-0.19988,-0.81116,0.14722,-0.80249,0.74623,1.82686,0.99377,-0.96976,0.02203,1.92686,-0.38562,0.82657,0.13541,-0.07207,-0.89099,0.30437,-2.29576,-0.37898,1.21147,-0.43632,-0.13889,-0.65398,0.95538,-0.55357,-0.54295,0.82191,-0.76985,0.94939,-1.24365,-0.93345,0.57001,-1.29855,-0.93242,-1.44305,-1.55531,-2.04425,-0.41614,0.87795,0.65221,-0.48039,1.19261,1.15624,-0.7068,0.50071,-1.65716,-0.08836,0.9201,0.1032,0.68521,-1.36198,1
0.62579,0.08181,-0.51,0.42194,-0.58813,-1.21374,-0.26317,1.60444,1.61745,-2.31889,0.10448,1.6883,1.49524,0.59799,-0.28181,0.76292,1.2861,-1.39793,-2.08303,-0.06455,2.27551,-1.622,-0.313,-0.94551,-0.67049,-0.75224,0.86507,0.75309,-1.04986,0.25922,-0.58042,1.00233,0.04035,0.93148,-0.23839,-0.80804,-0.73673,-0.75127,1.01314,-0.23824,0.27868,-1.27443,-0.72317,0.27598,0.81034,1.14895,0.16808,-0.19338,0.51246,-1.53551,-0.48256,-1.61181,0.21879,-0.42486,-1.45571,0.77685,0.10906,0.42286,-2.72538,0.58364,0.90029,0.07694,-0.39848,1.51008,0.63357,-2.12975,-0.07418,-0.20294,-0.90945,0.79956,-1.19832,-0.76096,-0.43346,0.1614,-0.15797,-0.81478,-0.69915,-1.021,0.73493,-1.17321,-2.7501,-0.59715,-1.00734,1.4663,-0.21093,-0.24322,-2.11549,1.00419,-0.35262,-0.63427,0.74655,1.47914,-1.02853,-0.94565,0.08892,-1.16022,0.7173,-0.01812,0.79961,-0.3627,1.18677,0.96382,0.58856,-0.47466,-0.07674,0.96751,-1.29964,-0.45547,-1.85715,0.76281,1.35522,-2.0056,0.18042,-1.04052,1.34169,1.39604,-0.59549,-0.41934,1.64389,-0.24644,0.7562,0.43874,-0.78605,-1.13141,-1.19886,1.28201,0.19632,-0.12777,-0.69907,-0.44631,2.10699,-0.28396,0.56134,-0.11011,-0.10207,-0.55524,-0.14379,-0.25695,-0.94905,2.11702,-0.99595,-0.49543,-0.61456,0.66811,1.02875,-0.53587,-1.52548,0.00944,0.45244,-0.26849,-0.47759,1.40187,-0.8758,-1.13832,0.25915,-0.69173,-0.59157,-2.04218,-0.62117,-1.90758,0.33333,-0.616,-1.32571,0.74112,-0.93495,-0.72183,-2.74023,0.38893,0.4508,-0.79856,0.24557,1.13443,-0.82304,0.82989,-2.00153,-0.07683,1.40148,-0.48027,-0.94159,0.39933,1
-2.0237,-0.26393,-0.49781,-1.39833,-0.32262,1.84773,-0.20065,-1.32907,-1.05697,-0.34419,-0.25398,-1.17446,-2.48915,2.1527,1.00692,-0.20296,-0.06215,1.77722,0.72448,-0.11773,1.26265,0.87439,0.06407,0.51901,0.90335,-0.09303,2.53451,0.46655,0.7063,-1.53343,-0.7514,0.52265,0.57299,-0.99837,-2.05618,-0.57995,0.05229,0.077,1.07928,1.01971,-1.01803,-0.40678,-0.53926,1.88754,-1.33521,2.08079,-0.42391,0.62868,0.28368,-0.4024,1.60867,-0.34631,0.39899,0.83117,0.52274,0.03198,0.21192,0.81949,-0.04985,-1.53637,-0.45506,-2.23782,-1.4155,0.34782,0.82455,0.11735,-0.15415,0.63026,0.65507,-0.3308,0.20407,-0.43314,-1.1287,-0.06335,-1.41713,-0.5671,-1.24731,0.71825,2.32474,-0.86081,0.13434,-0.68775,-0.56543,0.84475,-1.34909,-0.90913,-0.07969,0.62857,-1.66669,0.26023,1.14533,1.33265,1.90394,-2.29907,0.39729,1.3602,1.70272,-0.82075,-0.26052,0.79194,-0.077,0.94397,-1.89006,1.56204,1.82152,-0.39884,0.48773,0.64736,-0.54489,-0.97418,0.0966,0.11934,-0.70958,0.21899,-0.60152,0.96324,-2.989,-0.03251,0.54337,1.74782,-1.56336,-0.27593,1.82128,0.2664,2.0214,0.02912,-0.89857,1.04196,0.11187,-0.20822,-0.3542,0.13936,0.69153,1.72558,-0.45793,0.10945,0.45496,0.73623,0.08495,-0.04985,0.07754,0.15703,0.65653,-0.22111,0.28273,-0.04476,-0.84838,-0.83084,-0.58716,0.017,-0.25245,0.90205,0.7008,0.43404,1.97241,1.85768,-0.14828,-0.23485,-1.29979,-0.34928,0.15984,-0.00598,0.97551,0.31795,-0.81459,-0.50359,1.02913,-0.24826,0.15627,-0.5579,-1.3574,0.73238,0.53998,-0.11142,-0.67865,-1.57264,0.01501,-0.49259,-0.24376,1.67781,1
-0.65531,-0.49242,-1.59505,-1.35833,0.06085,-1.00418,-0.59475,0.80816,0.51034,1.1332,3.56699,0.21412,-1.19115,0.75881,0.10061,0.46682,1.13296,-1.49032,0.8375,-0.43175,-0.80415,-0.86103,-0.72375,-0.50905,-0.83023,1.39275,0.41995,1.51179,-0.50333,2.2056,1.29325,-0.22235,-0.82173,-0.02165,-1.17317,-0.76203,1.19839,-0.92985,-0.77271,0.53211,-1.26069,-0.63036,-1.40927,0.35523,0.15645,-0.60372,0.97623,-0.64005,0.27872,0.20491,-0.71636,-0.08834,2.14153,0.54599,-3.35838,-0.90513,-0.14989,0.73303,-0.01318,0.10016,-1.72979,0.87789,-0.89887,0.3158,0.09089,0.88729,-0.83304,0.51351,-0.87829,0.95578,1.40176,0.38027,-0.31163,-1.57444,2.14809,-1.22612,-1.83915,-1.78347,0.56966,0.69542,-0.91963,0.301,0.42513,-1.29655,0.41116,1.5303,-0.45942,-1.00457,-0.08435,1.43938,0.68273,0.79743,1.087,1.52395,0.48545,-0.27401,1.67076,-1.80717,2.12134,0.30908,-1.03374,-0.51434,-1.08852,1.79325,1.02683,0.29399,0.34422,-1.49931,0.60384,-0.41745,1.59269,0.85346,-1.91596,0.8655,-0.51479,1.65595,-0.55775,-0.0339,0.95713,-0.81708,0.66247,0.16444,0.38279,-0.17797,1.92131,1.36913,-1.07235,0.45778,2.41669,-0.9399,1.3956,-0.76948,-1.83728,-0.64969,1.12576,0.88834,0.58354,-0.1942,0.34844,0.71547,0.56872,1.00411,-0.22974,-1.20866,-2.50558,0.9258,-0.59622,1.32656,-0.18318,-0.85556,-0.04585,-0.12072,1.20744,2.13739,0.69674,0.92121,0.35167,0.44662,2.1555,1.33332,0.08282,-1.3274,-0.34585,-0.79464,-0.79344,-0.36479,-0.40339,0.19141,1.46239,1.20913,0.62297,0.24461,-0.68187,-0.35148,-0.78838,-1.84795,0.47699,-0.58327,-0.92376,-0.12057,1
0.70798,-1.17158,-0.11711,-0.01483,0.01767,-1.08209,-0.1333,1.73213,-0.95875,-0.06019,-0.55132,-0.95452,-1.27354,-2.2416,1.30653,-0.65206,0.232,-0.23868,-1.80131,-0.09132,0.39119,0.41431,-0.92789,-1.3693,1.20361,1.19137,0.8277,0.43058,1.17557,0.10148,1.4717,-0.10525,-0.72707,0.46523,-0.75475,-0.10747,0.71006,-0.80014,0.32363,1.52113,1.18196,1.19911,-0.49604,0.55821,0.46559,0.51707,0.0214,1.94974,-0.6686,-0.926,-0.89577,0.00152,-0.32357,-0.11594,1.24955,-1.15901,-1.47357,-0.68108,0.28865,-1.24243,-0.01356,-0.57676,1.3428,-1.01796,0.58157,-0.10526,-1.16574,0.66274,1.13997,1.3875,-0.75549,-2.0735,0.41484,-0.4077,-0.30696,0.30307,-0.30722,0.1802,1.88669,-2.39541,-0.59648,-1.24141,0.94352,-0.68836,1.13356,1.70493,0.58326,-0.23936,1.82756,0.34947,-0.13662,-0.00549,0.20236,0.00384,0.42472,0.01019,-1.23602,-0.27044,-0.6061,-0.44033,0.32501,1.69824,-0.07917,-0.95195,-0.47002,-0.22387,0.26892,0.8636,-0.18648,-1.46264,0.14599,-1.03727,0.15938,0.33993,-0.6476,0.34329,0.14604,1.36489,-0.68565,-0.574,0.94986,1.42565,-0.15092,-0.34554,-0.51141,-0.97904,-1.35463,0.01333,-0.98087,0.14662,-0.10487,-0.32535,-0.26675,-0.07469,-0.38391,-0.78557,0.38814,0.17235,-0.20267,0.24518,-2.09987,-0.15959,0.36963,-1.93057,-0.56152,-0.00595,0.00511,0.33887,-0.18285,-0.41029,-0.10705,1.1487,-0.53337,1.24451,0.03714,-0.28875,0.11705,0.21474,-0.8033,0.40817,-1.04629,-0.20481,-2.11618,0.31266,0.10591,-0.42532,-1.0837,-1.42915,-0.00134,0.37465,-1.65074,-1.17732,-0.83342,-1.09036,1.57125,0.09933,0.74528,0.64503,-1.6181,-2.1089,0
-1.32533,0.26457,0.25414,-1.92979,0.91815,1.28297,0.6005,1.89461,-1.65197,0.64289,-0.45068,-1.60902,-0.12075,-0.32769,-1.39257,0.07712,0.31277,1.66712,1.45406,1.75859,0.63321,-1.02109,-0.65564,0.11516,-0.71284,0.49613,0.05565,-0.03717,-0.79967,1.75664,-0.47787,0.72842,1.42589,0.02369,-1.4776,0.84041,0.61518,1.33182,-0.32431,0.9418,0.93634,0.543,-1.28023,-0.99067,-0.73577,-1.3382,-0.33863,-1.02275,0.20307,-0.56516,-0.49179,0.41261,-1.83183,1.32509,0.94118,0.91375,-1.62476,0.62958,0.24254,0.56673,0.94003,0.45366,-0.4511,-0.28611,0.15128,1.30463,1.1246,0.5318,0.19096,1.19788,0.12237,-0.59589,-0.62179,-1.30773,-0.01124,0.5201,0.0914,-1.69334,-0.8199,-1.44487,-1.59282,-0.40464,1.40528,-2.39025,0.60119,0.48768,-0.33737,0.55464,-1.5323,0.49553,-0.64112,-2.19006,0.97544,-0.08082,0.94793,-0.5776,-0.36205,-1.33735,1.56044,0.18479,1.17282,-0.81418,-1.38673,-1.1859,1.61799,-1.62883,-1.81633,-1.06524,-0.88346,-0.26272,0.36717,0.54188,-0.23102,0.60544,0.32274,1.32071,-0.07042,1.39377,-0.72435,1.01734,-0.01934,0.33205,0.88873,0.76726,-0.99483,-0.76675,-0.36258,-0.02951,-0.96043,0.07827,0.87058,-0.88649,1.57358,-0.20826,-0.20862,0.79162,0.31189,0.73212,2.4168,0.30032,-0.69382,-0.52272,-0.25449,-1.0084,0.24777,0.56199,0.02853,-2.66799,-2.44153,-0.41186,-1.26544,-0.14704,-0.12287,0.04159,2.19995,0.98752,0.3027,0.12498,0.32381,-0.00761,1.13396,0.94884,0.70571,-1.79836,1.64929,-0.5614,1.25516,0.65555,0.84117,-0.24093,0.13379,-0.14686,0.86336,0.18055,0.81057,0.22158,1.23939,-0.36042,0.09928,0.6108,0
0.08028,1.32762,1.58864,1.29189,-0.22811,0.15336,0.71067,-1.64916,0.78788,-0.28275,-1.62716,0.82289,1.87214,0.9752,1.95662,1.13209,-1.49858,1.99676,-1.94726,-1.52229,-0.63893,-0.59073,1.07701,0.33572,-3.21317,-0.23995,-1.5607,0.42052,0.2998,2.75853,-0.18579,0.75763,-0.33879,1.19878,1.40329,-0.38101,-0.16268,-0.25418,0.36042,0.19984,0.64505,0.36137,0.43958,-0.4201,0.54979,-0.84326,1.30136,2.76248,-0.19857,-0.63855,-0.06272,-0.84914,-0.3702,-0.90801,0.3373,0.14927,-0.79446,0.50438,-0.94107,0.36465,-0.84226,-1.36978,0.74916,-0.38674,-0.3214,-1.41294,0.2929,0.6127,1.86982,-0.42438,-1.03621,-0.34827,-1.85097,1.095,0.07012,2.00578,1.51554,1.2916,0.68463,1.30501,-0.5632,1.279,0.84749,0.77231,0.69605,-0.53549,-0.42226,0.75504,-1.05959,-0.28206,0.8584,-0.29086,-0.52837,-0.49535,-0.851,-0.71545,0.70934,0.18371,-0.20411,-1.38233,-1.04076,-2.20439,0.04828,0.39902,-0.30044,2.72597,-0.14488,-0.20984,-0.2303,1.93659,0.25811,-2.30916,-0.71894,1.40539,0.51059,-0.88979,1.61493,2.19125,-0.31005,0.1411,-1.32938,1.30539,0.6579,1.9739,-1.01732,0.76611,-0.1509,0.34253,0.12737,-0.10034,-1.21514,-0.9332,0.31994,0.48781,0.81222,0.22801,0.22149,-1.66691,-0.71765,-0.46756,-0.10162,-0.45342,-1.08893,0.42023,0.44179,0.22836,0.31403,0.72419,-0.54779,0.02388,-0.4663,-0.68608,-0.79099,0.27155,0.45725,-0.37981,-0.46127,0.04224,0.72019,-1.90628,-0.56083,-1.03924,0.59582,1.09314,0.98644,0.63543,-1.0865,-0.66628,1.25913,0.31763,-0.81708,1.31051,0.10122,0.41372,-1.73103,1.64225,-0.00036,-0.17812,-0.82104,-0.40325,1
-1.36097,-0.17109,-1.1487,-1.94111,-1.00286,-0.10923,-0.12817,0.60241,-1.02184,0.15287,0.23621,0.94858,-0.09297,0.64733,0.57686,0.03532,-0.65656,0.02928,-1.46157,0.43558,-0.8652,0.10403,-1.84302,1.31812,0.47782,0.00487,-0.65233,1.32308,0.78763,-0.56774,-0.7855,1.29455,-0.49839,-0.52816,1.20419,-0.38196,-0.22635,-0.29019,0.74357,0.16002,-0.62245,-0.64773,0.27632,0.45457,-0.26533,0.42761,1.06441,-2.05418,0.16248,-0.25659,0.51287,2.09353,0.49255,0.80416,0.57039,0.43237,0.43636,0.07146,1.07468,-0.69901,-0.02844,0.02895,-1.17795,-0.11707,1.28462,-0.02993,-0.4086,-1.41671,1.15861,-0.88983,-0.5204,-0.03194,0.82273,-0.65273,-0.80208,0.33806,-0.03306,0.0876,-1.07796,1.344,0.45839,0.15017,0.19324,-1.60767,-0.68221,-1.80442,-1.66799,-0.0701,0.45335,-1.14688,1.22236,1.49477,0.67035,2.15272,1.00075,0.62151,0.29007,-1.64845,-0.60184,0.05337,0.4051,-0.31002,-1.36435,0.43129,1.39819,0.49315,-1.07506,-1.10232,-0.66119,1.0973,-0.38538,-0.22872,-1.56035,-0.18398,-1.14336,0.48138,-0.27614,-0.49597,0.78463,0.69446,-2.08716,-0.31121,0.50872,1.39891,1.03412,0.9348,-0.99474,-1.15184,-0.58158,-0.38365,-1.72625,1.25617,-1.22842,-1.72785,-0.97846,-0.83289,-0.26934,-0.3472,0.55769,0.65455,0.95091,2.58714,0.95512,0.03756,-0.05737,0.44416,-1.26982,0.70188,-0.77987,2.40722,-0.69746,-0.94184,0.24738,0.44753,-0.43367,-0.16647,0.65867,-0.16954,-0.29231,-0.09522,-0.461,0.15626,-1.28775,-0.12518,-0.40774,-0.51522,1.20569,1.09729,-1.37137,0.5765,1.3319,-0.79363,-0.64461,0.91176,1.1587,1.54387,0.23103,-0.76489,0.45219,-1.15919,1
0.32264,-1.51127,-0.40943,1.80211,0.47488,0.17555,0.64885,-0.41999,-0.20134,-0.48334,0.96496,0.85435,-0.29529,0.61022,0.0052,0.80661,-0.0909,0.36507,-1.05397,2.34645,-0.25767,-1.06095,0.5866,-1.00571,-0.58775,-0.25993,-1.24831,-0.14117,1.54674,-2.83372,1.54286,2.97448,1.73839,-2.28307,-0.56431,-0.04596,0.18296,-0.27421,-1.23747,-2.11416,-1.33477,0.97956,1.15091,0.8971,-0.73042,0.56768,-1.58289,-0.55464,-0.92536,-0.7631,-0.48651,1.69246,-0.22623,1.02425,0.77568,0.38997,-1.13167,0.27019,0.49654,0.48289,-0.57926,-0.06063,0.11162,-0.2964,0.04217,0.20619,0.10173,-0.55769,3.23589,-0.07561,-0.56328,-0.27418,-1.21182,0.82104,0.76329,-0.22367,1.40637,1.20985,-1.46061,0.21909,0.74569,1.94342,-0.87445,-1.10707,-0.67392,-3.00319,2.42605,-0.38474,-1.75972,-1.52739,0.00507,-0.03422,0.7951,-1.09779,0.48576,-0.52141,0.21233,-0.46603,0.59228,-1.09407,0.97807,-0.31511,-0.76103,1.27283,-1.79962,-1.00797,-1.18662,-0.83654,-0.17052,0.16491,-1.57471,-0.64073,0.00757,-1.39311,-0.35048,0.5459,-0.94578,0.67424,0.21198,1.10278,-1.90655,2.16922,0.154,-0.31152,-1.27202,0.50804,-0.00198,-0.83786,0.12466,-0.58506,-0.21779,-0.17648,-0.16932,1.15934,0.66219,-1.31901,0.86997,0.46713,-0.62155,0.72645,0.84432,-0.68219,0.88134,-0.95213,2.04073,0.64335,-0.50981,-0.8219,0.68198,0.27015,0.39734,0.97788,0.04417,-0.2355,-1.26512,-0.03481,-1.5074,0.48305,-0.22292,-0.61888,-0.0116,0.36705,-1.14337,0.31187,-1.58552,-1.01485,-0.4359,0.579,0.77382,-0.1711,-0.14281,1.07023,0.30782,0.16638,0.39402,2.17976,-1.09467,0.01927,1.45766,0.199,0
-1.07412,0.04916,-0.29476,0.19798,0.42842,0.53902,-0.06669,-0.4992,0.48884,0.85636,-0.36197,-1.07472,-1.42388,0.23605,-0.59686,0.49477,0.47658,0.8408,-0.06334,0.31798,-0.5646,0.49742,0.92069,0.82717,1.36489,0.3062,-0.75219,-0.18665,-0.97565,2.02619,1.48373,-0.45769,-0.15753,0.75041,0.5173,0.09618,0.79115,-1.27069,-0.24008,1.32418,0.92075,-0.09586,0.76595,1.73412,0.97797,-0.72166,0.37208,-0.1832,-1.0129,-0.57127,-1.21256,0.23286,-2.4012,0.00089,0.46168,0.05573,0.30247,0.24304,0.90979,-0.49967,-2.08148,0.16114,0.01138,-2.13888,-0.64487,-0.47301,-1.67359,0.74388,-0.92182,-0.52922,0.04943,-1.45681,-0.50662,1.14231,0.36095,-0.16558,0.18251,-0.92018,-0.23408,-0.32615,0.92316,1.95683,0.69107,0.60961,0.20613,-0.71193,1.90401,-0.23302,-1.56998,0.43216,0.87424,-0.58026,0.87271,-0.97521,1.54071,1.49836,0.22687,1.40478,-0.1522,1.28284,2.2406,1.12051,-0.33008,-0.61604,2.04124,-0.13661,0.3659,-0.94728,-1.52163,-0.52568,0.11548,-0.84666,-0.19347,1.06743,-0.33925,2.35889,-1.72953,-0.79257,0.10168,0.77931,2.07488,0.32482,2.36365,-1.06801,-0.49764,1.46844,-0.43328,-1.27723,1.03885,-0.44453,-0.23257,0.31639,2.00699,0.87296,0.54279,1.55097,-0.11419,1.6224,1.72297,-1.74244,-0.35646,1.33791,0.80788,-0.95945,-1.06613,-1.17362,1.58169,0.46381,1.29788,1.7237,0.30178,-0.65372,0.60965,-1.38167,-0.70272,-0.23308,-0.7407,0.12131,-0.89958,-1.60852,0.54242,-0.27124,0.59947,-0.25893,-0.94388,-0.14802,0.65831,0.17198,0.34506,1.63511,-0.80353,0.88779,1.49043,1.00056,0.5965,0.67248,-0.20285,0.83412,1.23137,0.66914,1
-1.29095,1.77402,0.1262,-1.11078,-0.02444,-0.60377,0.02398,-2.11892,-0.47668,0.56401,-0.60345,-0.1576,0.2362,0.4771,0.52326,-0.74916,0.95381,3.31775,0.35244,0.45708,0.72002,0.92891,0.97706,-1.36789,0.88499,1.15249,-0.62899,-1.68631,1.8292,0.23318,-0.18416,-0.30515,-0.5117,0.15864,0.02541,0.13885,1.32957,0.53281,-0.17903,-1.11916,-1.51914,0.42876,-0.57746,-0.38301,-0.33732,0.309,-0.28511,0.21296,0.30386,-0.76244,0.98963,-0.28862,0.68303,0.20689,0.35409,-0.28158,-0.50676,-0.13509,0.08051,-0.91534,-0.69832,0.3562,-0.52577,-1.48455,-0.61918,-2.43603,1.46589,-0.97152,1.99037,0.20122,-0.89445,0.27849,-0.81139,0.06158,-0.09527,-0.34199,-0.11398,-0.04912,0.88796,-0.45346,-0.32924,0.16129,1.64828,0.90215,0.85074,-1.25357,0.0295,-0.89383,1.00388,-0.72521,1.49029,0.36936,0.91079,1.67728,-1.36091,-0.25164,-0.64538,0.25364,-0.62702,-1.33607,-0.69022,0.77588,-0.19453,1.34811,-1.14357,1.88566,-1.56185,0.49008,-1.04978,1.23856,0.99576,0.23542,-0.54495,0.82372,0.01746,0.13574,1.46275,0.0085,0.94489,-0.36931,0.75739,0.41229,0.3859,1.11647,-0.1715,-0.28955,1.52271,0.0668,1.93294,-0.35826,-1.33885,0.28748,-0.55091,-0.10205,-0.20391,-1.29716,-0.73121,0.50661,-0.61375,0.81942,-0.07242,-0.45134,2.29248,-0.57044,1.59632,-0.89592,-0.37422,1.27238,1.69406,-0.79805,-1.22938,-0.68158,0.94414,-0.77154,-1.36221,-0.86254,-0.27152,-0.61546,1.52524,1.23746,-0.83712,0.88976,-0.28126,-1.94331,0.08638,1.06338,1.0879,-0.20636,-0.06208,0.43128,0.56709,-1.92913,0.29425,1.94363,1.663,0.10971,-0.62251,0.20389,0.08245,1.50103,0
1.07803,-1.06317,0.67197,0.34329,-0.3667,1.46352,-1.35941,-0.43919,0.55337,0.8572,1.24072,-1.47512,-0.63585,0.31011,0.32835,1.93593,2.06906,-0.5781,0.32833,-1.32698,-0.05262,0.38755,-0.51131,0.15855,-0.16063,0.6732,0.4027,-0.54616,0.32243,-1.16413,0.49904,-1.13439,0.84847,1.60968,1.57851,-0.53092,-0.68248,-0.88648,-0.21472,0.58647,0.82102,0.18277,0.19901,0.17601,-2.0648,-0.74141,0.2575,0.33341,0.98306,-2.50525,0.55985,-0.11928,-0.23907,0.78999,0.63287,1.25106,-1.48366,-0.12913,-0.91292,-0.36863,-1.77514,0.26113,-0.30219,1.62648,-0.38442,0.71943,-0.08579,0.10905,-0.03552,-0.84933,-0.0668,-1.48203,-0.94106,0.83092,0.07133,-0.39614,0.83157,1.52137,0.92336,-0.0557,0.59809,1.77786,-0.71766,0.3974,1.37122,-1.2447,-1.75746,0.2237,0.45816,1.03317,1.12424,0.34907,0.97006,-0.64916,0.93843,0.08636,0.37822,0.35573,-0.12741,0.22477,-1.279,-0.88383,-0.49471,1.36891,-1.54302,-1.2247,0.49421,0.08639,0.2906,-0.07992,1.26219,-0.12774,-1.24521,1.38725,-0.74018,-0.32823,-1.59811,-0.33714,-0.57983,1.49811,-2.41733,1.45126,0.86581,-1.24491,0.84355,2.46147,0.84242,0.32608,0.88079,0.34475,0.15217,1.79143,0.32256,-0.62973,0.68457,1.13124,0.61277,0.3517,0.51647,-0.29479,-1.35491,-0.13217,-1.19509,-2.12154,-1.43043,-0.17999,-1.79862,-0.04387,0.99637,-0.68339,0.07192,-0.89017,-0.18221,0.22641,0.24903,-0.0315,0.71916,0.47304,-0.95227,0.93118,-1.02893,-1.16586,-0.63434,-0.29981,1.60545,0.20103,0.3416,-1.41999,-0.06947,-0.64794,1.95657,1.06495,0.17341,0.62379,-0.17649,-0.32655,-1.00624,-1.63035,1.12361,2.15834,1
0.84692,2.33062,-0.41222,2.71013,-1.00467,-0.51287,0.46113,0.49243,-0.65441,-0.09879,-0.47287,1.76134,0.65125,-0.33475,0.04099,-1.20332,0.48756,1.64891,-0.5985,-0.26286,0.34005,-0.26885,1.61092,-2.29366,0.15089,-1.5559,0.39251,-0.6063,0.36657,-0.85981,-0.97529,-0.56358,-2.21081,0.30906,-1.12448,1.23594,0.79477,2.20772,0.39409,0.31499,-2.21336,1.29542,-1.61445,1.26008,-1.31658,-1.10002,0.32987,-0.06816,0.28557,0.73884,-2.02909,-0.05707,2.61515,-0.4622,1.36495,0.80046,-2.35881,-0.72289,-0.64584,1.56494,0.85398,0.79643,-1.51846,0.23016,-0.59236,-1.46745,-0.33244,-0.34154,1.42928,-0.14967,-1.7827,0.25334,-0.0444,-0.63914,-0.44867,0.7606,-1.33812,0.46284,-1.09124,0.114,-2.45827,-0.46345,1.54215,-0.81775,1.06527,-0.47502,-1.74712,-0.64506,0.30721,0.98178,0.36637,-0.40155,0.30357,0.19122,-0.85254,-0.04075,-0.0942,0.89389,-1.16103,0.05114,-0.10242,-0.1474,0.08654,0.52775,-3.20402,-0.17389,0.72298,-0.17199,1.15826,-0.81071,-0.06159,-0.86533,1.76491,0.14691,-0.54209,0.34682,0.54785,-0.41532,0.34341,0.3051,-0.03075,-1.66829,0.31824,-0.40618,-1.32613,0.3891,-0.00961,0.72624,0.10813,-0.57673,-1.2039,-0.07206,-1.36506,-0.22611,-0.36819,0.73367,-0.5968,1.82395,-0.52572,0.46955,-1.60994,1.01478,0.37657,-0.46241,1.33321,1.12569,0.28505,1.17521,-1.8776,-0.56777,0.23047,1.63013,-0.3602,-0.69536,-0.8554,-0.40546,-0.3272,0.10285,-0.32018,1.1168,-0.28627,-0.16896,0.91512,0.8219,0.024,0.38071,-1.51023,-1.18066,-0.06046,0.70294,1.57891,1.16297,0.73436,-0.55447,0.13166,-1.67384,0.14437,1.61362,1.59903,-1.35418,1
-0.60557,0.20215,-0.33752,-0.78102,0.90983,-1.59284,0.73605,1.73537,0.48852,-1.03931,0.79861,0.74394,0.32004,1.72015,0.16184,-0.99341,0.77074,-0.26654,0.08644,0.70962,0.46372,0.12467,0.52524,0.19729,0.33824,0.23302,0.56931,0.93598,0.59889,-0.57449,0.18718,0.30759,0.59484,-1.26685,-0.94629,-0.19883,-0.99139,-0.4166,-0.43986,-0.12222,-0.45604,0.23735,-0.26625,0.13331,-0.21295,-0.60757,-0.55833,0.26948,1.13531,-0.2784,-1.41456,1.19072,-0.55478,2.40783,-1.15021,0.66054,-1.76119,0.37537,0.57608,1.07128,1.14848,-1.95004,-1.36777,0.24442,-1.53204,1.34494,-0.52799,-0.18462,0.74253,-1.75688,-0.38222,1.01342,-0.7774,-0.29979,0.51862,0.77572,0.44929,1.26457,0.39488,0.43502,-0.49143,-1.25724,-0.36479,-1.95764,-0.54756,0.94251,0.3055,1.86893,-0.61717,-1.19799,-0.54834,0.44161,0.02065,-1.03785,0.61835,1.44296,-0.21707,-0.20344,-0.87339,0.13016,0.84545,1.96801,3.0335,-0.53936,1.18629,0.48363,-1.78624,0.37736,-0.46501,-0.00828,-2.4604,0.77278,0.52577,-0.36713,0.96277,1.71317,-1.85926,-1.6471,-1.26011,-0.46366,-0.53859,1.57585,0.17836,-1.5903,0.18671,-0.06495,-1.2157,0.06834,-0.35157,0.14289,-0.75565,0.92733,-1.37876,0.86082,-0.25837,0.53819,-0.58047,-0.49372,-0.44558,-0.07686,0.2467,1.50402,0.49856,0.80187,-0.30517,-0.86786,0.03257,0.69312,-1.70473,0.80801,1.15081,0.35578,-0.736,0.45389,1.69811,0.25109,-0.59487,-1.09442,-0.40685,-1.19627,-0.29381,1.59535,0.652,1.28148,0.29324,0.21364,-1.54599,-1.27803,-1.45025,-1.38459,2.43295,-0.91704,0.64775,0.23263,0.63749,-0.20562,-0.69879,0.30811,0.91067,-2.37208,0
