v001,v002,v003,v004,v005,v006,v007,v008,v009,v010,v011,v012,v013,v014,v015,v016,v017,v018,v019,v020,v021,v022,v023,v024,v025,v026,v027,v028,v029,v030,v031,v032,v033,v034,v035,v036,v037,v038,v039,v040,v041,v042,v043,v044,v045,v046,v047,v048,v049,v050,v051,v052,v053,v054,v055,v056,v057,v058,v059,v060,v061,v062,v063,v064,v065,v066,v067,v068,v069,v070,v071,v072,v073,v074,v075,v076,v077,v078,v079,v080,v081,v082,v083,v084,v085,v086,v087,v088,v089,v090,v091,v092,v093,v094,v095,v096,v097,v098,v099,v100,v101,v102,v103,v104,v105,v106,v107,v108,v109,v110,v111,v112,v113,v114,v115,v116,v117,v118,v119,v120,v121,v122,v123,v124,v125,v126,v127,v128,v129,v130,v131,v132,v133,v134,v135,v136,v137,v138,v139,v140,v141,v142,v143,v144,v145,v146,v147,v148,v149,v150,v151,v152,v153,v154,v155,v156,v157,v158,v159,v160,v161,v162,v163,v164,v165,v166,v167,v168,v169,v170,v171,v172,v173,v174,v175,v176,v177,v178,v179,v180,alvo
-2.09145,-0.18661,1.40347,-1.48288,-0.41977,0.25325,-0.549,-0.74238,-1.09363,-0.0506,0.13645,0.17351,-0.49106,0.78308,0.40226,-1.54223,0.68867,-1.2223,-1.70502,-0.2263,-1.42757,0.26411,-0.69059,0.22515,-1.82525,0.08267,0.06275,-0.51129,-0.1841,-0.30674,-0.2275,-0.6179,0.40288,-1.6427,-0.45563,0.80676,-0.44142,-0.75411,-0.05248,-2.54349,0.92798,0.39634,-0.6262,1.02127,1.417,-0.42444,-0.0069,-0.80788,0.21972,1.33023,-1.15553,0.07885,-0.31944,-0.58724,1.99261,-0.45363,0.55796,0.79601,-1.31306,0.7152,0.98246,0.7048,0.68901,-0.95922,0.2314,1.29393,0.65388,-0.05989,0.22614,0.23791,-0.13495,-0.77807,-1.68091,-0.78916,-0.00665,0.89013,0.22855,-0.71727,0.14428,0.42795,-0.21998,-0.22482,-0.56164,0.62672,0.3265,0.78337,-1.24179,0.6829,-0.40329,0.19432,0.02278,0.06233,-0.342,-0.86224,0.82232,-1.44111,1.66398,-0.7892,0.7433,1.33355,0.8585,1.24881,-0.72182,0.65995,0.96149,0.3087,1.00106,-0.30039,0.40151,1.48693,1.89499,-1.12214,-1.22255,0.60465,1.14617,-0.0672,0.81333,-0.86265,-0.31192,0.2624,0.47302,-0.48883,0.83222,0.51679,0.7119,-1.1945,-0.23692,0.19141,1.47337,-0.11806,0.33681,0.46403,-0.38337,0.31368,0.92804,0.81188,1.04305,0.16131,0.83916,-1.12645,-0.82196,-1.36724,-0.5906,-0.56483,-0.12631,-0.41724,-1.91386,-2.05907,0.45337,1.9588,1.1373,-0.40479,-0.82889,-0.59021,-0.68906,0.69266,-0.91896,-0.70404,1.01307,-0.15012,1.27915,0.21731,0.82988,0.36617,0.31258,-2.419,1.23178,0.74417,-1.46129,-0.20228,-0.51557,-1.28949,0.3651,-0.46292,0.29704,1.87991,0.53009,-0.87655,0.92063,1.35664,0
0.79689,1.66364,-0.18959,-0.3685,-0.69701,0.58276,2.23999,1.22102,0.46919,-1.48218,-1.37613,-0.3907,1.17151,0.93931,-0.41066,-0.80326,0.11379,1.68464,-0.19932,-1.25814,-0.37445,-1.36801,-0.41257,0.02953,0.43154,-0.45365,0.65474,-0.71157,0.19674,-0.09613,0.12914,-0.13528,-0.75335,1.16701,-0.78662,1.3564,-0.07502,-1.31888,1.28393,-0.08788,0.01606,1.96854,0.67414,1.22751,-1.96375,1.39035,0.86777,-1.82086,-0.05443,-1.68313,-0.32358,-0.76469,0.11828,0.77586,0.37558,0.54194,0.58932,0.54904,-0.05764,0.36978,-1.52547,-0.36063,0.801,0.66126,0.0257,1.11956,-0.60369,0.28099,-0.27063,-0.51324,-0.40305,0.81148,-1.13301,0.76095,-1.60618,0.58516,0.60267,-1.22692,-0.59969,0.87561,-0.9214,-0.46301,-1.86162,-0.67584,-0.08143,0.43118,0.24464,1.98151,0.25144,0.68765,0.54072,0.36238,0.28557,-1.18208,-0.0247,-0.07324,-0.72919,-0.58863,0.06536,2.21542,0.05647,-1.43308,1.42844,-0.9468,0.1317,-1.27963,1.90174,-0.01903,-0.77873,0.44659,0.11973,-0.79185,0.66369,1.54223,-0.4787,-1.32614,-0.74926,-0.41592,-0.83288,-0.4421,1.19976,-0.80614,-1.12386,-1.36145,0.35935,-0.87786,-0.48954,-1.11009,0.58749,0.74382,0.17453,-0.94126,-1.52202,1.66278,-1.6023,-0.36482,0.03611,-0.68116,-0.73626,1.77149,-0.79897,-0.00255,0.3795,0.68238,1.48408,-0.59592,-0.91686,1.74445,0.3249,-1.07612,-0.77581,-1.74575,-1.62429,-1.52373,0.52693,-0.83727,-0.9154,-0.04886,-1.45127,-0.67236,-1.3277,0.99876,1.62269,0.70864,-0.86351,-0.48721,1.16082,0.32598,-0.85604,-0.7289,0.83902,0.21187,-1.84391,-1.05175,-0.07801,-0.60755,-0.76689,1.18798,-1.21623,0.3045,1
-0.34661,-2.26425,1.35827,1.67193,-0.02054,-3.15675,0.44498,1.80635,0.89003,1.13585,-2.04731,2.30907,-0.07959,-0.92121,-0.63281,-1.17637,0.70151,-0.15365,-0.37611,-0.44142,-0.34621,1.0776,0.416,0.96824,0.35623,0.28878,0.51567,-0.57994,-0.43984,-0.38296,-0.70181,0.8408,0.34019,1.29917,-0.09984,1.82258,-0.46116,-0.41966,-2.36652,0.80519,0.3468,-1.5805,0.68468,0.49678,-1.53891,1.52077,-1.02827,0.13304,-0.17618,2.71955,-1.95951,-0.65033,-0.27423,-0.55389,1.38612,-0.33286,1.20999,-0.3512,0.87328,0.04534,-0.03035,-0.78351,1.35759,-1.35251,0.44231,-0.14932,-1.17091,1.92161,0.58242,-0.62044,-1.33251,-0.62857,1.38108,-0.74848,0.43245,1.29346,0.25919,0.66123,0.02369,-0.28528,-0.21655,1.8491,-0.78756,0.79873,-1.62762,-0.51724,-1.80098,-1.3639,0.89916,-0.27702,-1.66546,-0.04176,2.23729,-0.65305,-0.16379,0.04407,-0.24564,1.21261,-0.20106,0.95418,-1.14516,-1.44871,-1.4314,1.04109,-0.01307,1.50826,1.62542,0.01873,-0.48845,2.43759,0.28755,-0.17572,-0.62297,-0.04384,-0.07082,-1.36579,0.19415,1.45564,0.07179,-0.80224,0.55339,-0.90068,-0.17083,-1.35974,0.39033,-0.58278,-0.01784,-0.73661,-0.86663,0.70958,-1.0408,0.72667,-0.05174,0.8296,-0.73373,1.483,1.02313,0.2608,-1.64689,1.30278,0.23454,-0.63781,0.61781,-0.47772,0.56685,0.94627,0.47399,-2.60858,-0.49564,-0.42144,1.56682,-1.30186,1.90302,-0.29307,-2.16503,0.00507,1.13481,-1.30439,0.22751,-1.00356,1.73838,0.9645,0.13086,0.33173,-0.20767,-0.39762,0.53211,0.41164,0.67004,2.09106,0.88096,0.45761,0.17488,2.0263,1.37152,0.54449,0.91967,-0.51155,-0.43958,-0.83709,0
-0.46927,0.45425,-2.26297,-0.74732,-0.03013,-0.81089,-0.38253,-1.68877,0.40536,-2.21633,0.70152,-1.36367,-0.76765,-1.09932,0.37246,1.554,0.67036,0.89257,0.08553,2.12912,0.25882,-0.15369,-0.83234,2.60534,2.53775,-0.00759,-1.11324,-0.67815,1.81169,-0.78847,-0.39225,0.09845,-0.08092,1.30059,1.31842,0.0059,-1.78965,0.42528,1.23217,0.43348,0.29577,-0.2636,1.00051,-0.6513,1.00407,1.06514,1.70898,-0.26987,-1.28004,-0.82653,1.63742,-0.04358,-0.91359,1.0831,-0.07016,-1.54443,0.91575,0.7186,0.15485,-2.53055,1.17658,-0.39741,-0.40192,0.92616,-0.78856,-0.63998,1.30046,-0.95153,0.82618,0.94516,2.38113,0.46487,-1.03696,0.69764,0.72333,1.67421,0.4971,0.41509,0.74015,-1.17493,1.9802,-0.48607,-0.00852,1.78747,-0.7959,1.59972,0.22616,1.29276,0.157,0.91177,0.4726,1.14487,0.09722,0.38182,-1.40449,-0.31713,0.65073,1.49383,1.96697,1.18035,0.24416,-1.36623,-1.55273,0.0861,-0.18523,1.30485,0.10494,0.97529,-1.3614,-0.31196,-1.47226,2.73176,0.02401,0.31231,-0.42774,-0.34002,0.74554,0.85511,2.22881,-0.46317,1.25848,0.96392,1.32984,0.09721,-0.2851,-0.4212,-1.49704,0.42868,0.00537,-1.9811,0.18731,0.66213,-0.19571,0.27563,1.47896,-0.49721,-0.86767,1.67934,0.24685,0.76425,-0.07471,0.73342,-1.93593,0.0158,-1.03038,-2.03193,-0.9868,-0.70484,0.16628,0.22038,2.30406,-1.17554,1.17543,1.18961,-0.92197,0.5963,0.63346,2.20153,0.91724,-0.12884,2.01726,0.28706,-1.43756,0.34721,0.75807,-0.19155,0.40004,1.08665,-2.739,-1.52264,-1.04819,0.0973,1.35066,-0.23925,0.57124,0.86414,-1.88171,-0.23421,0.4966,1.88663,1
-1.68113,-1.6972,0.24649,-0.83409,0.85209,-0.26585,-0.40501,3.00905,0.15719,0.76645,2.03807,0.13876,-1.17178,0.17647,1.11621,0.00599,-0.98967,-1.26546,0.11244,-0.90863,1.43437,-1.38827,-0.0086,-0.96959,0.87636,-0.68379,0.00405,-0.81966,-0.96711,1.20529,-0.37343,-0.49003,1.6206,-0.25042,0.67338,-0.48574,0.5332,0.69747,-0.38477,-0.43011,-1.13029,-2.09345,-2.47141,0.4512,-0.54571,-1.09597,-1.40142,-0.68079,-0.92227,-0.36251,0.81061,1.68447,0.8476,1.0546,0.72183,-1.1505,0.26002,-0.20138,0.2719,1.089,1.16551,1.4031,0.00182,2.00752,-0.52064,-0.13119,0.05379,0.48012,-0.38027,-0.36737,1.18136,-1.29759,1.68959,0.0821,0.41146,0.2603,-1.34703,0.11201,-0.68111,0.25972,0.27744,-0.32906,0.63126,0.64815,1.40023,0.76638,-1.00052,1.16433,1.19937,-0.76415,-0.26123,0.61174,-0.01286,0.67306,0.7551,1.1188,0.68548,-0.90709,-0.47646,0.49857,0.26292,-1.19964,-1.3,-0.65189,0.91099,-0.37982,0.68381,-2.10147,2.16042,0.50039,-1.78916,-0.45304,-0.53956,-0.31996,-0.96003,1.19064,0.14198,0.79118,-1.03484,0.45304,-0.2286,-0.10469,-0.23797,-0.00544,0.52939,1.22263,-0.42987,-1.08665,0.53246,0.85396,-0.03671,0.75667,1.19692,0.30917,0.13705,-0.05592,-0.71271,-0.00646,1.11706,-0.16861,-1.24426,0.33388,-0.1444,0.77894,0.4258,2.31891,0.60485,0.53735,0.54725,1.19281,-0.80522,0.23877,2.03662,-1.1353,-1.31619,-0.20006,0.68264,0.22716,0.35964,-0.71025,-0.43233,1.28826,-1.51513,-1.23642,2.00317,-0.71112,-1.44267,-2.06926,-0.72035,-1.2377,2.71635,1.27542,1.01495,-0.21214,-0.5836,-0.33959,0.78737,0.36935,0.35875,-2.19192,0
-0.72772,-0.18438,1.17796,1.1249,-1.22462,0.81585,-0.2441,2.42618,-1.16916,-0.99469,1.5323,0.2417,2.14675,0.35134,-0.17518,0.2739,-0.81968,0.2429,-0.35792,0.86467,-0.54487,1.31785,-1.13619,0.12697,-0.47005,1.04206,0.94189,-0.99787,0.60887,0.21559,-1.22238,-1.39283,1.94834,1.03392,-0.49471,0.28624,-1.31622,-0.26287,0.45573,-0.89812,0.02967,-0.13268,1.35286,0.70913,-0.1554,-0.45631,0.13573,0.3278,0.26698,-0.72773,-0.79306,-2.07924,-0.40654,0.3733,1.29736,0.35789,0.38766,0.62325,-0.17201,-0.09189,0.60105,0.21467,-0.33486,0.31248,1.21856,-0.99741,0.64019,-0.0063,-0.88336,1.10949,0.48727,-1.7022,-0.76628,1.89314,-1.08668,0.88419,-0.02616,-1.17927,1.34648,0.01792,0.15429,-0.34551,1.20024,-0.74706,0.76663,0.41179,0.02862,0.83801,1.59881,-0.3103,0.7344,0.02137,1.24568,-0.6225,-0.6181,0.57178,1.13505,0.49273,-0.56509,0.86804,0.48499,-1.53707,0.16144,-1.04273,2.92902,-1.06657,1.23485,-0.83388,-0.96591,-0.6834,1.05356,-0.57394,-0.43537,0.11563,-0.14126,1.60184,-0.69808,-2.4806,-0.36637,-0.15148,0.69888,-0.42444,2.54071,1.34763,-0.4079,0.37013,0.30717,0.1227,0.40589,-0.02707,-0.18533,-0.10339,-0.81868,1.0267,-0.02442,0.1275,-0.09814,-0.55873,-0.65116,-1.06046,0.6796,0.31509,1.41585,-0.79202,0.0015,-1.3661,-0.29962,-0.14329,-1.67783,1.47836,-1.52822,1.38077,-0.86755,0.19469,0.18781,-0.0349,0.85021,0.04459,0.46147,-0.05758,0.7603,0.16974,1.76294,1.24316,1.99508,-0.07039,1.46055,0.36204,1.42887,0.74649,-1.41402,1.10322,0.57805,-2.01343,0.62988,1.43561,0.19192,0.89631,-0.82692,0.37957,0
-0.84329,1.60858,-0.15935,-1.45445,-0.32461,1.48434,1.81442,-0.38955,-0.04797,0.28493,-0.59909,-0.81207,1.74274,2.20423,0.67049,1.36565,0.00931,0.22008,-0.14202,-1.21042,0.90838,-0.32708,-0.64934,-1.26971,-0.11236,-1.26849,0.01535,-1.47228,-1.08722,0.3702,-0.48761,1.62668,0.83104,-0.28602,-1.97691,-1.73561,-0.63522,0.62368,-0.4472,0.27861,0.91326,-0.65325,-0.60836,-1.85735,0.72025,-1.91989,-0.35729,-0.49886,-0.66099,-0.92585,0.4486,0.74866,-0.82235,0.69454,-0.28647,-0.48504,0.89934,1.93036,1.1915,0.31917,-0.13353,0.18932,-0.51194,1.77405,0.38155,1.35285,-0.05493,-1.13252,0.64009,0.2026,-0.41816,0.31172,-0.16562,1.27595,-0.30249,1.26569,-0.87597,1.00444,1.58647,0.0149,0.72187,-0.30595,-1.49014,-0.28189,2.55886,-0.50956,-0.316,1.12163,-0.38261,-0.10797,-0.84092,-0.20064,0.0107,0.79096,1.93702,1.58941,1.19335,-0.83406,1.84248,0.46399,0.40117,0.91305,-1.87053,0.21434,-0.65577,-0.74969,0.57749,-1.94714,0.07458,-1.5108,-0.01183,1.18093,1.59016,-0.69958,-0.47857,0.36202,0.35211,0.79359,0.85376,1.42536,0.23258,-0.55478,-0.12546,-0.23533,-0.02385,0.58222,-0.48446,-1.65655,-1.44481,0.72137,-0.13599,-1.02488,2.12919,0.68531,-2.14235,1.28152,0.31259,0.67647,0.0684,0.02812,-1.10644,-0.05586,0.52792,0.33669,0.36975,-0.22431,0.3016,0.29235,-0.80617,-1.51169,0.17916,-0.75491,-0.19129,-0.59248,0.74754,0.12955,0.56896,-0.54636,-0.89168,-1.23124,0.61102,2.02665,-0.1456,-0.80331,-0.2674,-0.48489,2.07499,-0.38341,-0.82081,0.55769,-0.08148,1.55388,0.2647,0.12345,0.85755,0.36443,-2.11872,0.56229,-1.35841,-1.32327,1
-1.16694,-0.09309,0.23652,-1.24085,-0.65961,1.05939,0.95966,0.03844,-0.00257,1.14337,0.6552,-0.59419,-0.63453,0.19034,-0.35889,-0.80618,-0.51434,-1.59538,-0.07674,1.08328,0.44867,-1.24189,1.02733,0.55097,0.61276,0.06913,-2.37653,-0.92082,0.25222,0.1631,-0.27396,0.45336,-1.1747,0.71717,1.77986,0.17722,-0.04199,1.38609,0.37228,-0.24197,-0.1609,-0.46675,-0.47708,-1.21318,0.2188,-0.68051,2.6026,-0.32714,1.03845,0.86863,0.04325,-1.46733,-1.30004,-0.83703,1.23211,0.30336,-1.03714,-1.04389,0.20051,-0.19117,-0.87379,-0.10959,2.42691,-0.44956,-0.1673,0.76411,-0.01495,0.35847,-0.43203,-0.12758,0.59685,-2.52879,0.54636,-1.5938,-1.47221,1.24263,-0.35693,0.22277,-0.79387,-0.19481,0.00491,0.18052,0.31196,-2.30094,1.33123,-0.61534,0.16093,-0.50508,0.07059,-1.64038,0.20602,0.0132,1.82914,0.497,0.59612,-0.0103,0.1823,0.45392,0.47288,-0.81153,-1.19383,-1.26816,0.00997,-0.94331,0.79472,0.40689,-0.09904,-0.88167,-0.61827,-0.60909,-0.8967,0.89318,-0.21472,-0.65135,0.69147,0.3559,-0.59146,-0.32919,1.0656,0.44512,-0.4852,-0.98906,-0.54685,-1.07969,0.64839,-1.46719,-0.15806,-0.43057,1.90049,1.40168,-1.27036,-0.43398,1.5506,-1.33584,0.06541,1.59721,1.35795,-0.71154,-1.74079,0.41911,-0.24402,1.53801,-0.94461,0.84836,0.14427,-2.33969,-1.14081,-0.96651,-0.66123,0.01637,0.92847,-0.48066,1.38852,-1.16124,0.3017,-0.91662,0.82418,-2.04109,0.15303,0.00318,1.61823,-1.88078,-0.3303,0.48015,0.14526,0.44033,-2.14725,-0.3758,0.96425,-1.11836,1.67285,-1.43073,-0.82631,-0.77885,-0.71357,-0.48491,0.39268,-0.16141,-0.84901,0.15307,1
-0.58689,-1.62612,2.58546,0.6125,-0.57425,-1.03925,0.36709,-0.53144,1.82884,-0.39367,1.65358,-1.99071,1.42751,-0.8043,-0.71376,-1.41804,-0.84869,0.47373,-0.88768,0.5718,0.38089,1.65436,-1.00618,-1.99052,2.10252,0.76387,1.30896,-0.75051,0.00273,0.08212,1.11809,-1.20795,0.07591,-1.297,-0.00773,-0.33367,-0.0568,1.15356,-2.27064,-0.34456,0.17597,1.54839,1.89037,0.64155,0.28213,0.01657,1.90341,-1.81873,-0.90723,-2.02491,-0.55381,-0.09835,0.48498,-0.10311,-0.51071,0.00114,-1.7416,-0.84397,-0.07786,-0.10306,1.11284,1.03631,-1.12206,1.84201,-0.53986,-0.05454,-0.31243,1.86205,1.97604,1.52605,0.17283,-0.25997,0.41563,-0.50193,0.30363,1.0798,1.38449,-0.69746,-2.06689,-1.24958,-0.04686,-1.74316,-1.22185,1.55323,-0.19585,-0.39884,1.23557,-0.74286,1.58264,1.41906,-0.09102,1.25757,0.22461,-1.6534,-0.07174,-1.11575,-2.19933,0.1666,0.55847,0.94547,0.46803,-1.85317,-2.99909,1.01526,0.8199,-0.19043,-0.68228,0.05255,-1.68386,-1.0926,-0.41173,0.54862,1.16317,-0.29444,-0.25411,-1.33802,1.6326,-1.01613,0.72731,-1.37794,-0.53133,0.37123,0.37363,1.7121,0.43451,0.56318,-1.46402,-0.59408,0.61979,-0.18153,-1.01719,0.06419,-0.03739,1.09806,0.76274,-0.29393,0.85494,-2.35159,-0.63699,-0.73947,1.52957,1.08615,0.51853,-0.3767,1.56296,0.81402,-1.97661,0.61549,-1.46566,0.33166,-1.0143,0.78797,-1.74508,0.53294,1.08012,0.16175,-0.44874,-0.34239,1.11422,1.19297,0.17553,-0.44511,-1.18091,-1.45332,-0.92053,-0.25471,0.97379,-1.3061,-0.18691,-0.10953,-0.90724,0.05511,0.19084,0.36427,-1.05773,0.14292,0.79465,0.27306,0.52676,0.78031,1
-0.35351,0.17928,-0.82003,-0.31294,-1.02106,0.24977,1.26482,1.17121,0.52435,-0.23638,-0.45348,-0.01549,0.3321,1.87819,0.19914,-0.64842,-0.83379,-0.26111,0.95441,1.04686,-0.84297,-0.35153,1.00505,-1.03894,-0.54536,-1.54526,0.2378,-0.39377,0.08185,-0.18655,-1.67733,-1.66949,0.4366,-0.38319,-0.22901,-0.9343,-2.2787,-0.91916,-0.32468,-0.33375,0.25971,-1.38361,-0.0696,-1.08728,1.49904,2.66917,0.80149,-1.14784,-0.37539,-0.3822,-1.47749,-0.52285,0.56178,0.55316,-1.71574,-0.25629,0.225,1.06278,0.23795,0.67308,1.40975,0.48485,-0.12844,-0.87829,-0.31221,-0.47301,1.39998,-1.65242,0.53128,1.2713,-0.22049,2.0586,2.60416,-0.6396,-0.73288,-1.48604,1.48071,-0.3746,-0.40026,-0.80021,1.77581,-0.1952,0.05494,0.80915,1.4209,0.57236,0.91484,1.37534,0.79673,0.22841,-2.39697,-0.70551,0.20215,-1.84519,-1.93684,0.30465,-0.01642,-0.24581,-0.58454,-1.13048,0.45101,0.07515,-0.76782,1.30853,0.21467,1.41701,1.27059,-0.47751,-2.98725,0.35411,-0.54269,-0.76574,0.46437,-0.14269,0.0774,0.29873,0.10256,-1.09993,0.22508,-0.5135,0.14664,0.35865,0.22082,2.3501,1.14347,-0.43662,-0.32725,0.21154,-0.72757,1.0881,1.11481,1.01066,-2.11435,-0.22805,1.80755,-1.19567,-0.65913,1.61137,-0.95655,0.08378,-1.03645,1.10422,0.06584,-0.89794,-0.2028,-0.9034,-0.62843,1.05244,0.16883,-0.02606,-1.096,1.42108,0.88764,-1.53906,0.25043,-1.25192,1.07143,-2.00041,0.96098,1.1764,-0.01402,1.37471,-0.75522,1.02933,0.49465,0.19123,0.46224,0.11836,0.2253,0.17976,1.71806,0.74258,1.08535,1.14831,-0.97131,-1.05477,0.47902,-2.57522,-0.5925,-1.3491,1
0.44489,0.16655,-0.44305,0.89624,0.67177,0.61292,0.72118,0.15224,-0.30371,-0.05053,0.26719,-0.37609,-0.48014,0.64733,1.4585,0.79245,-0.37251,-0.99764,-0.01776,0.40501,0.90398,1.42688,0.48757,0.59447,0.22543,0.86733,-0.28286,-2.85882,1.60721,-0.5552,-1.12049,-0.45372,0.42654,1.07884,0.103,-0.93955,2.05462,0.25172,-0.05485,0.80871,-0.23315,1.72474,0.38142,-0.58245,0.43509,0.09951,1.67308,-1.04212,0.00214,1.12866,0.26455,-0.40966,0.77964,-2.57813,-0.34173,0.88172,-1.50547,-1.70663,-0.01057,0.05189,-0.28904,-0.00609,-0.11569,-0.59054,0.00764,-0.33946,-0.77724,-1.21462,0.19971,0.68502,-0.11239,-0.70265,-0.30138,1.18787,0.52993,-1.65698,-0.23058,0.63992,-1.11457,-0.91946,0.56626,-0.5771,-0.79111,1.03648,-1.2644,-0.79961,0.23089,0.56389,-0.1632,-0.05088,-0.22078,-0.14185,1.51867,-0.7401,0.20111,2.14647,-0.9841,0.68484,-0.45872,0.55338,-1.47832,-1.38589,1.90003,-0.14606,2.11485,0.0494,-0.21729,2.04205,2.03556,0.48457,-0.6115,0.07093,2.23428,-0.17088,-1.2319,-0.1539,0.66135,0.50891,-1.08316,0.57681,-0.42213,0.78876,0.3293,-2.13593,-0.29487,0.46939,1.15651,-0.62636,2.32515,0.61885,1.79296,-1.60748,0.44167,0.02494,1.08441,0.28997,0.56012,-0.78456,0.60675,-0.0432,-0.14608,-0.66642,1.23206,0.37405,-0.42299,-2.2916,1.46317,-0.08105,0.6897,1.31611,0.53191,-0.03837,-1.96728,-0.39856,0.44491,0.50332,-0.86394,0.95855,0.6422,-2.79098,0.98101,-0.05528,0.1811,-0.68669,-0.77237,-0.48426,1.82535,0.2608,-1.06372,-1.20191,-0.98571,-0.21207,0.0326,1.24521,-0.92986,0.2212,-0.27854,0.18112,-0.92204,0.78794,0
1.41708,0.49118,0.02994,-0.09236,-0.94973,0.39845,0.03273,0.05241,-0.08568,-0.23349,-0.26485,0.33717,-1.1902,-0.56155,1.08623,1.10783,-1.75487,1.00808,1.92707,1.06372,-0.57081,-0.84584,-1.08647,0.22892,1.74919,0.98617,0.64487,2.17096,0.02011,0.09293,-1.14166,-0.48601,0.61777,1.31711,-0.37561,1.20517,-0.64199,-1.46875,-0.08887,-0.71351,0.34267,0.461,-0.04582,-0.19836,0.26205,2.33543,0.62899,0.64226,0.49735,-0.59727,-0.22055,0.77049,0.76471,-1.15484,-0.26577,0.58112,-0.88398,-1.38609,0.64235,-0.52026,1.04377,0.93529,1.06488,1.07569,-1.17915,-0.10305,-0.01827,0.07179,-0.8341,-0.9045,-0.50643,-0.37417,-0.15598,0.92027,-0.03362,0.75402,0.9455,0.099,-1.76123,-1.7823,0.65095,-0.46815,0.06518,0.15826,-1.50283,0.47037,-1.34599,-0.89727,-0.90914,-0.37477,0.25286,0.81397,0.00103,-0.98086,0.85142,0.33926,-0.50744,0.46692,-0.44572,2.28819,-1.47735,1.71667,-1.47685,-0.20717,-0.16067,0.3268,-1.56621,-1.18489,0.36315,-0.98056,0.08667,-0.01461,-0.11229,1.81591,0.73069,-0.34476,-0.63834,0.7469,0.81453,0.94886,-1.4509,0.84227,2.52404,-0.02927,0.32291,1.47964,0.51571,1.51903,0.15413,-0.82831,-0.36009,0.59457,0.34737,-0.84691,0.45852,-0.42897,-2.39923,0.29679,0.10201,-1.15811,-0.67978,0.93072,0.45912,-1.00239,0.39497,0.09841,-0.15183,0.09085,0.797,-0.35044,0.94,0.56453,1.45444,0.69016,0.63092,0.42554,0.8811,-0.35455,-0.04227,-0.47713,1.0532,-0.20558,0.68068,0.72901,-1.86262,-0.22283,-0.36946,1.3961,-0.19836,-0.69493,-1.0264,-0.62614,0.00088,1.4332,-0.29515,0.97951,0.13909,-0.58517,0.74546,-0.46407,1
-1.00672,-0.6789,0.57131,-1.93002,-1.6788,-1.13566,1.92959,1.44877,-0.16656,-1.75972,-0.18998,-0.97041,-1.52618,0.06827,-1.26781,1.04286,-2.2022,0.05929,0.92919,1.48094,0.485,0.47153,-0.61229,-1.60264,0.1507,-0.31822,-0.92709,-0.45976,0.19397,-1.04131,0.3832,-1.28888,0.40074,1.77676,-1.534,-0.60833,-0.27727,0.0123,-0.53068,2.21971,-0.19242,0.0352,-0.60394,1.13268,-1.15788,0.20519,-0.05667,0.94694,1.52978,0.15894,-0.49323,0.50289,0.2543,-0.33025,-1.99251,0.06171,0.64201,0.50074,0.4336,0.13664,1.72205,0.73712,0.89321,-0.66396,-0.74644,-0.39079,0.85603,0.76442,-0.51051,0.10269,0.09896,0.66436,-1.19794,0.70302,0.60621,1.11214,0.94182,-2.09216,0.62677,1.29857,1.92747,-1.64034,0.08996,2.27725,1.28079,1.44295,0.8721,0.63755,1.15901,-0.86289,-1.97628,-0.3025,2.02978,-0.75431,0.80637,-0.7235,0.75495,-2.20943,0.45289,-0.13053,0.04133,0.40538,1.68257,2.66438,-0.05536,-0.04325,-1.64897,0.94589,0.09987,0.51457,-0.37163,-0.61818,-2.13144,1.11067,0.65645,0.40398,1.12587,-1.00993,-1.02688,-0.08933,-0.87888,-1.01876,0.19323,0.85142,-0.82258,0.73174,-1.521,-1.82687,-1.4461,-1.38252,-1.12799,-0.78757,-1.22461,-0.1129,-0.72988,0.3682,-0.25249,0.97148,0.10615,-2.67561,-0.25713,-0.47448,-1.29384,0.68195,2.47468,0.44605,0.49972,1.50013,-1.8834,-0.56516,-0.74413,-0.68512,-0.09914,-2.56593,0.49423,0.19685,-1.21717,0.42384,-1.39537,-0.14558,-0.82491,-0.69109,1.23159,-2.48705,-0.13067,2.61513,-0.64134,2.19418,0.05901,0.78795,0.44526,0.56185,0.56316,1.79532,-0.72154,-0.02519,-0.60527,0.52457,-0.12091,-0.54823,0
0.41319,-1.09968,0.26304,-0.76509,-1.37921,1.18134,-0.48618,0.0695,-0.94548,-0.36118,-0.87788,-0.42474,-0.13543,0.04941,-1.17916,0.98026,-0.76004,-0.83846,1.29663,2.07998,-0.17813,-1.64105,0.0685,-0.77852,-0.23155,-0.20995,0.89037,2.49548,-1.40628,-0.59073,-0.99953,-0.36594,-0.86029,-0.87305,-0.69727,-0.8211,-2.13525,1.37699,0.43704,0.02738,0.94682,1.73721,-0.66147,0.97399,-0.61918,0.068,-1.63598,0.63647,-1.45302,1.27502,0.70693,-1.57836,-1.05968,0.06344,0.55411,-1.7091,-1.23595,-0.94942,-0.59238,-1.53706,-0.73622,-1.26475,-1.70875,-0.81287,0.13669,-1.84502,-0.53698,-0.14766,-1.2801,-1.22912,-0.55782,-0.51187,0.53471,0.64784,-1.78559,-0.7727,-0.65446,0.62329,1.53124,-0.63164,1.57789,-1.94655,-0.79736,0.19296,-2.35623,-0.97467,0.09673,-1.29712,0.63496,-0.23542,0.66355,-0.49656,0.84777,0.67554,-0.02432,0.86019,0.49607,-0.0455,-0.1381,-1.43007,1.55368,-1.35044,1.00925,-0.28915,-1.26649,-1.09359,-0.98537,-0.53189,-0.09913,0.1352,0.00011,-0.62892,1.10225,-0.44527,0.36294,-1.00503,0.33743,-0.68396,0.48875,-1.37596,0.26739,-0.17828,-0.33511,1.04392,-1.63264,0.12478,0.03256,0.52766,0.56584,-0.2759,1.10628,-0.87716,0.79826,0.1746,-1.43901,-0.18334,-0.74278,-0.51432,0.42155,2.03844,0.96957,-1.22328,-0.87764,-0.31726,-0.2268,0.28861,0.89004,1.39001,-0.06166,0.87316,-1.45845,-0.84559,-0.19327,0.6521,-0.32328,0.88853,-0.22111,0.40335,-0.28272,-1.02857,0.39628,-2.79471,-1.11106,1.00241,0.07673,0.0548,0.38995,2.10262,-0.79108,-0.70287,-1.56381,-0.80724,-0.1455,0.6178,1.31921,-0.19707,-0.12116,-0.89163,-1.14502,-1.62792,0
-0.70765,1.41699,-0.34333,-1.30634,-1.1568,-1.40347,-1.23896,0.80542,0.47714,-0.59315,-1.7328,1.47829,0.60156,-0.47424,-0.30436,2.06898,-0.32477,1.18687,0.17681,1.107,-1.22341,-0.05713,-0.42903,-1.36632,-0.01782,0.39713,0.42956,0.01469,-0.27343,-1.62294,-0.48202,0.68838,0.93891,0.15098,-1.10774,-1.21371,-0.10097,0.58698,0.88481,-1.04133,1.80518,0.77048,-2.46072,-1.00427,0.36525,0.28837,-1.81685,-0.70743,-0.13592,2.15924,0.60384,-0.27093,1.36946,-0.70814,0.2566,0.58456,1.43798,-1.82725,0.19707,0.2153,-1.21321,-1.01219,0.58691,0.1053,-0.99844,-0.26382,-1.30754,0.61333,-0.17444,0.63918,0.6418,-0.53093,-0.85078,-0.87181,0.99557,0.53651,1.68705,0.00394,-0.26215,-1.19149,-0.48475,-0.60709,-0.21253,0.86717,0.56364,-0.31519,-0.35231,-0.35201,-2.94472,-0.01551,1.42065,0.37264,-0.32709,0.7954,0.90421,-0.44347,-0.5515,0.51729,-0.64206,-0.36536,-1.73576,-1.37531,-0.13811,1.20973,1.14559,1.06334,-0.52483,-1.32626,-0.83422,1.03389,-0.54571,0.72994,2.00145,0.13233,-0.10367,1.12899,1.20353,0.82431,-1.74129,0.60662,-0.28735,0.03929,0.36355,0.36702,-0.88828,1.12646,0.93587,1.14158,-0.33022,-0.24554,0.13063,1.40256,1.64208,-0.97435,0.95902,-1.71466,-0.58712,0.68503,1.28513,0.37252,-0.19057,-1.30138,1.12727,0.37157,-0.97256,-0.13146,-0.48919,0.52583,-1.40687,0.38919,0.35885,0.55198,-0.13321,-0.67374,-0.80749,0.08271,-0.75026,-0.3836,-0.0507,0.43794,-0.39566,-0.85896,-0.1984,-0.01495,-0.58185,-0.25745,-1.8633,-0.3195,0.1064,0.36763,-0.88881,0.01207,0.66408,-0.81344,-0.3352,1.85035,-1.15094,-0.1026,-1.99837,1.31781,0
0.44298,-2.66248,-0.3086,-0.95578,0.25812,-0.72371,-1.18679,0.50676,0.19915,0.45272,0.45132,-0.75995,1.75914,1.18532,0.2375,-1.32464,1.84108,0.39178,0.70196,-0.18605,-0.10094,-2.57034,0.31977,-0.72215,2.39421,-0.8638,1.01526,-0.50312,-1.07195,0.37694,1.92225,0.72204,-1.5385,-0.42113,1.19723,-0.29367,-1.4868,-0.92527,0.39181,-0.87624,0.14424,-0.07601,0.76939,0.24893,1.40371,-1.2701,0.20903,1.14218,-1.66605,-1.90269,0.06126,0.55059,-0.276,1.88425,-0.45667,-0.18896,-0.18294,1.34529,-1.61557,0.42124,0.98131,-0.74455,-0.92398,0.55315,-0.77528,0.59426,0.9742,-0.67315,-0.26399,-0.29278,0.35865,-0.26258,-0.73921,2.14965,1.80806,1.9007,1.9439,-1.78145,0.14569,0.10112,-0.19861,-0.67388,-1.51651,0.87623,-0.19649,0.87336,-2.31529,-0.77806,-0.59775,1.0396,-0.92561,-0.79223,-0.79032,0.05558,-0.33627,0.1489,2.35903,0.53835,-1.48302,1.15369,-0.37801,-1.97536,-0.78896,-2.82197,-1.07139,0.33348,-1.71799,0.63446,0.14282,-0.3513,-0.57174,-0.00638,-1.4981,1.00683,-1.20855,-0.00478,0.5773,-0.25888,0.55881,-0.00286,-1.43068,-1.35423,-0.91328,-1.15194,-0.90836,1.27481,-1.22764,0.6773,-0.82213,0.81954,-0.0954,0.64165,0.76644,-0.5779,1.32056,0.36643,0.17866,0.69695,0.79715,-0.56707,0.50232,1.05142,-0.49853,0.91832,-0.1296,-2.82229,0.83142,-1.97209,0.78205,0.15394,0.35307,0.31063,-0.57982,-1.21444,-0.93875,0.75535,0.40703,0.42435,0.5814,-0.83235,0.43175,0.09849,-1.35673,0.81166,-1.34969,-1.04592,0.56663,0.64138,1.23832,1.1288,0.45218,0.39415,1.11477,-0.8065,0.11865,-1.00288,-0.10317,0.17565,1.95289,0.28448,1
0.20529,-0.71694,0.95959,-0.07493,-1.39057,-1.71709,0.16258,1.32811,0.56046,-0.12107,-0.5494,-0.87164,0.45879,0.35704,0.93003,0.4244,0.08466,-0.71744,1.41166,0.06153,-1.90027,0.82773,-0.51565,1.02096,-0.42219,-0.74037,1.26748,0.5657,-0.32164,0.96875,-0.77225,-0.01225,-1.35338,0.22706,0.93577,-1.66914,-0.06253,0.24697,0.29215,1.07024,0.80383,0.41198,-0.58392,0.92335,-0.55694,-0.40382,-0.68835,0.41332,0.82328,-0.72796,-1.01778,-0.30645,-0.49068,-0.71038,0.74906,0.90209,-0.40838,-0.42916,0.36007,1.65664,0.4118,-1.69708,-2.28994,-1.42595,-0.41374,0.44802,0.42255,-1.57467,0.99117,0.11002,-0.12361,-0.75134,0.50281,0.31483,0.8582,1.37859,0.64308,0.29278,2.44693,1.5912,-0.04939,3.34706,0.95691,-0.36784,0.74266,0.45187,-0.61005,1.8096,0.6739,0.06685,1.75552,-0.78689,0.33158,-0.50601,-0.84802,0.88491,0.38137,-0.49994,0.59948,-1.59841,2.41675,-0.00369,-1.48332,0.05975,0.29373,0.05259,-1.05913,-1.12595,0.26056,-1.11701,-0.898,-2.03213,0.14341,-0.12936,-0.06544,0.29752,-0.01167,0.19277,-0.08892,0.75941,1.09653,-0.80469,-1.30675,-1.47619,1.81268,0.3391,0.16919,-0.50686,-0.7056,-0.36209,-0.64041,-0.10993,-1.47886,0.47331,0.60522,-0.16389,-0.92581,-0.75714,-0.77685,1.31721,-0.81938,0.02821,-1.3699,-0.95514,0.72424,-0.0225,1.43873,0.57797,-0.78681,1.0561,-0.97952,0.94268,-0.88097,1.59564,-0.31344,-2.48276,1.0042,1.53936,-0.1138,1.59241,-0.22283,-1.06933,-0.07739,0.2876,0.70524,-1.35443,0.01407,0.08825,0.63596,0.19524,-0.45111,1.67071,0.01328,0.25454,1.02242,-0.31398,-1.1327,0.05209,-0.73599,-0.87278,0
-0.38451,0.93187,-0.23843,-0.02449,-0.74436,0.66242,0.70137,1.70506,0.32314,-0.11918,0.44081,0.32144,-0.00839,-0.07527,-0.08126,-1.34011,0.16069,-0.82142,0.21402,-1.76204,-0.015,2.91664,2.27873,-0.15562,0.33611,1.09056,0.44302,0.28238,-0.83303,-0.87249,-0.05615,-0.49328,-0.02145,0.26867,0.2456,-0.58178,1.17838,-0.09048,0.52553,1.12438,-0.58689,0.26904,0.97905,0.96626,1.93914,-0.32379,1.74015,-0.23139,0.35421,-0.12382,-0.15855,-0.503,0.76209,-0.22919,-0.90246,0.35482,0.20429,1.33109,-1.7468,0.1634,0.16731,0.65048,-1.14189,0.40919,-0.7694,1.53072,-0.06109,0.09967,-0.39964,2.36512,1.86148,1.03148,-0.41266,-0.26489,0.63888,2.03069,0.12506,0.45175,-1.46167,-0.98712,0.12482,-0.14152,-0.00542,2.74114,-1.85354,-0.53243,-1.60041,-0.36755,0.64183,-0.17351,0.60759,0.1945,1.98541,1.36864,-0.08719,-0.76656,-0.37224,-1.92432,-0.6563,0.88051,-0.26675,0.05607,-0.99005,-0.72455,-1.05984,-0.06703,0.76125,-0.55593,1.42416,0.73989,0.40637,1.69855,1.52305,0.18718,-2.55713,2.15396,1.49402,1.20627,2.26289,0.34006,-1.90996,-0.23193,1.66515,0.24681,0.83109,-1.09838,-0.02684,2.49813,-0.22553,-0.29286,-0.9197,-0.69184,-0.85774,1.47327,0.62249,1.83859,0.32223,1.15202,0.70494,-0.11849,-0.00766,-0.24838,0.71778,1.87068,-1.35316,-0.39222,-0.90516,-1.40324,2.24478,-0.03099,-1.17653,0.61506,-0.64792,0.89355,0.11757,-1.04778,0.66379,1.65091,-0.39913,0.27142,0.30535,-0.02137,0.19929,0.65677,-0.13009,-0.80015,0.48941,0.15447,-0.30468,-0.46078,-0.73596,-0.70079,-2.1568,1.63389,-2.1679,-1.41229,0.76048,-0.57091,0.40447,-1.07491,0
0.37807,-1.6075,2.30743,-0.42788,0.10658,-0.8699,0.80597,-0.72146,0.42847,-0.00954,1.04192,-0.38687,2.88475,-0.77347,0.66501,1.7661,0.48006,-0.98125,-0.03978,0.31179,-1.3166,-0.36244,1.44738,0.30165,-0.45263,1.18714,-1.98088,-0.26353,1.16561,-0.04222,-0.65471,-1.12606,-1.08493,0.17027,0.03689,1.88379,2.04066,-1.36348,-1.23323,0.2207,1.15478,0.68928,-0.73826,-1.36734,-1.03266,-0.60521,-0.84103,0.18769,0.20771,0.64573,-1.10826,-1.11737,-0.09337,0.80979,-0.53468,-0.69895,0.64568,-1.2995,-2.82753,-0.15502,1.99758,0.05237,0.5986,0.43789,-1.24427,0.80372,0.39343,-1.45125,0.26003,1.10819,0.10266,-0.1243,0.18284,-0.74373,0.83446,0.81733,1.87344,-0.03647,0.62384,-0.81294,-0.62346,1.12922,-2.44907,-0.2381,0.80104,-0.78254,-1.75001,0.25263,-0.41747,0.15202,0.01602,-1.38498,-1.4166,-0.33182,-0.42428,-0.46926,-0.70595,0.66291,1.1727,-0.08249,-0.50738,-0.71013,-0.04758,0.6209,0.19054,-1.71845,0.09549,-1.95119,-1.14868,-0.55622,0.53144,0.72301,0.87767,2.02695,-0.1376,-0.2863,-1.44694,-0.40677,-1.69389,-0.8407,-0.89314,-0.42555,0.15246,-0.05666,0.54073,-1.39136,0.41959,1.03466,-0.43413,0.16433,1.73347,0.80672,-0.90198,-1.38808,0.60057,-1.42046,-0.56847,0.17841,0.16381,-0.1616,1.23801,0.275,0.32481,1.42644,0.58385,-0.1733,-0.90787,-2.09398,2.06866,0.02126,1.75159,-0.25868,-1.96289,0.7032,-1.01392,-0.14264,1.04878,0.69682,0.75073,-0.23647,0.31696,1.2084,0.63438,-2.76987,0.07873,0.86658,0.45065,-1.14978,1.1532,0.61765,0.01409,-0.37716,-0.52574,0.12026,1.10453,-0.03545,-0.16497,1.71353,1.62507,0.32345,1
-2.265,1.76768,0.72417,0.58302,-0.14544,-1.10552,0.84296,0.29141,0.77072,1.59401,-0.65488,-0.99686,1.00111,-1.52271,-0.25709,0.07817,1.77331,-1.10696,0.69272,0.49992,0.11816,-0.40939,-1.65481,0.76552,-1.19265,-1.09138,1.22498,1.26672,-0.37239,-0.46699,-0.62518,0.26649,0.21598,-1.29107,1.09139,-1.04466,-2.25141,-1.43661,0.93912,0.48914,0.79007,-0.76338,0.30387,-0.35845,-0.87282,0.7888,0.14328,1.52591,-0.61701,-1.03154,-0.41292,-0.95082,-1.61826,-0.02365,-0.58245,0.01841,1.41699,0.23359,-0.76493,-0.95544,-0.32672,-0.68355,0.24352,0.39872,-0.04345,0.66112,-0.86956,0.75142,0.2354,1.13494,-0.89944,-1.40006,0.5781,-1.27621,-1.07966,1.01967,-0.92625,-2.67348,-0.76399,1.22506,0.87815,-1.58876,-1.45259,1.31547,0.42563,-0.18308,-0.42431,-1.15398,1.19356,-1.68396,1.73438,0.79683,1.08648,0.50943,-0.07368,-0.34607,-1.21155,0.54894,-0.15872,0.34807,0.8169,0.40954,-2.09119,-0.11896,-0.14005,0.44098,-1.63507,0.48223,0.7333,-0.0724,0.44446,1.21873,0.80971,-1.54428,1.22201,-0.59475,-0.37903,0.64914,0.72902,-0.03521,0.61578,0.09612,-0.29437,-0.12487,0.93662,-0.53518,-1.26434,-0.55481,0.60299,1.19283,-0.84765,-0.578,-0.3958,-0.32716,-0.70786,1.2344,2.2153,-1.13181,-1.98668,-1.29161,-0.21387,-0.54295,0.03542,-0.48109,2.09959,0.4923,-0.85591,-0.80192,-1.05284,-0.86265,-0.48059,-1.39273,-0.97622,1.12001,-0.14525,1.65963,0.66405,-0.74365,0.29555,0.34261,0.31495,-1.5142,2.32781,0.09898,-0.21355,-0.44027,1.71633,-2.23812,-0.50282,-0.59149,-0.92606,0.50013,0.43662,1.58739,2.098,-1.79722,0.95084,0.32619,0.6485,-1.14435,0
0.32199,-1.29167,-0.42472,-0.34359,0.38466,0.26276,-0.46607,-1.13232,0.47567,-1.11638,-0.3474,-0.45204,1.47804,-0.093,1.29759,0.9412,-0.03086,0.73096,-0.53108,0.68315,0.05079,-0.53574,-1.28413,0.65417,-0.89958,0.87321,2.44468,0.21908,-0.94094,2.8511,-1.20994,1.25418,-1.20371,-0.08829,0.59487,0.08373,-0.93865,-0.11269,-0.03538,0.26684,-0.64486,0.5731,1.08655,0.67103,-0.67642,-0.57202,2.29456,-0.93755,-0.3402,-0.20677,-0.37732,-2.31832,-1.03457,-0.66134,-0.54664,0.52685,0.00091,-0.52419,0.24746,-0.39873,0.12312,-2.25954,0.02298,-0.3629,1.41014,0.60252,-1.20472,-0.0676,-0.37191,-0.11104,-1.19283,-1.482,-0.74475,-0.5857,1.81057,-0.92779,0.06229,0.03532,0.82161,-0.09554,2.63745,-1.70581,0.65103,0.12962,-1.04662,-1.38228,-0.15764,0.46578,-0.60841,-1.2368,-0.80456,0.34972,0.41016,-0.14951,-0.92164,-0.31622,0.11677,-0.77313,0.74295,-0.70329,-0.43054,1.0405,-1.32745,1.1535,-0.4437,-1.89992,-1.23308,0.32719,0.2192,-0.29685,-2.88833,0.07214,-1.72963,1.92146,1.28721,-0.57308,-1.37299,-0.2594,-0.60949,0.42357,1.28246,2.49353,-0.34515,1.04367,-2.0828,1.50528,-0.19864,-1.27763,0.34043,1.18192,0.48216,-0.54616,-0.6306,-0.74606,-0.27461,-0.83752,0.29118,1.68894,-0.29634,-1.02931,0.66931,-0.72876,0.31643,-0.15892,0.74394,-0.56765,0.46977,-1.01626,0.73492,-0.14104,-0.15861,-0.44673,-0.00991,-1.90985,1.25118,0.07489,1.1518,0.75864,-0.74528,-0.12456,1.82605,0.87898,-0.23553,0.03521,0.76056,1.11711,0.01799,1.37865,0.83901,1.45037,-1.29591,-1.59884,0.21557,0.4839,0.02495,0.57418,-0.95647,-1.24324,1.04713,-0.47833,0
-0.52315,-0.57568,-1.36349,-0.30245,-0.14188,0.31615,0.24692,0.52317,-0.29994,-0.92451,-1.1124,-0.26765,-0.28757,-0.49988,0.60977,2.31982,0.55527,0.5797,-1.09488,-0.34236,1.68796,1.16266,0.21043,-2.08525,-0.01926,1.91604,0.87337,1.0478,0.02057,0.14948,-0.4472,1.7721,0.76584,-0.41565,2.50151,0.86226,-0.44445,0.7347,1.31914,-0.27728,1.00014,1.10203,-2.70496,-0.15259,-1.10547,-1.10073,-0.39022,1.6527,-1.44044,1.05382,0.55523,-0.01298,-0.29487,0.82865,0.92796,-0.72295,0.46417,-1.62308,-1.37044,-0.68425,-0.8076,-0.10404,1.22356,0.90779,-0.64296,-0.33249,0.25103,0.8544,-0.77317,2.32841,1.52387,0.43243,0.30383,-0.20285,1.7577,0.57048,-1.62585,-0.57491,0.46068,0.8249,-0.76756,0.3722,0.86576,-0.0051,1.87502,-0.39839,-1.07512,-1.16093,-0.83285,0.62364,1.78292,1.80989,0.26438,0.30456,-0.59504,0.04403,-0.2975,1.63878,-0.74982,-0.99782,0.65919,0.80518,-0.41422,-0.95079,1.62483,0.69847,0.26327,-0.652,-0.28411,-0.75955,0.14953,-0.7889,-0.70269,0.10408,1.06446,-0.52814,-1.24641,-1.24249,-0.08714,-1.32896,-0.64114,-0.63772,2.87089,-0.17901,-0.63497,0.57848,-0.39854,-0.70878,-0.6564,-0.84409,-0.58612,0.46085,0.49813,0.30493,-1.09237,-0.48687,0.06724,-1.12598,-0.51109,0.8749,1.12203,-0.85469,-1.20481,-0.46824,0.7805,-0.11612,-0.09283,-0.34764,-1.04606,1.95604,2.05951,1.12986,-0.60847,1.16169,1.08282,1.92954,1.3414,0.64578,0.26664,0.89242,-0.20773,1.03996,0.57443,-2.57229,0.84695,1.50878,0.16714,-0.94372,0.92059,0.82692,0.62659,-1.01721,0.98892,-0.48611,-2.02936,0.11348,0.23017,-0.34057,0.30429,-0.05771,0
0.37491,-1.31877,-0.99592,1.5492,-1.00321,-1.31227,1.44038,0.39411,2.4644,0.33136,0.7655,-0.11435,1.15356,1.38277,-0.89395,-0.08424,1.5647,-0.09998,1.20851,-0.22516,-1.74326,0.83136,0.04249,-0.43101,-0.59631,-0.0201,-0.33515,-0.30176,1.09371,-0.9226,0.66634,-1.22555,1.59525,1.21262,0.16413,-0.19254,-0.15461,-2.93734,-0.35113,-0.38138,1.76267,0.03721,-1.19394,-2.05375,0.57523,-1.43295,1.04116,-0.17178,0.24333,-0.38505,1.35385,-0.20447,0.69447,1.24024,0.04738,-0.05949,0.34091,1.782,-0.95075,1.17846,0.57964,1.09956,-1.16624,-0.75525,0.06433,1.65248,0.08108,-1.08575,-1.23764,-0.98402,1.41237,-0.12476,2.55883,1.30219,0.96483,0.20648,-0.17923,-0.17621,1.71602,0.73042,-0.06791,0.95793,2.44447,-1.38472,0.35762,0.69487,2.01847,-0.90075,0.82243,1.34347,2.57287,-0.55075,1.11775,-0.65833,0.76383,0.03096,-0.49561,-1.29575,0.88915,1.6096,-0.06916,0.09943,0.73006,0.64811,-0.33522,0.56029,-0.43989,0.43552,-1.1152,1.20571,-0.93286,0.07851,0.3753,-0.01634,-0.82992,1.54378,0.46845,-1.93018,-1.26222,-0.62057,0.19409,-0.43643,-2.16227,-1.08007,2.36823,-1.48289,1.2427,0.61383,0.06575,-0.30865,1.09072,0.07558,-0.12468,0.89524,-0.85363,-1.85219,0.64188,-0.72355,1.16611,0.2318,0.19089,0.4278,1.24837,-0.04634,-0.67485,-0.92003,0.23531,1.17254,-0.06862,1.84148,-1.35562,-0.7364,1.61413,1.13712,-1.31241,-0.5784,-0.11122,0.93415,1.58854,0.34193,0.28682,1.1757,0.97239,0.90329,-0.89779,-0.23953,1.0387,0.8464,0.182,0.07801,0.62361,0.33127,0.07103,-0.67833,-0.0827,-0.20336,-1.22941,0.26443,-1.14661,-0.7504,1
0.38813,-1.19698,-0.95092,0.46366,0.94778,0.60092,0.15934,1.11314,0.26666,-0.57685,0.60363,-2.15311,0.58758,2.37823,-1.17624,1.02231,-1.22841,-1.24833,0.64308,-0.08392,-0.85937,1.02628,1.10846,0.22468,-0.05634,-1.56316,-0.42521,-1.85001,-0.63505,0.36244,0.0506,-0.56809,-0.76087,0.61067,-0.10749,0.09777,-1.59578,-1.15882,-0.2969,0.94025,1.2483,-0.96211,-1.15806,0.66525,-0.04812,-0.94473,-0.91141,-1.29533,-0.01803,-1.34462,0.22762,0.22529,-0.05135,0.39812,0.10485,-1.18383,-1.10246,-0.7888,0.49956,-1.12591,1.39196,0.08302,1.97229,1.34191,0.09577,-0.17033,0.54162,-1.05407,0.25002,-0.72614,0.55292,-0.63432,-1.50749,0.17878,-2.012,0.22551,0.55726,-0.81855,-0.20453,-2.32735,-2.51754,0.46419,1.20149,1.49048,-0.09124,-1.57752,0.20594,1.24886,-1.33024,0.95172,-0.51337,-1.02544,-1.09405,-0.12357,0.29596,-0.20973,-0.30779,0.1448,-0.64103,0.77574,1.83291,-0.79081,-0.02317,-1.08357,-0.27436,0.66166,1.06672,0.08212,0.70625,0.41565,1.06552,-1.12569,0.26135,0.78407,-0.99554,-0.19594,1.27073,0.91793,1.02165,-0.92782,-0.71304,-0.31621,-1.30305,-0.53818,-1.13444,-0.54155,-0.29941,-0.3031,0.10103,-0.04127,-0.78365,0.95212,0.89917,-1.71442,-1.37028,0.75474,1.4914,-1.51559,0.61178,-0.4386,-0.05974,-0.19017,-0.71549,-1.33121,0.57948,0.15847,0.40538,-0.47061,0.90329,0.0339,1.0865,0.12809,-0.24232,0.53832,1.82265,-0.23319,0.60522,-0.05011,2.00707,0.49117,-0.28972,-0.79046,0.72396,-0.63235,-1.24694,-1.25279,1.48559,0.83093,-1.56663,1.07423,-1.98752,0.10965,1.98637,1.27824,1.9534,-0.53924,-0.24347,0.10634,-0.91456,0.82053,0
-0.28484,0.37503,-0.43534,0.1496,-0.33274,-0.03841,1.05623,-0.27978,1.14511,-0.17017,-0.69271,1.09702,1.02839,0.27877,-2.2503,-0.67919,0.05161,-1.07911,0.42092,-1.17682,0.19666,-1.883,-0.10247,-0.15637,-0.11223,-0.50101,0.05254,0.49379,-0.39774,1.79549,1.5562,-0.55748,-3.25085,0.67899,-0.74388,2.51791,-1.15612,0.50599,-0.50165,0.89732,0.04379,-0.41754,0.75814,-0.89178,-0.91175,-1.21092,0.44186,1.97236,-0.20623,-0.01301,0.07302,0.16642,0.16863,-1.87956,0.66847,-0.26465,0.7326,-0.75307,0.24407,-0.78496,0.03307,0.39864,-2.17432,0.06784,-0.17052,-0.6996,-0.34055,0.18303,0.86936,0.33287,-1.18861,-1.32213,0.09337,-0.05348,0.09265,0.19936,-1.13208,0.61884,0.67054,-1.1268,0.72586,0.1053,-0.61628,2.2446,0.01665,-0.48752,-0.89261,0.3957,0.60228,0.14046,0.67397,-0.04877,1.49807,0.05258,1.71858,-0.59497,0.806,-0.97609,-0.01381,0.54042,0.83506,1.28787,1.50814,-0.48625,-0.14835,-1.8235,1.11288,1.03145,0.18488,-0.5628,2.09761,0.62883,1.56319,1.09132,0.74414,0.09615,-1.51461,-0.47418,0.57708,0.09342,1.15294,-0.51817,0.62792,0.49465,0.0665,1.44239,0.45219,0.92039,-1.47766,0.34202,0.70226,0.50388,-0.27666,-0.78514,-0.46396,-1.1238,-1.79367,0.37689,-0.33208,1.35612,-1.67466,0.60103,0.30831,-1.29392,0.7958,-0.00995,-0.20112,-0.38702,-0.43149,2.28615,-0.60747,0.99034,0.72069,0.97675,0.50314,-1.33368,1.38706,0.55361,1.91293,-0.36299,1.02289,0.39317,-2.02422,-0.66225,-0.95043,1.19608,-0.2541,-0.28511,0.50372,0.10561,1.27271,-0.77749,-1.58833,0.87881,-0.49771,0.74073,1.84844,0.4696,-0.78138,-0.7809,1
-0.70172,0.84311,1.46446,-1.6151,0.67543,-0.05365,1.28642,0.38384,-2.03683,1.18378,1.06786,0.29483,-0.65745,-1.47365,-1.74182,0.06446,-0.13841,0.99963,0.05087,0.61406,1.07996,0.57255,1.59646,0.78532,1.33199,0.02821,0.39705,1.53317,0.3609,0.26481,-1.7444,0.19254,0.80769,-0.23148,-0.09664,-0.93031,-0.53592,1.40766,-0.02335,0.92815,0.50867,-2.49524,1.97277,-0.88314,-0.93115,0.71806,0.08914,0.61632,-0.23627,-0.02116,-0.90571,0.28948,-1.19965,0.02935,0.93246,0.59078,0.46088,-0.38399,0.80153,-1.63246,-0.01137,-0.20222,-0.04172,-1.03109,-1.37858,-0.78945,0.52775,-1.39293,-0.65139,-0.24269,0.14877,0.73667,0.63604,0.69082,0.78849,-0.87593,1.2195,1.64759,-0.08177,1.17762,1.52458,2.21035,-0.30144,-0.81374,0.55824,-0.06889,-1.15527,0.80053,-0.76943,0.87135,-0.22732,-1.78231,0.28608,0.57509,0.36925,0.548,0.28958,1.50677,-0.14469,-1.29308,1.74739,-0.63841,0.107,0.03735,-1.21728,-0.14204,-0.17609,-0.09674,1.74954,-1.14048,-1.11353,0.65251,-0.4874,-0.70034,0.44999,-0.4397,1.1119,0.54547,0.31524,0.34231,-0.07909,0.08874,-0.5276,0.15367,-0.72148,-2.17329,1.43424,-0.14139,-0.48926,-1.05341,0.44124,-0.45859,-1.49582,-0.90481,-0.30667,1.51047,0.48376,1.5431,0.46657,1.51019,0.50503,0.08296,-1.14577,1.2183,-0.95226,1.31455,-0.55932,1.12552,0.90937,1.21552,1.52515,0.68526,-0.40973,-0.9366,0.1774,0.94622,-0.62328,-1.33744,0.24097,0.68441,0.79101,0.30508,0.93063,-0.80167,-1.1241,-1.3007,1.13897,0.62767,1.5714,1.62727,0.34404,0.10459,-0.76577,-0.10489,0.38283,-1.15592,0.42529,0.21528,1.13842,-0.36282,0
-0.03989,2.65333,0.31687,1.65886,1.26883,1.16966,-0.72726,-1.55866,-0.13127,0.21911,-0.40359,-0.14008,1.33328,1.84537,0.35634,-1.22722,-1.50127,-0.28126,1.07779,-0.0777,-1.18473,-0.75866,0.28521,-2.35734,0.20602,0.88116,-0.5189,0.551,1.03736,-0.90861,-0.7812,1.70427,-1.21292,-0.60259,-0.90606,-0.69603,-0.86907,-0.09814,2.36452,-0.8666,-0.75346,0.02096,1.44446,0.04758,-0.66455,-0.58379,1.05995,-0.19188,1.3625,0.98016,0.19619,0.27768,0.00341,-0.54719,-1.09749,-0.2577,-0.60268,0.30879,-0.63313,1.14437,0.31962,-1.43105,0.53989,-1.25453,-1.74202,-1.16871,1.73007,1.14985,0.48571,-0.11696,0.03731,0.21856,-0.74463,0.39153,-0.38961,-0.15866,-0.57671,-0.32686,-0.38731,-1.77349,-0.73544,0.53145,0.59474,-0.30683,-1.20378,-0.98054,-0.15748,-0.15254,-1.20093,-1.42329,-0.36509,-0.79243,-1.01442,-0.41738,0.11595,-0.53795,-0.73758,0.96484,-0.6771,-0.62511,0.72672,0.74809,-1.84864,1.06281,0.05362,-1.43322,0.04248,1.09602,0.62705,0.00278,-0.05788,-1.70817,-0.1244,-1.21862,-0.15335,0.96761,-0.61397,-1.91217,0.18784,-0.32098,0.7702,-0.4081,-1.00219,-1.52301,-1.0832,-0.25527,0.78262,-0.48319,-0.53555,-1.49572,-0.19064,0.40374,0.04275,-0.45042,-0.59832,1.51931,0.44507,1.13925,-1.90932,-0.13576,0.16026,-2.38445,-1.14666,-2.09187,0.23244,-0.44314,-0.27752,1.41828,0.04922,-0.56275,0.49137,0.31569,1.23713,-0.58497,1.10896,1.9039,-0.25621,1.05045,-2.26858,-0.70677,1.89435,-0.89817,-1.04804,0.15763,0.12216,0.2143,-1.03165,-0.76411,-1.88083,0.76532,0.33826,1.23813,1.54326,-0.14331,-2.46726,0.62947,-0.80035,-0.32841,-0.4387,0.0996,0
-0.04405,-0.21537,2.04186,-0.55826,0.79322,-0.9778,-0.28269,0.30359,0.14209,-1.06695,-1.95804,-1.2144,-0.61754,-0.05197,0.02829,0.55977,0.09352,0.82268,0.30182,-1.53824,0.62978,-0.35415,-0.65688,-0.68447,1.35632,-2.07728,-1.50739,-1.0025,-0.22638,1.61888,-0.7244,-0.06308,2.08872,0.32224,-0.00023,1.58571,0.35473,0.35083,1.86166,0.49127,0.8072,-0.21745,-0.08909,-1.12909,-1.76065,-1.69973,-0.30249,-0.08237,-1.19614,-1.5886,-0.4137,-1.40706,1.63834,-0.0377,0.24324,0.71372,1.03061,0.5084,-0.38961,-1.26158,-0.10713,1.06461,1.1486,0.67224,0.56542,0.21545,-2.57925,0.64733,-0.28592,-0.23993,0.79158,1.06272,0.39286,0.36552,1.12599,0.32324,0.23019,-0.23598,-1.03912,0.06396,-1.47616,-0.28786,0.29216,1.84828,0.13174,-1.35164,-0.55271,1.84254,-1.3405,-0.66133,0.72194,-0.87612,-0.53323,0.50487,0.48372,2.22132,-0.44922,-0.22219,-1.51401,0.86053,-0.84852,0.67842,1.2556,-0.10638,0.65214,-0.07594,-0.17488,0.08363,-1.7183,-1.17913,-0.53892,1.27183,0.26827,-0.98808,0.06363,2.07184,-1.42567,-0.02177,-0.52475,2.21745,0.93117,-0.01199,-0.98855,2.3051,0.44056,-2.40418,-1.04415,1.2038,-0.66268,-0.04161,0.91928,-1.2866,1.1828,-0.27388,-1.58683,2.2639,-1.22376,-0.99388,0.32577,0.0844,-0.65011,-0.40181,0.7104,2.02631,0.6539,1.7749,0.74728,-0.90882,0.71059,0.73911,0.16161,0.90647,-0.71709,-0.97104,0.75517,0.25415,-1.19868,-1.07704,0.04323,-1.47563,0.04922,-0.85877,-0.32082,0.19302,-0.24774,-0.1505,1.13532,-0.47646,-2.1445,-0.29183,-1.97462,-0.51235,-0.10281,-0.10246,-1.68384,-0.16403,0.05039,-0.93036,-1.62955,0.42902,1
-0.36654,0.46923,-0.53636,0.84093,0.3242,0.08451,1.00983,-0.02975,-0.69897,-0.2457,1.6769,-0.86954,0.69572,-0.69922,1.86059,0.0222,-0.5437,1.11315,-1.55543,0.78528,0.23236,0.16326,-0.95855,0.57689,0.80871,-0.45493,0.01417,-0.21032,0.26634,-0.7644,-0.63532,-0.09092,1.08751,-0.27308,1.28218,-0.61621,-1.15686,0.59117,-1.65511,-0.69326,-1.91762,-1.68354,-0.64997,-1.25635,-0.86056,0.04625,-0.57123,-0.16376,0.96127,1.76994,0.30318,-1.62634,0.18356,1.10567,-0.94573,-0.56268,0.02864,1.26473,-1.01381,-1.09138,-0.94343,0.74466,0.31604,-2.01528,-0.47009,-1.11304,-1.36784,-0.13002,0.52753,-1.2334,-1.09273,-0.83701,-0.44927,-0.04408,0.93608,-1.63015,0.0952,-0.373,0.79137,-1.1855,0.43053,-0.19334,-0.30555,0.43951,-0.6577,-0.84505,0.03392,0.34565,-0.47512,0.39989,0.34214,-0.05241,0.54577,-0.61765,-0.0228,0.46811,-0.14572,-0.87473,0.98976,-0.0315,-0.16654,-1.7043,0.10149,-0.50126,1.08694,-0.00218,1.81822,1.12483,-0.27756,1.29033,-1.65039,1.09263,1.02946,-0.45766,2.36269,-1.31377,0.23958,-1.10242,0.97853,1.47723,-0.46428,-0.59909,-1.36296,-0.03198,-0.01695,-0.16898,1.13203,0.32237,1.41131,-0.84884,0.20543,-0.2087,-2.67216,0.19343,-0.42823,-0.99275,-0.49157,0.37635,-0.60473,0.24074,-0.57078,0.2644,0.46247,-0.76177,-0.47899,0.78582,0.50721,-0.10392,0.91444,0.12418,-1.78954,-1.55405,-1.3042,-0.23243,0.13979,0.50454,-0.82833,1.84977,-0.14322,-0.10989,0.00737,-3.06248,1.36974,1.43442,-0.09263,-0.18911,0.54354,1.21632,1.06327,0.90503,-0.20432,0.16755,-0.13221,0.18825,-0.78181,-0.11749,-0.98156,0.81392,-0.86194,-0.49125,1
0.05168,0.34759,1.06867,-0.44546,0.22081,-0.04596,0.33108,-0.5278,-1.00295,-0.35256,0.13777,-1.97405,0.4079,0.89341,-0.80781,-0.56744,-0.62714,0.08144,-0.53308,0.31271,0.28147,1.0343,-0.52986,0.29867,-1.12562,0.27239,-0.97165,-1.06298,0.01967,2.07631,1.02854,0.28,0.63806,-0.85906,-0.31915,-1.58691,-0.58949,-0.65968,-2.47277,0.10041,0.68365,1.4354,0.44603,-1.60859,0.79604,1.10674,1.12928,-0.21468,0.97929,-0.9068,0.63076,1.20512,-0.37527,-1.19098,0.77835,-0.54318,1.01808,-0.94391,-0.98842,0.70025,0.30206,0.42647,-0.61067,0.03877,0.56447,-0.2331,1.44016,-1.14674,-0.3145,0.19602,0.27818,-0.82497,1.01558,-0.19387,-0.92208,1.19041,-0.90632,0.80746,-1.63943,0.92978,0.811,0.49463,-2.69553,0.99517,0.1668,0.30478,-0.1933,-1.02221,0.19324,0.7307,0.30105,0.15944,-1.87462,-0.64291,-1.39659,0.2659,0.99883,-1.37543,0.16659,0.82583,0.97567,-0.35947,-1.15518,0.38085,2.76094,1.54541,0.38692,-0.27678,0.75811,-0.35766,-1.52259,-0.17047,-1.01441,-2.13459,0.86557,1.72662,-0.09343,-0.81263,-0.34617,0.13195,0.12807,-0.17443,-0.31258,-1.60226,0.31661,0.50765,-1.05892,0.83598,-0.28481,0.16391,-1.05201,1.25192,-1.15902,0.20253,1.32759,0.52879,-0.61636,1.79057,1.02269,-0.07971,0.22728,-1.39965,-1.66939,-0.58981,0.87956,0.39865,-0.15231,0.34527,0.07707,-0.45119,0.32262,0.04785,-0.11099,0.02283,0.07648,-1.00632,0.00302,-0.33723,-0.46052,-1.35175,-0.09344,-0.22457,1.04695,0.52483,-0.10845,-0.20882,0.85725,0.77558,0.74793,-1.63173,-0.18287,-0.68467,0.80484,-1.34968,0.57791,-1.12704,1.18881,0.51136,0.47484,1.10372,0
-0.12922,-0.05331,0.37001,-1.79061,1.35618,-1.47971,0.49404,-0.12503,1.24935,-2.85344,-0.59812,1.3754,-2.55074,1.4373,-0.44486,0.11386,-0.20916,0.1863,2.27129,0.42007,0.24875,0.02507,-0.86362,0.60822,-0.08241,-2.83226,0.97864,-0.25487,-0.30143,-1.73012,0.65249,0.34512,-0.11442,-0.18782,0.0607,-1.31333,0.46858,-0.77019,2.21789,-0.08993,-0.92336,2.20901,0.06039,-0.48452,0.85146,-1.18351,0.29707,-0.73825,-0.71574,-0.12801,-1.05288,-1.70814,-1.11181,0.35751,1.1091,-0.18928,-0.70885,0.37061,-2.74272,0.82003,-0.15724,0.12328,0.1758,0.52051,-2.7258,0.39797,0.04699,0.94208,1.33793,-0.35891,0.10083,0.69706,0.57776,-2.24416,1.42422,0.86467,1.5933,-0.81167,0.30114,0.17218,0.24248,0.9066,-0.10155,0.35058,1.38564,0.82971,0.04204,-1.03855,1.00672,-0.84891,0.07428,-1.18766,0.98286,-0.41341,-0.69252,-0.66818,0.81782,-0.7436,0.46917,0.32138,1.31283,0.65012,0.17578,0.22584,-0.42256,-0.8338,0.64706,-1.02605,1.86641,0.61877,1.08883,-1.33031,-1.00754,-0.1966,1.13494,0.4802,1.55692,-0.16443,0.42412,-0.99827,1.71585,-1.40935,-1.66443,1.31144,-0.64979,-0.67235,-1.80586,1.87691,-0.0958,0.1054,-1.24472,-0.51853,-0.90438,-0.6002,2.68899,0.30975,0.01377,0.17873,-0.33914,0.33688,2.29914,0.08588,-0.5288,1.35509,1.00138,-0.1246,-0.8563,-0.42754,-0.20278,-0.00112,0.20917,-0.96887,0.43812,-0.31038,0.5471,1.0982,-0.62412,-1.26368,0.32353,0.43021,-0.29602,-0.0411,-0.16527,0.47792,-1.59018,0.95442,-0.29496,-1.6329,-0.85343,-1.06088,1.51666,-0.07685,0.21285,-0.57142,0.96167,0.38273,-0.0498,0.66881,0.38874,1.78797,1
-0.91673,0.01081,-0.21735,0.53679,-0.02691,-0.05564,0.81734,0.00575,-0.43193,-1.11241,0.27201,0.61488,-0.09332,2.50562,-0.85643,-0.26963,1.77148,-0.7024,-0.2795,-1.16374,-0.44327,-0.79258,-0.26674,-2.25958,0.75344,-0.72311,-0.25749,1.02534,0.64018,-0.74749,0.4595,-2.27744,0.13628,0.71227,-0.71325,1.70814,0.80688,0.24636,0.06504,-1.07528,-0.74209,1.72841,-0.52275,0.3443,0.3789,0.25744,0.68126,0.61997,0.64005,-0.17178,0.6646,-0.84302,0.62501,0.30618,-0.86387,0.95505,1.40276,2.91053,-0.85017,-0.47754,-1.0897,-0.78854,-0.51173,0.07402,0.68479,-0.42203,-1.60067,0.88432,-0.5531,1.59384,-1.42337,0.49034,0.24714,0.39357,0.19054,-0.42442,-0.36065,-1.82649,-0.59521,0.30884,1.1739,-1.03808,0.24061,-1.32934,0.51832,-0.06056,0.30865,0.85655,-0.74712,-0.50574,2.30326,0.32321,0.23674,-0.72937,-0.76281,-0.52522,-1.15191,-1.93504,-0.7158,-0.10355,1.10715,-0.75421,-0.87591,0.12108,-1.75497,-0.36102,-0.93788,0.22568,0.43215,-0.50622,-0.10854,-0.28952,1.19635,-0.44778,1.4473,0.05454,1.69713,0.69394,0.18063,0.56434,1.67012,-1.19503,-0.9788,0.89017,0.67206,-0.36285,-0.62581,0.23983,0.19892,-0.03252,0.02116,-0.3097,0.27117,0.37776,-0.01539,-0.58647,-0.93118,0.94355,-0.61755,1.22516,-0.85877,-0.49085,1.58977,1.58606,1.80235,1.04279,-0.17903,-0.52524,-0.89656,0.77422,-1.12365,0.37844,1.00834,1.46015,-0.10577,-1.53256,-1.04698,0.99654,-0.38186,-0.59016,-2.18276,-0.5341,-0.75863,0.92048,1.47415,-0.20057,0.13575,2.46593,2.26883,-1.06021,-0.62126,-0.40588,-0.5157,-1.24826,0.61777,2.65765,-1.14347,-2.51939,-1.6831,-0.60552,1
1.15523,-0.9782,-0.72833,1.10704,0.01917,0.40711,0.3369,-0.82768,-0.82464,2.44473,1.40069,-0.70331,-0.87594,0.24711,0.84203,-1.71278,1.34313,0.10284,-2.01065,-0.96306,1.35989,-1.28073,0.0411,-1.90917,-0.85195,1.48393,-0.23805,-1.28439,0.78468,-1.7302,-0.60901,0.87191,-0.45086,0.06115,0.15922,1.56944,1.09934,3.76884,-1.91981,0.92612,1.38907,0.96276,0.33213,-0.01626,-0.26501,-0.43628,0.32057,-1.12987,0.23529,-1.27241,0.0935,1.86477,-0.76423,0.32152,1.84671,-0.47429,0.44596,0.79797,-1.805,0.12958,-0.12376,0.3412,1.28418,0.32087,-0.84049,2.34408,0.123,1.01125,0.33482,-0.59989,1.17291,-1.87205,-0.10433,-0.49848,1.38876,0.98822,-1.11717,-2.61772,-0.05301,-1.41183,0.1234,-2.72203,-0.84146,-1.80317,1.24442,0.38009,1.00644,0.89974,-0.7413,-1.27905,-0.36738,-0.06536,0.07632,-0.0411,-1.30112,-1.18604,-1.31386,0.0349,-1.49274,-1.49791,0.55153,-0.21555,2.51136,0.58474,-0.74223,0.04799,1.59582,0.04168,1.6371,0.63236,1.2802,-0.16557,-2.24982,-0.32088,-0.3188,0.20003,0.10352,-0.98069,-0.71219,-1.42937,0.3298,0.11179,-0.69197,-1.19614,1.37297,-0.8623,-1.12405,-0.66277,-0.68493,0.89271,0.96913,-0.89254,-1.03105,-0.88836,-0.36693,0.88671,1.13264,0.27938,-0.16095,0.35754,-0.32115,1.29514,1.34022,-1.15773,1.07441,2.01621,-1.33803,-0.41121,-0.70671,0.93051,-0.25298,0.86843,1.12663,-3.45761,0.61272,0.20733,0.73026,0.66353,0.06262,-0.00797,0.28644,-0.54771,0.16723,-0.95931,0.24571,0.02894,2.07865,0.65805,1.1178,-0.11885,-0.18249,-0.2041,-2.05971,0.22732,0.71121,0.01925,-0.88201,-0.50737,0.90701,0.25942,0
0.63518,0.54076,-0.2696,-0.6762,0.99884,-0.00494,-1.87883,1.75959,-1.44383,-1.90488,-0.42343,-1.12055,0.79549,-0.16935,0.60091,0.53888,0.0779,1.98943,-0.35976,0.64681,0.07964,-1.29787,0.26589,-0.6144,0.12078,1.15051,1.03569,0.58917,-0.53824,0.3248,-0.40759,0.63446,0.44356,-0.2951,0.33276,-0.96926,0.59269,0.0922,-0.22143,-0.71445,-0.62279,1.97387,-0.27875,-0.04721,-1.06135,2.21912,0.34611,-0.49218,0.4095,-0.19326,-0.7391,0.6522,0.12589,1.37443,-0.4905,1.18857,0.15557,1.03889,-1.09243,-0.19371,-0.15549,-0.69542,1.1581,-0.31108,0.80581,-0.12318,-0.4451,-1.3101,1.58164,0.95287,-1.12487,0.42854,0.71503,-0.76881,0.55814,-0.79139,1.03993,-1.3374,1.1889,-0.49115,0.86313,-1.05536,0.17706,-2.45425,-1.43811,-0.83586,0.84081,0.62996,0.50384,1.12173,-1.30921,0.7919,0.64955,-0.55577,0.69235,-0.00674,-0.37833,-0.90544,0.49674,-0.75532,-0.301,-0.47399,-0.51866,-1.25381,-0.10936,0.71868,0.50318,0.4898,-0.90627,0.14496,-1.5006,-0.1595,-1.19875,-0.53875,1.36063,0.24943,1.93889,0.48627,-0.21954,0.6605,0.98736,0.95675,-1.36234,2.76494,-0.52203,0.23789,-0.71974,-0.47665,0.30421,0.06595,1.10733,0.21186,-1.15139,0.3344,-1.81083,0.43262,-1.33967,0.18976,0.57493,0.43153,-0.94807,-1.46819,-0.00919,0.32882,-1.56427,-1.21467,0.13303,1.02666,1.74416,-1.8339,-1.19513,1.58342,-0.77444,-0.00409,1.27962,0.35265,-0.95379,1.98024,1.49905,1.00017,-0.02455,-1.15484,1.15011,-0.73148,-0.59109,0.06156,0.92897,-0.20285,-0.90245,-1.42442,-1.10236,0.75475,0.95326,1.21167,1.20656,-0.07299,-0.04201,1.19232,0.29899,0.97789,0
-0.06396,-0.16137,-0.46013,0.07118,-1.08408,-0.29817,-1.61814,0.01909,2.58741,-0.89692,-1.56142,0.74043,0.33048,-0.01136,2.30505,0.33073,0.95297,-0.07113,0.48528,1.44666,0.32967,-0.30939,0.19431,-0.03544,-0.0353,0.37342,0.08052,0.58677,-1.57693,-0.48736,0.12501,-0.47084,-0.42859,-0.51096,0.76712,1.01322,1.74953,0.46046,0.0567,-0.38318,-0.99383,-0.14167,1.01092,-2.1068,0.8993,1.08087,0.62905,-0.60443,-1.24161,2.14184,0.73043,1.36698,1.16667,0.05653,1.3043,-0.97618,-0.72084,0.22392,1.34706,-0.66734,1.56996,0.69725,-0.47038,0.80573,0.0219,-0.70376,0.29115,1.2229,0.33862,-1.59793,0.36809,0.34433,-1.27182,1.02179,-1.73303,1.09429,-0.181,1.34571,0.68959,0.69794,-0.67133,-0.02277,-1.82368,0.70525,0.23294,0.48345,2.05553,2.24246,0.89341,-1.35661,-0.42344,-0.11084,-0.10645,-1.95319,-0.59799,-0.31874,2.80369,0.11976,-0.01853,1.20569,-0.13401,2.05182,-1.28815,1.04493,-0.43417,-0.46157,-0.51719,0.36837,1.53946,-0.23249,0.33941,-0.04161,0.77673,0.0818,0.44409,-0.9844,1.3534,-0.26963,-0.63622,-0.46205,-0.98385,-1.24,0.32414,0.94602,1.87612,0.53122,-0.4035,-0.26601,1.03482,-1.0216,1.20223,-0.73497,-0.3636,-0.04127,0.99067,0.55505,0.60291,-1.4823,1.55039,-0.85931,1.0476,-1.23597,-1.02428,0.08675,-0.26491,-0.85971,-0.78323,0.59198,-2.21925,0.43971,0.34117,1.01666,0.29926,-1.30834,-0.90102,0.15497,-1.34239,0.35039,0.76246,2.40046,1.17644,1.31952,1.24657,0.2512,-0.86348,-0.78826,2.33064,-0.53377,-1.25166,2.49351,1.40328,-0.8776,0.51641,0.93492,-1.43825,0.34289,0.60509,-0.03341,1.04057,0.51916,1
-2.53282,-0.41483,0.47816,-0.03743,0.28624,-0.21775,1.13,0.59096,0.81166,-0.70655,-0.19536,0.40192,0.145,-0.39959,0.3718,-0.38385,0.56763,-1.566,0.01205,0.38167,-0.19282,0.66608,-1.01727,0.72682,-1.13877,-0.1809,-0.31195,0.27218,-2.76299,0.87613,0.37089,-0.91202,-1.96929,-1.54887,-0.91156,1.60529,0.26855,1.31885,-0.82952,0.07999,1.07284,-0.76884,0.55199,-1.72779,-0.34148,0.15975,2.1072,0.57565,-0.7216,0.65974,-0.05597,0.97822,0.44595,-1.4546,-0.3514,0.0215,0.85988,-1.16533,1.30485,-2.91089,1.51943,0.94904,-1.59913,-0.74719,-0.48553,0.30552,0.34547,-0.85811,1.89363,1.34952,-0.57885,0.30714,0.6869,-1.41234,0.38501,0.78859,-0.26511,-0.68824,0.22614,0.95905,0.35202,-0.71543,0.90526,0.24731,0.65231,0.03856,1.30551,0.50718,-0.76233,-0.7185,0.13509,0.33612,-1.52765,-0.58463,2.38723,0.06949,1.01036,-0.21699,1.14019,0.28022,-0.90097,0.7031,-0.11825,0.16726,-1.58271,-0.49892,-0.01795,-0.72513,-1.38554,1.66479,-0.45567,0.30352,-1.9077,-0.94723,-0.46845,0.83296,-1.90804,-0.44249,-1.70903,0.67297,0.06498,1.62626,0.002,0.18978,0.26542,-0.64239,-0.76988,-1.31029,1.27545,-0.7724,0.34573,-0.48341,0.17192,0.61272,1.01858,-0.53093,-0.02669,-0.01987,1.31587,-0.95931,0.20341,0.11288,-0.9371,-1.63309,0.36769,-1.69359,-0.26858,0.78711,-0.05869,0.91479,-1.76222,1.16494,1.01926,-0.40305,-0.38809,2.33281,0.25626,-0.34481,-0.01842,1.10556,0.61585,-0.4024,-0.95118,-1.93388,-0.21567,0.1411,0.13197,1.24119,-1.45136,0.53861,1.25511,0.37877,-1.13188,1.09071,0.78118,-1.12101,-0.32843,1.86038,0.01691,-0.94813,0
-0.40868,0.36329,-1.95107,1.39322,0.30748,0.36067,1.03169,0.14622,1.14019,0.80874,-0.27597,0.05691,0.77937,0.24873,0.21207,0.17368,0.71217,1.1791,0.6934,0.07127,0.34286,0.99868,1.39962,-1.17475,1.62255,0.69324,-0.73613,0.87491,-0.5254,2.71205,-2.08305,0.63847,0.64741,0.80895,1.72732,-0.00697,0.75443,1.61079,0.95585,0.77472,-0.01139,-0.53859,-0.37249,-0.26435,-0.5882,-0.81727,-0.30465,0.4158,-0.94473,-0.81125,-1.93357,2.1694,0.99592,1.37745,1.93132,0.00734,0.60187,1.16931,0.27699,-0.39835,0.97572,0.90975,-0.27907,-0.11114,1.34585,0.02139,-0.26756,1.23927,-0.26255,-1.10258,-2.24869,0.58843,-0.51866,-0.55831,-2.73395,1.66303,0.89843,-0.88663,1.56081,-0.45208,0.39549,-0.00229,-1.23494,-1.21021,-0.88546,0.78523,-1.35023,2.5896,-0.29678,0.54551,-1.15688,0.89391,-1.09376,-1.16217,0.11271,-0.90823,1.41224,-0.44708,-0.3687,-0.69667,2.66654,-0.28288,-0.51704,0.17507,-0.32384,0.626,1.17455,0.86524,-0.95674,-0.15158,2.60898,-0.40126,-0.59317,-0.60588,-0.9428,-2.00977,-0.11272,-0.61296,0.81341,0.64885,0.67877,-0.62202,0.09973,2.91972,0.20434,-0.1609,1.12914,-0.16276,0.96085,0.16149,-1.48172,0.35632,-0.02224,-0.01613,-1.0002,0.2506,0.32929,-0.41258,1.94455,-1.61203,1.77818,0.78459,1.85992,-1.39838,2.05731,-1.55803,0.41086,-1.07835,0.38496,-0.17247,-0.04786,0.39427,0.04256,0.54976,-2.80137,-0.31322,-1.04966,-0.33908,-1.62174,1.25782,-1.07007,-0.35142,-0.63993,-0.11056,-0.87704,-0.32243,1.0029,0.59352,0.87272,-0.949,1.85847,2.41956,-2.74481,-0.72454,-1.46703,-1.90147,-1.00235,1.1941,0.62319,0.50568,0
0.06525,-0.9295,-0.64301,-0.42763,-0.2927,-0.24323,0.26834,-1.30686,0.01141,-0.67417,-0.13128,-1.02601,0.09388,-1.41817,-0.23631,0.08328,0.57735,-1.56298,0.0666,0.8827,0.85544,0.42301,0.50697,0.49449,-1.54942,-0.80875,-1.48748,-1.12809,0.3719,0.82105,0.91186,-1.45616,-0.35628,0.63683,1.7009,-0.28926,0.41356,-0.43697,0.06827,1.59549,-0.35268,-0.45946,0.15589,-0.12754,-0.51414,-0.37394,-1.08041,1.21258,1.88661,0.35237,1.12999,-0.41995,0.38851,0.27063,0.93582,1.76887,-0.63167,-0.79235,0.53109,-2.11806,-0.1875,0.09987,1.47999,-1.2394,-1.81426,-0.74824,-0.42806,-0.46866,-0.51314,-1.52028,-0.92041,2.31794,0.31236,-0.75094,0.09164,0.86794,0.68019,0.71198,1.12195,-0.98157,-1.14877,-0.22754,-0.61706,-1.43652,-0.00253,-0.49407,-0.98441,-1.06483,0.68274,0.13458,0.37106,-0.00057,0.97561,0.03755,-0.2756,0.38631,-0.70705,2.10404,-0.40463,0.23252,-1.76409,0.30692,-0.6479,-2.45667,1.00113,-0.61816,1.24095,0.56764,1.20859,1.69832,1.05443,0.7772,0.6847,-0.35849,0.68398,-0.73675,0.39054,-1.5143,0.1982,-0.98973,0.02824,0.87663,1.48373,0.30953,1.80149,-2.1602,-0.28423,1.32316,-1.22251,-1.20611,-0.74361,-0.9149,0.55911,1.14633,-0.88391,0.63151,-0.19998,-0.44459,1.18426,0.47464,0.11746,1.33125,0.94266,-0.36244,0.34028,-0.55823,0.02731,-0.01655,2.01033,-0.29844,-2.22112,1.1167,1.77327,1.00317,1.02056,-0.27859,0.69177,0.67279,0.87414,0.08948,0.06853,-2.13273,0.0354,-0.56095,0.72835,1.04982,0.23915,-1.05073,1.66745,-0.59665,0.72407,-1.04449,-0.14524,0.15268,-1.47108,0.24601,-0.06203,0.59716,0.81618,-2.04097,1
0.19363,0.41192,0.1973,-0.10074,-0.68071,0.14752,0.06094,0.31015,1.102,0.67653,1.08571,-0.88643,-0.91089,-2.31332,0.79553,-1.02454,-0.60081,-0.58419,-0.05373,0.23766,-0.92063,-0.14701,-1.78832,1.06651,-1.22493,-0.24869,-0.25283,-1.04991,-1.35827,-1.41489,-1.01643,-0.82,0.85637,-1.45577,-0.77992,0.6647,-0.39564,-1.27794,-1.93992,0.38658,-0.41714,1.00501,0.06019,-0.96538,0.60661,0.17032,0.65484,1.17238,0.58548,0.39724,0.1691,-1.41639,0.57631,1.1132,0.53764,-1.14915,0.69787,-0.899,-0.15053,0.20042,0.10432,0.11975,-1.23538,-0.04137,-1.04581,0.10812,-1.40337,0.12652,-0.45941,-0.49229,-0.98029,-0.60654,-2.4596,0.52109,1.14865,1.04818,-1.72159,-1.52707,-0.40052,0.21841,-1.37874,-0.54593,-0.56051,-0.6993,0.20609,0.20206,-1.03307,0.49722,-0.00176,-1.20241,0.24383,0.42474,-0.52681,-0.84176,-1.46818,1.02625,-0.57815,1.36271,-1.22807,-0.57347,-0.46837,1.79257,-0.3142,0.68186,0.99134,0.98537,2.4225,0.77138,-0.96088,0.14519,0.31061,-0.01863,0.46121,0.99916,0.86146,-0.40013,-1.64887,0.86125,-1.98827,1.13256,-1.13026,0.39395,0.81616,-0.4372,-1.10399,0.92914,0.2212,0.44375,0.52936,1.76007,-1.65091,0.12561,1.04713,-0.09467,0.4924,-0.47366,-1.111,-1.25776,0.29458,0.84756,0.64827,-0.0016,0.53417,0.14147,-0.32865,-1.39021,1.12207,0.21332,-1.10168,-0.39765,-1.58715,0.91895,1.31702,-0.74049,0.54251,-0.42629,-0.29606,0.30641,-1.32967,-0.43803,0.69733,-0.00815,0.12851,-0.33578,-1.73741,-0.77244,0.56202,-1.25849,0.00649,0.75911,1.33863,-1.34805,0.18969,-0.63188,-1.98975,-1.38394,1.72387,0.51526,0.14013,-0.19917,0
1.91027,-0.43988,-0.14139,0.33826,-0.04867,-0.41012,-0.00161,0.65008,-0.73011,-1.14484,-0.56052,1.30883,-1.0486,-0.6619,1.19777,0.31298,0.6793,0.22849,-0.07905,-0.60603,-1.37925,-1.04733,-1.72401,0.53469,-0.06274,-0.63298,2.29651,0.33468,-0.47217,0.43555,-0.27361,0.50737,-0.63937,0.72755,-0.92467,1.48796,1.87244,0.50729,0.69114,-0.19852,-1.16831,-0.52028,0.63922,-0.37873,1.27633,0.29134,-2.25659,0.31872,-0.92793,-0.64742,-0.57999,-0.59286,-0.85473,0.95562,-1.27161,1.37426,0.87442,0.81467,1.90498,-1.06617,-0.84772,0.51586,0.4576,-2.6827,0.25918,0.09915,0.23382,0.16392,1.48729,0.87234,-0.97645,0.26539,-0.88654,1.02496,-1.16302,0.48887,-1.7941,0.17409,0.53702,0.54198,-1.05008,-1.01508,-2.27305,0.02424,-0.00592,-1.65329,0.17262,0.08918,-0.96887,0.35919,-0.61122,1.24817,-0.00438,-1.52503,-0.94709,-0.7932,-0.43374,-0.29903,0.52017,-1.14375,-0.76558,0.94812,0.47428,0.3179,0.30174,1.20563,1.15682,1.49056,-0.06838,-0.58199,-1.16271,-0.91547,-1.06606,-1.25897,-0.56367,-2.09292,-1.21375,-0.63129,0.35915,-0.06766,1.34308,0.25065,0.85738,0.85556,-0.20797,0.41022,-1.91677,0.76836,0.90642,-0.53875,0.40024,-0.70374,0.88852,1.1951,-0.62558,0.53473,-1.34037,0.36947,1.81289,0.82787,1.10778,0.38315,0.67363,-0.55442,-1.31968,0.58334,-0.18917,-1.26653,-0.04299,-0.53831,1.35023,0.22913,0.43563,-0.39341,2.34669,0.79018,-1.05242,-2.13338,-0.66759,-1.08496,-0.18003,0.19109,-0.23334,0.48563,-0.93941,1.24821,-0.38682,-1.97696,1.79304,0.74014,0.8892,-0.7776,-0.22485,0.64684,0.16056,-1.5847,0.05843,0.91738,0.02649,0.40835,1
-0.89092,0.54137,-1.4499,1.60038,-1.41461,0.16235,0.23346,1.35292,-0.70153,0.20865,0.74898,-0.44175,-1.28319,0.22862,0.1165,-0.08378,-0.88708,1.564,-0.21523,-1.65593,-0.22577,-0.04208,-0.02499,-1.06033,0.57439,0.40147,-1.18048,-1.28296,-1.43689,-1.91731,0.60375,1.1634,-0.49774,0.2951,-1.67397,-2.57904,-0.70557,1.41882,-0.25317,1.69057,-0.80834,1.2954,-1.09956,1.52653,-0.50842,0.73538,-0.36039,-0.19977,-0.30072,-0.36286,0.02487,-0.49529,-0.53408,1.47234,-0.6238,-0.34058,-0.16842,0.74301,-1.18311,1.85703,-0.23392,-0.39101,0.41514,-1.14455,0.52836,0.46772,0.35941,-0.23926,-0.26511,1.18872,-0.15512,-0.99137,-1.2008,0.30967,0.0327,0.2059,0.54317,0.43072,-1.24932,0.32415,-0.18938,-0.27286,-1.88254,1.8376,1.35363,1.03157,0.82549,0.68122,-0.54,1.14266,-0.46749,0.48871,0.6638,-0.50918,0.31529,-0.09114,-0.41959,-1.75757,-1.43619,1.00971,0.00246,-0.55219,-0.26033,0.37634,-0.9259,0.82721,0.78103,-0.00553,1.29378,0.33093,0.01923,-0.69616,-0.14279,1.82018,0.31369,0.31537,0.61485,1.12976,-0.18952,-0.01375,1.46471,-0.17866,0.97677,-0.90652,2.22738,-0.97368,0.46073,-0.57275,1.99436,-1.56415,0.48757,0.26999,-0.10899,-0.10134,-0.64952,-0.51705,-1.92955,-0.44035,0.87735,-0.08151,-0.60215,0.15475,-1.22346,0.96879,-1.78961,-0.99835,0.07802,2.11092,2.3958,-0.81379,-0.94098,0.61594,1.33555,0.95435,-2.00635,0.96933,-0.60727,-0.10788,-0.33306,-0.35388,1.5772,0.55275,1.43608,0.82576,0.68987,-0.13521,0.55398,0.33907,0.79434,1.06357,0.73387,1.72215,-1.10592,0.08461,-0.12295,2.55465,1.06448,-1.63832,-2.18595,-0.09946,0
-1.01899,-0.80034,-1.2478,1.2506,0.61442,-1.16947,-0.88623,-0.28588,-0.52443,0.66055,-0.54651,2.77127,1.32156,0.61297,-0.4476,-1.32069,0.8789,-0.0305,0.62263,0.56659,0.73631,1.07641,-0.39586,0.62941,1.87382,0.50259,-0.59236,-0.49367,0.04805,-0.37539,-0.05794,-0.33793,-0.96801,0.57602,-0.5252,-1.02939,-0.22087,-0.4341,-0.73242,1.07422,0.66188,-0.96226,-1.42189,0.18664,1.10048,-0.27097,1.71205,-0.02726,1.89654,0.19829,-0.29927,0.67626,0.05779,-2.17422,0.54126,3.17252,0.42171,-1.11814,0.87257,-0.53673,-1.23207,0.94349,0.62164,0.69161,1.18162,0.61994,-1.16197,0.3447,1.27622,-2.14604,-2.17009,-0.20981,-0.42684,0.334,-1.29474,-0.31397,-0.79722,1.7738,-1.18859,0.06357,1.37846,1.04052,0.79418,0.70003,-0.0065,0.23575,-0.34432,-0.40213,0.73903,1.6245,0.36808,-0.19419,0.04729,-0.7613,1.99887,-1.00322,0.91046,-0.6396,0.25376,-1.15471,-0.92163,-1.19949,-1.87046,0.37221,0.07386,0.30693,-0.14032,1.85714,-0.8369,1.99229,0.55088,-1.01885,-0.579,-0.42171,-1.03401,0.43541,-0.8494,1.18746,-1.20755,-0.2703,0.76189,-0.19074,-0.1664,0.67136,-1.01307,1.36593,-0.70638,-0.19619,1.31111,-1.02416,-0.05868,-0.33084,1.43757,1.92841,0.07328,-0.14818,-0.49359,0.46621,-0.6926,-1.39757,0.64095,-0.91068,1.3632,1.06624,1.65395,-0.21098,0.10826,0.01154,-0.85536,0.20989,1.11416,1.25333,0.44307,-2.48253,2.6998,0.3529,-1.35688,0.16518,-0.83442,0.50332,-0.42832,-0.50648,0.7076,-0.30852,-0.31763,-0.01509,-0.09479,-0.08181,0.63479,-0.55138,0.57567,0.35444,-1.16462,0.47556,1.37309,0.43221,2.5212,1.18022,-0.74453,-0.22936,0
-0.17358,-0.26205,-0.49706,-0.86081,0.38415,-0.72298,1.16517,-1.16598,-0.40008,0.49403,0.93094,0.68863,1.32176,-0.13844,2.13189,0.04109,0.83212,0.23846,1.87632,0.17755,1.9597,-0.79945,-1.0393,-0.11839,-1.00013,-1.43976,0.80652,-0.55936,-0.53215,-0.92778,1.39328,-0.78571,-0.35668,-0.81608,-0.76721,-1.85616,0.87481,-3.07982,0.63889,-1.11088,0.22844,-0.79253,-0.08006,0.26367,-0.58421,-1.59278,-0.15731,0.66714,0.15794,-0.36535,-0.79467,-0.55853,-0.91626,0.04203,0.36778,-0.36231,0.56965,-1.17819,-2.38606,-0.36782,0.12717,1.53739,1.1859,0.86191,-0.08669,-0.5045,-0.70411,-0.82306,-0.71246,-0.23079,-0.98985,-0.47063,-0.23129,-0.74899,0.00071,-0.98906,0.02835,0.46438,0.14666,-0.7568,-1.28921,-0.29654,2.05902,1.21986,0.62342,0.73279,0.69956,1.69233,-0.54946,-0.66245,0.30004,-0.67652,1.91003,-1.0396,2.32475,-0.38292,-0.4901,-0.94227,0.01303,-0.5972,-0.14701,0.94883,0.27644,3.29832,-0.41676,-1.95724,-0.33995,-0.39369,-0.18959,-0.13013,1.06889,-1.47441,0.87505,-0.54344,-0.60414,-1.59511,-0.01095,-0.98601,-1.01589,-0.73109,-0.58027,1.63981,1.19462,0.39334,-0.65859,-1.52091,0.49152,0.07331,-0.4132,-0.04675,0.67102,0.46234,-0.09241,-1.00386,0.70216,0.27473,1.29853,0.35292,1.17146,-0.65072,-0.49013,-2.99072,-0.78569,0.24043,-0.58343,-1.20154,0.64033,1.71715,-1.16586,0.1041,-2.01794,0.59466,0.6262,-1.43739,0.28696,1.83188,-0.2682,0.26653,1.26531,-0.5435,0.09868,0.03103,1.18762,0.43995,0.83679,1.34368,1.12722,-0.85253,-1.10154,0.17027,0.6598,-1.2085,-0.73937,0.91075,0.67925,1.06578,-0.40144,-1.63439,-2.90267,-0.35975,0
-0.71397,1.99873,-1.32094,0.77247,0.2863,-0.97229,0.67954,-0.50173,-0.82227,-1.23399,-0.44652,1.07071,0.86287,-0.80421,0.37255,-1.19998,-0.81385,-1.33418,-0.33982,0.93877,-0.59409,0.47005,0.78074,-0.46616,-1.96419,-1.54909,0.18478,-1.54751,0.25384,0.88497,1.30773,1.18841,-0.76429,-2.68151,0.9035,-0.35085,0.57456,0.77882,0.30464,0.2035,-1.52145,-0.84837,-1.47666,0.94584,-0.20756,0.18973,0.00084,0.34292,0.90466,1.23084,-1.24602,0.66058,0.76973,-0.33047,0.1913,0.41964,-0.08049,0.11626,1.62248,0.30049,-0.77333,-0.36564,0.20797,-0.05625,0.61194,0.60634,-0.51511,-2.28287,-0.41783,-0.11498,1.49408,0.43087,1.15357,-1.14731,0.70403,0.02675,-0.96962,1.13755,-0.12894,0.49722,-0.25103,0.12105,-0.27784,0.57624,0.99163,-0.46115,-0.5608,2.034,0.92309,0.02561,1.44501,0.49811,-0.66169,0.85664,-0.67318,-0.23598,-1.0568,-0.3751,0.77698,0.25007,1.15197,0.63548,0.24537,-0.00433,0.5339,1.56552,-0.0373,-0.8931,-0.79394,0.66903,0.30636,-1.04073,-0.69543,-0.4641,-0.78785,0.07789,0.87529,0.55701,0.63898,0.21974,2.66188,-0.38141,0.76131,1.58658,-0.09007,-1.03962,0.79434,-0.71605,-1.38775,0.25844,1.34897,0.17549,1.51664,0.32656,0.20116,0.82581,-1.45752,-1.07256,0.3007,-0.60415,-0.2337,-0.6409,0.43206,-2.00186,-2.4084,0.77088,0.58189,-0.54399,0.38688,-0.20363,1.27138,-0.6093,-0.29144,-0.08724,-2.48164,-1.63079,-0.77426,-1.03113,-0.0923,-1.13673,0.59958,-0.42689,-0.87326,0.65843,1.76537,0.13207,-0.26237,-0.5544,-0.74717,-0.76092,-0.22899,0.57667,-0.37616,0.06653,-0.82509,-0.19888,-0.36256,0.41514,-0.14368,-0.80699,0
0.89503,-0.12263,-0.95166,-0.99914,1.50674,0.29251,-1.35861,-0.08999,1.66528,-0.2643,0.36269,2.01922,0.1691,-1.81624,-1.25448,0.74771,0.07669,-0.67911,0.24495,-1.53969,-0.65603,-2.45889,-0.96033,-0.07056,-1.02225,-0.36321,-0.41745,0.84501,1.66999,-0.46119,-1.82621,-0.42016,0.56516,1.12974,0.78886,0.35327,-0.08309,-0.20821,-0.08261,1.28661,1.204,-1.37857,0.35534,0.09721,-0.37391,0.72463,-0.33879,2.82458,-0.9116,0.13634,0.73416,-1.24011,0.79624,-1.33393,-0.21604,0.53575,-0.36078,-0.94223,-0.04574,0.89706,0.80964,0.91322,-1.04795,-0.31371,1.78721,-0.01773,-0.86471,-1.45015,-2.3804,-0.27564,-1.38045,-1.74919,0.94043,2.07837,-0.76272,-0.67573,1.95491,-0.85871,-1.50733,-0.88615,-2.09671,-0.68668,-0.00853,-0.18912,0.97856,0.00143,1.0639,0.41453,-0.21101,-1.49528,0.02179,0.20588,-0.69833,1.426,-0.20641,-1.13213,0.66711,0.94275,1.91209,-0.8563,1.72539,1.29324,0.79527,-0.07307,0.2669,0.00734,-1.23656,-0.42815,0.50024,-0.6253,0.81882,0.65873,-0.24326,2.36276,0.90845,0.79637,0.9658,0.92688,0.4654,-0.36175,0.78303,-0.61352,0.18196,-1.05024,-0.74973,0.08181,-0.72431,-0.21238,-0.78349,-0.59508,0.95162,0.55426,0.25077,2.44447,-1.61666,1.68922,0.2931,-1.69665,-1.77862,0.32685,-0.19547,1.27419,-0.00176,0.94768,1.36633,1.25294,-0.32231,-0.11283,-0.41298,1.01327,-1.96852,-0.88833,-1.21159,-0.03864,1.22805,1.60401,1.0737,0.41424,-0.24993,0.64005,1.08973,-2.53179,-1.01811,-0.20277,0.80651,-0.741,1.75106,0.89829,0.33779,0.41177,0.98566,0.95011,0.53275,-0.09653,-1.48123,0.10491,-0.92993,1.46651,0.12963,0.24958,0
1.24469,0.95144,1.03828,1.06586,-0.26299,-0.20841,-0.58984,0.20264,-0.29821,0.30132,-1.52192,0.81416,-1.58859,-0.85412,0.87263,1.73992,-0.03004,-0.06955,-0.17129,-1.75544,0.73673,-0.26311,-1.69885,-0.25217,-1.53157,1.11241,-0.12043,-1.3846,-0.62437,0.01653,-0.2744,-1.11592,0.5902,-1.89167,-0.76091,-3.46129,0.31448,0.36881,1.51157,0.19959,0.01983,1.97162,-1.13577,-0.8831,0.74247,0.58528,-1.02557,1.74617,-0.10004,1.35647,0.27703,0.46238,0.33356,-1.71208,-0.84493,0.89642,-2.32374,-0.34423,0.41318,-0.99904,-0.00092,2.10737,1.20886,-0.89579,1.56877,-0.45772,1.79107,0.31421,0.45608,1.40029,-2.09735,0.21772,-0.24237,-0.04485,-0.35749,-0.37261,-0.01899,-0.26837,-0.24193,-1.13835,-0.04639,-2.1997,-0.29815,-0.73111,0.64452,-0.48814,-0.11098,-1.23762,0.23573,-0.46862,-0.07853,0.63156,-0.54773,0.3818,1.46264,1.44864,-0.92734,0.9018,1.23081,-0.85456,-1.27741,-0.10692,0.73154,0.72787,0.05409,0.40522,0.33586,0.7538,0.82566,-0.53032,-0.45837,-1.57846,-0.14972,1.74862,0.0352,0.91371,-1.02096,0.46542,1.33957,-0.08491,0.43122,-1.82179,-1.5154,0.18382,0.93983,-0.11022,0.29117,0.89643,0.47974,-0.56854,-0.75942,-0.20551,0.33932,-0.66012,0.29896,0.48474,-0.92109,-2.14121,-0.19943,0.21897,-0.69538,-0.35347,-0.22407,1.93738,0.61795,-0.02171,-0.26541,1.06199,-1.04165,-0.15239,-0.39023,-0.27994,1.35707,1.8044,-0.26535,0.38515,0.18259,-0.45405,-1.94248,0.22993,-2.08734,-0.2475,-0.17335,-1.56403,0.67901,0.5726,-0.76079,-0.38508,-0.64314,0.76582,0.14205,-0.08317,-0.11227,1.44171,-1.26692,-0.07538,-1.01835,0.28264,-1.56253,-0.97642,1
-1.11864,-0.94681,0.53434,-0.06737,0.34663,1.28853,-0.98147,0.58737,1.39242,1.97972,1.32563,0.34543,-0.75289,-0.53601,0.07174,0.10277,-0.32979,1.58515,-1.54435,0.91748,-2.09749,-1.35544,-0.72944,-1.3562,2.57351,0.95847,-0.90736,0.88869,0.74431,0.4079,0.03481,2.52004,1.35665,-0.35451,-0.07099,0.27477,-0.25684,-0.20954,-1.80088,-0.37681,-0.97328,-0.81003,1.73545,1.36259,-1.37781,1.87016,-0.3704,1.08197,-0.21572,-1.21726,-0.20408,-0.14678,0.00775,0.46189,0.55916,1.23699,-1.44795,0.751,-0.58074,1.91962,-0.04858,-2.49268,1.00377,1.48998,0.34902,0.66875,1.39635,1.2628,-0.02053,-0.17898,2.46572,-1.12072,0.07206,1.05137,0.146,1.1835,1.13581,0.69627,0.16472,0.69674,0.08552,0.91516,0.6272,-0.89243,-0.33006,-0.50598,-0.85998,0.38237,-0.92354,-0.00897,-0.82084,-1.05827,0.0736,-1.73092,-0.2028,-0.29787,-1.11208,0.98508,2.48043,0.77905,0.58129,-1.30589,-0.57494,0.34132,-2.02249,-0.6312,0.70884,0.24932,1.11701,0.16435,0.1947,0.51985,0.22091,0.10063,-0.3062,0.42943,-0.13453,-0.23372,0.89122,-0.46694,0.18054,-1.67421,0.87459,-0.25354,1.04332,-0.63991,-0.14748,-1.01133,0.88375,-0.3042,0.04298,-0.22053,-0.9725,-0.45831,1.50149,1.35141,-2.24814,0.27511,0.13372,-0.26776,0.75174,-0.22414,-1.04663,1.15294,1.96498,-0.65822,0.44243,-1.17449,1.03369,-1.73608,-0.0712,-0.72797,1.04507,0.43591,-2.11308,-0.04722,-1.62152,-1.70965,-0.89529,-0.37107,2.01726,0.59403,0.14442,-0.25251,0.2565,0.17747,-1.19843,1.95684,-0.52014,1.74595,1.99988,-0.34396,-0.15821,-0.83789,-0.2057,-0.25523,0.84959,-0.55473,-0.0985,-0.34863,1
-1.40209,-0.74698,-0.71097,-0.40263,0.03747,-0.34011,0.32633,-0.1584,0.04552,-0.57308,1.99159,0.2435,0.18758,1.67854,0.95021,-1.7928,1.21375,-1.15294,-0.3319,1.6549,-0.31937,-1.1941,0.52032,1.59199,1.21953,0.57775,2.72534,-0.12553,-1.23695,0.39893,-0.82676,2.5944,1.33333,-0.98164,0.58268,-0.78917,-0.68295,-1.30379,0.08378,0.28451,0.62964,1.5712,1.41784,0.60939,0.37722,0.74278,-0.44587,-1.24231,0.34113,-0.17779,1.30669,-0.32802,0.3393,-0.36015,0.39906,1.62028,-0.79963,0.55844,-0.51182,0.1908,-1.55231,0.01425,-0.8298,-0.02101,0.59104,0.49978,1.50659,-1.57754,1.63185,0.52381,-0.74543,-2.24022,-0.81586,-0.66472,-0.56833,0.7408,1.42648,-0.351,0.705,-1.48361,-2.14966,1.01374,-1.18077,1.24884,1.25693,0.50761,0.15145,-0.32443,1.17147,-0.57922,0.49005,2.45887,-0.25749,-1.38618,0.28281,0.00357,-0.06539,2.05115,0.72773,-0.17892,0.07731,0.30577,2.59991,1.01776,0.30792,-1.23412,0.58195,0.58139,-0.08271,1.0162,1.4182,2.17796,0.90961,-1.78663,-0.72252,-2.25144,1.63099,-0.07419,-0.48132,-0.63669,-0.95154,0.35949,-0.14577,0.66259,-0.23148,0.38377,-0.03319,0.0836,-0.16189,1.59397,-2.78244,0.87551,-0.09084,-2.4463,0.23926,-1.4248,-1.9091,1.9769,-1.59082,-0.41006,-0.32481,0.05813,-0.47942,1.35366,-0.77806,1.13766,-1.4349,-2.17476,-1.73635,0.94131,-1.44705,-0.08986,0.7728,1.45522,0.08148,-0.7639,-0.35136,-0.23689,0.89024,-0.0669,-0.02447,-0.30711,0.53045,-3.401,1.24581,-2.14854,0.67802,-0.48352,-0.4205,0.85599,0.38111,0.77077,0.4252,0.26926,1.32108,-0.18629,1.2166,-0.46806,-0.17281,-1.52094,0
0.23079,-0.62988,0.00714,-1.63616,-0.44585,-0.66878,-0.15183,0.35976,1.02972,-0.26058,-0.13794,0.09056,-0.74264,0.5019,0.3076,0.26816,0.90644,-0.92809,0.36119,-0.6416,1.0619,0.63783,1.31738,-0.47702,-0.68782,-1.29247,-0.4983,0.09553,0.07347,-0.99101,-0.73208,1.46789,-1.20523,-0.14076,1.43641,0.32922,-0.63322,0.21707,0.26825,0.82128,0.92039,0.42759,0.67498,-0.39777,-0.54278,-0.00763,-0.30299,-0.11738,1.29035,-0.5202,0.4398,-0.48367,0.01936,0.74025,-0.99167,-0.1149,-0.16873,1.64893,-0.43057,-1.45808,-0.41827,1.34833,0.15097,0.21732,1.27676,0.62119,-2.2531,0.40084,-1.30101,-1.24815,1.03176,-0.25523,-0.33109,-0.42391,0.29329,1.33381,-0.16157,-0.1082,-0.57216,-0.82526,-1.10096,0.11125,1.00243,0.45686,-0.1951,0.75923,0.96192,-1.18568,0.15945,0.66978,-1.52319,0.02726,-0.65299,-0.54636,-0.44828,0.32825,2.01911,-0.34902,0.73917,-1.24423,-0.91012,-0.03389,0.65059,0.14652,0.76022,-0.17712,0.01556,0.08882,-0.98604,0.65566,0.24415,1.61384,0.16397,-0.47412,0.35011,-2.55558,0.47,-0.17846,-0.64838,-0.27889,0.02203,1.27975,-0.99312,1.08021,-0.50341,0.2936,-0.41848,-0.49385,-0.24725,1.49883,-0.16292,0.06595,-1.3498,0.61372,-1.94977,0.48615,0.73734,0.22947,-2.99698,2.16382,-2.50223,1.26225,0.24159,0.35794,1.76342,-0.13211,0.01437,0.43689,-0.34056,-0.5125,-0.52969,0.01241,-0.998,-1.55516,-1.17172,-0.74731,1.17274,-1.29731,1.04049,0.60889,-0.3337,0.5383,-2.33979,0.33615,0.6511,-0.32835,-0.49656,1.54989,-0.14335,-0.61877,-0.17805,-0.0343,-1.55628,0.99351,-1.38384,0.18065,-1.90412,-2.02909,-0.30066,-1.15506,1
-1.61992,-0.64868,-0.50719,1.44297,0.91176,-0.1886,0.28555,0.07674,1.50613,0.43145,-0.90084,-1.391,0.98039,-0.99666,0.08623,-0.6417,1.26519,-0.19775,-1.30059,0.11895,0.26115,-0.3725,-1.61551,1.01486,-0.51874,-0.70676,-2.05796,-0.41936,-1.08044,-0.47573,0.0339,0.05016,1.37076,-0.97033,-0.1414,-0.15622,0.47845,3.0323,-0.33873,0.56762,-0.30701,-0.18057,1.98833,0.73661,-0.25625,0.89531,0.20761,0.66311,0.11095,-2.1233,1.11996,-0.01414,-0.70755,-0.33303,0.74548,1.39141,0.37147,0.702,-0.6731,1.46105,0.91904,-0.22849,0.387,0.01501,0.58436,0.33278,0.63914,-0.02975,-1.5474,1.25421,-0.35192,-1.87855,1.21812,0.32817,0.91786,0.69598,2.14299,-1.32878,-0.1903,-1.19167,-0.09569,-0.14597,0.8244,-0.49938,0.40982,1.15992,-1.75685,-0.77557,0.69058,1.50001,-0.36153,0.35423,-0.85158,0.05042,1.08575,0.43961,-0.10397,0.87219,-0.68393,-0.67039,0.51011,-0.45065,1.55089,-0.38103,0.63824,-1.16935,1.09062,-0.96253,-1.00785,0.62679,0.69134,0.38061,-0.84594,0.48082,0.09102,-0.42315,-0.50005,0.69568,-0.11068,0.37852,0.07651,0.34986,1.20714,-0.00468,0.27552,-0.39113,0.30524,1.68365,1.61392,0.52049,1.63911,0.1207,2.18137,1.00581,0.22284,-0.02982,0.34542,1.29848,-0.24635,-0.28434,1.35021,0.96535,0.89338,0.20334,0.90903,-1.12623,0.14669,0.52329,0.84484,0.2341,-0.34498,0.07878,0.17694,1.3135,0.75983,0.44819,0.30613,-1.60729,0.79226,-1.59227,0.10013,0.84554,-0.52876,0.21447,-0.80629,-2.43524,0.50832,0.92748,1.31602,0.44812,-0.16529,0.86983,-1.86624,-0.07589,0.22034,-0.30618,1.40126,-1.74581,0.84227,-1.01708,1
0.31854,0.27011,-0.45265,-1.39609,0.68845,-0.5928,-0.45072,-0.08042,-0.67377,-0.01028,0.09163,0.17946,-0.17567,0.35173,0.34886,1.14108,-1.55834,-2.0336,-1.25007,-0.41307,1.3679,0.30984,0.2274,-1.5101,-0.11809,-0.99356,1.08728,0.16146,-1.29184,-1.89355,0.02282,-1.423,-0.5298,0.34507,0.44871,1.6395,0.9141,-0.58439,-1.57245,0.76674,-1.4549,0.12085,-0.55827,-0.93802,0.58138,-1.28439,0.67563,1.26654,0.45138,1.40998,1.39681,-0.08044,0.44881,-1.18588,-0.58847,0.39834,1.60315,-1.02768,0.46483,-1.06916,0.53283,-0.48574,1.70327,0.37176,1.16913,-0.62921,-1.28042,-0.99206,-0.07252,0.37416,0.67613,0.50544,-0.86927,-0.25254,-2.5861,1.03208,-0.878,2.38461,0.03348,-0.58,0.19109,-1.07744,0.08008,-1.45628,-1.73281,-0.01785,0.01543,0.14281,-0.14645,0.90321,0.57827,0.17699,-0.57632,-0.41236,0.86022,-0.9551,-2.21266,0.0083,1.027,0.66267,0.18937,1.24631,-0.80471,0.51394,-0.69908,1.50065,-0.3654,-0.26382,-0.5701,0.2694,0.41311,0.29402,1.31706,-0.92066,1.02967,0.07436,0.46614,-0.73731,0.65719,-0.65882,-0.94051,-0.3917,-1.01038,-1.48246,-0.56039,1.01554,0.99518,-0.09865,-0.01611,-0.72719,0.7547,-1.37169,-1.49472,1.33403,-1.68869,-0.76869,-0.10833,-0.81396,0.29845,1.1822,0.80851,1.52075,-0.95298,0.24177,0.43338,-0.27138,-2.32657,-0.94795,-0.68904,0.8691,1.24909,-0.81572,1.30208,0.37721,0.04234,-0.45754,-0.89685,-0.39925,1.63746,-2.02735,-0.3543,-0.01056,-0.60387,0.42003,0.2779,0.52361,-0.52466,-0.25405,0.2237,1.52232,-0.10994,0.69594,1.65791,-0.40956,1.18957,-0.1522,2.68556,0.274,-0.99148,-0.76727,1
-1.10306,-0.54437,-0.27409,2.06279,0.32783,-1.17309,-0.67082,0.41768,-0.05736,1.25272,-0.62736,-0.46024,0.7339,0.53193,1.27278,0.07147,1.16387,0.80286,0.1175,-0.87438,-0.80426,-2.76862,-0.18295,0.39333,-0.8978,-1.77841,-0.32394,0.76896,-0.37674,0.96495,-1.36114,0.05222,0.64017,1.7537,0.63477,0.25816,1.38633,0.30149,1.47504,-0.1425,-0.47879,-0.49577,0.20624,1.10159,-1.73982,0.90362,-0.64017,-0.27473,0.89301,-0.32573,1.3575,-2.65798,-0.21146,0.99352,1.06586,0.91953,-0.01945,0.90667,-2.07548,-2.75091,0.38004,-1.15455,-0.17731,1.90695,1.00219,1.2048,0.09798,-2.09226,-0.77976,-1.1093,-0.34508,-1.67674,-0.50512,-1.04765,-0.93558,0.42394,-1.1327,-0.70205,1.58067,-0.13333,-1.32956,-0.04191,-0.23696,-1.16384,-0.38343,2.05176,0.85366,-1.0404,0.69784,-2.34073,-0.15881,0.92331,0.95482,-0.87561,0.26343,-1.77161,-0.662,-0.70872,-0.02155,0.08892,2.66023,0.70018,0.51269,1.28334,1.26286,0.01399,2.35322,0.93018,0.57176,0.34773,-0.12437,0.17,1.43205,-1.22669,0.77314,0.55452,-0.15625,0.23416,1.16775,0.27318,-1.32683,0.81247,-1.09936,-1.13546,-0.33467,1.41601,0.4642,-0.38202,0.2595,-1.07086,0.00253,1.04438,0.46368,-0.4816,1.93925,0.13472,-1.67719,-0.98577,-0.47884,-0.12689,1.29578,-1.05687,-2.60673,0.75851,0.48725,-0.49671,0.48,-0.58278,-2.11906,-0.18201,-0.82187,0.84438,0.29557,-0.4776,-0.63294,2.22074,1.9271,-1.40043,-1.57871,0.62606,-1.04919,0.39442,-1.0408,-0.04578,-0.81652,-0.69929,0.49575,-0.55105,-0.76552,-2.88537,-0.19116,-0.27026,-0.40867,-0.23654,-0.03938,-0.48122,0.56743,1.1208,-0.78083,0.3778,0
-0.12407,-1.90894,1.57429,-0.17882,-0.54866,-0.16258,0.56174,-0.09042,-0.22128,-0.94007,0.00869,3.21703,0.15834,2.07339,-0.87751,1.16631,-1.36178,1.33904,-1.51078,-0.40524,-0.61642,0.45107,0.12938,-1.51676,-0.2458,-0.358,-1.0427,-1.53373,-1.14374,1.62784,-0.75614,-0.26024,-0.1571,0.21855,0.17234,-0.9722,-0.54473,0.97066,0.82304,0.11209,0.53493,1.24001,0.71742,-0.05423,-0.89353,-0.92721,-1.16969,-0.40563,-0.20473,-1.37087,-0.97097,-0.80963,-0.79515,0.3616,-0.54324,-1.24636,1.3821,-0.35958,2.16295,-1.36657,0.97179,-0.6219,1.48039,-1.28638,-1.42686,0.91155,0.78571,0.79797,0.0363,0.14408,1.16477,-0.14971,-1.09569,0.05816,-0.57181,0.30177,1.14358,-0.88547,0.30968,-0.75119,-0.49659,0.49219,0.86165,-0.33622,1.44321,-0.08976,-1.0156,-1.8519,0.37728,0.19147,-0.07582,-0.3161,1.79011,0.26513,-1.49102,-1.06317,0.12349,-0.39452,0.27043,-0.12199,-0.81554,0.83158,-0.12262,1.14042,0.06861,-2.29684,-0.23572,-1.41319,1.18007,0.56515,-1.20082,-0.42838,1.68021,-1.54406,-1.68413,-0.2968,-1.57017,-0.17527,-0.98355,-0.35058,-0.52713,-1.75329,-0.05992,-1.04272,-0.38982,-0.45669,0.20885,-0.47253,1.2608,-1.44153,-0.60664,1.04688,0.0628,-0.09475,-0.19093,0.83233,0.55225,0.68367,0.44302,-0.7873,-1.5337,0.22179,0.59057,-0.62399,0.77437,1.27376,-2.30497,1.24184,0.51486,-0.27982,-0.05951,-0.10737,0.26668,-0.03854,1.54776,-0.42016,0.84195,-1.60988,-1.05722,-2.0597,-2.37506,-0.16586,0.40739,0.09214,-0.1203,-0.2752,-0.32429,-1.11099,0.46219,0.27267,1.76809,-0.61212,0.08439,-1.43426,0.13857,-0.38981,-2.1219,0.5105,-1.72066,-1.3688,1
0.42396,1.25887,-0.45811,-1.01537,-1.87122,-1.03037,0.64798,0.12466,1.36591,0.12442,-0.79554,1.12201,0.18364,-1.39036,2.68465,-0.79344,-1.43661,-1.22106,0.39884,-1.59674,0.78651,-0.04858,-0.66352,-0.97567,-0.23528,-1.04105,0.07756,0.45824,1.03345,0.32489,-1.31198,0.4485,-1.73556,0.28734,-2.70833,0.25985,0.34438,-1.64229,1.45852,0.56412,0.74108,0.13651,-1.76733,-0.64203,-0.98436,-1.58353,2.57455,1.68649,1.20586,-0.50856,-0.33909,-0.43614,-1.66586,0.27564,0.53077,0.91025,1.03589,-0.84358,-0.06287,-0.80304,-0.536,0.80392,1.25124,-2.06125,1.20856,0.36912,-1.2512,-0.10377,-0.35459,-0.16279,-0.88103,-0.00406,-2.61823,-0.46856,1.32999,0.31169,-0.42695,-1.39722,0.37328,-0.23237,0.00121,0.17788,0.2696,0.16773,-0.44835,1.14599,-0.85709,-0.58176,0.61084,-0.03484,-0.03431,-1.52504,0.17909,0.15517,-0.21312,1.24765,-1.79093,1.57463,-0.3508,-1.64408,0.52934,-1.3592,0.45994,-0.08492,-0.24797,1.39889,-0.29857,-0.87118,1.47491,-0.50686,-0.40876,-0.3121,-0.93673,-0.70267,0.51173,0.14315,0.82477,-0.87327,-0.61533,0.73688,-1.44126,1.6505,0.81075,1.36901,0.35558,-0.22308,0.07996,-0.08409,0.98424,-0.93819,-0.37185,-0.75536,1.69355,1.7711,-1.29341,-1.51605,-1.05516,0.33443,-0.25091,0.66909,0.46287,-1.01039,1.52354,0.11426,1.61081,0.32552,1.17423,0.07995,2.44242,1.34728,-0.66562,-0.72258,-1.16986,2.16193,-0.35607,0.32797,1.44291,-0.00739,1.13537,-1.08968,1.61296,-0.96417,0.6437,-0.78022,1.44628,-1.89531,-0.40774,1.29759,-0.29488,0.92252,2.39372,0.25659,0.65066,1.41364,-0.2383,-1.68638,1.02662,1.35683,0.5017,-1.19643,0
-0.02344,0.07222,0.177,1.65871,0.14941,0.63119,1.30615,-1.01562,2.37742,-0.54799,-0.57754,1.15356,0.62843,0.49199,-0.06134,0.96884,0.62916,-0.10296,-0.54572,0.48625,0.76357,-1.67457,1.24476,-0.06168,-1.17566,0.78105,0.2399,1.63291,-0.86197,0.72875,-1.83351,-1.67541,0.74998,-0.00313,0.17005,-0.73916,-0.15566,-0.43758,-1.94881,-0.4416,-0.24744,-0.08776,0.54878,-1.13464,-0.98629,0.7507,1.13088,-0.3976,-0.52718,0.72639,-0.46758,0.95551,0.80231,1.19323,-0.01338,-1.71627,1.50593,-0.24833,-1.48086,-0.29685,-1.47389,-0.39938,-1.25382,0.30648,-0.05106,0.07347,-1.21273,-0.74551,-0.03164,0.08953,2.11137,1.20782,-0.07752,0.88414,0.8024,-0.89297,-0.06666,-0.15277,0.1791,-0.35982,-0.97354,-1.07626,0.08668,-0.46891,0.46431,0.93463,1.17044,-1.53819,0.07852,0.928,-0.22924,0.57217,-0.36274,-0.01569,0.66621,-0.43049,-0.90436,-0.35137,0.49903,-1.73398,-3.41771,0.48912,-0.59013,0.4915,-0.08572,0.32748,1.41235,-0.53656,-0.59906,0.16445,0.93821,0.85667,-0.6118,0.58781,-1.00198,-0.15561,-0.15773,-0.94033,-0.27018,0.02163,0.35459,-0.7264,-0.97865,-0.44334,2.09422,1.34503,-1.68688,0.93417,-0.95111,-0.62005,0.23058,2.23876,1.56288,1.77878,0.21097,-0.97325,-2.48271,0.84535,-0.62468,-0.45282,-0.03726,-0.33275,-1.01525,0.4131,-1.97835,2.11981,-1.43029,0.34234,-0.93047,-0.47824,-1.02095,0.93598,-1.65986,-0.72355,-1.94136,0.03109,3.90875,-0.85882,0.42554,1.98077,0.39088,-2.34202,-0.01314,0.44786,1.00176,0.45549,0.07325,0.2214,-1.70902,-0.01646,-1.54669,2.50723,0.47414,0.50493,0.1519,0.93598,0.43097,1.20286,0.5219,0.4245,0
-0.3493,1.37208,0.47201,0.40914,-1.16049,1.11569,0.20908,-0.30653,-1.6878,-1.14124,0.74926,1.24483,-0.99887,-0.86771,0.34219,-0.27378,1.77938,-1.62598,0.15354,1.6654,2.44087,0.2693,-0.00299,-0.40706,-0.04245,-1.56455,0.68202,0.27109,0.18323,0.67072,0.65435,0.3062,1.73317,-0.16944,1.26994,0.79587,-0.3227,0.16672,2.68214,0.9612,-0.07495,2.07416,0.9059,0.2773,-1.16877,1.18499,0.49387,-0.45404,-0.22197,-1.20649,-0.73641,0.65534,-0.56675,-1.51598,0.41063,0.76509,-0.3226,-0.04475,-0.38088,0.3194,-1.26674,-1.51058,-0.9829,0.97208,0.70836,-0.0302,0.12795,-0.47394,-0.07991,0.7294,0.2836,-1.42797,-0.37129,-0.46886,0.47447,0.21595,0.66513,0.31173,1.22367,3.52737,-0.61378,0.77485,1.36316,1.33492,-0.11029,1.15358,1.54724,-0.67626,-0.47014,-0.23398,0.88847,0.11707,1.12452,-0.57888,-0.85646,0.81936,0.86105,0.39057,-0.64334,-2.38475,-0.21267,0.57381,-0.68489,-0.54593,-0.30207,-1.41703,-0.01697,0.17072,0.5257,2.41134,1.04163,-0.29474,0.71539,-0.07476,-1.11425,1.30039,-0.75002,1.16811,2.03495,-0.0382,1.17198,0.06263,-0.59293,-1.82885,-1.0017,0.43598,-1.01191,0.88508,-1.0339,0.42355,-2.12684,0.23428,0.85495,-1.51454,-2.20605,-0.98961,0.28764,1.01245,-0.86359,-0.41276,-2.04907,-1.71486,0.19669,-0.10018,0.14768,-1.84436,0.99395,-1.32062,-1.73778,-0.38397,-1.36241,0.75508,-1.01315,-0.37781,-1.09119,0.47368,-0.88573,-0.30613,0.4688,-1.2629,0.12251,-0.89332,-0.46224,-0.04907,0.11082,0.84636,-1.07899,0.51893,-0.10223,-1.19802,1.15551,-0.03477,2.51816,-0.05001,0.13105,2.03204,1.33544,2.11255,-0.63238,-1.20382,1
-1.4705,-2.92289,-0.35628,-0.33856,-0.15855,-0.10343,0.20679,-0.39925,-0.57224,-0.18158,0.44495,-0.94412,-1.52621,0.26611,0.59485,-0.70913,0.26594,-1.12229,0.78809,-0.4625,0.97867,1.59029,0.52528,-1.17313,-1.2741,-0.71796,0.002,0.85549,1.0121,-0.4162,0.24438,-0.63459,1.61212,1.84669,1.58764,-1.25707,-0.81282,0.27023,-0.75997,-0.16533,0.29094,-0.57003,1.33033,-0.27699,-1.13524,-0.06904,-0.78167,1.86027,0.35926,-1.32945,0.89084,1.97797,1.31955,-0.12272,-0.87203,0.43216,1.11958,0.28891,-0.08151,-0.3722,0.80946,-1.01907,0.76676,1.8266,0.67657,1.54681,-0.93048,0.617,0.772,-0.77873,0.06559,-1.5209,-0.62719,0.12856,2.59038,0.43046,-1.61849,0.62811,0.94542,-0.50824,-0.72317,0.81691,-0.74202,0.17474,1.00734,-0.49622,0.70135,-0.37096,0.51041,1.04201,1.30042,-0.51277,-0.09579,1.14678,0.54256,1.55151,-0.25912,-0.0421,-0.57505,-0.39951,0.90803,-0.70414,-0.31486,0.67359,-0.1017,1.57856,-0.90437,-0.34619,-0.4627,-0.1049,1.43947,0.37763,1.38233,1.0339,1.28212,0.04094,-0.57269,-0.49396,-0.02113,-1.53705,-2.35526,-1.12855,0.98942,1.92744,0.63071,-0.9557,0.99514,2.15266,0.08896,0.5495,-0.11589,0.76829,-0.29685,-0.14023,1.12269,1.37913,-1.76483,0.40535,0.6302,1.1749,1.36523,0.01502,0.5753,-0.26799,2.02309,0.13152,-0.40882,-0.37583,-0.47534,0.22609,0.76032,0.79621,1.53896,0.77155,-0.23019,-0.31674,1.37011,0.08853,0.77246,0.98214,-0.52472,0.0274,1.08302,2.95343,1.00968,0.22947,0.47651,2.52385,-0.66545,0.23352,0.23864,0.9345,1.06256,-1.4901,-0.21376,-1.33854,-1.31308,1.00829,0.01064,0.50347,0
0.74009,-0.76398,0.85838,-2.24135,-1.09584,0.45944,-0.41153,-0.40002,0.85704,1.95838,0.36439,-1.21177,-1.22649,-0.00742,1.09737,1.79731,-1.96311,0.26379,0.56318,1.19767,0.66712,-1.41751,0.60981,0.05599,-1.52397,0.38546,-0.24546,1.55738,-0.49948,0.13168,1.32766,-1.60928,1.13877,0.03756,-0.16393,-0.46347,0.28336,-2.10868,-0.99815,0.33209,0.12787,-0.97254,0.06358,0.83162,0.57445,-1.24132,-0.35344,1.04364,-0.94447,1.01582,-0.68971,1.54353,0.46798,0.92015,-0.50024,-0.42648,1.15485,-0.33411,-0.3308,-0.97387,0.32048,-0.84754,0.0246,-0.54976,-1.15396,0.11364,-0.14501,0.42704,0.10269,-0.74321,0.86151,0.09945,-1.63693,-0.68175,0.29389,0.55717,-0.15625,-0.71095,0.68135,0.99829,0.00599,-0.17488,-0.77111,0.08186,0.95256,-0.06842,0.15075,-0.23343,0.85601,-0.50257,0.32223,1.27872,-0.78484,0.64126,0.56501,2.10651,0.7722,0.03046,0.65025,-0.14556,-0.64699,-1.85759,0.66872,-1.0412,-0.46021,-0.57842,-0.4135,-1.72728,-0.41884,0.64859,0.00869,0.41836,0.19248,0.48317,0.82323,-0.34172,0.87251,-1.13866,-1.61122,0.46428,0.52704,0.49339,0.20994,0.02164,-1.46877,-0.66194,-0.04392,0.3231,1.50476,0.16516,0.10069,0.5394,0.29575,-0.17977,-1.00658,1.23623,-1.64547,1.00327,0.62916,-0.58897,-0.45471,0.24888,3.12685,0.1774,-1.95575,1.71074,-0.16101,-0.24725,-1.07892,-1.64785,-0.1839,0.44223,0.55075,-0.16467,0.64906,-0.78873,-1.33286,0.69826,-1.25646,0.83237,0.28869,0.60346,0.08887,0.60821,1.88988,-0.17087,-0.04282,-0.95078,-0.3021,-0.65003,1.41539,-1.04889,0.98745,-0.33422,1.71984,-0.87521,-0.58325,-0.38064,-0.81469,0.33852,0
0.154,0.46529,0.65842,0.49745,-0.46359,-0.72762,-0.39755,-1.08364,-0.66862,0.16301,-1.64974,0.46517,-0.57414,0.08424,0.18959,-0.46769,1.0599,-0.05899,-0.61017,0.94497,-0.32956,1.11537,0.83649,0.72688,-1.06627,2.04596,0.07454,-0.17894,0.9603,-0.65452,-0.82005,-0.66377,0.37947,0.29768,1.91334,0.42941,-0.72818,-1.45453,0.79321,0.24113,-0.03311,-0.11603,0.10002,-2.08311,-0.20609,1.64872,1.15124,2.03915,1.49843,0.29342,-0.76929,-0.54787,0.41535,-0.65573,-1.34598,0.97924,-0.34732,0.66673,-1.4602,-0.37229,-1.38885,-0.47075,0.30095,1.75887,0.32199,-1.65638,1.76079,-0.47845,-0.64716,-2.0826,0.31444,-1.07554,-2.18419,0.50803,0.14653,-0.00507,0.41626,-0.60313,-0.46094,-0.44732,-1.76991,1.20754,-1.0701,0.25334,-0.20298,-0.65161,-0.62291,-1.40209,-0.11449,-0.07938,0.79837,1.42696,-0.10191,0.02614,1.21473,1.67829,1.06571,1.16511,1.36947,-0.89735,-0.35731,-0.51024,0.65072,0.44737,0.48089,-0.36798,-0.41137,-1.20205,-1.44902,1.20636,-1.98958,0.13302,-0.58224,1.64243,0.22956,0.45584,0.80276,-0.29074,0.09133,0.09884,-0.53715,-1.66138,0.41795,0.23966,0.96282,-1.40123,0.49781,-0.42346,-0.02508,0.73415,-2.46492,2.97555,-1.58347,-0.60653,-1.36735,-0.07586,0.49905,0.15118,0.65376,-1.12948,0.19522,-0.5736,1.32189,-0.39968,-0.26657,2.19007,0.86727,0.03138,1.19544,-0.63348,0.612,1.19939,0.41828,0.12547,-1.13702,1.0265,-1.2808,0.47466,1.82042,-0.76489,-1.02652,-2.56408,-0.44088,0.46622,-1.08928,-1.32142,0.17483,-2.71234,0.35962,0.21335,0.80296,-0.9908,-0.1322,0.32692,-0.56065,0.64372,0.64351,0.26725,0.69856,0.29558,0
-1.89588,0.63804,0.45038,0.16433,0.84539,0.91403,-0.6286,1.02367,0.17996,-1.27122,-0.19913,1.28049,-0.31776,1.63505,0.54424,2.16156,0.55276,0.8605,-0.50337,-2.43885,0.51876,1.8521,0.80865,0.94008,-1.42903,-0.92082,0.09009,0.0203,1.7577,-0.19914,0.35265,0.83506,0.18746,0.42364,-1.3102,0.5496,-0.33832,1.0193,0.80633,-0.16166,0.77827,-1.86895,-1.25253,1.37655,1.2732,0.81818,-1.79436,1.2354,0.32794,-0.66667,0.03378,0.14612,-1.01337,1.37483,0.31378,-0.49499,-0.81306,-0.13817,-1.18361,0.40917,1.1599,1.3809,-1.2068,0.33475,1.57443,0.33289,-1.29694,0.89668,-0.38836,0.32891,0.24791,-0.62088,-0.15675,-1.17563,1.03734,-0.82154,0.80522,-1.66667,0.33263,-0.31136,2.15531,-0.36629,0.1093,-0.79875,-0.22033,-1.08331,1.38689,0.83308,-0.78052,1.09326,-0.56841,1.03995,0.6103,-1.04041,-0.61887,0.43026,-0.00446,0.6283,0.67464,-1.76456,0.43679,1.14329,-0.59865,-0.90661,1.10176,-1.08579,-0.08276,-0.87155,-0.25913,0.47412,-0.92372,0.24775,0.44263,1.19695,0.70735,-1.20402,1.06413,-0.2406,2.06463,-0.69215,1.13601,-0.41481,0.03557,-0.72786,0.59659,-1.15639,-0.44362,1.08304,0.89966,-0.27186,-1.22912,0.15314,-0.48819,-0.93933,1.5921,-1.79428,0.33879,-2.17586,-0.92408,2.47397,0.07257,-0.76075,0.27817,-1.48569,-1.0874,0.75788,0.0039,-1.5166,-0.185,0.24431,1.0443,-0.93481,1.10662,0.24021,0.33881,-0.42302,-0.23184,-0.80276,-0.31713,0.54761,-0.35965,1.72987,-0.28543,-0.85709,-0.46384,0.42743,0.38913,-0.61522,0.82303,-1.01374,-0.10487,-1.15185,-0.53444,-0.59602,0.75254,1.08728,0.10574,-0.66679,0.18795,0.67852,1
0.45364,1.01856,0.6061,0.40066,0.36188,0.27453,0.8195,-1.76315,-0.01561,-0.4477,-0.54242,-1.03596,-1.16599,-0.00677,1.3628,1.17939,-1.49627,-2.89158,-0.01979,-0.43811,-0.75296,-1.37061,0.3146,-0.37636,1.85159,0.55169,1.2789,-1.29551,3.83215,-0.98175,1.61904,0.57163,-0.3749,-0.23717,0.22341,-0.65295,-0.27479,-0.96414,1.19901,0.68723,-0.60433,1.70775,-0.85714,-0.2055,-0.06284,0.88881,0.04714,0.32059,1.18142,1.71152,-1.04784,-2.05038,0.0037,0.94389,-1.06274,0.71125,0.67658,-0.44811,0.30915,0.1555,-0.51091,-1.3022,-0.31144,0.8236,0.71678,-0.91061,0.63229,1.26681,1.581,0.22246,0.30147,-0.61379,-0.17961,0.58458,0.71773,0.72517,-0.75442,-0.74399,0.9162,0.57945,-1.17559,0.53218,-0.72958,-0.40889,-0.09567,-1.22649,0.90771,0.37515,0.20414,-0.21842,-0.90595,-1.1853,-0.07549,-0.79634,-1.74473,-1.27082,0.24406,1.68475,-0.52439,1.44278,-0.21036,-0.26513,-1.93217,-0.76424,0.59167,-1.13686,0.33887,-0.18828,-0.64348,-0.99039,-0.50441,-0.82211,-0.79794,0.28497,0.70176,-0.25616,0.0245,0.44025,-1.0741,0.99906,1.00786,0.3366,-0.22105,0.53275,-0.134,-1.44254,1.10339,-1.36942,-0.93177,-0.12685,-0.10394,0.93597,-1.31164,-0.65466,-0.41898,2.60439,-0.44256,-0.61569,-0.31143,0.30024,-1.72953,-0.74238,-0.77675,-1.88068,-0.83822,0.204,0.86225,1.19827,0.53855,0.47521,-0.22616,0.70726,-0.06521,-0.59631,1.10416,-1.68172,1.64317,-1.0615,-1.13452,0.27214,-0.49525,0.32393,2.04988,0.38874,0.93641,0.79273,1.35437,-2.20603,-0.50087,0.31286,-1.60917,-0.08712,-0.58998,0.11135,-0.07661,-0.23591,0.55592,-0.30746,0.32409,0.63537,0
-0.07819,-0.08529,0.16734,2.19409,0.66853,-0.56071,0.46434,-0.63063,0.00461,1.48255,0.97547,-1.44873,0.14801,-1.2443,-0.31296,0.247,-0.94096,-0.83736,0.44082,-0.51034,1.14523,-0.80141,0.32636,-1.65641,0.27107,2.04575,-0.25271,0.93482,0.55692,-1.03833,-0.04918,-0.54802,-0.19817,0.39443,1.17051,-0.49886,-1.46636,-0.17181,0.25331,-0.25939,0.69516,0.55364,1.93659,-0.29255,-1.29641,0.29557,1.18685,1.63424,-0.31798,-0.55225,-0.28421,-0.41436,-0.69065,0.24162,0.4225,-0.3139,-1.36079,-0.2893,2.51254,0.95501,0.045,-0.22309,-0.17713,-1.24809,-0.45676,-1.07742,0.19049,0.09387,-1.82131,0.37576,0.54446,-0.55211,0.49389,1.92622,-1.72008,0.81087,0.02992,0.78393,-0.48118,0.62332,-1.01348,1.88146,-0.31573,1.5,-0.97537,-0.13875,-0.28602,1.64588,-0.59734,1.15046,-0.88761,0.82544,-0.73682,0.80625,-1.43676,-0.65256,0.59795,0.88214,0.03957,1.13614,-1.35068,0.22025,-0.12096,-1.12596,-0.90306,0.43951,1.08067,0.74407,-0.2245,0.28402,0.1695,1.28251,-0.70283,-0.41645,1.20625,0.27554,-0.61601,-1.15638,-0.02711,0.96457,0.63795,1.19552,-1.3775,-0.36287,-0.32815,0.98678,-0.26444,-1.91067,1.96105,0.77027,-0.12107,1.93198,-0.77327,-1.74407,-0.75595,0.31994,-0.58763,0.14281,0.8525,0.88666,-0.34441,0.87826,-1.12943,-0.7522,-0.01045,1.27217,-0.67701,0.1945,0.4461,-1.52316,0.6322,-1.40057,0.13658,-1.2907,0.29716,0.8072,1.7571,-1.79114,-0.19994,-1.34517,0.3619,-0.73606,1.25652,2.16172,-1.2533,-0.27498,1.13642,-0.50191,0.22199,1.38069,-1.0314,-0.70007,-0.00999,0.09776,-0.17457,0.59405,0.55515,-1.61462,2.66297,-0.7059,1
1.93002,0.15605,0.26202,0.05064,0.74546,0.66153,-0.1939,1.17358,-0.47603,-0.60948,-0.77561,0.15016,-0.15466,-2.7064,-0.82231,1.48075,0.9109,0.27578,0.12105,0.07944,-0.15484,0.55944,1.18451,-0.32672,0.666,0.40732,0.80505,0.92975,-0.53496,1.04577,1.60491,-0.84648,-0.49909,-0.23731,-0.19404,-1.61093,1.61697,-0.49994,1.18872,-2.05604,-0.12573,1.27952,1.6222,-2.55363,0.42621,-0.22425,1.52157,-0.3502,-0.50811,0.34483,-1.90744,1.63924,-3.19135,-1.21963,-1.62257,-0.88055,0.09944,-0.02258,-0.09378,0.32533,-0.64338,1.53449,0.92708,-0.12429,0.19997,-0.39772,-3.20024,0.33116,0.96903,0.28069,0.86731,0.16183,-0.95261,0.97161,-0.61669,-0.45654,0.13254,0.0119,0.15475,1.14195,1.37038,0.17653,0.90053,-0.6245,0.36508,-1.04825,-0.48299,0.0119,-0.80176,0.46432,0.22573,-0.65004,0.01761,1.02686,-0.51638,2.57671,-0.8116,-0.32806,-1.78384,-0.32631,-1.92571,0.13397,0.66209,-0.50629,1.47647,-0.67523,0.76488,-0.08133,0.28453,1.13702,0.67456,-0.03218,-0.17953,-1.14427,-0.26837,0.99364,-0.93472,-0.8376,-0.04618,0.15782,0.87426,-0.44704,1.98906,0.19875,-0.07459,0.10923,0.99704,-0.96264,0.92827,-1.66055,0.71858,-1.66364,0.53642,1.19452,-0.34641,0.89397,-0.72483,0.82752,1.54577,0.1746,-0.46812,0.16126,0.8196,-0.46846,-0.6556,-1.02417,1.36491,0.38426,-0.98106,-1.98262,-0.46718,-1.11156,0.04246,1.52539,1.11495,0.63005,-0.45991,1.64948,-0.15678,-0.76076,0.03227,-1.74051,0.90798,0.18632,-0.34174,-0.45974,-0.97135,-0.71811,-0.42544,-1.85869,-1.403,-1.27744,-0.36742,0.80503,-1.00715,-1.74407,0.4281,-0.38924,-1.99985,2.37703,1
-0.57802,-1.09456,0.22787,1.49832,1.1859,0.60303,1.11931,-0.60383,-1.37597,-0.2186,-0.276,1.25209,1.6739,1.04625,-0.07201,0.91253,-1.27664,0.34759,0.61271,1.20922,-0.11121,-0.14102,0.70873,-0.14104,1.15919,0.01093,-0.69615,0.96975,0.13067,0.83886,1.19385,0.3651,-0.59349,-2.64721,-0.17786,0.05561,0.45547,-0.03782,-0.16372,1.27278,-0.53049,-0.04759,-2.67554,1.55214,-3.37385,0.61114,1.09417,-0.3555,0.77578,-1.26977,0.21159,-1.45015,0.80033,-0.27635,-1.26366,-0.57126,0.30581,-1.94256,-1.02603,-0.15993,0.50013,-0.01517,-1.43204,-0.62415,-1.1064,-0.51489,0.61301,0.6711,-0.84563,0.16306,-0.09434,-1.29766,0.45019,-0.73655,-0.97149,-1.13996,0.53993,0.62664,-1.89107,1.09419,0.59801,-0.03409,-1.162,-1.54449,0.31649,-0.78672,-1.79169,-1.58844,-0.85287,-1.19928,-0.13862,1.12121,-0.96218,-2.01401,-0.37322,-0.68705,-0.46818,1.61125,-0.24601,-0.25739,1.66066,0.00371,-0.48544,1.52895,0.32923,-0.50248,0.22663,-1.39933,0.25215,0.00155,0.1106,0.00732,-1.35347,1.98097,-1.00924,-0.25212,0.08892,-1.69335,0.3965,-0.19817,1.13803,0.33671,-0.10018,-1.66964,1.28882,0.06213,-0.07861,-0.45152,-1.45379,-0.0714,-0.87942,0.16752,1.61023,0.20559,1.80676,-0.17157,-0.20653,0.37895,-0.59119,-0.87748,-0.57972,-0.31071,-0.11778,0.54818,1.84352,0.4669,0.13433,0.20005,-0.05296,0.08218,-0.52056,0.34565,-0.59149,1.12654,-0.73887,0.63461,-0.22608,0.89442,-0.12469,-0.92386,-0.00561,-0.16349,0.44041,-1.13189,-0.91757,0.78531,2.23449,1.49581,1.40699,1.22411,0.12059,0.31752,-0.08724,0.70945,0.54403,-1.43841,-0.02423,0.72536,-1.66013,0.57657,0
-1.14373,0.7076,1.83474,0.74954,-0.61639,2.00364,-0.81777,0.48612,1.22046,-1.92144,-2.52586,-0.06197,-0.28234,-0.8407,-0.86921,-1.65381,-1.41475,2.15378,-1.69412,0.60009,-0.53634,-0.46588,-1.13364,0.0401,-0.98734,0.46932,0.34457,0.81051,1.85581,-0.18893,-0.84418,-0.37301,-1.29195,-0.34509,-0.34131,-0.73123,-1.01358,-1.64398,-0.55875,-0.28603,-0.41334,-0.57011,-1.55293,-0.5032,0.56564,0.02184,0.11713,-0.1786,0.25063,-0.03156,-1.92441,-0.63664,-0.10973,-0.86617,0.16633,-0.98855,-0.77822,-0.75701,-0.31466,-1.84379,0.48282,0.45888,0.25548,-1.31811,-0.78291,0.72501,-1.697,1.53731,-0.59877,-0.63961,0.03491,0.33682,0.80643,-0.02557,-0.58614,0.22454,0.43854,-0.65981,1.12811,1.45368,1.63303,-0.80011,-0.94809,-2.63402,-1.93887,-1.30629,0.30903,0.51116,-0.62215,0.68952,1.00549,-2.19974,0.04883,0.82819,0.43976,2.41372,-2.24065,-0.65001,1.88868,0.26926,-1.85363,-0.48474,-0.27432,1.14674,0.85327,0.54531,0.36191,-0.42407,-1.0736,0.59398,0.01186,1.87511,-0.60038,-0.57742,0.70049,0.7036,-0.64571,-1.30667,0.67107,-1.08261,0.2516,0.58061,0.40364,0.30544,-1.07984,-1.02248,-1.13806,-1.34915,1.04855,0.46329,-0.50431,-0.61296,0.57901,-0.44503,-0.26091,0.66021,0.01501,-0.33167,1.03143,-1.62948,0.16745,0.07231,1.28434,-0.73773,-1.87825,-0.36391,1.08177,1.06835,1.24479,-0.34363,2.18139,-0.09414,0.18323,-0.5118,-1.54961,0.22144,-1.59044,0.76372,0.40817,1.5181,0.73215,0.42884,-0.3684,-0.24496,0.50424,-0.16288,-2.29834,0.41263,-0.81671,-0.46711,-2.70348,0.88669,-1.26346,-0.11174,-0.87932,0.36929,-0.59318,-0.25313,-1.58039,-1.67577,1
-1.14341,0.35657,-1.74567,-1.10971,-0.55359,0.18694,-0.10529,1.07883,-0.22067,-0.03713,0.4307,-0.04357,0.8098,-1.25231,-2.07504,-2.61769,0.55879,-0.1803,-1.07735,-0.43591,0.09241,0.54023,-1.96278,1.22183,-0.03225,-0.70898,-0.75714,-0.244,1.31991,-0.23233,0.27773,0.12421,-0.56947,1.48929,-1.49038,1.3912,-1.05735,1.61417,-0.29539,-1.32,0.35772,0.62599,-0.09871,-0.89458,-0.0083,-0.46901,-1.00184,2.01832,0.70746,0.41026,0.03507,-0.42217,0.03584,0.21153,0.41045,-1.56261,-0.04629,-1.70234,0.16499,-0.37493,-1.92617,0.13807,0.04888,0.41035,-1.34928,1.46751,0.86967,-0.84583,-0.10273,1.50608,-0.22793,0.88327,-0.74046,0.14454,-0.20466,1.64756,0.68876,1.8074,-0.61613,-0.359,0.20379,-0.99906,0.45904,-0.59566,1.51316,-0.9585,0.32327,1.8692,1.67989,0.36353,-1.60112,0.99658,0.57589,1.54566,2.41367,0.91532,-1.03724,-0.37628,-0.53259,0.8435,-0.81574,0.1247,-0.44397,-0.23687,1.76718,-0.73982,-0.11439,-1.98456,0.13991,0.74988,-0.89234,2.20265,1.76455,0.19171,-0.60176,-0.21406,-0.0476,1.98216,0.95554,-0.37749,-1.13848,-0.02497,-0.06803,0.11623,2.19722,2.05761,-0.19109,-1.05669,-0.36686,-0.48438,-1.49084,0.04405,0.94845,-0.73428,0.43847,-0.32193,-1.3959,-1.21337,0.32039,-1.1837,0.88111,-0.57118,-0.22225,-1.28937,-0.06383,-1.39609,-1.6397,-1.805,0.534,-1.47423,-0.16402,-1.01551,1.59293,0.42817,-0.38126,-0.30925,1.54312,0.13421,-1.62217,-0.16317,1.70489,-1.76886,0.62872,-0.80601,0.45599,0.71541,0.86651,0.74377,-1.63434,-0.30555,-0.61135,-0.43522,0.91959,-0.55613,0.05328,0.91101,-1.67768,0.92729,-1.25048,0.95599,1
1.98866,-1.20395,0.06946,-0.19637,0.7505,0.3336,-0.03977,0.84351,2.4751,0.63017,0.49167,0.72998,1.09613,0.55978,0.58665,-0.50574,0.56978,-1.67043,0.07943,0.23315,1.46072,-0.15802,1.39726,1.22774,-1.51966,-0.5665,-0.95832,-1.83055,1.10776,-0.23064,-0.1345,-0.66866,0.01186,-1.01424,0.95886,-1.58068,-0.24092,0.55541,0.11067,0.55021,1.0427,-0.05825,0.43621,-1.16342,-0.48283,1.31145,-0.66488,1.11791,-0.37813,-0.36817,1.12782,-0.09209,2.55975,0.63696,0.0069,-0.00066,-0.29277,-0.21431,0.63554,0.71667,-1.50634,1.35004,-0.89295,0.05625,-0.73571,-1.37951,0.08859,0.96673,1.29617,1.79367,0.96427,0.43273,-0.28727,-1.77589,0.80218,-0.34288,1.61167,-0.52405,-2.01109,0.43415,-0.55003,0.56586,-1.42787,1.01925,-0.58505,1.7243,-0.41529,2.16301,0.78867,0.91823,1.30409,0.59964,-2.11113,-1.66863,-0.01538,-1.15818,-0.69006,0.78104,-0.84777,-1.38207,-0.11915,-1.25676,-0.68455,1.28417,1.09534,0.29685,-1.06409,-1.17348,-0.27181,-0.58841,0.92995,-2.52499,-0.34639,-0.35338,0.73031,0.54811,0.73334,-0.29493,-0.44451,0.2957,0.56192,0.2971,1.6391,1.08291,0.24353,-0.71802,-0.63357,0.84134,-0.14231,-1.813,-0.909,0.11519,0.32572,-2.14315,-0.58664,-1.47073,-0.75892,0.95939,0.34999,-0.3048,0.47287,0.47399,-0.13886,-0.15009,-0.41221,1.97137,0.67599,-0.74426,0.63561,-1.57363,0.68246,1.42744,0.14127,-0.25101,-1.80529,-0.3476,-0.51006,-0.67917,0.54203,0.36546,-0.66947,-0.57872,1.58669,2.18681,0.64017,-1.36773,0.51231,-2.5198,-0.14408,0.3247,-1.30082,0.95647,0.7533,1.47344,0.92979,1.11609,-0.4148,1.08577,0.2314,-0.08067,0
0.18069,-0.04978,-0.4548,-1.17944,-1.31422,-0.71465,-0.42627,-1.16578,0.41442,0.47453,0.5035,0.24195,-0.7018,-1.38168,-0.50337,-0.352,-0.01131,-0.34642,0.71586,-1.10463,-0.74526,-0.1863,1.04996,-1.17178,0.06272,0.06989,0.28797,-0.72465,-2.11243,1.93586,1.68697,0.23097,-0.17199,0.57262,1.05887,1.0429,-0.41226,-0.2633,-0.15542,1.56184,0.12042,-0.79646,0.26585,-0.81933,-0.07756,-0.0143,-1.19772,1.1883,0.54909,-0.58981,0.81488,-3.06004,-0.01622,0.08518,1.38424,-0.0773,0.39859,1.53878,1.24422,-0.41606,-0.48364,2.01437,-1.24411,-0.86362,0.10252,1.0523,-0.6364,-0.78299,0.30212,-0.05382,-0.16209,0.81823,-1.68805,-0.27787,2.09361,-0.62666,-0.55005,-0.79514,0.10644,0.73318,0.9395,-0.48585,0.53304,1.15721,-0.00477,0.00451,0.23121,0.38556,0.32574,-1.82271,0.79694,0.38248,1.68701,-1.68473,-1.74458,-0.31177,1.577,-1.63677,1.00348,0.95985,-0.15248,2.47572,0.44427,-2.28744,0.34536,0.60534,-0.80433,1.21913,0.81784,0.88425,-0.39828,-0.2445,-0.68423,-0.55875,-0.82513,-1.3626,-0.93787,1.17445,0.71214,1.56105,-1.19887,-1.76134,-0.11209,0.60646,0.537,0.93777,-0.29102,0.67408,-0.03904,1.13958,-0.5021,-0.53559,0.41706,-0.41014,0.5607,0.1764,1.11574,0.07276,-1.20464,0.35327,-1.40921,-0.23865,-0.09987,0.45109,0.1999,-1.68956,1.22995,-1.35765,0.55017,-1.03553,0.57344,0.11816,-0.57366,0.66522,1.59858,0.68899,0.73076,1.1316,0.49402,0.39936,-0.18202,0.46542,-1.0434,-0.07328,-0.11025,-1.97427,-0.96035,-0.55581,0.42483,-0.09369,-1.04771,0.50323,0.40205,0.80321,-0.9531,-0.8303,0.94196,-0.63932,-1.42577,0.48216,1
0.87368,-0.15528,-0.66074,0.86224,-1.48366,-1.57136,-0.26233,2.23979,0.41495,2.86431,-1.34607,0.57092,0.43505,1.40803,0.43636,0.09851,0.20748,1.35879,0.91528,0.78762,0.41797,1.01716,0.25727,-0.95076,-1.25644,-0.20189,0.41986,-1.06176,-0.23782,1.94925,-1.01866,1.11309,-0.37753,0.3435,-0.8986,-0.17508,-0.44515,0.68644,-1.18036,-1.66038,0.28403,0.2596,0.55053,0.55252,0.76318,-0.2317,-0.2088,-0.39543,-2.15355,-0.35777,-0.00224,-0.24591,-1.29454,-0.33053,1.05934,0.30965,-1.44702,-0.34826,-0.90791,0.49132,0.13596,-0.76666,-0.54389,0.63352,-0.97836,-0.36189,1.59045,-0.60329,0.35104,-1.29453,-0.74108,0.87828,-0.07425,-1.52882,-0.65893,0.91159,-2.27472,0.04215,-0.90984,0.20252,-0.07242,2.26326,-0.89713,-0.89879,0.11272,-0.91116,0.63543,-0.45569,0.54539,-0.76801,0.39589,2.4058,-0.05219,0.06239,0.80963,-0.27366,-0.38488,0.27835,0.25739,0.61421,0.43214,0.56542,-1.79977,0.26858,-0.05983,-0.71387,2.41365,-0.0379,1.37391,0.34552,-1.01066,-0.74808,0.02097,-0.88038,-0.39238,-0.40862,-1.33123,-0.37024,1.4546,0.77604,-0.28027,0.01061,1.54805,-0.01379,1.45179,0.1174,-0.16829,0.33191,0.53928,-0.75462,1.21976,0.03945,0.76362,-0.11404,1.5207,-0.70212,0.73368,0.33264,-0.76728,-0.48164,0.88098,0.29165,-0.41898,-1.07912,-0.10942,0.82931,-0.32989,0.60846,-1.27297,-2.00869,-0.69941,-0.67398,-0.4843,0.37614,1.24224,-0.72472,-0.9147,2.20956,-0.21032,0.88461,0.32434,0.75057,0.65699,0.19128,0.09161,-0.46417,0.30421,-0.40044,1.44919,-0.12618,-1.04355,-0.89413,-1.54736,1.47016,0.93413,2.15223,0.50948,-1.50574,0.38155,-1.29734,0
-1.6491,0.69713,1.8698,0.51779,-0.59451,-1.25623,1.2701,0.02813,0.19564,0.13079,-0.55478,-1.1345,-0.58735,-0.19029,-0.16199,0.29434,-0.6,-0.5334,0.27757,-1.26796,-0.0378,0.3378,-0.17862,0.43548,0.52503,-0.02491,-1.23215,-0.55704,-0.88244,0.1261,-0.08251,-0.56017,-0.4345,-1.95932,-0.93241,0.34901,-1.1091,-0.08871,-1.05419,-0.81151,0.32492,-1.53273,0.49123,0.16511,-0.78973,-0.42613,-0.93328,0.7455,-0.62118,0.95586,-0.6156,-2.23291,-0.56576,0.51132,-1.07244,-0.29823,1.27194,-0.30248,0.80765,0.1214,-0.40479,-1.2549,-0.39691,0.20717,-0.33738,-0.59122,0.48845,-2.12962,0.04739,0.90136,0.72377,0.4847,-1.01904,0.397,-0.79487,-0.94308,-0.77619,1.29981,-0.42907,-1.12671,0.64089,-0.25489,-1.06254,1.99853,1.59355,-0.51903,1.06585,-0.572,-1.31676,-0.69219,-0.58209,0.13418,0.17585,1.12312,-0.81623,0.44932,0.38863,-0.6156,-1.16436,1.50094,0.12218,0.14659,-1.62338,-0.04208,-0.1828,0.86807,0.79192,-0.88356,0.87443,-0.52205,-0.25314,-0.01947,-0.37241,1.2329,-0.46965,-0.72727,0.01986,-1.28499,-0.98058,0.77506,-1.99026,0.65846,-0.89985,1.40739,-3.33626,0.68518,-1.065,-0.32897,0.09711,1.74869,0.14397,-1.44045,-0.40243,0.52892,0.13855,-0.42322,-0.43861,-1.33888,1.20586,-1.64186,-0.91103,-0.70621,-0.68481,-0.01998,1.49801,1.5608,0.20273,1.0995,-0.62428,-1.48114,0.40902,0.87428,0.5571,0.86003,0.15994,0.17917,-0.72143,-1.08537,-0.51606,0.03355,1.29451,0.48354,-0.08536,1.82165,-1.75904,-0.29356,-1.54016,-0.54374,2.17189,-1.26657,-0.60196,-1.15576,0.09536,-0.96656,-2.50334,2.16018,-0.341,-0.05529,-1.32102,0.46573,0
-0.41464,0.87114,-0.8256,-0.81549,0.14509,0.90147,1.28847,-0.51672,0.47344,-0.25794,-0.07901,-0.68936,-2.05828,0.12208,-0.23413,-0.15599,0.22242,0.81505,1.81577,0.18455,0.9394,0.66749,0.5385,0.20103,0.15615,-0.76011,-0.93473,-0.92371,1.20726,-1.35096,1.70486,0.79405,1.00227,-1.38861,-0.26438,-0.84114,0.4752,-1.26574,0.86909,0.78501,0.44601,0.62615,1.30339,0.50818,0.55586,-2.9517,2.05386,1.32418,0.23409,1.47557,-0.08638,0.20903,-0.08667,-0.17463,-2.27531,0.04498,-0.05653,-1.58324,0.36487,0.44649,-0.58306,-0.13264,0.41212,0.97863,0.86119,-1.00476,0.11163,-0.7161,-0.08318,0.04873,0.84926,1.42116,-0.60533,-0.38721,0.82713,-0.38909,-1.44701,1.66108,1.73239,1.46966,-0.66543,-0.279,-1.23267,0.91276,0.84936,1.66337,-1.86957,1.88893,1.68364,-0.29399,-0.43604,-1.48917,0.61866,1.74665,-1.99012,-0.74886,0.29154,-1.70087,0.63353,0.46852,0.18658,0.26517,-1.36093,1.58074,0.65481,-0.41141,0.31033,-0.51158,1.16828,0.02976,1.06655,0.15779,-1.04498,1.61189,-0.73125,-1.05513,0.57474,0.16841,-0.58969,1.14316,-0.91916,0.40263,0.31791,0.1345,-0.45632,-1.13479,-1.34233,-0.73113,-0.36074,1.08324,-1.07353,-0.87935,1.77522,1.204,-0.3486,-0.75592,-1.20582,-0.90324,0.39217,-0.03615,0.35303,-1.79321,-0.63831,0.92724,1.21975,0.29822,-0.65944,-0.88989,0.06743,2.70361,0.09035,0.53903,-0.70612,0.48017,-0.41505,-1.87864,0.03235,0.09858,0.5651,-0.33539,-0.13409,-0.16946,1.23149,-2.27461,-0.14154,-2.2217,0.94246,0.01203,-1.08954,-2.01418,-1.51142,0.28817,0.17225,-0.59864,-0.07293,-0.69112,-0.74313,0.71553,-0.66256,0.37609,0
-0.20468,0.98523,0.02909,-0.09136,0.08876,-0.5767,0.33711,1.01739,-0.29259,0.09139,-0.20676,0.44115,1.57213,-1.08845,-2.93546,-0.27321,-0.85048,-0.50926,-0.91837,0.11617,0.86103,-0.11253,-0.12113,-1.43177,-2.14177,-0.76595,1.68904,-0.01207,-2.01657,-0.30783,1.43777,-1.17636,-1.0659,-0.87289,-0.45532,1.58718,-0.85717,-0.20446,0.00196,0.38952,0.50296,-0.61512,0.43013,-0.8065,0.14283,0.01668,-1.77945,-0.12902,0.03447,1.43468,0.50535,-1.84607,1.3603,1.35523,0.7663,0.57107,0.26568,-1.85917,2.04993,-1.35711,-0.79705,-1.15207,1.0728,0.15126,-0.45462,-0.2792,0.41438,-1.18124,-0.94421,-0.43587,0.87391,-0.3216,0.27188,-0.6041,-0.65629,-1.70411,-0.73715,0.78517,-1.01894,1.32522,-0.52514,-0.44319,2.20362,2.30158,0.20702,1.11411,-1.3814,0.41212,-0.41319,0.94764,0.28668,1.76976,-1.6024,0.99844,-1.37765,0.43988,-0.54127,1.00505,-2.46674,0.28293,-0.20794,-0.87064,-1.38812,1.50634,-0.73749,-1.0928,-0.26177,1.36399,-0.90567,-1.4463,1.29881,1.4651,-1.15001,-1.71938,0.1048,-0.12141,0.4633,0.84565,-1.12847,-1.45183,0.54898,0.29094,-1.59799,-0.76631,-0.29218,0.18773,-1.11292,2.1599,1.17522,-0.15201,-1.98255,1.69531,-0.83043,0.0174,-0.41676,2.0499,1.58915,-0.42633,-0.08665,0.24592,-1.28395,1.48364,0.7268,-0.28539,-0.06657,-1.99313,0.99515,0.9625,0.37352,-1.1345,-0.89087,0.05205,-0.81849,-0.12596,-1.69073,-0.77697,-0.09865,2.19835,0.98659,0.15593,0.28293,-0.69976,-1.23592,-1.99605,-0.68743,1.14854,-1.48822,0.49479,0.79146,-1.509,0.14331,-0.06516,0.4257,0.36249,0.59265,-0.96756,1.07589,-0.29495,0.59873,2.66096,0
-2.90533,1.61647,0.4427,-0.16652,2.24675,0.26165,0.44616,0.32387,-1.17019,1.23972,0.42326,0.58659,0.5003,-0.26149,0.93362,-1.34475,-1.18907,0.95895,-0.225,1.1804,0.31716,-1.85571,-0.23154,-0.288,1.01602,-0.78827,0.5769,-0.85118,-1.12982,-0.82983,-0.85581,-1.43296,-1.1241,-0.16903,-0.62034,-0.85584,0.53602,0.55647,0.50044,-1.81921,-2.35203,0.11342,-0.47867,-1.83525,-0.38848,-1.33695,1.74928,0.40545,0.70512,-0.18276,-0.40784,-0.09341,1.37639,-0.22067,0.57087,-0.64167,0.31989,-1.6603,-0.53392,-0.50778,0.55707,-0.94566,-0.16181,-0.01116,-0.51886,-1.35115,-1.08697,0.34165,0.3634,-0.30338,1.13891,-0.46769,1.2716,0.4275,0.086,0.75034,1.14956,0.9653,0.7175,0.17728,-1.48717,0.83928,1.36833,1.30291,-0.1101,0.68381,-0.75345,-0.41248,2.24517,0.69756,0.67191,0.15812,-0.34352,-0.53699,-0.72319,1.37503,-0.82334,-0.7114,0.5815,-0.40052,1.01771,1.48831,1.02381,-0.04589,-1.05582,0.28931,0.3589,-0.58085,-0.36254,-0.76884,-0.73308,-1.20384,0.12219,-0.90147,-0.18583,0.55594,0.23076,0.82362,0.4652,1.16883,0.0651,-0.34052,-0.63417,0.20521,0.15544,-1.77393,-0.96422,-0.16538,0.78599,-0.09244,0.17574,-0.47467,1.29153,-0.71418,-0.94405,-1.03441,-0.54782,-0.28924,-0.00714,-0.18628,-0.45603,0.43318,0.83686,1.45328,0.53341,1.15545,-0.72141,-0.57507,-0.01403,2.06765,1.73586,0.61077,0.03362,-0.50156,-0.35465,0.1471,0.92657,1.18389,-2.09392,1.19832,1.79969,-0.0368,0.38422,-0.41244,0.66644,0.05121,-0.03314,0.18911,0.41558,-0.37347,-0.32034,-0.23492,0.59966,-1.02971,-0.68633,-1.73379,0.60914,0.00801,1.32393,-1.53031,0
0.7378,-1.85945,-0.06869,0.32331,0.77504,-0.66688,0.70668,-0.26996,0.04043,0.24759,1.51788,3.12885,-1.66934,-2.10728,1.79743,-0.56795,2.28517,1.59582,-0.016,0.28973,1.00206,-0.10828,-0.77861,-0.04009,-1.36296,-0.67973,-0.17071,-1.44913,-0.16388,0.15975,-0.19062,0.04741,1.66929,0.09856,-0.87779,1.31528,-1.09577,-0.15562,0.9926,-0.29664,0.07949,1.02497,-1.01301,0.35905,-1.17312,-0.44687,-0.39101,0.13365,-1.11071,0.46891,-0.34791,-1.19534,-0.94899,0.95313,1.69082,-0.1448,2.49318,1.09713,1.90727,0.35227,-1.85985,-0.05357,0.17761,0.73478,-2.36293,-1.33411,1.07666,0.72666,0.54002,-1.55105,0.83513,0.65698,1.08135,-1.17851,0.57498,-1.04534,1.32148,-0.41452,-0.86688,0.46874,0.56977,-0.53247,-0.13521,0.26986,0.85157,-0.62848,2.36733,-0.11589,0.66036,0.42327,-0.29587,0.40066,-0.68136,0.49731,-1.37891,1.42513,0.2534,1.21822,0.84386,0.04203,0.44707,-0.22548,0.5805,0.13225,-0.68069,-1.09707,-0.68398,1.08004,1.12816,-0.72323,1.3117,-0.41641,-0.74426,-0.79365,-0.57935,-0.3067,-0.07693,-0.52587,-0.74669,-0.97711,0.63378,0.61782,1.06662,1.08167,0.18754,0.63574,-0.9686,0.74244,0.67103,2.38943,-0.63451,-0.20678,-0.63376,0.61832,0.27685,0.39583,-0.19546,0.78932,-0.67778,-0.55896,0.12804,-0.68378,0.03501,-0.7902,0.49175,0.78155,-1.9492,0.33396,-0.03434,-0.42128,0.64265,-0.91092,0.21234,0.80817,0.13168,-0.13139,1.42082,0.85753,-0.02206,-2.14608,-1.48239,-0.41753,-1.86363,-0.75858,1.07371,-0.76326,-0.52341,0.82755,0.63153,1.41529,0.51372,1.72709,-1.94126,-0.82439,0.92706,1.43264,-0.07739,2.02399,-1.26079,-0.94286,1
-0.18442,-0.81445,-1.75456,-1.41729,0.14587,1.87538,0.30889,1.10531,1.61476,-1.32808,1.09341,1.57995,-0.66472,0.64884,-0.36564,-1.24498,2.69897,1.37326,-1.27711,-1.01681,1.40626,1.61144,-0.70407,2.15755,0.72973,0.39642,-2.06617,0.0123,0.62439,0.46682,2.62981,0.15746,-0.68282,0.51894,-2.39787,0.49041,-0.30933,0.49495,-0.47956,-0.94893,1.08617,-0.18223,-1.41241,-2.1625,0.17615,-0.57426,-0.26998,-0.84698,1.16228,0.81186,-1.48999,0.37908,-0.14059,-2.40315,-0.32174,-0.75916,-2.82597,-0.8459,-1.07619,0.1741,-0.77688,-0.60861,0.47745,-1.32662,-0.44755,-1.16616,1.27227,0.85232,0.41232,-0.76905,0.1946,0.78792,0.15557,0.75948,-0.70485,-1.05665,-0.28534,-0.81296,2.32935,0.35313,-0.56381,-0.36406,-1.00332,0.42582,-0.4969,0.57729,0.96093,-0.47606,-0.34693,-0.24189,0.33752,-1.95175,-1.80239,-0.32549,-1.23015,-1.58001,-0.80317,-0.12472,-0.25244,0.94046,-0.80754,-0.75106,-1.09255,0.25235,0.80888,-0.87431,-0.22365,-1.56859,0.65389,0.86196,0.38361,1.4061,-1.84301,1.21792,0.40391,-1.72396,0.2393,1.15296,0.04675,0.66593,0.66307,-0.08126,1.85774,-1.98044,1.20778,1.8872,1.73435,1.04964,-0.75047,0.39985,2.00737,-0.73991,-0.09381,-0.03433,1.09278,-1.00304,1.27453,-0.21403,-0.42305,-0.29045,-0.6155,1.73007,-1.53877,1.82567,-0.38299,-1.45247,-0.37925,0.31681,0.25321,-0.9621,-1.42248,-0.88943,0.73846,0.64462,-0.62844,-1.06148,0.01873,0.76818,-0.44844,0.79537,-1.50749,2.26817,1.42606,0.31038,-0.0056,1.18429,0.93513,-0.37491,-0.5362,0.95648,1.51837,-0.22253,0.04082,0.66829,-0.72163,1.62706,-0.59808,0.13964,0.59917,-0.70526,1
-1.37077,1.61047,-1.34013,-1.23497,0.93434,0.74249,0.08731,-0.65026,2.16219,-0.84383,0.00803,-1.12237,0.70389,0.24578,0.92545,0.68496,-1.98268,0.92622,0.82898,1.74817,0.47571,-1.36399,0.71215,-0.67767,0.41168,-0.47783,-1.58757,1.27004,0.42594,-1.54205,-0.0925,0.1436,2.88811,0.6163,-0.83289,-0.98108,0.29547,-0.68479,-1.19795,-0.12812,0.27697,1.29211,-0.26423,0.08191,-0.1872,-0.87149,-1.65604,0.85907,0.28136,1.33589,-1.95316,-0.8902,-0.1589,1.06543,-1.86771,0.00957,-1.18948,1.72232,-1.10758,-1.49933,-0.22602,-0.91725,0.28762,-0.41241,0.68101,0.43433,-0.98015,1.27101,0.84398,-0.70697,-0.55379,-1.79642,0.11391,0.01758,-1.61774,1.66569,0.16514,0.32882,-0.48578,0.83642,0.27258,-2.24328,1.47274,-0.05381,-0.09361,-0.86369,-0.25159,1.49067,-0.17671,0.52862,-0.88123,-0.2089,2.7837,0.53728,-0.60974,-0.63731,0.39271,-0.72664,-1.86503,0.03024,0.92486,-0.92395,0.44705,0.51226,0.02712,-0.14262,2.61035,-1.47078,-0.10664,0.82513,0.48951,0.224,-1.69141,0.34824,-1.02176,1.57827,-0.59331,-0.75107,0.26435,-0.32794,0.34151,1.75332,1.13999,-1.66087,-0.48286,-1.08489,-1.63152,1.39203,0.09457,-0.5004,0.02623,-0.95637,1.67677,0.52155,1.41148,0.02223,0.06887,-0.27128,-0.10555,-0.95392,0.62564,1.19752,-0.79251,-0.36583,-0.644,0.5967,2.02569,-1.10529,-0.36195,0.328,-0.68537,0.01774,0.74405,1.08095,0.36821,0.43732,0.52912,-1.12922,-0.82473,-2.09728,-0.43692,0.45192,-1.07688,0.47682,-0.03833,-1.16126,0.23897,0.73525,-0.72421,1.35498,-0.01729,0.52143,-1.42139,1.07037,-1.4305,-0.91375,2.09457,-0.41363,-1.19667,-0.9952,1
1.12292,0.37199,-1.24396,2.22041,-0.34896,2.26911,1.12901,-1.19811,0.10404,1.07791,0.74352,-0.78452,0.14325,-0.47396,-0.29369,0.11182,0.642,-0.51751,-0.25384,-0.54826,0.77862,0.97285,-1.58327,-0.8352,0.9781,0.64477,0.08585,1.32503,2.21592,-0.36963,-0.03408,-0.00587,1.74176,2.06782,0.60198,-2.01295,0.42455,-0.07016,1.35243,-0.08528,-0.08699,-1.34785,1.47275,1.44097,0.39983,1.5829,1.54802,0.66889,-0.16902,-0.31386,-0.49726,0.41033,0.2725,-0.84602,2.10941,0.40369,0.90156,0.40851,0.90491,0.25953,-0.27114,-0.3235,0.75921,0.50454,0.36619,-0.01968,-0.81614,-1.97156,-1.2504,0.1027,-1.99473,0.08316,0.34378,0.66679,0.97498,0.68539,0.82051,-1.11824,-0.36066,-1.08364,-2.09654,-0.43499,1.88418,0.80164,0.57312,-1.04983,-0.23269,-0.50885,0.67821,-0.32263,-0.28152,1.95708,-0.77855,-0.3169,0.73112,0.98062,0.11595,0.00389,0.23426,-0.63751,-0.09304,1.33223,-0.84647,-0.10735,-0.9786,0.61142,0.22206,-2.03479,-0.58754,-0.65852,-1.0742,0.83738,-0.95076,-0.8275,0.18832,0.88397,-0.09007,-0.46506,0.56011,-0.18182,0.01741,-1.68459,-0.95106,0.10907,-0.10912,-0.55084,-0.57355,-1.13657,-0.37622,0.47045,-2.02605,-0.58528,0.7504,-0.73791,0.00232,0.17402,-1.26684,1.29035,1.258,0.72937,1.14583,1.1271,1.51505,-0.61409,1.99247,2.02094,0.28969,-0.77526,-0.4545,-1.10868,0.25986,-0.17797,0.78391,0.75869,-0.00659,0.4085,-0.99366,-0.81338,1.29909,1.03133,1.09767,0.85221,0.9535,0.14046,-0.40218,-0.84503,0.68926,0.63749,-0.1976,1.56486,-0.50198,-1.09091,-0.89313,0.60749,-0.77221,-0.62466,-1.29024,0.7217,0.24295,-0.25564,1
0.01946,-0.57724,0.36754,0.6525,-0.20689,0.656,0.77335,-0.6726,-0.1655,-1.38575,-0.72137,-0.20769,-1.20586,2.6014,-0.45589,0.41025,1.30635,2.11728,-0.12784,1.79972,-0.23659,-1.65684,1.35333,-0.04894,0.15019,1.20652,2.13371,-0.06876,-0.22679,0.75476,-1.53455,0.15696,-0.01255,0.30669,-1.25726,-1.08138,0.7962,0.891,-0.77904,0.14128,2.40023,-0.31028,-1.76489,0.1822,1.87342,-0.23846,0.72779,-0.42742,-0.06873,-0.44092,-1.03164,0.83845,1.03491,0.4084,-0.20566,-1.42375,0.72468,-0.57969,0.33074,0.34328,-1.47231,0.20625,-0.67821,-1.16211,-0.47935,-1.03313,0.49962,0.23563,0.94478,-0.57731,-1.13748,0.45,-0.26515,0.99496,-1.07361,0.63264,-2.16623,2.34662,0.67561,-0.28394,-0.48163,1.64815,-0.17953,0.08761,0.86252,-0.15867,-0.67739,0.55942,0.56998,-0.84681,-0.20584,-0.05799,-1.11746,-0.81368,0.30507,1.75408,-0.00664,2.29075,-0.20886,-0.80077,0.38737,-0.57663,-0.29887,1.72166,0.4544,0.19373,0.47566,1.48019,0.515,-0.0521,0.63042,-0.6617,0.40891,0.34854,-1.81081,0.86031,-3.13591,-0.21716,0.46888,-0.2204,-0.02098,0.69728,-0.0411,0.81754,0.62751,-0.36134,-0.04614,1.88642,1.05477,-0.7793,0.33312,-0.57502,0.94387,0.21195,-1.12033,0.61417,-0.18845,1.39727,0.21824,-1.56634,1.59448,0.53653,-0.49298,1.31858,-0.29212,1.39551,-0.01244,0.16497,0.13793,1.10426,0.03469,1.13235,0.05077,-1.41145,0.33984,0.10739,2.29034,-2.09772,-0.05892,-1.23419,-0.25594,-0.09112,-0.40153,-1.5526,1.71,-0.06158,-1.05538,-0.04902,-0.22354,-1.12035,-1.36302,-0.03006,1.02454,-0.76408,1.78676,0.61636,0.76231,-1.02541,0.02627,-0.13719,1
-0.43613,0.4379,0.19803,1.12325,-0.4217,-1.76921,0.1045,0.21512,0.63268,-1.05022,-0.51294,0.55222,1.06132,-1.31029,-0.39789,0.77378,0.4249,0.09363,-0.35179,1.63,-1.16184,1.38865,-0.38206,-0.46616,-0.88024,0.76742,-0.75089,1.0651,-0.42738,1.49332,1.09034,0.76344,0.60945,3.22789,1.19959,-1.89509,0.64362,1.05512,0.7872,-0.73395,-1.17578,0.2968,-0.43109,1.20863,-1.98425,1.66647,-0.65468,-0.25726,-2.37387,-0.21981,-0.82398,1.15204,-1.52492,2.06954,-0.25573,0.42785,-0.03655,-0.21579,1.40286,0.50588,-1.03732,0.50045,-1.25493,-0.03003,0.47337,0.73107,0.56125,-0.8728,0.42253,0.59655,-1.00599,-0.68532,1.33012,0.08407,0.36265,0.66403,0.48354,0.93272,-0.29082,-1.26916,-0.35251,1.3871,-0.74473,0.22169,0.98935,-1.33404,-0.30067,0.62288,-1.46883,0.39656,-0.62229,-1.80393,0.20553,-0.36579,2.16599,-0.40882,-0.33504,0.59385,-0.4259,0.56707,0.80123,1.27805,-0.68924,0.36076,0.2708,-1.73551,-0.66337,0.39154,-0.13839,-1.87325,0.71514,1.70267,1.52524,-0.5011,0.0001,1.37306,0.43145,-0.57196,0.17262,-0.20008,-0.16024,1.89241,-0.78579,0.06192,0.78851,-1.58606,-1.08112,-0.82712,2.18931,-1.33045,-0.63893,-0.9026,-0.26969,0.6347,0.6028,0.90467,0.70615,1.71495,2.54291,0.15013,1.88281,-1.34713,-0.13347,0.14332,2.4131,-0.07244,0.58047,-0.77266,0.79938,1.21143,0.43258,0.69601,0.1986,0.07562,1.46059,-0.87215,-0.48533,0.70827,0.63817,1.16877,-0.44739,0.55725,0.19589,-0.55107,0.62563,0.73366,-0.65878,-1.10592,-0.07713,0.66781,0.14895,-0.9618,0.79246,-0.84256,1.00687,1.08198,-0.94602,0.05746,0.66702,-1.22415,1
-0.74667,0.68493,1.24611,-0.7862,-0.42196,1.34163,-0.08744,0.45219,-0.49717,1.23993,-1.50466,0.7005,0.47255,-0.21995,-1.92938,-0.73568,1.79483,-0.78224,-0.45885,-1.4065,1.34415,0.38088,1.13744,0.78757,0.65975,-0.94569,-0.06484,0.22076,-0.44445,0.47969,0.35543,-0.89892,-0.35631,-1.17422,1.21831,-0.5444,0.02989,-0.79993,0.83683,0.70062,0.87821,-0.06443,-0.90653,1.43953,1.32587,-0.47816,0.21361,-1.40335,0.67647,0.83714,0.06644,-0.19299,0.37669,-1.48039,0.08969,0.55236,0.00676,1.43961,0.34477,0.49504,-0.12217,0.17433,-1.86743,1.9042,0.84635,0.90262,-0.56079,0.30876,-2.23804,0.45564,1.69877,-0.39054,-0.73031,0.58604,-0.66336,0.7339,-0.00438,-0.45024,1.93875,-1.56473,1.66416,-0.41501,-0.76003,-0.16332,-1.18663,1.05636,-0.35105,0.55121,1.85702,-0.91733,-0.94195,-0.86587,0.20883,-0.43431,0.19372,1.06483,0.28875,1.1522,-0.62162,0.86232,-0.73586,-0.66195,-0.81923,-0.02594,0.45468,0.49354,-0.07176,-0.2101,0.26759,-0.88725,-0.14769,-0.56632,-1.02098,-0.16558,1.05476,0.83528,1.02363,0.18711,-1.44668,-1.20716,0.39851,0.62684,0.14042,-0.44203,0.44415,-1.0663,0.72553,0.49962,-0.97309,-0.12453,-1.14764,0.57124,0.77114,-0.97913,-1.95917,-0.44094,-0.26347,-0.87382,2.05461,-0.09044,1.98617,0.01603,-0.46219,-0.05069,-0.04403,1.69767,1.59774,0.4759,-0.66528,-1.27509,0.04736,-0.0071,-0.34372,-0.99977,1.29644,-1.38236,1.01794,0.25155,0.30134,-0.6559,-0.76355,-1.30039,-1.26361,-0.02886,0.45844,0.20718,0.88483,-0.47108,0.88889,0.24129,-1.90126,0.85872,-1.47794,0.2794,0.67617,-1.9739,-1.20811,-1.63163,-0.36591,0.01208,1
-0.47026,-0.00221,0.45107,-1.64567,0.21808,-0.32034,-0.34608,0.69111,-0.20057,1.0225,0.42256,0.1558,-0.12015,-0.61184,-0.95293,-0.55293,-0.98171,-0.26268,-0.81978,1.07042,0.45744,-0.57989,-0.51769,1.42621,0.05114,0.57387,0.1401,-0.13416,-0.63658,-0.23975,1.04419,-0.49364,-0.0854,0.24535,0.94319,-0.26543,-1.12536,1.47356,0.79266,0.10554,0.31103,-0.88163,1.38364,-1.12719,1.15752,-1.90598,0.08472,-1.48342,-1.10747,1.04455,1.76079,0.08975,-0.04768,-1.04481,0.39362,1.55066,0.06138,-0.22255,0.70276,-0.41215,0.86784,0.91062,0.50806,-0.4111,0.48168,-2.48314,0.19362,-0.39687,-1.29923,-0.87988,-0.52254,1.14919,0.59787,0.61965,0.62867,-0.36281,0.80553,-0.05793,-0.13875,0.51713,0.09883,1.4758,2.10764,-1.16459,0.17553,1.15511,-0.18457,-0.46455,0.85552,1.81627,-0.26786,-0.50299,0.00234,-0.00269,-0.98749,-0.11939,0.62522,-0.85153,0.81105,0.4967,-0.39761,0.76815,0.13585,0.38868,-1.3057,-0.98372,-1.39795,-0.64761,-0.96414,-0.79273,1.44715,-0.38889,-2.54788,0.84834,0.10617,-0.04047,-0.2888,0.26131,1.9223,0.77831,0.32268,0.2342,-0.69452,-0.09165,0.08979,-1.33182,0.33707,2.49012,1.22307,1.0763,-0.74944,1.35128,1.22296,-0.1928,-0.76325,-1.71691,0.9075,0.39189,0.75454,-0.93357,1.47105,0.26841,0.24455,1.1583,2.54761,0.18263,-0.63397,-1.50469,-0.06224,2.58155,-0.02188,1.13382,0.81766,-0.1227,0.95556,-1.37647,1.38987,-1.26805,-0.38319,0.67088,-1.53799,0.55529,-0.13011,-0.06286,-2.23837,0.00114,2.00805,0.11658,1.31621,0.21685,2.19516,-2.01684,-0.68859,1.64853,-0.15244,0.72202,-1.93429,0.21068,0.42273,2.64005,1
1.07181,-1.05234,-0.08057,0.80976,1.74251,0.13695,1.71147,-2.21795,0.45435,-1.69538,-0.83808,0.14494,-1.07539,0.20367,0.63511,-1.46426,-0.58785,0.08576,-0.03482,-0.83006,-0.82793,0.80326,2.38871,-0.50491,-0.07703,-0.55311,0.31987,-1.00489,1.60746,2.66988,0.75648,0.98478,2.31783,1.77066,0.46368,0.03337,-1.02128,-2.56988,-2.55121,1.08038,-0.73579,2.381,-0.09632,0.96035,-0.78287,0.5587,-0.26462,-0.34846,-0.5611,0.48914,-1.09625,-2.02708,0.82276,0.202,-0.67414,-0.4669,-0.04735,-0.88964,-0.47404,0.118,-0.08219,-0.68546,-1.50949,-0.16729,0.76453,0.86409,0.94828,-0.14277,0.6425,-1.179,0.86406,-1.04816,0.5584,0.51115,1.41914,0.33956,-0.54815,1.3544,1.33689,0.01237,-0.20353,0.2682,0.48435,0.22688,-1.43603,0.3784,-0.55927,0.67455,-1.36098,-0.33241,-1.41468,0.82887,1.38483,0.04946,-0.39211,1.31346,-0.14064,1.05461,0.86117,0.31289,1.4476,-1.09311,-0.24628,1.60968,-0.04894,-1.1671,0.80128,-0.58352,1.47682,-0.24436,-1.00248,0.11567,-0.51833,-0.26349,-0.58882,1.44346,-0.35265,-1.59047,0.55462,0.35463,0.80744,0.26718,-0.32675,0.82438,-0.14364,-1.09228,-0.45353,0.117,-0.15992,0.80895,-1.90572,-0.54518,-0.82032,-1.3589,0.12615,-1.46037,-0.29769,-0.70892,-0.24756,-0.55821,0.00901,-1.17755,0.14053,0.75986,2.01805,-0.79916,-0.93625,0.28392,-0.89879,-1.63624,0.7083,0.54478,1.83165,-1.30109,-0.41022,0.13068,0.17755,2.22745,-2.04878,0.76686,-0.59334,1.62846,1.08448,-1.02142,0.96999,-0.40856,1.19076,-0.06184,-0.52762,-0.9965,0.59293,-0.9484,0.57349,-2.1393,0.14362,-2.45122,-0.5177,0.95556,-1.726,-0.48947,1
3.86445,-0.59866,-0.95474,1.80818,-0.46485,-0.28145,0.92278,-0.12275,-2.19777,1.71926,2.34187,-1.2007,-0.45493,2.37993,-0.75333,-1.39831,-0.19997,-1.37957,-0.61523,-0.19715,0.68132,-0.21153,-0.31078,0.93665,0.37824,-0.05609,0.44857,2.30141,-1.96595,1.15344,0.15716,-0.13901,0.2251,0.97865,0.51124,-0.09734,-1.19331,-0.758,-1.46844,0.52042,-0.683,0.88399,1.60157,-0.96894,1.85747,-0.84783,-1.96785,-1.13691,0.02629,0.38642,1.23055,0.21064,-0.47476,1.44854,0.5358,-1.69381,0.04247,0.18477,0.12113,-0.4197,-1.89069,-1.06291,0.77668,-1.34621,-0.54944,-0.17216,-0.02174,-0.13118,0.90711,-0.19629,1.58982,0.56191,-0.32029,0.92442,1.12727,-0.202,0.01888,0.15911,-1.17405,0.65854,-0.21126,-0.46261,-1.4874,-1.53427,0.8839,0.79621,-0.28178,-0.4524,1.07806,-1.55614,-1.43126,0.89534,1.20131,1.10439,-0.8255,0.73189,-0.69494,1.19249,-0.20799,-1.28836,0.4557,-0.4225,0.88847,-2.26035,1.33206,0.21223,1.79546,-0.90964,-1.67935,-0.39288,0.19666,1.54182,0.56174,-0.20452,-0.29339,1.93114,-1.53511,2.33058,0.15289,0.61587,-0.64086,-1.57173,-0.80901,0.39788,-1.5041,-0.91093,1.31347,-1.10479,0.52139,0.0876,0.13907,-0.63527,-0.66632,1.96567,-0.43732,-1.09614,-0.68909,0.2103,0.22919,-1.19376,-1.40159,0.8244,-0.70449,-0.7697,-0.02775,-0.68375,0.04165,1.2702,-1.3174,0.16714,1.37564,1.17005,1.07979,0.33326,0.0881,0.49853,1.69618,0.82103,-0.34481,0.74413,-0.46524,-0.40596,0.56012,-2.64831,-0.89712,0.82401,0.61314,-1.17492,1.45963,0.44535,0.30784,0.58325,-0.1932,0.8803,0.03073,-0.21356,-0.37831,0.10892,0.78198,0.62248,0
-2.28671,1.03993,2.0773,-0.16387,-2.47727,-2.4382,0.30421,0.66543,-0.63092,0.48437,-0.3583,0.01679,-0.06869,0.32619,0.31798,0.95823,0.39144,-0.16269,-0.30144,-0.01054,1.05094,-1.34191,-0.2263,1.8555,-2.00392,0.73839,0.06863,-0.66179,-0.11404,0.89749,0.38397,-0.24044,-0.14314,0.39343,-1.14014,-0.42972,-1.04091,0.72358,-3.2573,-0.08243,-0.6765,0.6059,1.10078,-1.68085,0.58005,2.42304,1.6108,-1.40359,0.58347,0.79527,1.29989,-1.52384,0.17536,0.46672,-0.04819,1.21407,0.05416,0.06062,-0.61732,-1.34915,1.2781,-1.14104,0.58367,1.20043,-0.97313,0.71308,-0.11464,0.70223,1.81136,-0.63588,0.52942,0.43813,-0.17649,-0.41744,-0.19414,0.8968,0.00039,1.39379,-0.0884,-0.26131,1.5618,0.00296,1.50169,0.76263,-0.76325,0.77004,-0.29897,-1.03362,-1.07237,0.02983,-0.07233,-0.12779,0.03843,-0.90716,0.40327,0.27574,-0.4481,0.69201,-0.87692,-0.07437,0.05169,0.09661,0.60689,-0.5538,1.44968,1.62876,-0.22252,-0.70563,-0.1937,1.39087,0.51865,-1.42868,0.19373,-2.13686,0.28743,0.11245,-0.91258,-0.06574,-0.55021,-1.74126,0.82677,1.13867,1.51581,0.19889,-1.01986,-0.41298,0.6016,-0.46854,0.41259,-0.63072,-1.826,-0.27496,-1.52373,-0.53204,1.25993,-0.14871,1.48835,0.31782,0.53303,-0.21987,-1.16764,-0.87202,-0.23115,-0.75073,-0.16064,-1.95577,-1.27202,-0.59049,1.02903,-1.34448,-0.51836,0.2304,-0.13488,-1.23424,1.35958,-0.66824,-0.25278,0.26659,-0.26995,-0.68785,0.73643,0.32635,1.4538,0.10355,-1.61266,0.85592,-0.44729,2.9703,-0.03423,0.94309,-0.58375,0.89457,-1.12561,-0.25493,0.40137,1.33282,-0.12963,-0.76873,-0.2005,-1.4166,1
0.0814,-0.53489,-0.63664,-1.09837,1.50737,-0.1684,-0.36082,1.43062,0.2285,0.39316,-0.31138,1.32283,1.36203,-0.77493,-0.33604,0.2706,0.22426,3.41057,0.51671,1.23092,-0.05181,-1.30984,-0.15781,1.25798,-0.40632,-1.7934,1.24273,-1.08181,0.59884,0.83635,0.97116,-0.54362,-0.50758,-1.46063,0.27178,-0.0005,-0.44156,0.59825,0.44795,-0.3316,0.61207,0.96992,-0.19099,0.28417,-0.07591,-1.79406,-0.32409,-0.95535,0.42739,-0.18403,-1.71106,-1.27747,-0.95837,0.69889,0.4007,-0.44934,-0.61865,-2.06996,-0.67988,0.11838,1.04067,-0.7012,0.58028,-1.61373,-1.55846,-1.68767,0.72626,1.36227,-0.78529,-2.35494,1.07083,0.27025,-0.36297,-0.23311,-1.63189,0.28676,-0.1788,-1.80587,-1.49217,0.22779,1.28493,-0.68616,1.45096,-1.38094,0.86834,0.58553,-0.81899,0.42301,0.62465,1.95484,-0.58736,0.27764,-0.30042,-0.12191,0.81541,-0.29409,0.01333,1.01395,-0.42404,-0.42746,1.7848,-0.47086,0.12427,-1.23717,-0.03129,-1.62173,1.26346,-1.5394,-0.98528,1.00581,-2.0211,-1.60279,0.45499,1.21701,-0.21127,1.11954,-0.31618,0.03967,1.38064,-0.69885,-0.44014,-1.55103,-0.11177,1.21017,1.39722,0.9618,-0.03386,-1.16261,-0.81144,-0.81149,0.36372,0.22152,0.29471,0.39453,2.03522,-0.43609,1.65851,0.0947,0.34613,-1.06915,1.97509,-0.7419,0.92781,0.51681,-1.20835,1.41489,-0.52049,0.2274,0.47425,-0.63039,0.43398,0.91683,-1.45001,1.28377,-1.04034,-1.59865,1.80758,0.6909,-1.35812,-1.10809,0.00928,1.25088,0.0622,1.72742,-0.35223,0.87089,-0.74425,0.38102,1.0554,-0.82688,-0.59722,-0.52673,0.59209,-2.14633,-1.5133,-0.72633,0.79405,-1.33925,-0.80372,0.41449,0
-2.25099,0.0756,-1.11045,0.33944,-0.1882,0.8775,-0.90869,-0.80388,-1.56048,-0.54448,0.99784,0.25728,-0.40014,-0.7875,-0.71186,1.80734,0.32678,-0.94694,1.43307,1.11427,0.80261,1.03956,1.16649,1.78558,0.59053,0.30767,0.10443,-0.53127,0.82646,-0.24992,-0.1632,-0.19213,-0.38916,0.49239,-0.38572,1.03835,0.3835,-1.11047,-0.91288,-0.09214,-0.24821,-1.51636,0.24648,0.68758,-1.46266,-0.53798,-1.74985,2.62993,-0.44528,-0.22264,0.41178,-0.29042,1.10767,-2.31179,-0.42974,1.90767,1.74133,0.52029,-0.79535,-1.41054,-0.03862,0.74973,1.54839,2.32379,0.03224,0.90518,-0.03966,-0.423,1.43603,-0.31572,-0.41068,0.25496,0.92062,-1.13582,-0.26829,0.48388,1.00504,-0.07184,-0.07511,0.17895,-0.39954,-0.65443,-0.77733,-0.04252,-0.18195,-0.40911,-0.71003,-0.68592,0.18815,-1.77408,1.27113,-0.40507,0.38933,-0.56531,-0.97433,-1.00577,1.56983,-0.76603,-0.83096,-0.72735,-0.3449,0.54487,-0.15636,0.96559,-1.10728,-1.52445,-1.6672,0.31852,-2.62262,2.26651,-0.81275,0.79856,-0.54838,0.77829,-0.2674,1.83528,-0.88034,-2.17074,1.58892,-2.16325,0.57208,0.83449,0.21634,-0.28192,-0.3535,1.99616,1.03161,-0.60101,1.79383,-2.9263,-0.16568,-0.49601,-1.68754,0.42796,-0.33576,-0.26654,2.44706,0.32912,-0.99491,-0.22727,-2.18655,0.53514,0.13044,0.23436,0.39589,0.46817,0.02567,-0.41312,-0.05914,1.0975,-1.80628,0.48953,0.80213,-1.39379,1.2648,-2.19072,-0.64129,-0.36995,-1.74309,-0.11722,-1.12784,1.58988,-2.29685,0.62387,-2.10706,0.55025,-1.13044,0.6968,0.79457,-1.06211,1.95358,2.48975,-0.54917,-0.24682,0.46288,-0.12111,-1.12592,-1.10048,0.71119,1.34048,0
-0.05812,1.48249,-1.46033,0.7405,0.12858,0.37096,0.69888,0.54497,0.71349,-1.28046,1.58004,-0.76189,0.69547,1.42938,-0.05568,0.43411,0.0278,0.2016,0.39321,-0.44101,0.64802,-0.68457,-0.12695,-0.78837,-0.53757,0.06855,0.79811,1.68393,-0.36877,-0.6608,2.17055,-0.36019,0.13868,0.26513,-0.26435,1.14126,1.30622,1.71663,1.20243,1.4012,-0.30719,1.67402,1.43244,0.41613,0.21069,-0.38853,0.01132,-0.89262,-1.37696,-1.92884,-0.60323,1.96867,-0.56285,0.61359,1.33301,-1.96005,0.57021,0.05763,-0.40748,-0.63126,-0.14233,0.17716,-0.27943,0.9765,0.63931,0.6965,-0.10021,1.08937,-0.92619,-1.19934,-0.47966,1.92773,-0.58548,0.2976,0.69165,1.93566,-0.67792,0.59446,-0.6248,-0.98842,-0.66559,1.8446,-1.06521,-0.33271,-0.59227,0.43104,-1.3037,0.35133,2.22092,-0.58364,1.73371,-0.16549,0.47282,1.05071,0.24263,-0.08738,-1.83509,-1.46039,1.06026,-1.06371,1.70125,0.85424,-0.63765,-2.89778,-0.6809,-0.35518,0.98541,0.01518,-1.027,-1.04158,-0.42768,0.07179,0.19428,-0.47349,0.18435,-0.33105,1.15826,-0.91427,-0.66059,-0.66943,-0.62393,-0.11197,0.35627,2.12468,0.51276,-0.64532,0.46232,1.71175,0.97866,0.1154,-0.28709,-0.18845,0.35518,0.92719,0.87218,-1.10083,-0.32963,-0.98376,-1.88013,0.35495,1.76928,0.87723,0.06657,0.5289,1.403,-0.19723,1.34766,-0.23223,0.62583,-1.12707,-0.50308,0.34359,-0.42321,-1.69532,0.13313,-0.08165,-0.13744,-0.27812,-0.71374,0.95735,-0.95024,-0.79088,-0.24137,0.06555,0.08938,-1.63333,0.32138,-0.1604,0.39261,0.50737,-0.41792,-0.3368,0.79916,0.57707,0.12961,0.36123,-0.18673,0.47365,-0.04485,2.19369,1
0.27503,-0.10108,1.40233,0.30893,-1.37638,-2.66158,0.62477,-0.25675,0.48343,-0.12962,-0.24033,2.63435,-0.72515,0.52803,1.66585,-0.27974,-1.85617,-1.41952,0.5131,0.19822,-0.63667,0.02367,-0.04431,-2.08008,-0.41953,0.26194,0.76802,-0.00347,-0.05813,1.57022,-1.53151,1.82769,-1.38422,-0.88161,-0.2774,-0.95166,0.17184,-0.26172,0.72314,0.72437,0.35182,-0.75489,-1.59131,0.29959,0.82096,0.2636,0.16313,-1.93245,-1.09815,1.65721,0.14865,0.47061,0.25337,-1.07905,0.25001,-1.86179,-0.79642,1.80461,-0.54657,-0.60243,0.48061,-0.39792,-0.09218,-0.29214,-1.73364,-0.94907,0.00846,-0.0369,1.7351,0.8317,0.25981,-0.48408,0.43078,-1.23514,1.87795,-0.13636,-0.36175,-0.17365,-1.14179,-0.17155,1.72087,-0.87632,-0.3802,0.89882,0.11394,0.5397,-0.30423,0.56197,0.11877,1.38086,-0.04283,1.21395,-1.62193,-1.27041,0.95144,-1.32987,0.59249,1.73207,-0.19859,-0.84605,1.82776,-0.09345,2.0211,0.0439,0.91736,1.50394,-0.05189,2.2616,0.71256,0.05865,1.26854,0.27979,0.14918,-0.40294,-2.20765,2.15504,-0.37453,-0.05929,-0.35927,-2.13345,-0.21233,0.0954,0.46771,-0.4545,-0.11894,-0.39573,0.06064,-0.21679,-0.09383,-1.02057,-0.67352,-1.8298,-1.00399,-1.81445,-0.32911,0.41559,-0.77472,-0.50982,0.21038,1.57009,-0.4107,0.73706,0.07818,-0.64961,1.65899,0.30456,0.56953,-0.55461,-1.84847,-1.31302,0.71087,0.33224,0.35997,0.67711,0.75794,-1.41216,0.16072,-0.67014,-1.66919,0.4467,-2.17535,-0.07649,0.3609,0.08057,-0.53187,-0.32794,0.40216,1.15151,1.23198,-0.67332,1.08493,1.23733,-0.29241,-0.49214,0.2854,0.73337,0.71372,0.46977,-0.52091,-0.18927,0
-2.24365,-1.44207,-1.00858,0.68383,-0.51013,-0.23202,-0.30225,-0.06573,0.44441,1.47875,0.66237,0.22832,-0.54266,0.07669,-1.75242,-0.58745,-0.46314,-0.03777,0.65599,0.93604,-0.41821,-0.52407,1.0358,-1.68685,0.25572,0.51031,0.43706,-0.16015,-0.97954,-0.53406,0.56685,0.93446,-0.01155,-0.06869,-0.57154,0.27771,0.01722,-0.4792,-3.13197,0.6382,0.08658,-0.28332,0.06642,-0.63793,0.29386,-0.13813,-0.16589,1.24002,-0.26432,-0.69157,0.60464,0.5832,-1.46084,0.30399,0.44597,-0.53098,0.41973,-0.74133,-1.74814,-0.93089,-0.06115,-3.10101,-0.17914,1.01624,-1.46042,0.09276,1.26568,0.44112,0.84991,-2.4172,0.60212,0.625,-0.50982,-0.41002,0.30605,-0.07855,-1.37625,-1.10999,-1.06629,0.07899,-0.40575,1.11484,-1.99959,-0.32679,1.72706,0.32988,-0.18743,-1.34294,-0.60392,1.03129,-0.63966,1.69857,-0.49131,-0.74019,-0.33385,0.73225,0.34347,0.20462,-1.51211,-0.53059,0.40097,0.6488,0.57632,-0.78107,-1.16391,1.55985,0.22727,-0.93062,-0.87679,0.88435,1.15185,-1.92043,0.93905,-1.27262,0.4073,0.38555,-0.16705,1.22411,0.68617,1.126,0.3843,0.45105,-0.5053,0.64644,0.08997,0.48732,1.09155,0.38343,-0.03744,0.06378,1.3869,-0.10688,-0.68339,-0.54679,-0.9551,-2.78232,2.2023,-1.94336,-0.20365,0.37587,0.37137,0.87572,-1.45059,-1.17302,0.95316,1.27108,-0.42329,0.13216,-0.33317,-0.93031,0.22119,-0.26988,0.62251,-1.59217,-1.0365,1.25649,-0.62893,0.30003,0.94315,-0.85245,0.2019,0.20739,0.59344,1.05705,-0.13164,-0.37147,-0.10967,1.28115,1.87674,-0.49065,-0.20405,0.47221,-1.11939,-0.36543,0.37671,1.05634,-0.65342,1.62843,-0.86478,-0.85054,0
0.58951,1.57788,0.68024,0.96398,-2.60323,0.91216,-0.54578,-0.66501,-0.27636,-0.03729,0.19972,2.55593,-1.6936,-1.06621,0.27278,0.22461,0.6118,-0.42329,0.88545,0.9805,1.67648,-0.83803,-0.40244,1.87793,-0.13292,0.7339,-0.5114,-0.51527,0.98318,0.43137,0.38948,0.53505,-0.61502,1.0254,2.46681,-1.28935,-1.58767,-0.82372,0.56538,0.72024,-0.64903,-1.19111,-0.97841,-1.90086,-0.03323,0.25665,-1.71292,0.79122,1.29117,0.9382,1.59308,-1.29042,2.34141,0.49903,1.76597,-0.5615,0.6202,0.48407,1.30634,-0.56026,0.07549,-1.2825,2.71098,-1.69307,-0.397,-0.34367,1.40897,-1.46629,1.11497,-0.26497,1.78036,0.15523,1.15184,-0.05649,1.26556,-0.08208,-0.11336,0.25235,-1.75298,0.71063,-0.40948,1.56532,-0.10734,-1.16829,1.20576,-0.79028,-0.36297,-0.06599,-0.43747,0.00364,1.45547,-1.62027,-0.45379,-0.08896,0.3472,0.76159,-0.22898,-0.82153,0.60131,1.06737,-0.35714,-0.04528,0.32237,0.10182,0.30765,-0.08407,0.52078,-1.46069,-0.65394,-2.51927,-2.12681,-0.52545,-0.497,-0.5662,0.02304,-1.10881,0.68815,0.19672,-0.51268,-0.84854,-0.53503,-1.2302,0.02747,-0.44876,-1.41085,2.31933,-0.85756,1.2053,1.63183,-1.18354,-0.67019,0.59962,0.94577,0.72639,-0.03297,0.54371,0.85135,-0.28249,0.95951,0.67675,-2.14925,1.66098,0.47286,-1.05007,1.44156,-0.19543,-1.19808,0.91259,1.61426,-0.98553,-2.05738,-0.4813,-1.68671,2.30847,0.83603,-0.3062,0.31077,0.14245,0.30562,0.50564,-0.49339,0.21485,-0.41816,-0.49218,0.26553,-1.91777,-0.25403,0.01986,-0.43891,0.34422,0.68323,0.52148,-1.06459,1.21083,1.19674,0.05649,-0.29899,0.50441,-0.84056,0.31867,0
-0.57927,0.23008,-1.39138,-0.30877,2.24921,-0.98661,-1.46677,-0.20129,1.24761,-1.26428,2.9576,0.20957,-0.0898,0.43576,1.81863,-0.56835,1.04496,-0.10015,0.79963,0.69073,0.45216,-1.02667,0.72379,-0.89744,-0.44961,0.34857,0.54287,-0.21212,0.51829,0.68038,1.82418,0.81364,-1.0737,-0.00448,-0.16856,-0.27111,2.02925,0.70904,1.98644,-1.71104,0.67833,-0.32207,-0.68873,0.46375,-0.77781,0.23527,-1.01872,-0.61278,0.40911,-0.75863,0.62029,-0.04493,-0.5202,0.42572,-0.56602,2.29953,-1.65234,-0.97204,-0.33246,0.40062,0.09484,0.51209,0.32843,-1.23939,0.70938,0.28698,-1.0069,0.99509,-0.15975,-0.27604,-0.30169,-0.24017,0.96139,-0.24131,1.39665,-0.49636,-0.32364,-0.22464,0.7086,-0.37,0.15421,-0.33864,-0.08664,-0.47776,-0.53204,-2.23125,-1.02806,1.14596,1.04961,1.12843,1.81925,-1.0054,-0.83054,-0.20483,1.14925,-0.43627,0.69409,0.46132,1.18501,-0.01662,1.09457,0.63203,-2.06865,1.308,-0.44433,0.80234,0.33647,-0.94769,0.85294,-1.44339,0.12533,1.45395,-0.92602,1.25972,0.0023,-0.72292,0.88755,0.0967,1.67066,1.33088,-0.6369,-0.43922,-0.10723,-1.01152,-0.85113,1.53367,0.89852,0.56086,0.58968,1.95262,-0.79847,-1.20653,0.49394,-0.81317,-0.69681,0.50235,0.14876,1.3078,-0.36369,0.41955,-2.402,-0.09331,0.43327,-0.15547,0.57916,-1.66177,0.23704,-0.37565,-0.90791,-0.76962,-0.61956,0.20686,-0.28846,0.14708,-0.27234,-0.4695,1.32273,1.71396,-0.49583,0.72451,1.15065,-0.90384,-0.56367,1.04454,-1.25079,0.27342,-0.42851,-0.60614,0.2313,1.7566,0.72541,1.03261,0.67313,1.75416,0.04694,0.41278,1.17895,1.17455,0.71771,-0.351,0
-0.53837,-0.1294,-0.07762,0.08535,1.20042,-0.83212,1.6298,-0.58165,-0.23243,1.0968,0.38226,0.21871,-1.55077,0.61573,0.59347,0.88433,0.12252,0.32183,0.45029,0.07968,0.45016,-0.78478,0.19026,-0.12945,1.11674,1.83956,-0.41758,-0.59234,0.42534,-0.34666,0.45801,-0.52516,-0.63749,-0.15282,-0.27208,-0.13932,2.12296,-0.80341,0.6538,0.96135,1.42612,0.28974,-0.09008,2.10588,0.63885,-0.90177,0.25281,-2.89084,1.58682,0.07729,0.83038,0.03663,0.92283,0.63198,-0.57774,0.62328,-0.86597,-0.19935,-0.00114,-1.02519,0.33148,0.90469,1.46914,1.58387,-1.16884,-1.79253,-0.78236,-0.8021,0.72553,-0.23862,-0.28734,0.15036,1.3728,0.6276,-0.2543,-0.85774,1.34433,-0.76549,-0.17515,-0.93845,0.56014,2.05842,-0.79119,2.16801,-1.07399,-0.30371,-0.21891,-1.22344,-0.33483,-0.13905,-1.56168,0.33531,-0.0857,-1.11495,0.33749,-0.1739,1.11768,-0.43679,0.49318,0.60691,-1.03131,-0.57253,-0.05562,-0.75374,0.35834,1.30856,1.38681,-0.82995,-1.00701,0.78897,-2.18367,0.80504,0.17507,-1.45224,-1.89608,0.03375,-1.02587,0.05275,-0.44427,0.46453,-1.40396,1.39279,1.19809,0.66171,-0.3944,-0.27902,-0.11731,0.16279,0.17732,-0.62281,0.94548,0.18963,-0.55234,0.52189,-0.32722,0.40642,0.50563,0.39673,-0.69521,-0.05467,0.29325,-0.14543,1.9674,0.17758,-0.40433,-0.56358,1.13495,-0.53247,-0.49839,0.4514,0.82311,0.0627,-1.47636,-2.11817,-1.41122,1.2613,0.89039,1.44674,0.32792,1.17086,1.1383,0.32653,-0.6454,0.85605,-1.0638,1.24096,-0.05029,1.57208,-0.80784,0.90633,-0.05418,0.28395,-2.53475,0.65007,-0.53629,-0.58919,-2.13215,-1.90207,0.64496,1.034,1
-0.44951,0.14567,1.80604,1.02495,2.35654,0.19518,0.8569,-1.0239,0.18181,0.20505,-1.27455,0.27902,0.88252,-0.08087,0.29632,-0.86977,0.94238,-0.2296,0.66202,0.41872,-0.44582,-1.64085,1.81306,-1.75188,0.61474,-0.01351,1.46349,-0.01408,0.17255,1.81763,-0.57559,0.80069,-0.98594,-0.31657,-0.71864,-1.04642,0.68623,0.03471,-1.32116,-0.04851,0.98644,0.19279,0.29373,-0.08389,-0.61354,0.38042,0.86635,-1.19548,0.69203,-0.8494,0.19769,-0.85944,1.31206,-1.47415,-0.9673,-0.84049,-0.05766,-0.06745,0.62788,0.6,-1.39849,-0.79771,0.58094,0.63875,-0.19992,2.08382,-0.63453,0.59919,-1.47886,0.84209,-1.06603,1.02276,-0.77461,1.46621,-0.6885,-0.42321,0.04379,0.01261,-1.43164,0.0413,-0.67007,0.20088,1.12711,0.28263,1.52906,-0.14452,1.5327,1.64472,1.83788,1.53996,0.12978,-0.51566,1.59233,-0.8549,-1.65508,-0.77796,-1.2349,-0.31312,0.02667,-1.29053,-1.63765,-0.65652,1.7394,-0.12394,-1.18915,-0.84811,0.02286,0.19674,0.35551,0.02344,-0.77025,-1.02939,2.12568,-0.4548,-0.32914,0.0843,-0.97759,-1.33971,-0.58979,-0.61332,-0.3865,-0.20115,0.27729,1.40363,-0.1609,-0.20008,-0.62566,-0.59668,0.06246,0.74714,-0.49701,-2.10976,-1.40763,0.10743,-0.02012,-0.99281,0.14713,0.28856,1.17822,0.82906,0.19644,0.11333,1.12153,-0.06379,-0.76102,-0.49517,1.56421,-0.60478,1.15195,-0.69727,-0.8404,-0.07836,0.22921,0.51204,0.25937,0.63244,-0.61531,0.79121,0.59001,-1.11712,0.66263,1.29902,-0.99228,-0.01811,-2.47555,-0.77233,-0.03078,-0.27448,-0.37462,-0.24898,0.6059,-0.10684,0.06032,-1.22251,1.42392,-0.20232,1.76476,0.16533,-0.38918,1.35141,0
0.64991,-0.1092,1.32339,0.52557,-1.58605,2.26724,-0.3608,1.13519,-0.46017,0.57831,0.8375,-0.18404,-1.05582,-0.14814,0.09471,0.9896,-1.3776,0.62146,-0.70063,-0.64965,1.30914,-1.38676,-0.1493,-0.36995,-1.32819,-0.76529,-0.69534,-0.04714,1.20117,-0.2843,0.00374,-1.47742,-1.38572,0.48852,-0.78233,0.99491,-1.31518,0.59423,2.35942,0.17737,0.7605,0.39946,-0.51881,-1.32787,0.43524,2.24928,0.52601,0.97194,-0.55122,-0.11048,-1.42959,-0.26009,-2.52461,-0.43717,0.24531,0.24127,0.95173,-0.37738,-0.60452,-1.02683,-0.23923,0.60705,-0.98903,-0.15063,-0.00297,0.54387,-0.37761,-1.38408,0.89237,1.51648,-0.04827,-0.24132,-0.16589,-1.6214,0.46591,-0.4306,0.2232,1.27504,-1.05513,-0.56336,-0.88876,0.38713,-0.23601,-0.92145,-0.62109,-1.02788,-0.98774,0.98306,-0.6675,-1.40467,-0.10029,-1.25679,-1.1411,-0.89644,0.82611,-0.07632,0.56788,-0.14384,-0.88669,-0.04225,0.74921,-0.38424,-2.57236,-0.18356,-0.00344,-1.16271,-0.30151,-0.2709,-0.20601,-0.41373,-0.59187,-0.36542,2.07794,1.52994,1.42586,1.31067,-0.36533,1.28838,2.11307,0.29487,-1.94311,-0.41321,0.96045,0.84727,-1.62181,-0.87511,-1.30886,0.96866,-0.35694,-1.17599,0.3586,-2.11423,0.71818,0.64319,1.35649,0.4359,0.46357,1.59708,-0.02609,-0.32163,-0.13494,0.89459,0.02359,0.70517,-0.51101,-0.60056,-1.0674,-0.52932,-1.50716,-1.15937,0.74512,0.63603,-0.46251,2.06295,-0.79756,-0.86872,-0.73448,-1.44826,0.20425,-0.13656,0.3635,-0.36665,0.25059,0.55639,-0.46758,-1.10222,-0.21751,0.73017,-0.30501,0.50785,0.41802,-0.836,1.08067,-0.57023,0.52178,0.06555,0.76734,-1.46504,0.21997,0.65864,0
-0.07212,0.83899,-1.02264,-0.58625,-1.88372,-0.26937,1.1119,-0.61896,0.10646,1.85686,-0.15333,-0.16357,1.71973,-3.77445,0.8417,0.12442,-0.50428,-1.62375,2.67926,0.39843,0.76618,-0.62636,0.03612,-0.0071,-0.98997,-0.89645,-0.70279,0.04914,1.57965,0.46912,-2.15505,-2.65602,2.62766,-1.31525,-1.14787,0.55459,-0.44004,-0.29856,-0.06281,0.84355,-0.17954,-0.90084,0.29939,-2.82533,-1.04878,-1.33643,2.01145,1.76858,0.9226,-0.93704,0.61187,0.27806,-0.12281,-2.06808,-1.23629,-1.06941,0.37936,-1.18391,0.7443,-1.21104,0.19289,-0.7929,-1.17074,-1.24423,-0.70787,-0.20689,-0.78488,0.71188,0.75313,1.24236,1.80006,-0.25721,2.22557,2.19155,1.01381,-0.25416,-1.16643,0.17036,0.04682,-0.13347,-0.21997,1.15596,0.61133,0.62109,0.53225,-0.46956,-0.53463,0.28696,0.55407,-0.99019,0.95741,-0.42004,-0.4794,0.37593,-0.73025,-0.08851,-0.62795,-1.08615,-0.00515,-0.22687,0.65633,-2.45166,-0.33915,0.78161,0.73488,-0.45156,-0.35755,-1.67965,-1.31083,0.8426,1.45309,0.42879,1.15514,0.57148,-1.84653,-0.93141,-0.46079,-0.56849,0.1886,0.13239,-0.16907,-1.21854,0.32761,-0.87705,-1.63387,0.88171,-0.22686,0.46582,-2.53418,1.20986,-2.50904,0.29639,1.68922,1.34349,-1.20209,0.22261,-0.41507,0.45296,0.30273,1.01208,-1.4799,-0.37658,0.77346,0.4375,0.62529,1.13974,0.40559,0.43034,-0.60309,-1.7752,-1.04231,-0.15881,-0.8895,1.58632,0.35762,0.67959,1.35707,0.72798,0.46655,0.66776,-1.03693,-0.14611,-0.8631,1.3833,-1.33945,-0.92446,-0.38729,-2.47978,0.48469,-1.46953,-0.12526,0.48005,-1.10298,2.78206,0.90154,-0.96719,-1.3775,0.30695,0.70956,0.10964,1
-1.158,-0.01239,0.8981,0.21068,-0.33928,-0.25538,1.87166,-2.32332,0.32565,0.3914,0.21955,0.24227,0.9678,1.38647,0.19148,0.05916,-0.47392,1.21851,0.25511,1.16744,-0.23745,-2.07056,0.03473,-0.73485,0.06922,-1.24568,1.10494,0.00735,-0.33574,0.68375,-0.42113,0.26729,0.05309,-1.10252,-2.3259,0.27294,-0.39212,1.55375,0.8563,0.07864,-0.72387,0.14926,-1.09512,1.12442,1.59918,-1.43649,-2.19884,-1.25597,0.74782,-0.24982,1.45861,1.01047,0.99603,1.94197,-0.1206,-0.31423,0.35291,0.38375,-1.98792,-0.23342,0.6361,0.12145,0.04997,-0.47403,0.32839,-0.12234,0.30256,1.48113,0.69657,1.19085,0.86322,1.85332,-0.9076,-0.64391,-0.31754,-0.59113,1.40938,0.59355,-1.94125,1.55467,0.52208,-0.26126,-0.38929,1.31437,1.15521,0.68318,0.38392,-0.26675,-0.11877,1.19065,0.83656,-0.21018,-0.23047,0.34751,-0.60431,0.10567,0.43615,-1.19903,0.57502,-1.78825,1.11369,0.19211,-0.14906,0.06097,0.64715,-0.83124,-1.25288,-0.69233,2.75115,0.61071,-0.063,-0.83275,-0.46208,-0.18312,0.04317,1.1005,1.07107,-0.44994,-0.51609,-0.46085,0.06186,0.01085,0.88137,-0.02764,0.03413,0.21868,0.90043,2.0577,-1.00639,0.53139,-0.18361,1.31531,1.10151,0.47996,1.45906,0.40327,-0.69258,0.89904,0.4889,1.20777,0.04569,0.00291,0.78518,0.40013,-1.4687,0.59943,-1.08727,-0.74662,-0.33908,0.2304,-0.33303,-1.01861,-1.265,-1.32861,0.14302,-0.35275,-1.60231,-0.09457,-0.61109,-0.50396,-2.08146,-0.62354,-2.06202,-0.62765,-1.52211,0.81267,-0.54596,1.02425,0.68045,-0.00827,-0.3411,-1.73389,-0.31894,0.22424,2.76472,-0.09174,1.16083,1.75456,-0.15438,-1.31535,1
-0.06131,-0.80891,-0.41394,-0.71945,0.3798,-0.03717,1.0597,-1.25228,-0.22792,1.01079,-2.67241,0.31948,1.30138,-1.38914,-0.0169,1.14053,0.33684,-0.44994,0.88346,-0.78416,0.19366,0.17534,-0.11675,-0.4425,-0.24817,-0.65657,1.21968,-0.90018,-0.41742,1.27262,-0.49306,1.2574,1.08905,1.82952,-2.01065,0.59454,-0.15595,-0.09484,-0.91932,1.48769,-0.42677,-1.37444,-1.60956,0.04458,0.77859,1.34828,0.55013,-0.93982,-0.24838,-0.12517,0.93515,-0.66519,0.31858,-1.30044,-0.16374,0.18931,0.53926,-0.69147,0.63685,0.70357,1.18454,0.58772,-0.84058,1.85547,0.37282,-0.24954,0.52115,-1.30832,0.64257,1.15915,-0.27267,0.40781,0.77143,-0.43811,0.11643,-0.23221,-0.49254,-0.60313,1.15432,-1.60833,-0.12065,0.92521,-0.81056,-1.45813,-0.69648,0.33744,-0.05083,2.17567,0.26589,0.26064,0.26606,0.92803,-2.37727,0.51594,0.16781,0.75083,0.59503,0.20101,-0.57621,0.35927,0.31665,0.05004,-0.10812,-0.70453,0.62858,1.45207,-1.80219,-0.12109,-0.05557,-0.01459,-3.59008,1.25383,0.19188,-1.30071,1.87788,1.34095,1.87932,0.57833,0.48255,0.06636,-1.22949,-0.72949,0.25572,-0.35091,-0.22898,0.94178,-0.20643,-1.49475,0.47484,-0.34797,1.29085,1.09092,-0.72329,0.84746,0.32383,0.99205,0.41785,-1.49061,-0.91063,-1.24521,0.74422,-1.2605,1.69201,-0.01153,-0.51485,-0.3698,0.68082,0.72523,-0.15145,-0.21128,0.86712,-1.19491,0.38421,1.61903,0.60285,-0.73825,0.76333,-0.11193,1.76419,0.58627,-0.10983,1.02064,-0.81335,-0.92884,0.41377,-0.32468,0.29025,-0.78791,-0.64858,-1.95366,-0.49725,-0.34732,-0.13722,1.19816,-1.71055,0.10022,1.08832,0.28474,-0.07448,-1.83854,0
1.57267,-1.03343,-0.44446,0.2185,0.41629,-0.39887,-0.96636,1.19968,-0.78678,-0.80063,-0.96141,1.03764,-1.54877,0.08,-1.1811,-0.70099,0.71869,0.58545,1.80109,1.15983,0.00308,-0.58261,0.72825,-0.64727,-0.58212,1.81894,0.07954,-0.06905,0.40917,0.61507,1.45762,0.2841,0.19618,-0.0613,-0.27148,0.69481,-0.77166,0.24173,0.9702,-0.04306,1.52555,0.7354,0.087,0.39314,-0.16748,-0.22965,1.21316,-0.43152,0.29957,-0.74205,0.74006,0.40079,0.62307,0.05094,0.43667,-1.10042,0.67401,-0.52701,-2.16446,-1.13676,1.81963,-1.93004,0.58794,0.38085,-1.08777,-1.90819,0.91276,-0.74737,1.26846,1.01723,-0.97786,-0.44487,-0.03588,-0.55348,1.65081,-0.39951,2.10589,0.65563,-0.35836,-0.41376,-0.68405,-0.99687,-0.00297,-0.27718,-0.20501,-0.2407,-0.45184,-1.41709,0.39821,-1.45413,1.09234,-1.13658,-1.06529,-1.04946,-1.45025,0.96599,-1.57171,-0.39606,0.02972,0.59475,-1.42907,-0.46861,1.11882,-2.4629,-2.33205,-1.87205,-0.5792,-1.96814,0.00507,-0.04395,-0.46953,-1.29673,0.01501,-1.68382,-1.07733,0.97189,0.96002,-0.38349,0.47844,-1.10976,0.42125,0.28984,1.08879,0.55699,-1.93296,0.39236,-1.17842,0.66541,1.72151,0.2843,-1.14622,-1.32568,-1.28159,-0.78843,0.43385,-0.022,0.00159,-0.48602,-0.36947,0.46639,-0.78914,-0.81569,-2.14938,0.98482,-0.16945,-0.90544,-2.11005,-0.59554,-1.46085,0.78417,-0.74847,-2.28533,-0.26288,-1.3383,0.7836,-0.83869,-1.33399,-1.19605,1.73932,-1.90131,1.16726,0.06372,0.7608,-0.16614,-0.11879,0.48791,-0.85547,-0.96184,-0.65209,-0.95344,0.16657,0.83741,0.73885,-0.37331,-0.30732,0.42396,0.05969,1.09656,-0.15594,1.19553,1
0.25938,-0.80055,0.35016,-0.16682,1.3965,0.22652,1.78893,-0.25873,0.60165,0.9067,-0.44691,0.36626,-2.20822,-0.50809,-1.28604,-1.58423,-0.71008,-0.64868,-2.89677,0.10781,1.11689,0.899,0.81122,-0.55332,-0.53088,0.63685,0.94812,-0.43725,-0.76131,0.36349,-0.33286,1.00093,-1.164,0.95519,-0.61253,0.53285,0.87963,0.90878,0.63915,0.45266,-1.45169,0.54214,-0.13971,-0.10579,-0.30895,-0.83108,0.00534,0.80239,-0.34735,0.06561,-0.43369,-2.0283,0.6089,0.69998,0.01103,-1.2253,2.28054,-0.23856,1.24519,0.44274,-0.84377,0.02794,1.95247,-1.90643,-1.11585,-0.28149,-1.35682,0.89163,0.55176,-1.40843,-2.93494,2.45928,-0.12459,1.68754,-0.50944,1.8972,-0.57037,-0.7777,-0.96845,-0.33117,0.75952,-0.60471,-0.13921,-1.46842,-0.41419,-0.06853,-0.73058,3.26874,-0.03799,1.13438,0.37155,-1.45498,-0.14768,0.08484,1.15037,0.31743,-0.55741,0.07956,0.66426,0.4587,-0.41917,-0.1347,-0.37283,-0.21203,-1.51649,0.1405,1.67837,-1.11267,0.58331,0.00126,0.14113,1.87186,1.52531,0.25134,0.19359,0.85249,-3.46236,1.28061,-0.87382,0.84693,1.54378,0.92963,2.23515,-0.04907,-0.10721,-0.92212,0.6707,0.43714,1.58697,-1.91458,-0.02704,-0.15889,1.11717,-0.83581,0.30184,1.21864,-0.10456,-0.37507,-0.97817,0.80759,-0.12816,0.09002,0.63113,-2.07405,-2.24705,1.05311,-1.63565,-0.07457,-1.5682,2.08492,0.79687,-1.22427,0.05493,0.70618,0.46674,0.23401,0.45166,1.29831,-1.18176,1.492,0.72492,-2.03734,-0.22944,1.20038,-1.37624,-0.15749,0.61706,1.02905,1.21712,-0.458,-0.0567,0.70037,0.75352,-0.38668,-2.00139,0.94972,1.46005,-0.27683,-1.04614,0.75938,0
0.11727,0.64814,-0.38657,0.06311,-0.85322,-0.68053,0.20346,0.95095,0.55195,0.35881,-0.81644,1.90794,0.82954,-0.65163,0.67901,0.48949,-0.76351,0.71747,-1.3871,0.20505,0.20925,-1.88303,-0.27856,0.65078,0.93412,-0.34261,0.29552,-0.94333,-0.09872,-0.58388,0.55185,0.77497,-0.05573,0.45816,0.28754,-1.82265,1.00774,0.499,-0.21834,-0.9246,0.50423,-0.09586,1.28226,0.01831,-2.65348,-0.95047,0.29486,-1.15856,-0.38071,-0.10752,0.34713,0.57287,-0.57463,-1.54856,-0.52841,0.22233,-2.85054,1.3559,0.1862,-0.09,0.07577,0.59482,-0.65196,-1.05039,-2.33846,0.29369,-0.44951,0.19364,0.36128,-1.21221,-0.44129,-1.28389,-2.17221,0.82656,0.07513,-0.51175,-1.13998,0.30786,0.13945,0.4385,0.15696,2.39221,2.16311,1.11617,-0.53361,-1.09044,-0.57003,-0.03559,-2.43054,-0.55585,0.96554,-0.06717,-0.1246,0.24149,-1.41514,-1.13623,-2.10162,-1.54825,-0.70823,0.8422,-0.52726,0.02113,-1.25174,1.22593,-0.13506,0.08686,-0.61444,-0.06911,2.78784,0.26264,-0.61107,0.8633,-1.18488,-0.78191,0.35806,-0.15998,0.03102,0.90604,0.78428,-0.92417,-2.86834,0.92381,-0.02002,0.79787,0.76818,-0.94698,0.6109,-0.85271,-0.85106,-0.20125,-2.26276,0.21657,-0.70544,-0.4968,0.86989,3.24348,1.47474,0.09826,0.57985,1.38702,-0.10815,0.92425,1.50157,0.74164,-0.33479,-0.3711,-1.18745,0.33777,-0.28161,1.78958,0.466,-1.53532,-0.7795,-0.70847,-0.81081,-0.04767,0.80798,0.59456,-0.76281,1.53004,0.39968,1.18972,1.73035,-2.08902,-0.88048,0.83294,-0.17709,0.87359,-0.53702,-0.07995,-0.48415,-0.10417,-0.97719,-0.90992,-0.20181,0.13312,-1.73271,-0.84513,0.55343,-0.25791,0
0.67941,-0.64133,1.69239,1.15799,0.09481,-0.48294,-0.12939,-1.40894,0.63967,0.26106,0.43376,-0.16662,0.12723,-0.57876,-0.26738,-0.49484,-0.47232,-0.52653,-1.54309,-0.73452,0.53589,-0.84322,0.18278,-0.04162,-1.40788,-1.58915,-1.23586,0.57655,-0.2364,-2.53368,-2.21574,-1.22354,-0.43798,-1.16247,-0.8092,0.1082,0.34139,1.49017,0.28797,1.72243,1.05324,-0.6525,-1.15657,1.1436,-0.51264,-1.38877,-0.99988,0.04754,-0.18003,1.23799,-0.8525,1.52372,-0.56804,-0.29714,-0.33053,-1.33841,-0.41395,-0.00452,-1.56438,-0.47011,-0.29388,-0.23755,-0.30519,0.12672,0.10274,0.18748,-0.95568,-1.43529,-0.42778,-1.2528,0.39257,0.31025,-0.00597,-0.62563,0.14057,-1.68476,0.01794,0.05097,0.31214,-0.65855,0.13225,-1.70816,0.43461,0.59016,0.89512,-0.58256,-0.67499,-0.45729,-2.21486,-0.86702,-0.26731,-0.58352,1.49537,-0.88151,1.16702,0.39854,-1.4082,-1.83176,0.05304,0.15784,-0.02452,-0.49701,0.67231,-0.48273,0.42623,0.45607,-0.26675,-0.69875,-0.69568,-0.35098,-0.56716,-0.01078,-0.11333,1.55338,-1.22423,0.91062,-1.65145,0.44789,-0.01695,-1.61202,-0.78287,2.03746,1.91856,0.98803,-1.24794,0.44384,-2.93904,-0.23303,0.24328,0.57545,-0.23405,1.78049,0.3659,-0.94353,0.35687,1.64201,0.94139,-1.45034,-0.85125,-2.03482,2.75435,0.28395,-0.99989,-0.6591,-0.73386,-1.05921,2.05147,0.33274,1.05273,-1.18846,-0.7694,-0.07316,-0.99389,-0.4014,0.17858,-2.20814,-0.15136,-0.34819,-0.31141,0.03364,-1.04121,1.12042,-0.50512,-2.07203,-0.41161,-0.39138,0.77276,-2.20799,0.80066,-1.0238,1.02895,-0.08499,-0.0513,-0.44315,-0.06121,0.46834,-0.66783,0.51589,0.49882,-0.15423,1
-0.28339,0.16969,1.51996,-0.625,-0.75952,0.53955,0.66757,1.73732,0.43482,0.43774,-0.20804,0.71706,1.1563,-2.40445,0.59223,0.46782,-1.40566,0.82593,1.60322,1.30695,-0.65214,1.54367,0.29158,-0.68384,1.9202,0.09536,0.09678,1.18175,-1.95196,0.27927,-2.36383,0.3182,-0.88848,1.01087,-0.13106,1.76946,1.44356,-1.03145,0.39467,0.16414,0.39638,1.02514,0.33629,-0.09651,-0.5584,-0.47446,0.35165,-1.21893,2.19906,0.00292,-1.53462,0.85559,-0.28596,-0.72378,-2.45293,-2.01321,0.93303,0.267,-0.92556,-0.32036,0.07661,1.45509,0.45889,0.73807,-1.30011,0.496,2.17861,0.96144,0.96429,0.60916,-2.28588,-0.45573,-0.75302,0.17985,-0.64201,-0.0209,-1.02919,0.33974,-2.27843,-0.52193,0.23831,-1.98686,-2.79934,-0.85378,0.30917,1.53182,-1.04035,-0.64051,0.00939,0.53455,0.40758,-0.48655,-1.09985,0.29292,0.77839,0.19434,-0.4864,0.85979,0.21475,1.32126,-0.2241,0.4811,-0.40273,-0.0166,-1.19019,-0.80056,0.97142,-0.16342,-0.05145,1.58387,1.80221,0.935,-0.88004,0.15754,0.66432,3.12599,0.63246,-0.43911,0.19821,-0.62799,-0.71699,0.48122,-0.21815,0.81036,-0.92722,-0.8299,-0.55809,-1.44255,-0.14714,0.51639,0.50969,0.25473,-0.86438,-0.03836,-0.95812,-0.49631,-0.26128,2.06743,0.62486,2.16904,-0.67897,-1.36655,0.83231,-0.70701,-0.56372,0.20103,-1.59583,-1.1836,0.01243,0.22787,-0.21001,-2.87593,-0.60789,0.0185,0.14385,0.88014,0.69435,-2.16048,0.70408,-1.32804,-0.58037,0.43796,0.26125,-0.0888,0.76021,0.63488,-1.70939,0.41566,0.42436,0.83259,0.11096,0.52479,-0.61988,-1.68947,-0.59467,-0.76064,-0.25087,0.59505,-0.77709,0.29282,1
-1.87394,-0.72107,1.45255,2.85256,1.10046,-0.11525,-1.02548,-0.36743,-1.5175,-0.17597,-0.55797,0.69824,1.26241,1.42594,0.00395,0.90959,0.63458,-1.8633,0.88181,2.07374,-1.56739,0.39062,0.93271,-0.69118,0.72958,-0.67272,0.85594,-0.64773,-1.47841,0.24976,0.55386,1.46248,0.23005,-0.50581,0.62985,-0.06974,1.39233,1.40492,-0.09761,-2.07697,2.52751,0.58367,-0.49202,1.30832,-0.66148,-0.18987,-1.14299,0.62024,-2.79477,-0.55035,-0.08311,-0.89575,-1.44422,1.69712,-0.62859,-0.13765,1.67448,-0.51393,-1.72905,0.34434,0.41425,0.26263,-1.82481,-0.39719,-2.47777,0.22244,0.63996,0.56586,1.8075,2.38453,0.16892,-2.24387,-1.8636,-0.93077,-0.4182,1.01014,1.0355,1.81228,1.20717,-1.61562,0.02007,1.45586,0.15545,0.21963,-2.53065,1.17663,0.95897,1.36404,1.26029,1.7698,-0.04904,1.50637,0.98045,2.36909,-0.94332,1.12162,1.39185,-0.28353,-1.52865,-0.02774,-1.10437,0.09316,0.43168,-0.59044,-0.1329,0.35287,0.69758,-0.13283,-0.20646,0.25348,-0.97999,-0.52548,-0.10913,-0.48906,-0.78304,-0.8369,0.35162,-0.09005,0.62733,1.12812,-0.93297,-1.49967,0.51085,0.46459,-0.63709,-1.64482,0.43313,-0.6426,-0.08995,0.53809,-0.97819,0.22553,-0.6567,-0.88764,0.47376,1.04677,-1.38994,-0.93504,0.46646,1.86503,-0.26978,-0.02626,-0.43858,0.09319,0.06709,2.49948,-1.45532,-0.77391,0.00504,-0.44217,0.57303,-0.11373,-0.46251,0.55598,-1.04645,0.00162,0.27136,0.12261,1.67011,-0.38654,-0.76009,1.19608,0.27095,-1.15302,0.23501,-0.98284,0.78757,-0.97977,0.91598,0.49461,0.0468,0.06546,-1.55197,0.06536,-1.60646,0.42714,1.72111,0.95111,-1.80483,-0.4117,0
0.47761,-1.00652,-0.38825,0.05827,-0.83809,1.86188,-0.17039,-1.07208,1.29398,1.39101,1.00881,0.59481,0.16104,-1.39054,-0.87567,-0.46612,-1.17974,-0.51394,-0.52421,0.46912,-1.39892,-0.57325,1.98876,1.11405,0.2761,-0.17883,0.29745,-0.22173,0.29714,-0.03094,0.66701,-0.5512,0.77789,0.61847,-0.35268,-0.17605,0.74476,1.29915,0.62212,-0.694,0.39594,0.9729,0.07835,-1.35603,1.07429,0.1228,1.11959,-0.08611,0.51238,-1.52381,-1.35097,-1.20728,-0.20564,-0.64933,-2.0944,-0.08097,-0.01544,-1.34727,0.52877,0.92452,0.85721,-0.26598,-0.00956,-2.39995,0.15491,1.47293,-1.20289,0.69517,0.3764,-1.2041,0.93491,1.92422,-0.53175,0.05844,-0.73878,0.96516,0.40837,0.19486,-0.55856,0.52205,-0.85559,0.98916,-0.35658,-0.8952,-2.43615,-1.11373,-0.25707,-1.3738,1.38095,-0.61205,-1.35774,-0.48616,-1.07616,0.07269,-0.04116,0.53025,-1.2387,-0.75042,-0.12421,0.37377,-0.999,1.81287,-1.01402,0.90582,0.55381,0.28824,-1.18165,0.05511,-0.95445,0.1596,0.15879,-0.39833,-0.15225,-0.75319,0.83865,-0.06206,-1.02698,-0.42231,-1.25343,-1.2863,0.44678,0.26556,0.78149,-1.01083,-0.55142,0.08107,-1.39089,0.20233,-0.68347,0.58112,-0.25911,1.5396,-0.62593,-0.49727,-0.55009,-0.18801,-0.98574,-1.28312,-0.06697,0.13739,0.82352,-0.4316,0.71716,0.47458,0.22123,-0.08288,0.9305,0.10781,2.47037,0.45015,0.2643,0.24534,-0.9744,-0.30008,1.37834,1.94219,-0.13674,0.17087,2.23604,-0.37316,-1.86349,0.6314,-0.26157,0.1385,1.56574,-1.74552,-0.32101,-0.92664,0.30232,-0.81903,-0.93021,-0.92384,0.82282,-1.16529,1.63045,-0.76357,-0.78495,-1.3291,0.08244,-2.07402,0
-0.05381,-2.41277,0.38731,0.52633,0.59002,0.15445,-2.16016,-1.42451,-0.32653,1.99388,-1.38568,-1.15108,-0.61888,1.87044,1.54307,1.46722,1.02601,0.86448,0.99209,0.93756,-0.8297,0.32554,-1.46203,-0.15469,0.13692,1.58308,-0.64249,-0.95981,0.47334,0.00529,-0.00256,-0.7854,0.38274,1.01369,-2.04828,1.2489,0.23519,0.36456,0.91378,-0.92349,-0.27493,-0.34009,0.40578,0.5488,-1.49307,1.06681,-1.76962,0.32022,0.62146,0.85648,1.25446,-0.02944,0.0585,0.6034,-0.501,-0.1035,1.06126,-0.75152,0.99539,-0.41065,0.34207,1.49721,-0.06562,0.37392,0.38846,-1.61668,-2.38817,0.33485,-0.82524,-0.21199,-0.82022,-0.04236,-0.30492,0.95238,1.44101,-0.186,0.16925,-0.42477,0.86071,0.51425,0.8983,0.58978,-1.62958,1.25034,0.80572,-1.06519,0.96575,-0.17467,2.61839,0.92181,0.36999,0.84828,0.20221,-0.69518,-1.02613,-0.15151,-1.06063,0.27293,-0.02455,-0.56507,1.14295,-0.0101,-1.08035,0.43295,-1.41886,0.60006,0.08071,-0.96652,-0.83132,-0.08772,-1.29537,-0.2375,1.05936,-1.47144,-0.6248,0.08315,-0.50692,-0.31614,-1.91127,-0.10618,-0.27126,1.8611,-0.36042,1.95814,-1.09882,-1.14741,0.22763,-0.30658,-0.00149,-0.12809,0.22592,0.26731,-0.54131,-0.84005,0.80613,-0.6981,2.12824,-1.52873,0.09658,-0.19523,0.11107,0.03249,-1.15813,-1.50876,-0.52865,-1.55473,-0.07915,0.30498,0.30899,1.18771,0.25901,1.70437,0.50423,-2.23041,-1.57074,-0.46882,-0.06068,-0.36351,1.4086,0.0228,-1.20756,-0.55887,-2.01985,0.91769,-0.28537,-0.35702,-0.45308,-0.94982,-0.38574,-2.00549,1.49481,0.38494,-0.09625,-0.60825,0.61259,-0.41025,-0.84159,-0.43147,-0.38567,-0.66717,0
0.47523,-1.1468,-0.21067,-1.87243,0.11453,-0.177,1.44547,-1.06797,0.25499,-0.48656,0.71953,0.73099,1.99109,-0.92578,0.34593,-1.89082,0.50477,0.48283,0.10806,-1.02697,1.66452,-0.20347,0.0986,0.20645,1.18658,-1.52156,-1.74758,0.64543,0.05598,-0.18924,-0.43057,1.19724,0.27661,-0.93061,-2.05231,0.06717,0.51791,-0.18616,-0.22297,-0.78358,1.44442,-1.17261,-0.26293,0.18619,0.59213,0.41662,1.01716,-0.32635,1.4146,1.78784,-1.2961,0.13219,0.94389,-0.64835,1.43191,0.81359,0.40015,-1.17688,0.29281,-1.05427,-2.75303,0.00724,-1.02721,-0.08779,-0.68522,-0.44036,0.56937,0.94671,-1.09622,-0.19425,0.69535,-0.9164,-0.13746,-0.15672,-0.36775,0.51034,-0.41771,0.13081,1.09211,-0.15494,-1.1588,0.36757,-0.1452,0.98984,0.53092,0.45564,-0.66102,-1.00657,-0.11682,0.4,-0.37826,-0.35104,0.76083,-2.2479,1.33514,0.85155,-0.21979,0.74161,0.28867,0.61761,-0.76362,0.26729,-0.81335,-0.51402,-0.56342,-1.51655,-1.74251,0.02428,1.04804,0.38621,-0.23242,-1.45242,0.26115,0.13205,-0.09717,0.69732,0.89119,-0.38391,-1.00587,2.09694,-1.16043,-0.84929,0.66313,-0.85083,-0.32686,-0.77275,-1.02045,-1.28679,-1.01233,-1.95953,-1.39683,0.51524,-0.19719,-1.76874,-0.98673,1.54736,-0.23706,1.18745,-0.45447,-0.12682,-0.25452,-1.73896,-0.16344,-0.45393,1.91051,0.5716,0.90227,0.88935,-1.42455,0.48202,-0.56789,1.87639,-0.00601,-0.4338,2.3118,-1.67906,-0.57282,-0.85418,0.30566,-0.71459,0.15023,-0.09342,-0.13438,-0.26331,-0.19312,0.63915,-1.04722,1.08243,-1.7939,-0.98069,0.11643,0.22971,-1.24217,-0.13835,0.66623,-0.08301,-0.16804,-0.4542,-0.0622,0.66734,0
-0.76576,0.39788,1.12567,0.04292,0.8664,0.62107,0.66618,0.29161,-0.63115,0.42999,-0.77704,1.344,0.41197,1.35815,0.93137,-0.8236,1.22439,-0.13393,-0.39445,-0.23048,-0.77075,-0.01003,0.8926,-0.39167,0.16166,0.00919,0.26429,0.45251,1.27648,-1.75517,0.94214,0.77931,1.80203,0.13105,-1.42905,-1.94114,1.00449,-1.99737,1.29272,-0.65913,-0.98297,-0.62812,-0.73182,-0.26427,-0.19207,1.08297,-1.25802,-0.68295,1.02957,0.40519,0.93657,-0.41235,-1.4867,-2.3955,-0.23388,0.58435,0.65427,-0.67359,-0.27797,0.14924,-0.19661,-1.31075,-0.01667,-0.56076,-1.03397,-0.12885,-1.2214,-0.07454,1.22226,0.86505,1.94565,0.0131,-0.70298,-1.16758,1.35602,-1.28,0.84958,0.43427,-1.35255,0.75185,-0.24625,0.89333,1.28047,-0.39015,-0.83632,0.11572,-1.33649,2.22258,-1.81612,-1.44006,-0.71961,0.61076,-0.5579,-1.37223,1.40457,1.20795,-0.49844,1.4995,-0.60565,1.55357,0.39446,-0.26329,0.33236,-0.80726,-0.7336,0.04586,0.80447,1.20655,0.33494,0.41899,0.32698,0.25881,-0.16978,-1.34443,-1.40282,0.70675,-0.1857,-2.12328,-0.29073,0.51425,-0.07597,-0.61329,-0.8511,-0.21426,0.48581,0.06712,0.70672,-2.19737,0.95168,-0.14736,0.1446,1.50949,-0.69825,0.55155,-0.16908,0.22567,0.47693,-0.57092,-0.43865,-0.40466,1.17233,-1.7083,0.45996,-0.23294,0.24515,-0.25251,1.13624,-0.33979,-0.81057,-0.07542,-0.61881,2.0351,0.32471,0.54324,0.03726,0.34769,1.4556,0.11308,0.71943,1.17455,-0.4987,-0.02962,2.17869,-0.50084,-1.93302,-0.92346,-1.71735,0.46572,1.48828,-1.02299,0.10343,-0.20185,-1.11598,-0.32922,-0.97273,1.62411,1.73596,-0.224,1.23699,0.05949,1
-0.07433,0.45921,-1.7896,-0.74976,-0.08537,1.09936,0.30883,0.41835,-0.0477,-0.59855,0.55062,1.66056,0.54074,-0.33285,-1.34383,1.05213,0.02684,0.77142,1.01325,-0.22394,-0.23425,-0.50421,0.07038,1.17385,0.28494,0.9881,-0.52169,0.41457,-0.14984,1.40096,-0.56527,0.09784,0.48429,-0.17367,0.21859,0.00569,1.36086,-1.0057,1.02254,-1.19518,0.92153,2.2897,0.32565,0.08667,-0.99443,2.27922,0.33488,2.50361,0.17155,-1.29025,-0.13023,0.49945,0.91981,-0.55526,-1.62357,0.79612,1.77113,1.32963,1.24523,-1.07966,-0.71119,0.41947,0.12942,0.4889,0.69661,1.18179,-0.08189,-0.77669,0.76917,0.40324,0.58213,1.82421,1.17802,-0.04237,-0.92162,-0.30368,0.21663,-0.78645,-0.00983,-0.23813,-0.1794,0.34835,0.1611,-0.68442,0.08696,-1.65928,0.55999,1.58297,-0.82115,-0.94213,-0.89643,-0.64717,1.48526,0.61477,-0.64763,-0.31554,-0.3581,-0.97706,-1.06071,-0.078,-0.79301,0.38689,-0.50226,0.29318,-0.37598,-0.44879,1.12156,-0.48116,-0.5994,0.54874,-0.10573,0.44144,0.1231,-0.17404,-0.05534,-0.74827,-0.78556,1.34559,-0.76829,1.08116,0.3445,0.2996,1.11051,-0.90192,0.06129,-0.06263,0.04883,-1.82601,0.17133,-0.93847,0.38111,0.87297,-0.50336,0.86257,0.89577,1.42892,1.52794,1.05891,0.52606,-1.20617,0.70406,2.97259,-0.5267,0.1108,0.47304,0.47647,-0.69104,0.86169,1.11081,0.6681,-0.81695,-1.34486,-1.87879,-1.78883,0.67381,-0.35804,1.04464,-0.27297,-0.31425,-0.06566,-1.36462,0.15582,0.13632,-1.43691,-0.57579,-2.05045,0.71569,-0.88881,0.77699,1.51324,0.10746,2.23749,-0.70283,-1.09377,1.00332,0.70348,-0.59603,-1.05339,0.3499,1.28784,0
-0.12142,1.85897,-0.48578,-0.59923,0.01516,-0.6481,1.25087,1.92001,-0.0675,-1.53706,-0.80896,0.37995,-0.51753,-1.14535,1.42023,-0.04436,0.81585,-0.72691,-0.69748,0.05384,0.72166,-0.56495,0.26172,-0.12959,-0.89784,0.26744,0.53121,-1.09845,-1.34932,0.94902,-1.10613,-2.25287,0.34859,-2.25001,-1.17328,0.51256,0.23301,-0.63105,0.5894,0.3734,1.20132,1.26739,1.59422,0.72025,1.85425,-0.387,0.12286,-0.75244,-0.8837,0.63439,-0.43352,0.69007,0.09935,1.72686,1.04223,0.37935,1.63292,1.22975,-0.83523,-0.00582,0.93908,-0.54879,0.18215,-2.26063,0.41352,-1.747,1.03731,0.08748,-0.09428,2.24874,-0.29452,-1.08518,-0.28994,1.20096,0.68351,-1.90172,-0.60852,-0.1078,-0.08336,-0.4661,-0.97012,0.03162,-1.6619,-0.34721,0.85859,1.50318,-0.10366,1.12751,1.45434,0.40007,1.15878,0.64041,-1.28715,0.10101,0.41704,-1.407,-1.85231,0.90455,-1.14785,0.67102,-0.78285,-0.77375,1.2301,0.0436,-0.80492,1.27327,0.61999,-0.47326,0.07451,-0.64397,0.56422,-0.76828,-0.14931,1.85043,-0.8834,1.33807,-1.15426,-0.4819,-1.40145,-0.73189,-0.44219,-1.29733,0.03603,0.10729,1.73787,-1.10706,-1.79617,-0.85648,-0.32278,-1.38893,-0.8513,-0.77094,1.28701,-0.61924,-3.31123,-0.05075,-0.58061,1.18567,-0.51785,-1.1705,-0.91471,1.50334,-0.83798,-0.04322,-0.76132,-0.10036,0.50105,-0.02786,-0.86229,0.86826,0.45298,-0.57848,1.17367,-0.56538,-0.4905,0.46988,-0.82243,-0.19147,0.19197,-0.60121,2.30367,0.98905,-1.35402,0.36428,-1.42305,-0.05276,0.5037,1.11536,0.59232,0.54924,0.07756,0.27188,1.4441,-0.13398,0.42135,-1.3643,0.36457,-0.01501,0.8496,0.92329,1
-1.73477,-0.15905,-0.67012,0.00656,1.66592,-0.74996,-1.55671,0.26197,0.99223,-1.08727,0.32187,1.32553,-1.18387,-0.54455,0.1592,1.12928,-0.23932,-0.38261,0.14678,0.56442,0.25045,2.19052,-0.4856,0.24095,0.63815,1.34598,0.25442,0.10261,0.06752,-1.62166,0.31446,0.45502,-1.42151,-0.2561,0.21225,0.69799,0.15261,-1.93537,-2.10017,1.93253,-0.10674,0.13176,0.20405,-0.07999,0.99124,0.6639,0.49549,0.74603,0.32482,0.04099,-0.25471,0.27421,-0.08002,-0.40126,0.6627,-1.60703,1.34812,-1.40686,-1.32128,-0.5053,-0.38682,-2.22062,0.02346,1.28248,-0.49238,0.01174,-0.43469,0.43901,-0.77484,1.97105,0.97161,0.54296,-0.35904,-0.60972,-0.49455,-0.35779,1.76661,-0.43187,0.86225,0.21568,1.50109,0.23326,-0.41943,0.39903,1.70364,-0.89784,-0.59251,1.39572,-0.42697,-0.0157,0.45712,0.90503,1.51953,-0.21973,1.40842,-0.36672,0.18221,-0.56344,1.35263,0.6263,0.79312,-0.06068,1.47193,-0.15288,-0.45335,-1.63711,0.37275,-1.36764,0.76102,-1.66168,-1.20862,-0.11224,1.56134,0.46311,-0.87537,0.20415,-0.143,1.7995,-0.62644,0.37652,0.58062,1.73731,0.83683,1.75378,0.59497,0.43696,-0.86238,-0.15988,-0.43223,-0.80649,0.47328,3.26785,-1.0771,1.48267,0.79465,0.37437,0.74753,1.10913,1.31781,0.72743,0.65769,-1.33371,0.66935,0.62436,-0.37223,-0.0411,-1.25661,2.03947,-1.01011,1.72364,0.13031,0.05767,0.5174,-0.95137,-1.14448,-0.03668,-0.78717,0.56518,0.33777,-0.701,1.03113,0.7487,-2.64216,-1.80383,0.68154,1.00881,1.23657,0.48749,-0.1821,0.15099,-0.69618,-0.14295,0.0641,-0.34271,-0.29376,-1.60359,-0.2473,0.809,1.3785,-0.29842,0
-0.08939,0.09914,1.20279,0.26648,1.51089,0.82277,-0.38912,0.44585,-1.22886,-0.24039,1.51953,0.01894,-1.03207,-1.00627,-0.83533,0.12156,-0.34737,1.47976,0.07465,0.1119,1.4131,1.02023,0.39952,0.59354,0.3142,-0.36684,0.69376,-0.73937,-0.69466,0.53709,-0.14245,1.54762,-2.43791,0.108,-1.30852,-0.34872,-0.64869,0.96614,0.00941,-1.19557,-2.29586,-0.31509,1.98857,-0.00714,0.18736,0.38163,0.68267,1.39013,-0.15078,0.37955,-0.62083,-0.71054,0.19099,0.61386,-0.96266,-0.77226,-0.79029,-1.43658,-0.05784,-0.69197,-0.44897,-0.33939,0.61664,0.18855,-0.46637,-1.0674,1.1664,0.74694,0.08152,2.40043,-0.63419,-2.02041,-0.99015,2.86601,-0.76251,0.38441,-0.3715,-1.25475,0.78375,0.04758,-0.42803,-0.33088,-0.12297,1.91671,-1.27802,2.50083,-0.17636,0.62491,0.56085,-1.01043,-0.28996,-0.0831,-1.50023,2.0136,1.02085,-0.19831,0.12748,-0.83856,2.01973,-1.18816,0.15268,-1.2849,1.81696,-0.26328,-0.07196,0.21329,-0.6777,0.11554,0.93706,0.9673,-2.41449,0.13635,0.60566,0.91245,1.21304,-0.01295,1.20965,-0.4607,0.15391,0.00918,1.10249,0.6012,0.10627,1.56108,0.25816,0.10857,-0.71296,1.41873,-0.4752,-0.57364,-0.04221,1.44109,-0.31356,-1.32335,1.34393,-0.74029,0.14219,-0.86926,1.84493,-1.85489,-1.04006,-0.70589,-0.79024,1.3604,-0.9341,1.08529,0.54453,0.63612,1.29996,0.89572,0.98525,0.18013,0.32049,-1.28481,0.75988,0.88969,0.20821,0.18339,0.30131,0.78765,-0.00268,-1.43247,-1.01941,-0.40471,0.74383,-1.28133,0.83982,0.7038,0.29427,-1.3632,-0.93136,-1.39844,-1.47294,0.1369,-0.12665,1.38096,-0.23501,0.76284,-0.37229,2.07729,0
1.86011,0.43909,-0.56895,0.57622,-1.46699,-0.01632,0.07684,-2.73569,-0.20638,-0.2534,-0.40676,-1.46859,2.6452,-0.92953,1.18126,0.00528,-0.31248,0.03557,0.33363,1.20264,0.18213,-0.60203,0.4931,-0.06632,-0.74637,-0.30979,-0.47194,0.13675,0.4262,-0.05688,-0.53989,0.24416,0.16171,1.85395,-0.08921,1.13419,-0.59904,0.62679,0.67655,-0.13321,0.25423,0.61419,0.15159,-0.32356,0.26873,2.36895,0.39463,-0.13568,-0.12519,0.443,0.53698,-0.52997,-1.49688,-1.99252,1.2682,-0.73853,-0.89977,-0.53109,-0.33508,-0.05892,-0.10593,-1.67713,1.87271,-0.58908,-1.3283,-0.98844,-1.02603,-1.7191,-0.51317,-0.28402,1.32066,1.76508,0.7017,0.97963,1.81478,0.55361,0.11367,0.37796,-1.30604,-0.62674,-0.70055,0.92571,-1.16531,1.72655,0.07658,-1.20768,0.32277,0.04002,0.598,-1.09911,-0.46744,2.19888,2.88007,-0.18101,-0.6991,-0.39563,0.18474,0.05777,1.03858,-1.03441,-0.05875,-0.65917,-0.33343,-0.82435,-0.61112,1.25639,-0.46793,-0.27233,-0.93289,1.40063,-1.33978,-0.16281,-1.0223,0.60765,0.36375,-1.32492,-0.41746,-0.36502,-0.6891,-0.88544,0.49381,0.95026,1.08501,2.6404,0.37039,-0.90891,-0.53886,-2.52392,0.25722,0.63599,1.13804,1.25394,1.00507,0.50117,0.07105,-1.57702,0.3025,-2.02302,0.12975,-0.7842,0.70339,-0.20637,-1.64506,-0.07359,0.64832,2.54113,1.10377,1.27504,-0.56271,-0.74813,-0.37725,-1.16667,0.45692,-0.28932,-1.60937,-0.90194,1.12704,-1.40102,0.45049,-0.72309,0.18553,0.84848,1.54948,0.21811,-0.05858,-0.99004,-0.96712,-1.31102,-0.1391,1.82613,-1.48974,1.02234,0.53697,1.29374,-2.19032,0.09481,-0.36123,0.14241,0.29404,-1.35953,0
0.02479,-0.34036,0.15893,0.69605,-0.32492,-0.47767,0.43462,0.83673,-0.64714,0.02709,0.87919,0.15973,-0.50892,1.18816,-0.91814,-0.37931,0.51399,-1.46409,0.18466,1.20425,-2.53439,-0.757,1.04807,0.03102,0.19222,-1.44438,-1.261,0.91597,0.51439,-0.10024,-1.49523,-1.19055,-0.52704,-1.62889,-0.51825,1.34795,0.05621,-0.70028,-0.2103,1.14883,0.29184,2.21118,-1.212,0.73563,0.17719,-1.12718,-1.47204,0.05435,-0.27163,0.96966,0.00118,0.45945,-0.34951,-1.18707,0.09235,2.48261,0.60877,0.59004,1.07768,-0.29972,-0.01665,-0.56097,0.28654,1.68042,-1.08325,0.77158,0.30885,0.93396,0.46076,0.21646,0.26963,0.13728,1.47196,2.02914,-1.14878,1.30626,0.11828,-1.08853,-0.8623,-0.7012,-0.87497,0.02955,0.38161,-0.77412,-0.69073,1.14384,-1.6502,-1.06873,0.87023,0.07457,0.10787,2.19668,-2.5276,-0.47736,-1.26047,-0.94648,-0.15957,-1.11647,-0.33127,-3.25248,0.45774,1.23225,0.22534,-0.52228,-1.27761,-1.28626,1.50107,0.83163,0.0474,-0.55152,-1.03348,1.23827,-0.27949,-1.12086,-0.15287,-1.32763,-0.83767,-0.37901,-0.20635,-0.38888,-0.67804,-0.7107,-0.71651,-0.45324,-0.18452,-0.17353,-1.36627,0.59298,-1.31113,0.42621,-0.05564,-1.24632,1.10579,0.13322,-0.91925,-0.97456,-2.00823,2.93404,-1.24837,-0.75355,-1.81326,-1.48848,-0.15573,-0.65028,-0.01185,1.17507,2.69806,0.9662,1.57077,0.222,-1.35546,0.48223,-1.28004,-1.60366,0.16168,-0.75407,0.56394,0.76249,0.44083,0.47315,2.04096,1.04335,-0.36118,-0.7003,0.62057,-1.0739,0.21934,1.65645,2.07667,0.56468,-0.03911,-2.18116,-2.32065,0.80156,-0.25944,0.51493,0.51827,-1.46511,0.17049,-1.039,0
1.88489,1.13032,-0.57701,1.88477,1.12488,-1.60296,-1.13375,1.2791,-0.24546,-0.62704,-1.37557,-1.07432,-0.04744,0.32588,-0.99712,-1.70108,0.52004,-0.5577,0.82304,1.26921,0.6176,0.95945,1.16626,-0.58649,-0.09809,0.20852,0.80807,1.08169,0.36993,0.17974,0.29485,1.18382,1.61709,-0.58228,-1.50729,2.4228,1.83594,-0.96684,-1.33285,0.00705,-1.07959,-1.87014,-0.0606,0.66085,1.29632,0.07304,0.77185,-1.63207,-1.00671,-2.13394,-0.72623,-0.643,0.78928,-0.81635,-0.27958,0.6686,-0.91155,0.03309,-0.97874,-2.08672,-1.69703,-1.93128,2.42729,-0.77956,-0.17164,0.08153,-0.89709,1.36768,-0.12367,-2.32537,1.13705,-1.26087,1.59492,-0.34181,-0.5636,-1.53367,-2.17068,1.1753,-0.49921,-0.58046,2.20186,-0.00833,-1.59901,0.64941,-1.41213,0.88715,-0.54939,0.28553,0.76637,1.38765,0.79727,0.38347,-1.02214,-0.29228,1.34425,-0.49858,0.47607,0.613,-0.71527,1.48795,0.01888,0.99423,1.34731,-0.31042,1.19235,0.17582,-0.96773,-1.45991,0.10519,-0.32955,-1.27937,-0.29542,0.69044,0.12429,-0.17588,-0.05399,-0.64992,0.13565,-0.64712,-0.5531,-1.09578,1.3091,0.93954,0.57757,1.18584,-0.63551,-2.28146,1.21389,1.74425,1.05975,-1.68626,0.37438,0.29499,-1.62982,0.23077,-1.72993,0.22775,0.63496,0.42036,-1.44315,-1.47643,0.82259,1.78814,-0.67766,-0.78695,0.79505,-0.66411,-0.72849,0.2283,-0.50976,1.49067,2.03185,-0.39148,0.66833,0.5834,-0.86501,-0.17842,1.5794,0.27453,2.40939,-0.51881,1.67541,-0.70661,1.2293,-0.11492,1.34808,-2.24541,0.18402,-0.9079,0.96856,-1.28497,1.63672,-1.04604,0.75565,-1.1911,-1.689,-1.47417,-1.83467,0.24938,1.11288,1
-0.01033,-0.07202,0.17377,-1.7263,-0.07365,0.82392,0.82707,0.85416,2.12949,1.82132,-1.17692,-0.83559,-1.5897,0.37996,-0.08841,-0.14761,1.56373,0.3554,1.40346,-1.02739,-1.63286,0.19049,-0.07235,-0.67211,-1.03643,-0.53014,-0.73877,-0.75799,-0.11374,0.65728,-0.15962,0.19924,-0.39053,1.41663,0.59981,-0.00606,0.69573,-1.12694,-0.92426,-0.45285,-1.47517,0.18806,0.52549,-1.97413,-0.2187,1.48833,0.7119,-0.6511,0.73027,1.8982,0.58851,-0.96088,0.79264,0.96046,1.05131,0.01422,-1.42236,-0.44318,0.21697,0.86985,0.96865,-0.23495,-1.2965,-0.68012,1.25049,-0.63824,-0.53828,-1.41514,1.36346,0.19482,0.07995,-0.80334,1.13336,0.6006,-0.88175,0.0826,0.35814,1.14637,0.50966,0.9658,0.66399,-0.22906,-1.00257,-2.18241,0.93678,-0.77725,-0.29758,1.45862,-0.29082,-0.60686,0.66496,-0.23696,-0.59265,0.10057,-0.17102,-0.3993,0.19922,0.86781,-1.03959,0.32929,2.75326,0.40668,-0.32983,-0.60121,-0.83106,0.31171,-1.3241,-0.21715,-0.20049,-0.17216,-0.88283,-2.11236,0.26692,-0.94165,-0.31118,-0.92967,0.19851,1.74343,0.17297,0.383,0.18755,0.41027,-0.15215,-0.03779,0.87627,0.23287,0.38496,1.23912,-1.73506,0.33265,-1.18352,-0.68622,-0.54405,0.43737,0.05457,2.05528,0.5182,0.07483,0.44607,-0.43403,-0.23793,-0.30158,-0.7507,-0.22119,-0.72103,1.4416,-0.96987,-0.95827,1.53383,0.2996,0.29129,-0.83787,1.11892,-0.33744,1.71442,0.03934,-2.92786,-1.41475,-1.13063,0.39481,-0.48781,1.67614,-0.15411,1.44703,0.03002,0.85757,0.90029,-0.42116,1.37152,-0.27673,0.99529,0.02469,-1.123,-0.71658,1.71493,0.52754,0.64456,-0.14257,0.65239,0.91533,1
-0.83596,-0.76448,0.33655,-1.3572,-0.40637,0.51847,1.55022,0.65394,-1.62198,0.90847,0.59435,-0.83433,1.21585,-0.83893,-0.66238,-0.40641,1.62313,0.58788,0.15007,-0.45342,-1.87754,0.04261,-1.80378,2.38217,-0.99783,-0.32817,1.00157,0.05486,-0.02834,0.44202,-1.18266,0.23758,-0.84102,0.27273,1.83299,-1.53896,0.31467,-0.50136,0.82042,-1.80943,-2.05623,-0.54697,-1.14202,0.11953,-0.8034,-0.04307,-1.48522,-1.17024,-0.23671,-0.28047,-2.25165,-1.89074,-2.43591,0.95956,-1.04867,-0.34338,-0.2273,-0.10993,-1.6147,-0.18038,0.62153,-0.23242,-0.43788,1.10735,-2.36002,-0.37602,-0.98591,0.82749,-0.16134,1.47155,-0.61333,0.54151,1.05062,-0.1688,-0.01621,-0.86907,2.0475,-0.99267,-1.00381,-0.18071,1.88048,-1.93791,-1.01266,-0.32389,-0.45945,0.76103,0.17398,0.41881,0.1091,0.75403,0.79472,1.61749,-0.90357,-1.62184,-0.17856,0.64875,-1.72749,0.4914,-1.4257,-0.92795,0.64512,1.09535,1.81402,0.46213,1.23171,-0.87725,-0.55872,-0.24889,0.19968,-0.86695,1.14511,-0.59991,0.50189,-0.71718,-0.90855,-1.10078,0.49882,0.74627,-0.26763,-0.58879,0.6231,-0.3975,1.03271,-0.50163,-0.56417,1.57301,0.48385,0.8057,-0.77433,-0.71003,-0.59623,-0.02466,0.01009,-0.34798,-0.79125,-1.94052,-1.57187,0.42172,-0.9881,-1.53784,1.04717,-0.39322,-0.58943,0.7564,1.59046,-0.47211,0.95829,-0.20166,0.31829,-0.49433,0.22201,-1.0581,-0.62473,-0.30406,-0.33166,1.45228,0.92711,1.11552,0.62889,0.4832,1.03379,2.13239,-0.10242,1.21487,0.72078,-0.2704,0.15648,0.2019,1.52729,0.79405,-1.68573,-0.40041,-0.11356,0.99678,-0.85102,0.08114,0.61028,0.19584,0.32607,1.46713,0
-0.75017,1.07819,0.68844,0.05748,0.044,-0.34681,-0.95359,0.00396,-0.2148,0.65519,-0.60365,-0.88061,1.38196,0.5048,0.36086,0.12517,-1.58746,-0.13844,-0.34215,-0.34021,-0.19765,-0.815,-0.04819,1.24599,0.91488,-0.09568,2.19176,-0.72253,-2.59934,1.24286,-2.7628,1.05072,0.95665,-0.19478,1.39036,0.90387,1.68534,-0.26939,0.45637,-0.51207,-1.94392,-0.31678,-1.78854,1.84822,-0.7444,-0.88745,-1.15294,0.65161,0.11017,-0.8213,-0.34148,1.31891,-0.02984,0.24799,-0.3424,0.46594,-0.07227,-1.146,0.54725,0.62391,2.08973,-1.05299,0.79988,2.76296,0.23465,1.8027,-0.57376,0.09219,0.96059,1.17487,0.57988,0.69608,-0.48501,-0.86322,-0.57017,-0.54713,-2.06792,-0.22134,1.59525,0.37832,0.11437,-0.48031,0.62047,-1.99419,0.21373,0.42472,-1.73,0.46393,1.21343,-1.36062,0.73028,-0.38381,2.32601,0.32142,-0.36155,0.49607,-0.17132,-0.42917,-0.47392,-1.4654,0.50905,-1.71399,-0.74371,-0.02008,1.31477,-0.50761,0.10698,1.02363,-0.68616,0.771,-2.34983,0.60725,-0.70125,-0.99022,-0.53263,1.90746,0.43399,-1.292,0.37403,0.21452,-0.01824,-0.28787,1.78166,0.74413,0.83124,-0.28027,-0.32304,0.73751,-1.83644,-0.91151,-0.60326,0.14105,1.98149,-0.27634,-2.41367,1.24738,1.47994,0.92606,0.86795,-1.87246,0.34326,0.94387,-0.07655,0.55064,1.00652,1.56982,-0.18953,-1.22824,-0.91555,0.90888,-0.71284,0.1095,-1.22821,2.46908,0.81358,1.82159,0.17868,-0.70221,0.70734,0.04084,-0.38301,-0.05607,0.48575,0.34571,0.75567,-0.29364,-0.248,-0.38194,1.21508,0.99279,0.00478,-0.11027,-0.3459,2.42827,0.50654,0.46346,0.6194,-0.94068,0.53924,-1.35757,1
-0.5153,0.54303,0.20791,-0.2526,-1.25831,-0.17281,-2.51732,-0.97693,1.07398,-1.13465,-1.24031,-0.20022,0.00764,-0.36398,0.24121,-0.06814,-0.83377,0.05894,1.27516,0.69691,-0.23922,0.50227,0.06231,-0.30704,-1.14389,-0.38214,-1.14793,-0.32765,-0.1896,-0.49342,-0.55908,-0.38563,2.39714,-0.69231,-0.29093,0.50208,-0.82931,0.48646,-0.13652,1.40871,2.14927,-0.19346,0.21491,1.10366,0.07842,-0.04687,0.15621,-0.07283,0.30861,0.3455,1.01501,-0.0974,1.3969,0.54338,0.14628,-0.59366,-0.88963,1.42266,-0.00786,-0.39937,-0.86083,0.16583,-0.2577,0.49942,0.54763,-0.11757,-0.04086,1.31417,1.59778,0.71103,0.4001,0.4947,-0.30275,0.10939,0.36057,-0.98623,0.8186,-0.23442,-0.35081,-0.57666,0.3598,1.55882,1.20796,-0.17436,0.57645,1.41482,-1.39048,-0.66779,-0.86183,0.56918,-0.21864,-0.09529,-0.20235,0.62066,0.21052,0.51304,-1.1775,-0.0723,1.79993,-0.71713,-0.79282,0.52654,0.72022,2.49421,1.61718,-0.26369,-0.42322,1.25499,-1.69198,2.00225,-0.30393,1.64336,-2.15802,0.50492,0.70931,0.78799,-0.77026,-0.23608,-0.78082,-0.79415,0.94008,-0.02946,0.94842,0.134,0.61833,0.35106,-1.13464,0.87599,-0.04487,0.65044,0.67979,1.9738,0.03039,-0.96716,-1.6458,1.20972,1.52038,-0.16375,-0.77172,-0.75511,1.10134,0.4741,0.89229,-0.69564,-0.14135,-0.1969,-0.45428,-0.40201,1.00498,1.09446,0.36438,0.17725,0.57315,0.60939,-0.01405,-0.35367,0.11044,1.25591,0.38146,-0.46413,0.18218,0.08836,-0.54735,-0.32368,2.36624,-0.1742,-0.87894,-1.51258,-1.93683,-0.72821,-0.3997,0.63648,-1.22846,-2.44274,0.52843,-0.44903,-0.45012,0.53272,-1.78405,0.32515,0
0.73643,0.64725,1.41572,1.6113,-0.88206,0.50132,1.76566,-0.49809,0.29287,0.88891,-0.94167,-0.13626,0.13208,-0.31649,-0.1458,-0.12356,-0.61234,1.1256,-0.13443,-0.09989,0.78989,-0.12011,0.32325,0.39618,1.95297,-0.44136,0.07776,1.43132,0.44957,0.21923,-0.28502,-0.72434,1.16087,0.02533,0.84869,0.0851,0.12962,-0.05348,-0.28863,-0.20015,0.77947,-1.00068,0.2163,-0.1193,-0.22998,-0.2462,1.48129,-0.97743,1.40269,0.72079,0.75696,-1.06586,0.02894,-0.41959,-0.03225,0.15738,-1.01271,-0.30038,0.05159,0.22637,-1.15115,-0.11867,0.00845,-1.14555,-0.23017,0.87744,0.20044,0.15984,-0.23745,-1.82769,0.46366,-0.47547,0.07862,-0.62677,0.6498,0.96094,1.38611,-0.22015,1.15725,-1.08516,0.98383,-1.46564,-1.34513,-1.39506,-2.10328,-1.45103,1.40225,-0.76284,0.30326,0.35161,-0.22693,-1.85955,0.26807,-0.90112,1.00272,-0.17063,-1.74091,2.32441,-1.28522,1.15822,-0.37318,-2.16151,0.3123,-1.19413,-1.24605,0.2066,1.37143,0.96744,-1.4332,1.39263,-1.69266,0.70718,0.11271,-0.35721,-0.98469,-0.72986,0.94487,0.31419,0.79682,0.34863,-0.09845,-0.56318,-1.61317,1.03978,-1.33869,1.22303,-0.81763,-0.11212,0.56452,0.4642,0.19533,-0.10549,-1.26476,0.49044,-0.84228,1.39559,-0.10419,-2.65601,-1.58098,-0.74852,0.68432,-0.18955,0.45619,-0.42787,-0.18685,-0.3355,-1.69997,-0.8646,-1.44445,0.71239,-2.32945,-1.06722,-0.79254,0.84368,-0.35679,-1.16635,0.38188,0.37092,-0.09891,0.72153,0.3721,-0.39576,0.02648,-0.24447,0.43044,-1.28378,-0.87251,-0.02772,1.22104,-2.27063,-0.33887,-1.1904,0.93335,1.1094,-1.31117,-0.38928,0.46873,-1.45692,0.32669,0.04773,1
-0.59649,0.82085,-1.45629,0.59633,1.24341,1.15368,0.04986,0.73812,-0.74294,-1.08349,-0.35182,-0.17041,-1.58282,1.47989,-1.43394,-0.30525,-0.48363,2.67401,1.16812,-0.22759,-0.59109,1.65325,-0.54029,1.56115,0.1923,-1.66197,0.10549,0.31952,-2.19904,-0.45456,0.52381,0.9531,-1.95819,0.55708,0.74763,0.57326,-0.49843,1.04214,1.19638,0.068,-0.29552,1.6209,-0.41824,0.50324,0.02452,1.14365,-1.61689,-0.31117,-1.17918,-0.84116,2.29509,1.58511,0.4384,1.21786,-0.31686,-0.4,-0.99232,-1.15761,0.73521,1.02598,0.58176,-1.09143,0.76773,0.52623,-0.53272,0.76478,0.76511,-1.60745,0.4495,-0.45419,-0.9083,-0.49322,1.5495,-0.38639,-0.68579,-0.88174,-0.68709,1.95817,1.77325,0.99798,-0.19745,-1.09676,2.35568,-0.86986,-0.37389,0.96514,0.42346,-0.53434,-0.69868,-0.69496,-0.89966,0.34918,-1.04095,-0.78247,-0.29793,0.69267,1.32008,-0.26518,-1.66303,-0.71618,-0.22335,0.81008,0.19411,-0.96366,0.72417,0.2043,-0.90957,0.89752,0.1222,0.91137,0.00786,1.51628,0.16319,-0.7314,-1.28153,0.9317,-0.75933,-0.16565,-1.39179,0.14093,0.22354,0.68546,-0.77325,-0.47594,0.1378,-1.93722,0.50651,0.77699,-0.8131,-0.41076,-0.12099,0.35416,0.50099,0.13331,-1.29435,2.2161,0.59446,-1.72089,-0.13265,-0.24235,-0.83486,1.67674,0.42178,0.67335,0.51252,-1.70319,-1.13763,0.28213,-0.56232,-0.77819,-0.06382,0.66804,0.71563,0.28906,-1.21228,0.23943,-0.65827,1.81163,-0.04167,-1.43222,1.56691,0.17994,1.66907,-1.78884,0.35008,-0.52452,-0.53132,-1.4487,-0.79925,-0.75618,0.72925,1.601,1.17809,1.26676,-0.70339,-0.00131,-0.56651,-2.13696,0.33044,0.49095,1
