v001,v002,v003,v004,v005,v006,v007,v008,v009,v010,v011,v012,v013,v014,v015,v016,v017,v018,v019,v020,v021,v022,v023,v024,v025,v026,v027,v028,v029,v030,v031,v032,v033,v034,v035,v036,v037,v038,v039,v040,v041,v042,v043,v044,v045,v046,v047,v048,v049,v050,v051,v052,v053,v054,v055,v056,v057,v058,v059,v060,v061,v062,v063,v064,v065,v066,v067,v068,v069,v070,v071,v072,v073,v074,v075,v076,v077,v078,v079,v080,v081,v082,v083,v084,v085,v086,v087,v088,v089,v090,v091,v092,v093,v094,v095,v096,v097,v098,v099,v100,v101,v102,v103,v104,v105,v106,v107,v108,v109,v110,v111,v112,v113,v114,v115,v116,v117,v118,v119,v120,v121,v122,v123,v124,v125,v126,v127,v128,v129,v130,v131,v132,v133,v134,v135,v136,v137,v138,v139,v140,v141,v142,v143,v144,v145,v146,v147,v148,v149,v150,v151,v152,v153,v154,v155,v156,v157,v158,v159,v160,v161,v162,v163,v164,v165,v166,v167,v168,v169,v170,v171,v172,v173,v174,v175,v176,v177,v178,v179,v180,alvo
-0.13701,-0.36605,-0.52168,1.14702,-0.04404,-1.75519,0.96232,1.34523,1.90565,-0.81656,0.43083,-0.58605,2.29287,0.50388,0.87496,1.04015,-0.41517,-0.38469,0.1217,2.11647,0.57411,-0.36736,-1.1192,0.01244,0.77419,0.50123,-0.49164,0.60351,0.02122,1.61944,-0.83637,0.28407,-0.77147,-0.54974,0.25068,-1.32686,0.20901,2.36806,-1.04833,1.47721,1.43652,-0.35233,-0.87412,0.53278,0.34054,-1.54043,-0.80586,-0.58058,0.52105,0.02878,1.19876,-1.62168,-0.62056,0.06295,-0.59013,-0.37841,-0.25571,-0.99243,1.52713,3.90932,-1.01356,0.30279,1.65027,-0.48562,-0.46164,0.46554,0.79557,-1.50282,0.16966,0.08784,0.04297,-0.85287,0.02426,0.04041,0.97699,2.25139,1.31513,0.02582,-0.44201,0.39585,-0.2029,-1.06453,0.76772,-0.85204,0.89958,-1.10264,0.5539,0.10536,0.69893,0.11344,-0.2227,-1.23899,-0.58496,-1.07638,-1.96879,-0.73898,0.14182,0.62596,-1.51774,2.10456,-0.28618,0.46443,-1.92087,-1.54437,-0.88795,1.40693,1.59027,0.82799,-0.41434,0.71072,1.91727,-1.72762,2.57242,-0.77207,-0.4121,-0.69102,1.28166,-0.51801,0.9249,-1.4717,-0.20805,-0.55741,-1.31865,0.2477,0.51884,-0.6951,0.96822,-0.17431,1.02116,0.95676,1.08935,0.70851,0.50927,-1.00556,-1.29284,-0.6277,-0.29776,0.17011,-0.31565,-1.61604,2.46973,0.03219,0.55939,-0.52051,0.0976,1.5845,0.31178,-0.10404,0.92026,-0.09023,0.15414,-1.20391,0.87407,-0.87988,0.03842,-0.14431,0.78742,0.84569,1.06746,0.34423,1.66249,-0.66546,0.94686,-0.27055,-0.84214,0.33094,-0.41727,-0.28041,0.30663,-1.63829,0.39509,0.29458,-0.07957,0.50582,0.58921,0.95243,0.43304,-2.06503,0.63001,-1.57694,0
-0.49286,-0.71975,-0.38269,1.1748,0.04172,-0.48376,0.35361,-0.64743,0.33019,0.6913,0.06126,-0.34435,-1.58036,0.28352,-0.1982,3.01455,0.06411,0.10509,0.2911,1.48359,0.45002,0.87778,2.44624,-0.44879,1.35656,1.94848,-1.4651,1.0009,0.32444,-1.24536,0.06394,-0.80545,-0.78615,-1.46245,-0.15871,-1.2374,-0.49077,-0.37327,0.27307,1.68207,-0.8308,0.07783,-0.209,0.19062,0.2679,-0.68985,-0.2834,0.0007,0.51062,0.15,-0.72436,-1.66845,0.20474,0.93618,-1.20297,-1.61425,-0.87512,-1.04928,0.32072,-1.12012,0.74167,-1.34661,0.03659,-0.29046,0.19348,0.38099,0.17642,0.16009,-0.1576,-0.00013,-0.53238,-0.32723,0.41807,0.41678,1.05117,-0.54468,0.47528,-0.34789,-0.18309,1.58888,0.68732,-0.39265,-2.09295,1.83784,2.47074,-0.80409,0.12151,0.42777,-0.61984,-0.8931,-1.23664,0.57746,-0.72545,-0.80905,0.44676,0.22025,-0.05595,1.78991,0.00897,0.45643,1.6002,-0.03476,-0.85551,1.8166,0.01331,0.39222,0.92658,0.96604,0.34437,-0.14196,0.14886,1.10275,-0.90889,0.33252,-1.58091,-0.99391,1.52441,1.41491,0.44439,-1.05041,0.73636,-0.87529,-0.65639,0.93718,0.29964,0.91754,2.53638,0.04733,-1.35074,-0.02437,0.94919,2.56742,-0.01882,0.36088,-0.64206,-1.26572,0.49273,1.896,-0.86039,0.06557,0.55121,-1.11637,-1.0927,0.43128,0.83256,0.58022,0.38683,0.99584,0.18119,1.37488,1.4843,1.55191,1.08284,-0.41912,-0.55189,0.41591,-1.40624,1.3226,0.27461,1.18346,0.40243,0.16362,-0.77913,1.47534,0.49104,-1.99843,-0.93141,-1.76066,0.25417,0.30524,1.98866,-1.32628,1.92075,0.49972,0.27241,1.69697,0.39986,-0.0089,0.37124,-0.95147,1
-0.57961,-1.18796,-1.14992,-2.24429,-0.09094,0.84574,-0.57384,-1.21596,-2.63366,-1.43066,0.65583,-1.65537,0.36861,-0.29856,1.59182,1.41484,-0.44028,0.36814,-0.0082,0.54184,-0.4332,-0.13174,-1.64867,0.40722,0.52403,1.33463,-2.08418,-1.50686,-0.47256,0.2637,0.32594,2.612,1.25736,1.34224,-2.99615,-0.62323,1.30543,-1.73723,-0.50108,-1.17503,-0.82357,0.17405,1.61815,0.65843,0.51327,-0.98755,0.43175,0.50312,0.17693,1.44139,-0.78076,0.08243,0.01049,0.05553,0.74687,-1.0149,0.36519,0.57488,1.19142,0.13352,-0.20226,1.13306,-0.48163,-0.1862,-2.76209,-0.54996,0.95891,0.09398,2.36402,-1.43754,-1.12091,-1.06211,2.04671,0.96012,1.06154,0.78993,-0.91418,-0.61212,-0.64624,-0.24505,0.32784,-0.13675,0.74044,0.12325,0.93653,1.40688,-0.30315,0.15279,1.94742,-0.96209,0.29005,-0.24224,1.89819,2.70082,-0.3137,-0.79963,0.52949,-0.55895,0.30584,-0.05754,-0.06066,-1.56162,3.25059,1.38857,0.02008,0.42442,-1.48975,0.61469,0.56164,1.30933,-0.54648,-0.2004,1.18288,-0.62394,-0.61154,-0.78351,0.18306,0.79231,-0.22979,0.19588,-0.1067,0.83708,-1.00519,-0.47342,-0.25369,-1.8556,-1.43186,-1.09935,-0.72463,-2.17501,-1.69833,-1.81663,-0.02243,-1.15757,0.19857,1.4938,0.60781,-0.62497,-2.40062,0.84049,-0.17856,1.27902,-0.21251,1.31621,-1.06701,-1.33631,0.2773,-1.37598,0.4568,0.48051,0.36875,-0.62013,2.95258,0.01184,-1.13498,-1.16704,-0.07805,-1.32997,-2.06609,-0.99824,-0.38609,-1.09114,-1.21429,0.27289,-0.4655,0.68042,0.93435,-0.02614,0.90348,0.16063,0.37008,-1.5035,-0.42223,-0.23248,-1.36595,1.44734,-0.01544,0.28571,0.57419,1.04156,1
1.50394,0.53567,-0.14235,-0.41558,-0.26258,-1.37735,-0.76541,1.3651,-0.86548,1.04733,-0.67349,0.28745,0.09058,0.83467,-0.52336,-0.91542,0.12095,0.49082,-1.0421,-0.75672,1.63692,0.58892,-0.92697,0.51787,-0.221,-1.17167,1.00982,-0.92723,-0.41118,-0.30477,0.94634,1.6936,-0.41621,-1.45238,0.32597,1.26843,1.10962,0.3198,-0.43166,-0.67303,0.54619,1.23331,1.96563,2.29366,-1.01048,0.25218,-1.18785,2.02749,-0.5764,-1.02602,0.51716,2.95676,1.16619,0.50716,-0.97234,-0.57171,-0.59828,-0.1499,0.85847,1.06034,0.55033,-1.45653,0.58656,0.83868,1.22597,-0.29533,-0.82718,0.10362,-1.52923,-0.18029,0.29234,-1.10819,-1.86699,0.23293,-0.02317,-1.19627,-0.9175,-0.38913,1.6794,-0.64635,0.15858,2.61796,-0.45747,-2.7252,-0.69094,-1.0303,-0.86506,1.27579,0.17185,0.28765,0.35496,0.30566,1.23802,-0.14241,-1.10313,-1.26537,1.05664,0.9223,1.18341,0.08309,0.04192,0.62527,-0.66723,0.39633,0.61131,0.32812,-0.02262,1.03336,0.82172,1.73935,-1.61801,1.38697,1.17051,1.30853,0.99321,0.62014,0.11975,1.04453,-0.24991,0.46319,-1.114,-0.88942,-0.30225,-0.23612,-0.94161,-0.62691,-0.16931,-0.84045,0.00875,1.19564,0.00448,-1.07523,2.27667,-0.61303,-0.35103,-0.22673,-1.12092,-0.33387,-0.09957,1.3144,-0.41925,-0.23653,0.03514,-0.47631,0.86569,1.22869,-0.03622,-1.75518,0.06947,-0.01295,1.03664,-0.21151,-0.58062,-1.01347,-0.94766,-0.06312,-0.90905,1.10468,-0.87355,0.61956,-1.73261,0.74642,-1.39785,1.26302,0.63295,0.87086,2.18814,1.22221,1.09278,-0.81875,-0.13207,-0.13376,0.38414,-1.13356,0.6583,-1.65088,-1.27129,0.69633,0.70043,0.45831,1
-1.01937,-0.03322,-2.11246,-1.62147,-0.36573,1.31403,0.2564,-0.38184,2.13123,-0.79202,0.28103,-0.49567,-1.24864,-1.62659,-1.04633,-0.55806,0.14074,-1.46852,0.44348,0.90688,-0.79842,0.15518,0.65128,-1.35099,0.84211,-0.31661,0.05171,0.52112,0.47882,-2.38994,-0.19464,0.34128,-0.17881,-0.04024,-1.65092,1.72951,1.0345,-0.62824,-0.22048,0.43272,-0.53475,0.13734,0.65575,-0.57597,1.46084,-0.37649,0.29133,-1.01732,1.80815,0.91146,2.09964,1.15766,0.32847,0.67604,-1.19051,0.24517,-0.02965,0.02675,-0.62933,0.21863,-0.07271,-1.04653,0.79703,0.48462,0.56624,-0.21325,0.3249,0.69829,-1.35908,-0.77739,-0.17007,-0.81656,-0.54264,-1.09086,-1.5386,1.26278,0.109,0.11425,-0.09565,0.82178,-0.1666,2.40227,0.66427,-0.08159,-0.99652,0.55013,0.80314,0.21562,-0.05372,1.08982,-0.38461,-0.27977,-0.53789,-0.80933,-1.73499,-1.4803,0.9327,-1.17619,-0.18879,-1.56473,0.96749,-1.04487,-0.44064,1.04245,1.10752,-0.6086,0.70806,0.57619,-0.78524,0.37794,-0.12769,-0.07035,0.30606,0.41036,0.09237,-0.72234,0.00676,1.68565,-0.20974,0.47561,1.30001,0.29829,-0.44528,0.39549,-0.53099,-0.67937,-0.49038,-1.00412,-0.19182,1.23865,0.5542,0.97856,-0.33115,-0.88434,0.13737,1.44873,0.24829,1.41926,1.38235,-1.06298,-0.61078,1.31441,-0.13437,-0.94343,0.22349,0.26432,-0.64531,-0.99232,-0.15413,-0.86751,0.92852,-0.62745,-0.40337,-1.95386,0.42739,0.52075,-0.84423,0.19656,2.09355,-0.6773,-1.18968,1.40382,-0.94986,0.70373,-0.20055,-1.335,0.04405,-1.50924,0.15582,0.59789,0.22574,-0.73529,0.65057,-0.41673,0.73486,0.8224,1.38638,0.47315,-1.90112,-1.18736,0
-0.73668,1.05341,-0.05886,0.3667,1.44399,-1.70468,1.63251,-0.81964,0.32722,0.79655,-0.64665,-0.51497,0.9086,0.33007,0.38448,-0.19946,-0.12255,-1.97474,-0.61941,-0.65483,1.88236,-0.64646,-1.22118,1.02193,-1.10242,1.09081,-0.4099,0.88464,0.71673,-1.1927,0.03154,-0.53256,-0.10316,-0.12744,-1.45608,0.43908,0.38194,-0.28428,0.92576,0.22046,-0.78496,1.55844,0.58059,0.18945,1.25172,0.61091,-1.14709,0.76633,-0.28717,-0.84535,0.39356,-1.20353,-2.86141,-0.93595,-0.28552,0.67511,0.13573,0.81311,1.3814,0.91618,0.00401,0.33104,-0.67456,0.46247,0.83188,0.6414,0.33906,0.22534,-0.80212,0.87433,0.13809,0.73137,-0.07845,-0.94389,-0.83084,0.30505,1.26341,0.09605,-0.33509,0.67724,-0.48368,-1.10008,-0.162,-1.85931,1.46955,0.49808,1.087,0.01037,-1.15219,0.50016,-1.43304,1.44154,1.49352,-0.69481,0.62532,1.3112,-0.63304,1.08321,-0.07916,-0.03269,-0.0742,-0.13524,0.62317,0.83438,0.5882,0.09544,0.78116,0.59583,0.35942,0.81605,-1.15322,-0.08918,1.62368,-1.58356,1.17636,0.3762,-1.19867,0.587,0.12634,0.60277,-1.22171,-0.63624,1.01498,0.79945,-0.26673,-1.77402,0.01495,-0.72051,-0.61128,-0.05534,-0.13417,0.82647,-0.23598,2.46429,-0.59882,2.8426,0.40608,-0.11124,-0.4132,-0.4865,-0.83239,-1.09314,0.63414,-1.43229,0.37393,0.49682,1.93288,0.28984,-0.27651,0.39581,0.36012,1.05587,-0.39174,-0.04481,-0.43417,-2.40883,0.28758,-0.52524,-0.05107,1.17547,-0.74537,0.53759,-0.5228,-0.15736,1.1108,-1.43149,-0.46216,-0.47153,0.79698,0.06656,-0.8148,-0.08386,0.40398,0.90602,-0.18924,-0.46843,0.67183,-0.20776,0.41261,-0.91455,1
-0.5147,-1.39587,0.84543,1.98957,-0.24847,-2.00581,0.57412,2.48865,-0.33708,0.09686,0.17803,0.99198,-1.19578,-0.44972,1.40622,-0.27979,0.95783,-2.79783,0.32799,1.50297,-0.56171,0.48817,0.59137,-1.0257,-0.16166,0.30381,-0.47785,0.34532,-0.45636,-1.67134,-0.29834,1.30696,-0.25042,1.75843,1.63049,1.24278,0.00097,-0.49991,1.18883,0.58106,1.06051,0.90494,0.21671,0.80323,-1.34313,0.10591,-0.49714,0.98077,-0.13078,-0.64028,1.32437,0.31624,0.94486,-0.26184,-0.38215,-1.06887,-0.27066,-0.11516,0.58206,-0.62261,-1.07458,0.22609,1.93652,-0.99506,-0.41542,-1.15019,0.16166,-0.3039,-0.70985,0.67367,-0.78491,-0.80187,-0.05598,-0.71147,-1.05512,-0.36357,-0.45097,-0.91744,1.11215,0.52967,0.40949,0.71796,-1.83228,0.82939,-0.63849,-0.05836,-1.06508,-0.91552,-1.1254,0.77614,0.3894,1.37243,0.99659,-0.31803,0.52953,-0.81743,1.0141,-0.76879,1.70346,-0.09589,0.64585,1.02038,-0.70112,-0.46703,-1.28076,0.28573,-0.39997,0.30433,-0.21996,0.23835,0.08646,-1.53799,0.71429,-0.96011,-0.09289,-0.35035,-1.81492,1.89009,0.02775,-0.33657,-0.67297,0.98977,0.603,1.03267,1.03106,-2.24764,-0.21226,0.11134,0.32575,-2.60774,1.03918,-1.87477,-0.47546,-0.51591,1.18366,0.39939,0.96716,-0.26083,-0.63236,-0.71119,-1.52006,-0.24803,-0.51336,0.34751,1.75404,1.55875,-0.79258,-1.38707,0.56353,-0.24378,0.58015,-0.39411,0.35127,-0.62069,0.28748,-0.96246,2.15135,-2.79796,-0.3407,0.94094,0.44751,-0.10521,2.17384,0.77402,-0.51107,1.29332,-1.62386,0.56148,1.10876,2.33294,-0.30539,-0.71615,0.37696,1.02141,1.29017,0.75604,-0.84072,-0.2036,0.48905,-0.24494,1
0.16996,-0.53236,-0.3539,1.20857,0.32808,-0.26929,-1.30056,0.67121,-0.10477,0.04377,0.08004,0.76235,0.40697,1.87399,-1.1662,-0.68551,0.42883,0.62136,-0.60783,-3.21101,0.41965,0.6458,0.37109,1.37418,-0.74166,-0.75157,0.02327,-0.89139,-1.31861,-1.3673,0.66999,0.19658,-0.69626,-1.53679,-1.5282,0.09237,1.80123,0.31593,1.43444,1.31123,1.40024,-0.74339,1.25864,0.16134,-0.05893,1.34763,-1.11455,-0.99423,0.22103,0.61582,1.351,0.93634,-0.47575,-0.897,0.03573,0.25137,1.59676,0.65608,0.47208,1.02024,0.50343,0.19469,-0.02682,1.1534,1.83992,0.17635,-0.85453,-0.61787,-1.07136,0.17217,-1.90612,-0.33003,0.5479,0.62596,0.43438,2.55903,0.39165,-0.46606,0.28785,1.22672,-1.73923,-0.15552,0.74546,-0.88016,-0.95507,1.1869,-0.75306,-1.08492,1.59641,0.46304,1.88468,-1.93166,-0.50726,0.62192,-0.76427,-0.74592,-0.64439,0.63666,-0.59841,1.03061,2.1181,-1.36134,1.43024,0.68496,-0.69744,-0.53098,1.40506,0.74864,-0.11208,-0.35543,0.97683,0.85449,-0.75764,0.0951,-0.083,-2.96128,-0.27664,0.80409,-0.41946,0.05166,2.38873,2.15787,-1.37502,-0.58513,-1.92076,-0.4863,-0.63734,-1.08403,0.10505,-0.68684,1.22416,-1.09966,0.56899,-1.3379,-0.70875,-0.30883,0.55549,-2.06552,0.88374,0.30356,-0.0738,0.80557,1.46976,0.0272,-1.08472,-0.18491,2.56764,0.92922,-0.09383,-0.52592,-0.51525,-0.21188,0.00794,1.07475,-0.67616,0.61436,-0.00654,1.24539,-0.39247,0.11953,1.08981,-0.40259,-0.1697,0.41331,1.13914,-1.99083,1.86221,-0.02512,0.13337,-0.6357,-0.11971,0.56014,0.28765,0.20457,0.08305,-0.03461,-0.45346,-0.09649,0.46855,-0.14308,0
0.72747,1.81798,0.80506,0.20565,-1.05022,-0.49854,-1.32151,0.90005,-0.90526,2.10468,-0.35292,0.46734,1.16879,0.02911,-0.33408,-1.22056,-0.92779,-1.36478,0.26859,1.02482,0.73388,-0.25797,0.06821,-0.61458,0.03976,1.00974,-1.27498,-0.15426,0.19834,0.71015,0.05144,-1.27755,1.80321,-0.48712,0.76502,-0.13756,0.23775,-0.34681,-0.46072,0.58449,1.01333,-1.32274,-1.31028,-0.19781,0.61852,0.9749,-0.2871,0.0571,-0.70863,0.91578,-1.18596,-0.03578,-1.81955,-1.0853,-0.8836,0.89245,-0.66382,-1.82231,-1.07897,0.73875,-0.52127,1.08195,1.25191,-0.55746,1.06589,-0.29247,-0.87174,0.74079,-1.44474,2.45649,0.09713,-0.24437,-0.39898,1.14738,1.70433,1.27198,0.0121,-2.16956,-0.54127,-1.09695,-0.55989,-1.85024,1.22196,-0.72632,0.41954,0.22556,1.49259,0.8767,0.50324,1.38014,-1.16698,1.01372,0.89429,1.23948,0.53669,0.0836,-0.57208,0.51351,0.74302,-1.21865,2.10523,-0.48281,0.58605,0.19502,0.26302,2.23543,-0.87246,-0.52846,0.79749,0.17462,-0.67326,-0.19947,-0.72098,1.45773,-1.89318,-0.29242,-1.38401,0.62975,-1.4158,-0.3602,-1.19895,0.30178,-0.28098,0.44524,0.70777,-0.71142,-1.19476,-0.51229,0.13487,-0.04153,-1.05557,-0.41496,1.12287,-0.40339,-1.10596,0.11904,-2.46049,1.21959,2.69056,1.2605,0.58062,1.04013,-0.16662,-1.24897,0.25656,-1.76434,0.65396,-0.73435,0.29476,-0.15143,-0.41624,-1.47978,2.55714,0.40316,-1.63764,-0.53963,1.20667,0.07913,1.00838,0.31439,-0.98153,-0.02697,0.08109,-0.2675,0.80231,1.08651,-0.40066,1.01359,0.36623,0.57557,0.67191,1.33904,-1.37159,0.00438,-0.48608,-0.96661,2.42949,-1.52343,-0.52352,-0.73863,0
0.33942,1.22682,0.26604,-1.53831,-0.87027,0.90965,-1.11051,-0.69362,-0.31703,0.64224,0.05744,-0.13807,-0.69193,-1.64713,-0.21912,0.90412,-0.21249,1.26359,-0.4277,-2.19661,0.08564,0.40299,-0.41911,-0.11204,0.71257,-1.16277,-1.36158,-0.2875,0.2683,-1.08223,0.04574,-0.64079,-0.59089,0.2776,-1.84367,0.21893,-1.28236,-0.20226,-0.10013,-0.43176,-0.08709,0.75942,0.53125,-1.07485,-0.99468,-0.01479,0.48533,-0.3826,0.81313,1.48758,-1.84525,0.28545,0.80727,0.50919,0.78171,2.0257,-1.62556,1.18728,-1.03031,-0.12158,1.64208,-1.2603,1.08897,1.29988,0.4459,0.95461,1.17508,0.22579,-1.09235,0.24338,1.04227,-1.22471,-0.86156,-0.36886,0.10667,0.24176,-1.68229,0.44198,-0.12428,0.00686,-0.05154,0.53894,2.21448,-1.17478,0.88356,-0.11403,-0.49886,-0.79753,-0.83256,0.17151,1.10445,-0.55148,-1.36999,-0.27235,-0.02089,-0.94307,0.10225,0.34026,-0.54083,0.76782,1.38641,1.48651,-1.79299,0.37333,1.15243,-0.20979,0.29818,-1.0118,-1.05068,1.59644,-0.92978,0.24829,-1.05774,-0.21764,-1.6055,-1.13868,-2.04148,0.46614,0.50636,-0.84335,0.27342,-1.25824,-0.94056,0.27459,-0.67267,0.3415,0.20127,-2.07217,-0.4723,2.22155,0.5029,-0.40746,1.60376,1.39277,0.02505,-0.92467,-0.78966,0.21991,1.64044,-0.70746,-1.11359,-1.18955,-0.39094,-0.36303,-0.00095,-0.18421,0.87647,-1.42581,-0.1382,0.06812,0.11099,-0.18888,1.64375,0.06455,-0.03557,1.15362,-0.60671,0.44051,1.20799,0.32147,0.92826,-0.35249,0.58312,-0.38137,-0.7868,0.20719,-0.18183,0.03667,1.52975,1.63864,-1.2172,1.05826,0.71798,-0.26789,-0.06246,0.65542,-0.59893,-0.87768,-1.38554,-1.73299,1
-0.0544,1.47196,0.13875,-0.39512,0.04114,0.56418,0.68742,-0.60441,-0.57765,1.93358,-1.50724,-0.22747,0.81516,1.12782,-0.43476,1.40872,1.23912,-0.59031,2.53088,-0.43705,0.54751,-1.55115,-0.88294,0.00386,-0.87089,-0.34676,-0.36874,-0.09682,1.4877,0.75498,0.26348,0.62602,-0.60089,0.85074,-0.79261,-2.22948,0.16297,-2.67972,-1.75219,-1.05776,-0.05274,2.90447,1.83073,-0.38101,0.56753,-0.18427,-0.61295,1.11641,0.68921,-0.61888,-0.82608,-0.77522,0.3624,-0.48529,0.89396,-1.29457,-1.62897,1.54986,1.57433,0.02624,-0.11772,1.49666,-0.22,1.44381,-0.02435,0.28726,-0.38316,-0.39371,0.38299,0.92815,0.2639,0.77442,-0.71309,0.26056,-0.17277,0.65429,-0.15049,0.06579,-0.88203,0.03173,-2.45676,-0.46207,-0.20851,-1.89423,-0.69813,1.98683,0.40091,0.67635,-1.24898,0.73876,0.65443,-0.52469,0.1282,-0.30224,-0.56227,1.75021,0.36896,-1.04953,0.31934,0.04078,-1.30254,-0.52128,-0.34162,-3.22663,0.3265,2.13521,0.13506,-0.54616,1.432,1.29367,0.04284,0.85116,0.82063,0.80483,0.36468,-0.64911,0.63256,1.29535,-1.51998,0.52883,0.76826,0.17129,0.6819,0.63589,-0.21382,0.49265,0.43742,-1.03843,-1.3128,-0.37344,1.58098,-2.03852,-0.29993,-0.8593,-1.79386,-0.90245,0.82971,0.32242,3.52238,-0.26223,0.73369,0.60229,-0.09809,-0.15478,-0.58486,0.02592,1.29304,-1.20291,0.54095,-0.99423,-0.95058,0.66692,-1.06436,0.14481,0.70316,-0.13211,-0.32654,-1.27837,-0.11972,-0.11355,0.41723,-1.513,0.78498,-0.0746,-0.79155,2.38149,0.77242,-1.60805,-0.83721,-0.80387,-0.3334,0.44852,0.06896,0.87063,1.48397,0.02422,0.94071,0.92475,0.44738,1.35734,1
-0.84515,0.70582,-0.29234,0.32701,0.24791,0.78611,0.56213,0.57899,1.49124,-0.04553,-0.4357,0.60905,0.13002,-0.49642,1.88856,0.45167,-0.91543,-0.67469,0.31495,0.57085,-0.94967,-0.54344,0.55553,-1.51805,-1.606,-0.51222,0.58398,-0.61116,-1.17812,-1.596,0.97246,0.69801,-0.20733,-2.24069,-1.14162,1.03121,0.03564,-0.16161,2.77959,-0.08061,-0.07431,0.06197,1.53798,-0.55678,0.70419,-0.75918,1.21129,-0.44684,-1.14033,0.7101,0.23118,-0.13951,0.19663,0.12282,1.92286,0.23467,0.75354,-0.22342,0.79504,0.46744,-0.17031,1.44295,-0.28043,1.69231,0.51032,1.59169,-1.63026,-0.47003,2.12501,-0.52034,0.92791,1.73059,-0.60846,0.18106,1.80787,1.23607,0.55899,-0.75806,0.45402,0.70919,0.02288,0.10989,0.11268,2.06829,-0.55895,-2.39573,0.8105,1.0531,0.18824,0.50355,0.75808,-0.7518,-1.59147,0.57836,0.96952,-1.04081,0.83392,0.25853,-0.49163,1.31625,0.94954,-1.15102,-0.59488,0.02564,0.86476,0.19608,-0.59825,0.76405,-0.33506,-1.04873,2.81252,1.45433,-0.06748,-1.49723,-1.068,-0.15914,0.10504,0.75391,1.19903,-0.52287,-1.82674,-0.68439,-0.60549,-1.04207,1.09342,1.88671,0.87502,1.30225,0.11723,-0.07312,-0.61215,1.07253,0.4213,-0.46108,0.47216,1.46375,0.315,0.18243,-0.87382,1.32771,-0.48933,-0.36051,0.47666,0.86473,-0.98393,-0.04691,-0.30056,0.34349,-0.80145,0.88151,1.41996,0.23701,0.6016,2.0548,-1.44118,1.81155,-0.32201,-1.52835,-0.2137,1.27662,0.31434,-0.01916,0.66652,-0.15746,0.72694,0.82612,0.08786,0.14805,-0.06976,0.16747,-0.10656,-1.57051,-1.68863,0.14743,-0.07409,-1.19049,-0.98749,-1.27244,0.38885,-0.30608,1
-1.09978,-0.063,-0.22939,1.17451,0.11612,-0.08937,-0.50541,0.7466,1.40897,1.07552,0.50659,1.00455,-0.13798,-0.42421,0.49068,0.96727,-2.17268,0.4271,1.10631,0.87652,-0.03428,-0.02737,0.30187,-0.64293,0.17742,0.56671,0.08201,0.05403,0.3399,1.01402,0.17116,1.14718,-1.19533,-2.29134,1.5175,-0.62279,-0.84423,-0.40044,-0.5872,0.24741,-0.19526,0.37374,-0.41299,-1.16101,2.56218,-0.49615,-1.03643,0.80539,-0.15806,-1.37363,-2.23268,-1.96671,0.38567,1.28108,0.40658,0.75393,-0.21476,0.32666,-0.16594,0.31579,-0.42128,-0.39238,-0.44424,-1.28523,-0.2789,0.25137,-0.52474,2.33752,1.41954,-0.06495,1.48054,0.16276,0.60874,0.43474,0.9358,-0.65505,-0.59096,0.97409,-1.32904,-0.44142,-0.44854,-1.11914,-0.21392,-1.44049,-0.11025,1.15038,-1.80329,-0.50371,1.11307,0.94453,-0.09689,-0.31524,0.28627,-0.26223,-1.20916,-0.26571,0.16704,0.78955,-0.88153,-2.19059,0.96011,-1.51873,-0.09918,1.10163,-0.48519,0.71769,-0.57603,0.53857,-0.51114,-0.08528,0.8099,0.28118,-0.14968,-1.20421,0.19828,0.19911,1.9641,-0.82644,0.83761,0.00865,-0.69398,0.55297,-0.62959,1.2804,2.79908,-2.30544,-1.86911,-0.24176,-0.57672,0.64441,0.1693,-0.94061,0.41929,-1.78419,0.58705,0.92209,-0.30643,-0.64053,-1.34638,-0.85981,-1.21936,-1.73546,0.04825,1.72139,-1.2301,1.61317,-0.31674,-0.87055,-0.21775,-1.91726,1.81036,-0.31474,1.33035,-1.0388,0.16031,-0.03348,0.16409,-1.24026,-0.01131,0.8305,0.99032,-1.00185,-0.35493,-1.67306,0.31899,1.00898,2.26755,-1.00337,-0.40176,0.55132,0.74886,-1.4981,-0.92799,-2.08061,-2.59922,0.49198,1.64239,0.56049,-1.01213,-0.30519,1
-0.19237,-1.52405,0.36198,0.56567,-0.82761,1.46234,-0.35126,1.44605,0.98737,0.81673,-0.9068,1.84904,0.41149,0.89822,-0.19668,-0.00531,0.30557,-0.77409,2.1878,0.74435,0.28619,-1.02341,-0.20214,0.50395,-1.17768,-0.81617,-0.81274,0.71996,0.55434,-1.10494,0.61446,0.47824,-0.24398,0.44727,0.01851,0.06695,0.97479,0.16531,-0.27795,1.28547,-0.02211,-1.54969,0.83817,-0.22859,-1.06712,-1.00836,-0.35776,-0.248,-1.91326,0.82979,-0.14241,1.18075,0.30401,0.2722,0.47928,-0.55082,0.88209,-0.97755,-0.18266,-0.06639,-1.5529,-0.168,0.59387,0.73291,-0.31255,-0.06974,-0.1293,-0.05412,0.25183,-0.93593,1.23925,-1.27512,0.74846,-0.55491,-0.67964,1.8763,0.12791,0.86715,0.56371,2.28196,0.66923,0.24546,1.26031,-1.49116,1.98314,-0.48631,-0.42537,0.52779,1.38533,1.10453,-0.42901,-1.43108,-0.02588,0.63099,-0.95277,-1.21892,1.74577,0.37801,0.681,-0.39366,-0.46194,1.30651,0.55003,1.02256,-0.43452,1.15271,0.71173,-2.82706,0.5095,-0.37904,0.69082,0.20996,0.83871,0.85566,0.67245,0.52183,-0.42565,1.38934,1.08338,1.03615,-0.32901,1.11622,0.12962,-0.21788,0.06796,0.62469,0.20752,-0.09745,0.80265,0.68612,-1.00468,0.43567,-1.08343,-1.00338,0.09564,1.10825,2.03913,1.21385,-2.25149,1.49888,0.85379,-1.33352,0.79325,0.08923,1.28381,-0.13559,0.38051,0.17677,-3.15694,1.72985,0.15496,2.44023,-0.44393,-0.3596,1.22938,-0.53535,2.2015,1.10383,-0.2537,0.85557,0.78362,2.13736,0.19365,0.53025,0.58302,0.18072,0.96684,0.84185,0.52416,1.30009,-1.59643,0.78098,0.55564,-0.04515,-0.86892,0.50216,-0.26291,1.16963,-0.80922,0.40212,0
-0.16377,1.10779,0.37075,0.34701,1.09031,-0.62323,0.31183,-1.3939,0.61131,-0.07237,-1.2393,-1.85288,-0.18013,0.27669,-1.20937,1.05688,-0.01679,1.46587,-1.33497,0.30929,-3.4593,-0.60352,0.46938,-2.65704,-0.78249,-0.92656,0.32469,-0.41577,0.5706,0.01287,-0.0749,-0.61216,0.04106,-0.29987,-1.0259,-1.38704,-1.25837,-1.09922,0.24589,0.08442,1.03814,1.06961,1.39354,1.40713,0.1458,-0.2451,-0.06431,0.29488,0.56251,-1.0994,0.12301,-0.53564,1.20766,-1.53994,-0.07532,-0.68849,-1.20002,-0.17798,0.14903,-1.0416,0.00376,-0.18699,0.54574,1.55221,-0.39172,-0.71624,2.23041,-0.25868,0.04794,-0.37027,-0.51055,0.79084,1.34524,0.72308,-0.55905,0.11396,-0.55439,0.96248,-0.11284,-1.26088,-0.71613,0.30505,-0.04587,-0.80163,0.62732,0.21172,-0.00989,0.43344,-0.10974,-0.64595,1.33961,-0.25561,0.51613,-0.38303,1.25077,1.59836,-0.28597,0.20668,0.90778,0.85367,2.01727,-2.0563,0.72469,-0.42365,-1.21919,0.78671,1.95507,0.18226,1.27926,0.05778,0.43196,2.224,0.41881,1.0972,-0.01325,-0.3537,0.93648,-0.03221,0.81456,0.82903,-0.4651,0.87041,0.10823,1.95337,0.01655,1.49996,0.55536,-0.42911,-0.26482,-0.33247,-2.31991,-0.63723,-0.62081,-0.98965,0.56944,-0.50248,2.02757,-2.27352,-0.4415,-0.32043,-1.23015,1.21895,-0.81608,0.02437,-2.14301,0.30665,-0.82396,0.69935,0.18022,1.40432,-0.90813,0.72123,-1.41456,-0.33481,0.40913,0.96457,0.44866,-0.54073,2.0258,0.35647,-0.03955,2.07342,0.21903,0.22202,0.45014,-0.30422,0.5576,0.43411,-0.98672,0.6943,-1.06059,-1.75291,-1.80054,1.38181,-0.36161,-0.1312,-0.40919,0.86855,-0.42352,-1.37115,0
0.12061,-0.74985,0.27543,0.71086,0.58762,0.82011,0.11378,0.79149,-0.84023,0.93138,-0.28441,-0.35923,0.76834,0.07508,-1.32189,0.70927,-0.00836,1.60217,-1.21362,1.29589,-2.0421,0.08193,1.25341,0.64544,-0.009,0.13403,-0.11273,-0.00891,0.40269,-0.39887,0.5374,-1.2643,-0.50396,-1.0161,0.68056,-0.91025,-1.74068,-0.27079,1.52968,-0.12663,-0.50544,-0.00781,0.81417,0.78446,-0.97575,-0.79254,-1.99989,0.34684,-0.99565,-0.99063,0.20606,-0.10661,-0.30251,1.83896,0.12337,-1.16673,-0.05865,0.68415,0.69754,-0.45798,-0.37957,-0.69485,1.08069,-0.71071,0.99938,0.61337,-0.98847,-0.62363,-1.23586,-0.22723,1.3027,0.73119,-0.91856,0.7643,0.45698,0.04015,0.23508,-1.2741,0.90803,0.83484,0.84848,0.36996,-0.52886,0.37923,-0.5745,2.53553,0.48769,-0.06043,0.07517,0.46715,1.12067,0.21772,0.54667,-0.20948,-0.28283,-0.55891,-1.14591,-1.38117,-1.44741,0.52627,1.2795,-0.73243,-0.80339,-1.78736,-1.40542,-0.02788,0.51332,-2.13452,0.47232,1.00771,-0.32983,1.58324,1.42613,1.1486,-0.27583,0.87466,-0.75547,0.20501,-0.73678,0.60126,0.22402,-0.22592,-0.24093,-1.26962,-0.07692,-0.46855,-0.59769,0.77723,0.7111,0.46677,-0.63334,0.15212,-0.21444,-1.01625,-0.78099,0.48032,0.57954,-0.04889,0.06722,-2.81003,0.27165,-1.36858,-0.87885,-0.09193,0.08751,-3.65389,0.13218,-0.3066,0.3748,0.50354,0.62056,0.43681,2.32191,1.09119,0.79751,-0.4543,0.50785,0.52616,-0.06254,0.67794,-1.0433,1.12536,0.32025,-0.58803,-0.99784,-0.44338,0.21,-0.13197,-1.6318,0.14473,-1.83209,-1.27371,1.46429,-0.23052,0.1144,-0.50065,-1.50329,-0.85452,-1.85426,-0.02155,1
0.78296,1.20025,-1.02541,-0.33755,-0.37803,-1.06082,-1.8007,-0.00035,0.42956,-0.88012,-0.42754,0.61812,-0.1434,-2.32515,-0.91913,-0.56957,1.17956,-0.50473,0.64614,-1.71454,-0.32473,0.57341,-0.88978,0.27789,-1.59198,-2.00343,1.47922,-0.0722,0.22176,0.42068,1.32563,-1.10158,-0.477,0.58729,-1.29517,-1.56369,-0.5555,1.226,-0.4607,0.33509,0.91132,0.01703,1.78502,1.47922,-0.69085,-1.08662,0.54884,-0.64436,-2.22264,-0.08196,-0.68834,-1.87255,-0.02734,-1.91623,2.46795,-0.72573,1.93891,0.02536,1.63786,0.62343,0.00118,-1.12979,0.1847,0.80412,-2.18516,-0.69866,0.81824,0.4451,-0.80449,-0.36014,-0.80674,2.0346,0.34859,0.61285,0.53255,-1.16716,0.96514,0.30179,0.9198,-0.10968,-1.4558,0.05839,0.08848,-0.27705,0.16003,0.45982,0.18295,0.32665,0.45078,0.59444,-1.81387,-1.18534,1.53281,1.19305,-1.57555,0.15823,-1.22521,0.91403,-0.23867,1.02678,1.05687,0.70963,-0.37227,0.90058,0.40546,-1.56098,0.55671,-0.36491,-0.5292,0.21823,0.97714,1.61129,1.68354,-0.67563,1.11741,1.75599,0.63953,-0.42058,-0.59701,0.31403,0.23162,0.73149,-0.77005,0.28247,-0.05347,1.6358,-0.96511,-0.02378,0.58859,0.11007,-0.02721,0.43486,0.19802,1.96605,0.92708,-0.07661,-1.2642,0.10442,0.76816,0.74611,1.25539,0.53958,0.08046,-1.59908,-0.4553,0.58504,0.61968,2.02831,2.05485,-0.329,1.49623,0.84235,-0.45419,1.10454,-0.38343,0.44815,0.70044,0.02823,-1.01394,-0.16225,0.39775,-0.82773,-1.14927,-0.74572,-0.19698,0.85187,-0.02023,0.38115,0.08697,-1.01536,1.2337,0.03936,0.78439,0.85021,0.54166,-1.93147,-0.66353,1.43505,0.48813,-0.34378,0
0.89092,0.37694,1.0523,2.1899,-0.00923,1.13784,-0.21078,0.43842,1.31178,-0.92399,0.38968,0.65913,0.17058,-0.36044,0.15948,1.31197,0.51168,0.18096,-0.34414,-1.6114,-0.56376,-1.76106,0.40338,-1.30473,0.25054,2.16136,0.94167,-1.01451,-0.63861,0.73838,0.89003,1.29916,-1.09397,0.43452,-0.19379,1.47549,-1.8097,-1.10288,-0.00661,0.87706,-0.07309,0.52305,0.16292,-0.49435,0.92458,-1.878,1.88337,-0.27115,-1.34265,-0.17008,-0.4658,-0.55256,-0.73307,0.09653,0.3956,0.80434,1.49962,-0.37367,0.46016,-1.29271,0.98993,-0.26317,1.91876,-0.611,-1.16767,-1.04153,-0.16417,-1.59928,-1.5931,1.70925,-0.18884,0.54755,0.34687,-0.74377,0.17241,-0.06569,-1.42556,-0.79718,0.46291,1.4265,0.32523,-0.77576,-0.368,-0.14258,1.05043,0.85396,-0.56166,-0.9912,-0.60318,2.63144,-0.87989,-0.1266,-1.5577,0.84533,-0.5786,1.15863,0.02542,0.145,1.80015,-1.03181,-0.92526,0.67402,-0.14781,-1.51282,1.00148,-0.57326,-0.61313,-0.89643,0.83214,0.9258,-0.85612,-0.91399,-0.69619,-0.34004,1.18139,-1.23307,0.97044,0.97439,-0.16468,1.152,0.21416,-1.22096,0.17218,0.31951,0.5534,-2.03827,-0.32691,-0.15303,1.12404,-0.53827,1.22297,-0.77263,0.8672,-0.38253,-1.46633,0.01716,-1.1044,1.08972,0.20382,1.52143,-0.68062,0.27572,0.13595,-0.81236,0.68326,0.74006,-0.66351,0.52303,-2.24116,-0.33846,-1.78695,0.57636,0.86678,-0.84678,-1.19274,0.18166,-0.34783,0.22542,-1.75728,-2.39256,-0.00097,-0.93416,-0.13755,-1.67671,-0.01539,0.80093,2.06814,1.6726,0.46906,0.08248,-1.38362,1.60179,0.76029,0.70927,-0.47922,-0.68846,-1.46256,0.16069,-0.19741,0.19434,0
0.14058,0.78469,0.41967,-0.08019,0.26326,-0.21772,0.90237,1.11286,0.46428,0.5845,0.1517,-0.46944,-1.45626,0.26152,0.15568,0.64072,0.13717,1.3452,-0.23507,0.87593,0.15338,-2.08033,-0.57656,0.8396,0.93245,0.36358,-0.29011,1.34555,-0.22168,0.73509,0.03593,-0.49508,-0.86771,1.76117,-0.42261,0.48903,1.20226,0.17947,-1.47287,-1.18523,-0.23693,0.56499,0.90605,-1.42519,-2.00077,0.90309,0.52684,-0.88882,-0.03415,-1.00451,-1.68639,0.08665,2.02276,-1.05166,-1.5266,0.22114,-0.63643,-1.41278,-1.32,1.75239,-0.10849,-0.31711,0.71097,-0.37507,0.72357,0.81071,1.36248,1.62024,-0.58333,-0.57678,-0.58578,1.52679,-0.90134,-2.50969,-1.01873,-0.50363,1.28201,1.1259,-0.57322,-0.08768,1.03532,0.66235,-2.64819,0.99347,-1.131,-0.32311,1.21261,0.79584,-0.69154,-0.9434,-0.2513,-0.00302,0.15966,1.83927,-0.06635,-0.47904,-0.73882,-0.36011,0.52244,-2.42416,-1.20371,0.74067,-0.80244,-0.19222,1.61069,0.61011,0.39502,-1.17744,-0.63573,-1.39135,-1.31399,-0.74166,-0.03458,-0.73241,0.03732,-0.76835,0.3881,0.97257,-1.17853,1.24853,-0.01712,0.2962,0.09732,0.64998,1.04342,-1.24358,0.8736,-0.46699,0.16258,0.87907,-0.89197,-0.07308,1.18137,1.00188,-0.57934,1.59465,-0.70146,-0.50206,-2.90359,0.5884,-1.14392,1.34852,0.8301,-0.29724,2.90403,-0.15438,-0.32176,0.19984,0.78409,-1.75658,-0.93707,-0.05025,0.28996,0.00097,-0.86603,0.97705,-2.11373,0.23623,-0.34932,0.36991,-0.12361,-0.78073,-0.67829,0.32093,-0.68233,1.98738,-0.14811,1.52599,-0.76653,2.24642,-0.99025,0.06126,0.96311,1.2455,-1.5926,-0.20246,-0.48653,-0.84891,0.20774,-0.24619,0
0.75696,0.64329,-0.11839,0.53849,-2.18957,1.47089,0.89479,-1.09238,0.41805,-1.54323,1.38482,-0.94424,1.63182,2.2349,1.8389,1.11654,0.54896,0.51323,0.4894,-1.15622,-0.56978,0.50382,1.73442,0.0915,0.8216,0.42694,-0.31122,-0.68435,-0.58611,-0.01983,0.78417,0.13216,1.89371,0.31389,-0.36505,1.10099,-0.58187,-0.4788,1.26107,-0.04375,1.15114,-1.43928,1.48602,0.95004,-0.50814,1.71116,-1.7646,-0.3217,0.72357,-0.55771,-0.72916,1.4115,-0.9687,-1.19825,0.02333,0.42007,0.43694,0.67976,-1.6338,-1.02731,-2.19488,-0.72762,2.14287,0.01867,0.34066,0.53457,-1.25494,-0.59248,-0.54063,1.27022,1.70152,1.11857,-0.24872,0.41914,-0.21639,-0.73487,-0.5244,-1.3396,-1.69663,-1.15656,0.02189,-0.81402,-0.43209,-0.9829,-0.95795,0.1063,0.56536,1.38422,0.50091,1.22264,0.50645,-0.18252,-0.51057,-0.98534,-0.52575,-0.51811,-0.1371,-0.44271,0.09926,-1.14079,-0.01707,-1.50574,-0.88162,-0.02517,-1.10122,-0.79908,-1.03666,-0.12178,0.0505,0.73041,-0.98206,-1.74283,-0.22142,0.02374,0.95662,0.2167,-0.30797,-0.374,-1.95352,1.04476,-0.10822,-0.8452,-0.27881,-0.6558,-0.33449,-0.04256,-0.29201,-0.79797,0.89817,-0.41013,-0.62649,-0.95693,0.88957,0.8342,0.84094,0.01614,-0.55457,-0.14569,-0.1019,1.23283,1.62298,-0.45873,0.26321,-1.04877,-1.15841,0.41222,-2.52263,1.6064,0.0584,-0.7837,-2.98309,-1.10705,-1.60887,0.95258,-0.0292,0.3256,0.89577,-2.23537,-0.61495,0.56686,0.52588,0.13961,1.96747,0.45699,1.23068,-0.55295,0.63616,-1.06706,-0.75442,0.90581,0.53746,-1.10139,-0.41175,0.28889,1.41193,0.58825,-1.58662,-0.91859,-0.10031,-0.11711,1
-0.35505,0.0552,-0.08537,0.75454,0.21398,0.30907,0.41872,0.61799,-0.88254,0.22531,-1.69672,0.56163,0.54627,0.10282,0.28574,-1.80396,0.78769,-0.60633,-0.51066,-0.85932,-0.61127,-0.66887,-0.53089,0.4173,-0.16542,-0.36492,-0.20929,-0.57475,-0.74152,0.35885,0.04905,-1.61579,-0.83537,1.05547,-0.30455,-0.46007,0.62916,-0.61936,-0.41343,1.7074,0.91642,0.45585,-0.98586,-1.31674,1.26933,0.27255,-0.24148,-0.15346,-0.41779,2.75024,0.07042,-0.24653,1.57603,-0.26069,0.71831,0.95374,-1.06546,-0.77406,-0.23599,-0.19737,-0.6932,0.68791,-1.46861,-0.34048,-0.85491,-0.25696,-0.7321,0.81638,-0.66819,0.74538,-0.915,-2.01476,-0.35545,0.07567,0.07644,0.12629,-0.13866,0.1257,-0.42058,-0.7371,-0.1331,-0.73771,-2.12122,0.52842,0.55719,-0.48461,0.46516,0.03314,0.04187,0.09685,-0.38388,1.40381,1.26971,-0.57484,0.80356,0.34461,0.8029,0.25485,-0.71286,1.39793,0.87603,-0.85934,0.3859,0.69266,-2.49036,1.50247,-1.29662,0.22975,-1.21807,-0.65445,0.15385,-0.37009,-0.92945,-0.5503,0.14552,0.00476,-1.16552,1.0741,0.50423,-1.06948,-0.73569,-0.45364,0.14565,-0.19647,-0.8344,-1.36687,1.22156,1.98138,1.59924,1.06908,-1.51785,0.51205,-0.45288,1.20475,0.33095,1.1021,0.26164,-0.32801,-0.83207,0.49255,-0.14123,1.97174,-0.62126,-1.89552,0.88067,-0.74307,-0.4397,0.24589,-0.11156,-1.60104,-2.00348,-0.91644,-0.6919,-0.29631,-1.20336,0.09662,-0.72915,-1.97752,-0.85306,-1.2516,0.17871,1.43546,-0.30943,1.51828,1.40589,0.15396,0.00541,-0.09835,0.3585,-0.69532,-1.18783,1.18997,0.49868,-0.81577,0.40809,-0.26771,-1.59248,0.51216,0.43462,0.458,0
0.11236,-0.25684,-1.03572,-1.44655,0.10308,1.1367,-0.15881,0.30875,0.84293,1.1458,-0.09311,0.03759,-0.84088,-0.04662,-2.18289,2.07487,-0.44336,-0.53617,1.55499,-0.38667,1.44476,0.52868,0.79079,2.18983,-0.66991,0.1352,0.3689,0.27828,-0.15061,-1.05244,-0.64374,-0.69983,0.43117,-0.91383,0.29726,0.71479,0.0492,0.75745,-0.69276,-1.32192,-1.1252,0.38212,-1.30378,-1.21463,-0.47878,0.85307,-1.42457,0.5925,1.65544,0.61431,0.21456,0.62535,-0.20822,0.95686,-0.65035,-1.35101,1.19698,0.4519,1.11506,0.9822,0.11995,-0.32148,0.68785,-0.36566,-0.48781,-1.51801,-1.04338,1.34889,-3.08606,1.18239,-0.02045,0.67866,0.89782,1.49082,-1.61391,-1.6641,-0.51981,1.66381,0.80115,-1.70182,-1.53223,1.61241,-1.33284,-2.25034,-0.4022,-0.1725,-1.87718,-1.3998,-0.0055,-0.68265,-0.89144,0.13668,0.62039,-0.42118,-0.42604,-0.52162,0.20808,0.40872,-0.02,-0.361,-1.74028,0.34728,-2.85003,0.34563,-0.01611,-0.9213,-1.3328,-1.30818,0.84321,-1.28906,-0.66204,-0.28379,0.39577,-2.69383,0.68667,-0.28798,0.30033,0.9791,-0.1394,0.0645,1.097,-0.5513,1.00074,-0.09569,-1.09639,0.29643,-0.8265,1.92158,0.76945,-0.20315,-0.65747,0.79047,0.72003,-0.07698,-1.01387,-0.82089,0.6662,-0.86842,-2.2528,-0.69242,0.12523,-0.19332,-0.83098,1.09427,0.57255,-0.04174,2.27541,-0.22959,1.04816,-0.18033,-0.19891,0.92536,1.02401,0.3805,1.07001,0.26573,-0.50867,-0.03717,-0.95871,-1.54062,0.04014,0.46466,0.47911,-0.68165,-1.11495,-0.15943,0.33792,0.60325,-1.47247,1.29784,0.49857,-0.10684,-1.54262,-2.39888,-0.45999,0.74764,-0.70415,-0.1233,-1.68863,0.19138,0
-0.12248,-0.27473,0.71706,-0.40728,-1.52697,0.66996,0.63416,-0.06179,-2.99901,1.17132,0.0398,-1.27116,-0.49785,-0.66523,0.62004,0.37931,-0.31386,1.05354,1.00507,1.27108,0.16632,0.05051,-0.98428,-0.92373,-0.14195,0.98508,-1.11896,1.46866,-0.63495,0.45865,1.32189,-1.18599,-0.0976,0.75765,1.0613,-0.56471,0.43383,0.01938,1.4098,-1.0815,0.28418,0.29397,0.27347,1.5746,-0.87368,1.38088,-0.11939,0.92523,-0.69376,-0.30999,-1.57408,1.41157,-1.32274,0.96802,0.01094,-0.99838,-1.19075,-1.42199,1.24249,0.29953,0.2685,-0.32402,-0.19945,-0.77335,-0.73138,0.24781,-0.4263,-0.30481,-0.66522,0.7303,0.22695,0.92522,-1.39691,-0.04135,0.5865,-0.4529,0.58028,-0.75061,0.44191,-1.26891,-1.18716,-0.9778,0.65914,0.64627,1.11846,-0.73048,1.01515,-1.12834,0.17287,-0.84711,1.36571,0.94725,-0.09131,-0.68624,-0.43562,-0.50001,0.40105,-0.34566,0.93767,0.56712,-0.36495,0.07339,-0.41305,0.26242,-0.63169,-1.18238,0.6735,0.3469,0.00356,0.21175,-1.27481,0.97174,-0.51708,-0.1149,0.79618,-0.98573,-0.21216,-0.37065,-0.01249,-0.9543,0.3337,-0.42954,0.80421,-1.44589,1.67922,-0.8018,0.23432,-0.27095,-0.98761,0.89458,-1.49833,-1.03796,-0.43031,-0.98525,-0.77366,-0.62642,-0.99923,-0.89608,0.50455,-1.26121,1.63238,0.5936,0.39791,-0.5871,0.93824,-0.73901,1.37689,1.3943,-0.29466,1.34774,1.09922,-1.03706,1.03711,-0.44996,0.85434,0.47925,-0.00955,0.79969,-0.5276,-0.71513,-0.8818,-0.22469,0.16805,1.05176,0.02971,0.21402,1.50217,1.43908,1.61315,-0.28312,-0.82264,0.30428,-0.71471,-0.94928,1.13835,-0.17129,2.60925,-0.63926,0.96132,0.1096,0
-1.33999,-1.08008,1.23171,0.49932,0.10093,-0.65329,1.09755,0.76248,-1.41483,0.03093,-0.73892,0.90503,-0.16649,0.01813,0.26732,-0.32101,1.68137,-1.51306,-0.56757,1.48973,-0.48842,-0.63462,0.69224,-1.03332,0.30651,0.09307,0.09623,0.76773,1.78353,-0.86127,-0.59342,0.10349,0.4485,0.24785,0.76813,2.19391,-0.68262,0.89137,0.77847,0.16503,0.05975,-0.14578,-0.1191,-0.90184,-0.28923,0.47014,0.6465,0.38052,0.77839,-0.05141,-0.68996,0.59042,-1.59897,-0.75642,-0.58323,-2.38399,-0.95123,-0.00826,-0.72645,0.85107,-1.19461,1.68353,-0.88298,-0.51206,2.25932,-1.26788,-0.32695,0.11784,0.41932,1.91085,-0.03195,1.3407,-0.16194,0.01871,1.48635,-1.6257,-0.31693,-2.39038,-0.81303,-1.66948,-0.77996,0.1936,-0.12773,0.74464,-0.21755,-0.89156,0.35036,0.98308,-1.31294,-1.34692,0.35929,-0.57803,-0.69835,0.80002,0.16577,0.60816,-1.53205,1.73057,1.53918,0.22334,2.21799,-1.69411,-0.58218,1.05006,1.45486,0.73246,-1.88721,-0.85636,0.68643,-0.30226,1.01102,0.93107,2.38682,-0.73336,1.22068,-0.17487,-1.23592,0.89792,-0.60994,-0.58769,-0.36902,-0.65324,0.93659,0.52223,1.30739,0.08179,-0.99325,-1.03275,-0.02308,-0.88238,1.50946,1.80963,-1.10387,-2.56645,-1.25996,-1.67816,-1.32885,-0.08535,-0.34753,1.8804,-0.20438,1.84692,0.68677,-0.46367,0.81452,-0.91935,0.1686,1.61607,-1.5173,2.26959,0.92334,-0.99363,1.61808,-1.09246,-0.37642,0.11077,-0.49171,-0.11484,1.21442,1.92342,-0.76519,-0.73065,0.21709,0.14298,1.05994,0.81975,-1.84973,1.49182,0.48779,-1.41149,-0.87818,1.4706,1.76863,0.94594,-1.04035,-0.11097,0.94165,-1.18937,-2.04245,-1.00551,1
-1.64075,-1.18647,1.21977,-1.63953,-0.69589,0.76251,-0.81195,-0.52118,-1.46304,-0.4969,0.2922,0.53274,-0.8068,-0.47983,-0.01865,-1.01033,-0.72666,0.12225,-1.36932,1.06544,1.65326,0.27055,0.37984,1.27829,0.73257,-0.75319,0.61867,0.04008,-0.24956,0.68095,-0.54105,1.94465,1.19693,0.04567,-0.74613,0.73631,0.60766,-2.88,0.9035,0.24975,-2.24932,-0.01876,-1.00893,-1.46395,0.81556,1.4223,1.0584,0.75214,-0.852,-1.92531,1.20818,-0.15265,-0.23229,0.19176,-0.05354,0.81118,-0.27739,0.58387,1.52224,0.63249,1.57776,-0.58824,0.15785,0.24759,-1.27213,0.91441,0.20066,4.89698,0.87918,-1.26768,-0.28484,-0.76852,-0.37389,0.13919,-1.10996,1.0958,-0.90955,-0.862,0.15705,-0.28444,0.3063,-0.25785,0.65821,1.46629,-1.51417,-0.24101,-0.39965,0.26875,-1.24533,-0.81022,0.74026,-0.27822,0.16064,-0.71417,-0.02959,0.63844,-1.16485,-0.41529,0.50932,0.4142,0.37876,1.15251,-1.0969,-0.75611,-0.12967,-0.11262,0.36123,1.64353,0.41176,-0.74835,0.29575,0.98717,0.5373,-0.83317,-0.69967,2.28524,0.21074,1.00421,0.25246,-1.23794,-0.85032,1.46594,-0.82559,-0.523,0.68578,-0.68595,-0.55317,-2.17825,0.16706,0.52213,1.39423,0.79546,-0.16315,-0.42643,-0.63295,0.05346,0.40427,0.1656,-0.19265,-1.66637,-0.35296,0.35901,0.22506,0.29761,-1.01777,1.25402,0.86904,-1.22889,1.31635,1.16988,-0.42802,0.00383,0.80788,2.31387,0.4951,-1.45336,0.98816,-2.87636,0.27782,-1.53925,-0.27882,-0.66133,0.07911,-0.35864,-0.15811,0.7024,-0.7811,-1.65782,-0.26095,-1.73126,0.36601,0.13873,0.93314,-0.29886,-1.18589,-0.45668,0.93723,-0.26967,-1.6539,-1.39185,1
-1.15991,-1.62431,2.42872,0.0888,0.54627,0.21937,0.42467,1.25724,1.13835,-0.91602,-0.78602,-0.24475,0.15951,0.55927,2.9116,1.04649,0.16335,-0.1721,2.10693,0.74394,2.12604,-0.58904,-1.34044,0.34494,-0.68898,-0.84116,1.39661,-1.64286,-0.14805,1.0218,-0.25478,0.89346,1.34719,-0.70386,-0.20575,-0.14016,0.28039,1.42169,0.93591,0.91732,0.1123,-1.25412,-0.94098,-1.49714,1.03004,-0.48185,-0.14819,0.11684,0.09316,0.15284,-2.4413,0.77973,-0.26271,-1.02459,-0.98535,-0.06354,0.45749,-0.17798,0.28793,-2.59319,0.30606,0.32856,-0.49479,-0.30447,-0.40158,-0.23239,-1.11083,-0.1473,-0.96655,-0.70749,-0.30579,-0.35455,-0.65183,0.71682,0.49486,1.05568,-1.08165,-0.76291,-2.90563,1.74531,0.88026,-0.29885,-1.56695,-0.24524,1.10055,-0.05818,-0.9066,-1.26506,0.27445,0.814,-0.31843,1.73793,0.47462,-1.70603,0.63545,-0.06137,0.08512,-0.38327,0.61512,0.28482,0.21309,-1.41411,1.03247,0.63998,-1.02455,-0.3021,-0.98809,-0.87307,0.61033,-1.40929,-0.61674,0.89851,0.65761,-0.23608,0.80847,-0.34688,0.69856,0.93953,1.46919,0.91888,-1.87615,1.66278,0.20495,0.61785,0.6801,0.77142,0.67275,-0.06741,-1.77321,-0.26598,0.4486,1.13085,0.16231,0.69725,1.29123,0.8628,-1.86826,0.55074,-0.06147,-0.0229,0.10897,1.18078,1.07196,-0.29266,-0.525,1.05286,-1.77599,-0.20361,-1.23486,0.53658,-1.02721,0.50379,0.2871,0.5263,1.07083,-0.59397,0.49471,-1.49388,-1.23459,-1.12473,-0.16497,-0.80434,0.38081,0.12474,0.39558,0.54959,0.967,-1.13229,-1.7022,2.0166,-0.17946,0.28565,-1.76777,-0.1598,0.30334,-1.32139,-0.9901,-0.04549,-0.87566,-0.98659,0
0.19066,-1.98054,1.73806,0.76582,0.75092,0.59486,0.51964,0.32335,-0.64648,1.80917,-1.93187,-0.92001,0.72872,0.43545,-1.54739,-1.95382,0.83377,0.94086,-1.88167,-0.44182,-1.78018,2.27458,-1.00159,-0.35777,-0.88604,-0.32413,0.55494,1.98165,-1.50722,-0.99062,-1.20133,-0.43094,0.99013,0.89131,-0.10011,-2.50374,0.51068,-0.44831,1.49098,-0.64019,0.41744,0.22745,-0.14256,-0.11293,-1.6581,-0.46701,1.88193,-1.47348,-0.39055,1.01046,-0.45306,0.37816,0.91454,1.01283,0.34081,2.17306,-0.31945,-1.2414,0.22826,-0.21766,1.03949,0.35393,0.49705,-0.64471,-0.11859,0.36116,-1.59284,-0.66718,0.22344,-0.30451,-0.10115,1.11721,0.29317,-1.53817,0.26332,1.605,0.20247,1.52076,0.49353,-0.04323,-0.71018,1.56298,1.29215,-1.55183,-0.71088,-1.25894,-0.42259,-1.43457,-0.09418,0.50011,-1.29857,-1.16829,-0.15059,0.45843,-2.32715,-0.87589,-0.35049,0.24625,-0.18786,-0.73445,-0.76364,-0.40915,0.92783,0.14569,-1.05222,0.56628,1.17878,-0.41825,1.98482,-0.05525,-0.13972,-0.07617,0.75063,-1.25171,0.71445,-0.63368,1.29232,-0.89313,-0.94298,0.2472,-1.85484,-0.18384,-2.15729,1.2294,-1.14925,0.54069,-0.08783,0.34069,-0.19953,-0.57252,1.30373,-0.14604,0.95153,-2.16036,-1.36275,-0.59273,0.31326,-0.93207,0.28778,-0.18098,-1.02509,1.36911,-1.95908,-0.47286,0.72661,-0.71556,0.45401,0.68713,-0.72292,1.51089,-1.04588,-0.0683,0.5013,1.86184,-0.94381,0.34577,-1.34364,1.02037,0.89618,0.1196,-0.48934,-1.06829,0.37816,-0.4905,-0.33587,-0.20379,-0.08378,0.05641,0.84408,0.36277,2.91803,-0.33812,-0.50045,-1.72065,0.03184,1.4294,0.16411,0.40099,0.48011,0.12543,1
-1.66295,0.64371,-0.49815,-0.07868,-0.823,0.68324,-0.26769,-0.60004,-0.69026,-0.90086,0.61224,-0.41534,0.44517,-0.68745,0.85116,-0.39794,-0.53589,0.2347,0.10488,0.36059,0.26045,-0.77808,0.20503,1.37582,0.16952,-0.59663,0.73008,0.53385,-0.05731,0.61751,0.22347,1.57457,0.81203,0.35505,-0.16488,0.29375,2.80478,-0.25142,-0.87201,0.62147,-0.32842,1.09006,-1.55488,0.56659,-0.16851,-0.10085,-0.01711,0.84421,-1.16895,0.38362,-0.19705,0.76532,-0.74111,-0.2838,-1.1119,0.35556,1.51214,0.69587,-0.58077,0.95088,0.42354,-0.53915,-2.54261,0.46311,0.28364,1.75948,0.37126,2.32747,-0.42186,2.22086,0.21527,0.08394,-2.93884,-0.07478,0.41384,0.06348,0.23226,-0.29,0.20654,0.55666,-0.05942,0.10369,-0.41443,1.28918,0.11687,-0.48388,1.22814,-1.09258,0.18026,-0.56869,0.31074,0.24711,-1.45909,1.39897,0.07307,0.12457,1.37414,0.8562,-1.16928,-2.02053,1.28854,-0.03278,0.63638,-0.07619,0.39052,0.14586,-0.49452,0.27851,-1.40217,0.18895,0.31701,-0.11924,0.8028,-1.88007,0.4309,-2.00562,1.65658,0.60197,0.12017,0.28186,-0.21662,-1.3103,0.25203,1.19783,1.77908,0.08129,-0.2967,-0.52692,0.18352,-0.53615,-1.84536,0.50253,0.03759,0.20281,-0.91002,-0.56611,-0.21432,-0.31891,1.48518,-0.6557,-2.44419,-0.03375,1.0067,-0.30457,-0.83879,0.70422,0.37667,-0.22381,0.17688,-0.32717,1.236,-0.85846,-0.38638,0.15738,-1.32474,-1.1746,-0.85962,0.18777,-2.28607,1.4115,-0.06407,-2.076,-1.35185,0.47004,1.63231,-1.33791,-0.12744,0.35138,0.52172,0.61122,0.41582,-1.9881,0.90695,-0.54775,1.27001,1.48117,-0.79769,0.68809,-0.11185,1.05546,1
0.14947,0.79148,1.25644,1.86628,-0.20262,-0.12329,-0.39616,1.58742,-0.09638,0.47716,-2.89459,0.87563,0.18295,-0.20882,-0.23824,0.72886,1.32659,0.34059,0.53861,0.66511,-0.44445,-1.27549,-0.63156,2.03164,-0.78569,-0.81437,-0.87002,-1.11752,-0.02372,-0.25608,-0.30185,-0.58798,-0.1978,0.07135,0.41483,0.51749,0.91656,0.84708,0.08404,0.73326,-2.40782,-0.17454,-0.40309,0.75063,0.00113,-0.6725,2.89532,1.13502,-0.36442,0.88821,-1.17673,1.84905,-0.56485,-1.213,0.74621,-0.0563,0.66008,-1.21979,-0.09566,1.53213,0.12188,0.05706,-0.18113,-1.20047,-1.47385,-1.14522,-0.27157,1.46818,0.63898,-0.27046,2.0001,1.2427,-1.01845,1.28389,0.7152,-0.99701,-0.40929,-0.86832,-0.07188,-1.766,0.40798,-0.3218,1.93473,1.05789,0.73399,0.73233,0.82247,0.31522,1.40428,1.218,-0.31003,-0.45277,0.5506,-0.2621,-0.32943,0.97327,-0.15259,0.87823,-0.18582,0.03592,-2.06011,-0.07385,1.28642,-0.5193,-0.28552,1.27587,0.09475,-1.04259,-0.35651,1.54414,0.29348,-2.28046,1.12229,0.28306,-0.01491,-1.13367,1.43735,-1.86267,-1.05746,0.87713,0.27115,0.93686,1.6222,-0.7377,1.32145,0.59508,-0.06966,1.5496,-0.52702,-2.42864,-0.45916,1.17455,-1.17682,1.11635,-1.25245,-1.04586,-1.93626,1.18598,-0.95887,0.65599,-0.50331,0.53231,0.4399,0.10564,0.34401,-0.82455,2.05585,-1.83849,-0.00821,0.33894,-0.83362,-0.48072,-1.36215,-0.46372,-0.70228,0.08065,-1.83772,0.07876,-0.23354,-0.9238,0.04038,0.10312,1.01266,-1.89786,-0.53476,0.88566,0.52437,-0.59246,2.12236,0.5502,0.75544,0.07717,0.07519,0.66614,-0.48241,-0.34323,0.8236,0.54983,1.41962,0.20544,1
-0.52315,-0.44759,1.58068,0.86952,-0.16472,-0.67047,0.65674,1.99481,-0.13035,1.4193,-1.33092,0.72867,0.16867,-1.99379,1.35811,0.41847,0.03426,-0.0212,-0.05443,1.67135,0.85384,0.80305,0.04447,-0.61962,0.81517,-1.60222,-0.2256,0.44305,-0.76618,1.30462,0.68922,0.86806,0.21826,0.2514,-0.22168,0.22988,-1.2868,-0.04473,-0.27909,1.92541,0.15823,-0.08574,2.27992,1.46543,-1.10896,-0.50767,1.30715,-0.58147,0.6977,-1.08544,0.90367,-0.60159,-0.85075,-0.6942,0.07051,-0.33097,0.0253,-0.32069,-0.87005,-0.64066,0.66573,-0.03118,0.05667,0.15261,-0.75285,1.29567,0.58601,0.4546,0.21973,-0.31636,0.87963,1.50864,-2.50783,1.44822,0.49141,-0.99739,-0.98027,2.61279,0.44269,-0.03508,0.27396,1.13373,-0.36528,-0.37838,0.90921,0.12054,0.32395,-0.70824,0.44849,0.15634,-0.37282,-0.03266,0.10076,0.28805,0.63293,0.11106,-2.19793,1.62118,-0.32614,1.07931,-0.32859,-0.68373,-1.05591,-0.47669,-0.32092,-0.36926,-0.64035,-0.6474,2.12826,0.45435,0.24608,0.21942,-1.77975,-0.58974,0.23147,-0.81443,1.66207,-0.16476,-2.27775,2.39873,0.16523,1.52782,0.98309,-0.38752,-0.77475,-0.8021,-0.85708,-0.56827,0.01297,0.63564,1.92192,1.09143,1.65542,0.39816,0.93867,-0.7829,-0.26761,0.64731,-0.44921,-2.1657,0.04552,-0.7218,-0.54374,1.25017,-0.83793,0.64769,-0.80445,-0.27936,-0.04631,-0.68021,0.06307,-0.27394,-0.36311,0.48514,-0.37218,-1.64909,-0.88445,-0.61723,0.60099,0.11198,0.66677,-1.73627,-0.12512,-0.00144,-0.52987,-0.22341,0.01086,-0.28345,2.35826,0.33787,1.8685,0.4396,-1.26792,0.72865,-0.47648,-0.47532,-2.93118,0.23629,0.11858,-0.47918,1
-0.65591,-0.20578,0.92772,-1.3146,0.5903,1.0949,0.80048,-0.59153,0.47775,0.17864,-0.17834,-1.51776,2.15564,0.29199,-0.60672,-0.69523,-2.18626,-0.55867,0.03785,-0.27011,-0.44853,1.03107,-0.98777,-0.48247,0.02487,0.01734,0.52666,-0.88732,-0.64221,0.01476,0.54483,-0.72196,0.16308,-0.12536,0.43769,-1.18419,-0.33806,0.58269,0.46832,0.15024,-0.44411,-1.50903,-2.47065,-0.63791,-0.47567,0.32779,0.11716,0.23947,-3.36776,-1.96653,0.9399,1.20687,0.03698,-1.20613,-0.66441,-0.00236,-0.36722,-1.30561,-0.15787,-1.86214,-1.07968,-0.42636,-1.79749,-0.51136,1.01669,0.4318,0.49724,0.60563,-0.229,1.06668,1.22847,0.06109,-1.38913,-0.75699,-1.05598,1.86306,-1.79518,-0.02534,-0.61048,-0.36155,-0.44103,0.10535,0.87641,-0.89434,-1.39818,0.60074,0.06499,-0.9567,-0.56132,0.37405,0.11515,0.12215,1.50954,0.63025,0.32472,1.78496,0.06267,-1.21871,-1.18579,1.10535,-1.55384,-0.7999,0.95553,-0.59329,-1.09503,-0.56492,-0.10931,0.22654,-0.63694,0.38248,0.89663,-0.10028,0.1435,-0.89568,0.59584,0.08513,0.87417,-0.38053,1.02745,0.64487,-1.96104,0.53525,0.0957,-0.39785,-0.30981,-0.67418,0.46696,-0.20672,-0.69093,-0.40289,0.16911,0.98179,2.15385,0.71858,0.2557,0.02455,-0.36224,-0.56311,-0.19264,1.62027,-1.54956,-0.49699,-0.12743,-0.48343,0.78173,0.99377,1.33769,-0.3953,0.89918,-0.50656,-1.26859,-0.16923,0.29167,-0.94661,-0.48986,-0.96644,2.43922,0.17425,1.10622,1.40528,-0.21278,-0.45946,-1.66064,1.08289,-1.08126,0.27181,0.90603,-0.40207,1.12669,-0.23714,1.08643,1.13787,-1.31564,1.22081,-0.29863,0.92932,0.37271,-1.9018,-1.7795,0.52727,0
-1.86414,-0.95656,1.00921,1.29618,0.07265,-0.26695,-1.53144,0.41458,-1.62667,0.6885,0.78517,1.07636,0.05343,0.37461,1.52118,-0.52462,0.92252,-0.00018,1.43307,-0.7048,0.63314,0.27877,-0.57486,-0.30055,0.3348,-0.27035,0.0023,1.11949,-0.17592,0.49645,0.222,0.60354,-0.45544,-0.89483,0.28156,0.22429,0.64309,0.8694,1.0598,0.29124,-0.23439,0.76283,0.26,0.56044,-0.33154,-1.78004,-0.70616,0.65228,-1.45128,0.29338,-0.85249,0.14672,-0.304,1.35823,0.40325,-0.8588,-0.53059,0.31777,-0.57113,-1.43333,0.42404,-0.9345,0.84426,0.30407,-0.88017,0.81037,-0.86021,0.17514,-0.11671,0.20116,0.62615,-0.25639,-1.31643,-0.61999,0.64876,0.73257,1.36801,-0.76278,-0.46773,-0.27296,-0.21799,-1.33684,1.47075,-0.09967,1.27492,-0.5563,0.44088,-2.38886,-1.49842,-0.15729,-1.56369,-1.04558,-0.25428,-0.39551,-0.12445,0.97685,0.5833,-1.84793,-0.7793,0.09051,-0.4837,2.06735,0.0336,0.77474,0.1899,0.16005,-0.97002,-0.47981,1.81174,1.70986,0.51674,-0.23214,-0.38411,-0.02642,-1.51871,1.10725,0.6478,1.58165,0.00136,0.48232,-1.51311,0.77003,-0.02993,0.51285,-1.32048,-0.28262,0.62679,1.2387,-1.23503,-0.99832,0.77054,0.38331,-0.45542,-0.00823,0.55445,-0.88836,0.12278,0.42359,-1.3955,-0.98531,0.0186,0.9255,-0.21978,0.90009,0.97752,-0.03583,-0.46624,0.60796,-1.29,0.08541,-0.28628,-0.84154,0.94038,-0.75169,1.37547,-0.21371,-1.93708,0.61511,-0.22921,-0.55958,-1.07106,1.10267,-0.77319,1.20775,-0.30962,1.11616,1.15363,-0.43445,-0.39543,-0.33141,0.85134,0.83047,-1.29992,-0.09017,2.11509,0.14442,-0.7254,-0.09329,0.08239,1.05681,0
0.33053,0.72213,-0.007,-0.59317,0.55959,0.42666,1.40081,0.62646,0.08869,0.19241,0.57134,-0.47682,1.04417,-1.63551,0.69492,-0.32577,2.01697,-1.23542,0.54444,-1.19651,-1.11327,0.23825,-0.48038,-1.93939,0.54437,-0.44803,-0.34578,-0.49792,-1.86689,0.26807,1.29578,1.3074,-0.46779,2.02102,0.08259,0.96418,-0.61132,0.24841,0.36748,-0.76804,1.79804,0.16233,0.2668,0.86646,0.23428,0.91976,0.74152,-1.21555,0.40423,1.21378,-1.06063,3.14126,1.90756,-0.89929,-0.68061,-0.88604,0.077,0.15125,-0.88459,0.44294,1.90301,0.28085,-2.13661,0.73625,0.95059,-0.03516,-0.69267,-0.49565,-0.67203,0.34576,-0.91009,-0.47504,1.53274,0.28788,0.25963,0.35242,0.48512,-0.6451,0.36637,1.37139,-0.25797,1.35084,-0.26918,1.29465,-0.49628,-0.2535,1.35806,0.48931,-1.96364,-0.5684,0.43396,-0.61766,0.08401,-0.04883,2.45721,-0.00275,-0.12321,0.14135,0.06766,-1.13824,0.68046,1.17597,-1.02239,-0.34878,-0.98084,0.62627,-0.71548,-1.09284,0.92737,1.18191,1.02183,0.37265,-0.58111,-0.90452,0.85331,-0.30185,1.48417,-0.91536,-1.07056,0.54401,1.1573,-0.27301,0.0782,0.67707,0.5716,1.11874,0.93359,-1.34816,-1.42321,0.1927,-1.15807,0.03441,-0.66511,-0.13712,0.38782,-0.55511,0.34995,0.31056,0.53329,1.48232,1.01946,0.26982,-0.52417,0.03299,-0.33548,0.26422,-0.63356,-0.66667,-0.14825,0.11309,-0.2066,-1.76339,0.53801,1.83817,-1.78558,0.69587,0.69298,0.5885,2.20109,-1.12317,2.25532,-2.11585,0.39992,0.77789,-0.78586,-1.34314,-0.29513,0.62488,0.91031,-0.47121,-0.66369,0.33116,-0.62774,1.61235,-0.27579,-1.95168,-0.74567,-0.63154,-0.0809,-0.95882,0
0.65387,0.00506,1.03606,-0.20001,0.86572,-0.3434,0.69308,0.02711,0.30439,-1.21229,-0.4225,0.76545,-1.0745,-1.15911,0.55371,-0.50824,-0.46713,-0.80922,-0.06188,-1.15522,0.74937,-2.98532,-1.2933,-0.85362,-0.93085,-1.01199,0.79614,-1.28032,0.6083,0.56172,1.34456,-0.07061,0.8253,-0.52498,-0.66351,0.65146,-1.15522,0.59228,1.43245,2.22287,1.76695,1.04922,0.37516,2.2608,-0.61156,0.25214,0.08547,-0.18574,-0.91944,0.8932,-0.79301,1.04629,-2.44081,1.69155,1.31979,0.99821,-0.01828,0.64737,-1.46506,1.98381,-0.47159,1.04293,1.03056,-0.30407,-1.14716,-0.5136,-0.19458,-1.78695,1.31989,-1.57364,-0.14938,-1.37159,1.1209,-0.41212,1.8592,1.34529,0.15788,0.47257,-0.6339,-0.12929,1.01906,0.42706,-0.18901,-0.9104,-0.35629,-1.29833,-0.08413,-0.04264,0.66306,0.5551,0.18784,-0.17708,0.57247,-1.47419,0.85006,-2.38034,0.50354,0.14531,-0.41552,1.3039,-1.17,-1.48914,0.98363,-0.87536,-0.51598,0.10477,1.58247,-0.65565,0.65626,0.70142,0.06818,-0.35217,0.57345,0.71065,1.69656,0.19808,1.50717,0.02023,-0.1707,0.8227,0.44525,0.86107,0.6699,0.65932,-0.23111,1.51263,0.81343,1.55829,-0.63796,-2.39111,-1.4654,0.23584,1.99242,-2.62534,1.9791,-0.23667,-0.59805,0.20496,-1.22038,0.18269,1.1679,0.01452,-1.26708,0.50727,-0.44257,-1.7002,-1.03472,0.61623,0.15911,-0.80947,-0.05694,1.35779,-0.64819,1.1576,-0.34639,0.54736,-1.18549,0.75345,-1.63164,-0.49082,-0.67522,-1.01898,-0.02731,-0.41873,-0.78993,-0.44377,-1.92831,1.82263,-1.61968,0.12263,-0.90882,-0.70021,-1.36616,0.10775,2.17943,-0.22849,-0.67546,-0.69346,-0.36617,-1.72144,0
0.71559,-1.14471,1.79984,-0.43094,-0.06166,-0.03584,0.41555,0.12671,-0.65294,-1.57104,0.34227,0.75464,-1.08143,-0.16969,-1.71448,-1.22742,0.40428,-1.46898,-0.84339,2.33576,-0.16837,-1.05469,-0.27636,0.3788,-0.15015,1.47655,0.77167,-1.45964,0.68046,1.87531,1.83073,-0.82198,2.78627,1.07807,0.73484,0.88242,-0.62893,-0.29234,0.34891,-0.37338,-0.38573,-0.11752,0.66959,0.45144,0.27115,0.10766,-0.20141,0.47299,-0.05577,-0.11107,1.21969,0.82777,-0.77023,1.23707,-1.91273,-0.86217,-1.48055,0.51293,2.20075,-0.82873,-0.35921,-1.67607,-0.30848,0.91498,-0.18147,0.43023,0.7763,0.2247,1.69921,0.54458,0.7572,-0.00637,0.30976,-1.28254,1.1656,0.93306,-0.7502,-0.70921,1.33644,0.79068,-1.27841,-2.1227,-2.17603,-0.55733,1.13989,1.45985,1.40133,1.48119,-1.534,-0.00251,-0.51964,0.85547,-1.51663,-0.04121,0.75313,-0.7091,1.89725,1.57791,2.39935,-0.24261,-2.02564,-1.95716,-0.96697,-0.81917,0.69738,1.89628,0.09787,1.07047,-0.68226,-0.8351,1.48154,1.09649,-0.82569,0.31918,0.52597,-0.85461,-1.02296,0.84919,0.02305,-0.39411,1.39755,0.01682,-0.55104,2.01507,0.6177,0.77942,-1.14025,2.72939,0.90176,-0.14379,-0.5935,0.41883,-0.00668,0.22618,-1.73946,0.01877,-0.33777,-1.42211,1.50746,-2.2137,0.25642,0.59821,1.34335,1.10188,-0.09856,-0.68475,0.57682,0.62271,-0.95443,0.68488,0.34327,-0.60204,0.41723,0.77052,-1.30909,-0.19869,-1.22641,0.00652,0.64991,0.769,1.3748,-0.32576,0.15612,-0.38354,0.98668,0.61992,-0.23879,-0.11658,0.62289,-0.45369,-0.29782,1.14744,-1.68864,0.72339,-1.02335,-1.74654,-1.57842,-1.89936,0.73664,-0.61974,1
-0.12075,0.25574,0.3669,2.44191,0.12996,0.30502,-0.88622,0.90312,0.65995,1.00057,0.29284,1.12304,0.31707,0.19279,-1.54217,0.25116,1.70861,1.67009,-3.35184,-0.89942,-0.17074,2.54309,0.27862,0.6517,0.17136,0.91404,-1.02566,-0.15236,-1.58374,-1.04336,-0.90584,0.20914,-0.23663,0.66465,0.40087,1.24576,-0.63153,1.19014,-1.08007,-0.07153,-2.23182,1.96461,-1.04341,0.28271,0.35747,-0.50331,0.08829,1.41934,-0.85997,-0.21388,-0.73238,0.13271,-0.92085,-0.56406,-0.28547,-0.19563,-1.17986,-1.05996,1.00452,-1.31139,-0.33686,0.17567,-1.70904,-0.88846,-0.24444,-1.30505,-0.44774,0.55283,0.04374,-0.67332,-0.78306,1.06805,0.10862,1.27813,-0.79298,0.15627,1.1178,-0.03116,-0.40648,0.58687,1.01752,0.4834,-1.30767,0.08016,1.18693,-0.27637,1.23153,-0.35168,0.57139,0.49382,-0.33531,1.79905,0.74347,-0.39421,-1.59497,0.68168,1.86351,0.13619,-0.26462,-0.85428,-1.17064,-1.06924,-1.47304,0.34491,-0.0226,0.46022,0.20553,0.31378,-0.12837,0.05315,-2.01279,0.66909,0.39264,-1.82503,0.68717,-0.62524,0.30108,-0.71113,-1.25254,0.19818,0.13489,1.01686,0.08229,0.0661,1.05541,-0.59621,1.91557,0.37021,-0.65149,0.07192,-1.19589,-2.16538,-0.12436,0.81528,-0.48667,0.49847,0.44967,0.90622,0.15945,-0.8817,0.52277,0.7326,0.04334,1.01865,-1.54461,0.10544,0.65636,0.3663,-1.66762,1.77121,-0.80319,-0.85759,0.92095,-1.46927,-0.20765,1.55496,1.12707,0.21821,1.07164,-0.23672,0.94148,0.29463,0.22636,-0.65663,-1.4772,-0.41589,-0.95639,-0.81336,2.0676,0.13728,0.63582,-0.00869,-1.12819,0.49351,1.80293,-1.65962,-0.57463,-0.57116,-0.1422,0.87985,1
-2.37856,-0.5105,-1.50573,0.32338,-0.63816,0.4278,0.64796,-1.24914,-0.35525,-0.06868,-0.30556,-0.67352,-0.08262,-1.26372,-0.93799,0.693,-0.48298,-1.0911,-0.24388,1.49863,1.27693,-0.02639,0.62623,-0.01596,-0.28675,-0.83574,-2.64661,-0.60683,-0.40296,-0.1611,1.1258,-0.52234,0.63131,0.79946,-0.8812,-1.73235,1.92705,-0.58451,-0.13539,0.25478,1.50996,-2.47565,-0.38757,-0.65598,0.74023,1.7411,0.95439,-2.89612,-0.95995,0.10076,0.82151,-0.86834,-0.17388,0.41531,-2.59842,-0.58235,-0.18546,-1.19143,-0.73478,-0.05565,-0.43107,0.53023,-0.38593,1.46144,0.43932,0.31575,0.87213,0.2942,-2.19282,0.05979,-0.19376,0.14288,0.4083,-0.73454,-0.39995,-1.51733,1.10941,-1.15286,-2.56388,-0.50334,0.52615,0.3445,-0.09118,0.47763,-1.04314,-1.34373,-0.68745,-0.01864,0.91501,0.78686,2.9747,0.41477,-0.56645,0.94712,-1.59185,-0.7515,-0.98802,-0.36178,-0.35263,-0.44707,0.07645,-0.9002,0.34312,0.40693,-0.64725,-1.75603,0.49386,0.44747,0.39526,0.28753,-0.31409,0.07745,0.31424,-0.57069,-1.09045,0.63762,1.45081,-0.10388,0.29486,-0.2738,-1.00711,0.9942,-1.55599,-0.09974,-1.67793,1.26158,-1.59563,-0.62477,0.44558,-0.71729,-1.25708,-1.78276,1.61415,0.85573,0.88625,0.09626,-0.76436,-0.44447,-0.29319,-1.79763,-0.77803,1.6323,-0.14754,0.514,-0.16066,0.98634,-0.39372,-1.05639,-0.39459,-0.51542,-0.09536,1.05603,0.92804,0.36047,-0.57448,-1.13114,0.96311,1.50829,0.29542,-0.70487,0.90531,0.08003,-0.79007,1.65221,-1.03377,-0.1654,0.88895,-2.21538,-1.04891,0.06985,-0.97858,0.013,-2.42727,-1.00819,-0.18629,1.49094,0.69404,0.16004,0.53068,-0.15511,0
-0.88469,-0.36408,0.7786,-1.5601,0.39301,-0.36042,-0.91264,0.17041,0.75934,-1.21337,0.09433,0.0825,0.73286,0.79645,0.53114,-0.14001,1.02101,0.08234,-1.21082,-1.32599,0.70864,-1.56276,1.88418,0.09763,0.60385,-0.73986,-0.22974,-0.13032,-0.49179,-0.37475,0.23029,-0.77946,0.72804,-0.95772,-1.4274,1.52783,0.26158,-0.54514,-0.73939,-1.55093,-0.4365,0.40204,-1.10458,1.17228,-0.12315,0.29372,-0.67548,2.27352,-1.22285,0.81515,-0.17772,-0.76458,0.36058,0.98742,-1.63354,0.38873,-0.99507,1.46464,-0.97615,0.01055,0.98022,0.3701,-0.34769,-0.65222,-0.15342,-1.28349,0.01351,-1.16445,-0.17537,0.29319,-0.89882,1.73073,0.16453,-1.69281,-1.71602,1.92519,-0.91,-0.53583,0.14018,0.02172,-0.72523,0.28769,-0.67805,0.1842,1.32643,-1.91225,0.55088,1.06573,1.2379,-0.55924,-1.42025,-1.90157,-0.0923,-0.63172,-1.20529,0.03481,0.39623,0.82452,1.83925,1.30974,1.19641,-0.04215,-0.47859,-2.44034,-0.3444,-1.88014,-0.68196,-0.03782,-0.02823,-0.96743,-0.36258,-1.19991,0.39985,0.48779,0.7186,0.0464,0.15004,-0.11253,1.37871,-1.81844,-0.26473,-0.34646,-0.09781,-0.31306,-0.23169,0.42407,1.10977,0.71312,-0.8651,-0.38059,-0.26846,-1.58654,-0.33039,0.67688,-0.06253,-1.56137,-0.9775,1.40387,-1.99953,1.2591,0.57987,-0.1238,-0.01809,-0.47757,0.72022,0.5353,-0.53873,-1.74413,0.00584,0.25288,0.40193,-0.68951,2.16729,0.00227,0.85885,-1.24891,0.00548,0.49857,-0.9591,-0.85915,-0.36687,-1.32707,-0.06709,0.66234,-0.46296,1.67665,0.47234,0.25373,-1.74992,-0.22698,-0.36152,-1.17013,-0.96535,0.18138,0.04381,0.31649,-0.42476,-0.31306,1.51633,0.88784,1
-0.39501,-0.46433,0.92476,-1.32956,-0.10234,-0.35653,0.4406,0.81171,1.73112,-0.90771,0.8664,0.44905,1.01895,1.06523,0.50834,0.55972,0.84086,-0.56994,-0.4614,-0.57165,0.53224,1.02834,0.70917,-1.69937,0.68588,1.51646,2.01453,0.6254,-0.65236,-0.97531,-1.9973,-0.10677,0.47789,0.64264,-2.02587,-0.33009,0.39308,-1.98459,-1.24801,-0.79183,1.46347,-0.15626,0.47468,0.58449,-0.85244,-0.92715,1.81534,0.08446,0.47799,-0.11302,0.17194,-1.01909,-1.0732,1.17997,0.86352,-0.34019,-1.40384,-1.8601,-0.18591,-0.18004,-1.07509,0.94557,-0.98349,-0.69695,0.88637,-0.23052,-1.05119,1.24113,2.07914,2.46839,-1.00075,0.53607,0.07078,0.38814,2.3704,-0.48977,0.91987,2.68477,1.32344,-0.11403,-0.74325,-0.58046,0.4338,-1.1961,-0.33878,-0.54144,-0.93109,-1.32549,1.21726,-0.68186,-1.21691,0.40308,-1.38853,0.25317,0.89788,-1.58576,-0.29295,-0.30714,0.97057,1.07638,0.48802,-1.29246,0.06423,0.39864,-0.62695,-0.92307,-1.47173,0.41218,1.68145,2.42456,1.36366,-1.70377,-0.1727,0.6092,0.44611,0.27828,0.18136,-0.27727,0.77533,-1.36084,-0.10551,-0.86661,0.40277,0.51956,1.4993,0.41275,0.33148,1.08367,-0.43627,-0.55774,-1.2674,-0.0656,0.96686,-0.474,-1.91898,0.60613,0.50984,0.60561,1.03904,-0.26812,1.65501,0.47675,-0.14369,-0.05948,0.66499,2.53379,0.81733,-0.1152,0.28711,0.6068,1.04201,0.15038,-1.21179,0.50165,0.29856,0.33074,0.08227,1.1955,-1.07062,-0.72184,-1.744,0.1201,1.56812,0.39893,0.30272,-1.44115,-0.59463,-0.43455,1.56034,-1.08731,-0.26115,-0.04202,1.79434,-0.37044,1.58589,0.55361,-0.33589,0.35177,0.89929,0.86899,1
-0.05158,1.26666,-0.87741,0.33744,0.13783,1.57334,-0.58354,-1.24997,0.49245,0.72421,1.01165,0.15365,0.35864,-0.64559,-1.89776,0.35694,0.44802,0.63483,-0.20373,0.27436,-0.84758,0.79198,-0.8495,1.18419,-0.18665,-0.10777,-1.52446,0.39995,-0.86784,-0.10965,0.93494,-0.11519,0.79798,-0.85764,0.8329,0.3364,-0.99013,-1.25923,0.91395,-0.70607,0.50538,-2.04226,-1.6508,-0.75196,0.55525,0.07762,-1.06858,0.68901,0.26982,1.09317,-1.1816,-0.24283,0.85259,0.40403,-1.46597,0.30552,0.20233,0.47009,1.11067,1.11831,1.07553,1.4961,1.05888,-0.992,-1.44611,1.43285,0.39259,-0.31633,-1.65655,0.29279,-0.07072,-1.01094,-2.03542,-0.90016,0.6162,-0.26455,-0.17441,-0.34178,-0.44897,1.3588,0.41982,1.48822,-0.18202,0.18161,-0.47159,0.61444,-0.78617,-0.03979,-0.64916,1.5129,1.00154,-1.16856,-0.2668,-0.03512,-1.50427,-0.20852,-0.00624,-0.66883,0.61036,-0.35249,-0.5681,1.4157,0.75764,-0.26369,-1.11034,0.47882,-1.42901,-0.1353,-0.75624,1.56088,0.8008,0.74686,0.70528,-1.30345,0.71973,-1.67233,-1.42834,0.59697,0.41459,0.02767,0.83357,0.40845,0.96118,-1.12212,-0.30486,0.66849,2.33143,-0.02735,0.68411,1.08096,0.63393,0.44061,-1.49001,-1.47067,-0.83565,-0.27884,-0.7327,0.57421,0.00668,-0.15126,0.49866,0.36219,0.91918,-0.87982,0.78705,-0.25856,-0.991,1.18634,-1.56106,-0.38651,0.66471,1.46432,0.39294,-0.6653,-1.34511,-0.78431,-0.36774,0.48809,0.94429,0.16288,2.99582,0.2777,1.82975,-0.04303,0.0422,0.78686,0.54195,-0.49009,-0.64735,-0.20577,-1.08202,-1.28827,-1.86617,-0.91555,-0.30999,0.03917,-2.08103,-0.06853,-0.17933,1.32107,1
0.38006,1.86229,1.38913,0.1036,0.91048,1.24814,0.26403,-0.55261,-2.09928,0.47683,0.53483,-0.69472,0.30754,-0.01264,0.23058,-0.81359,1.71912,1.81183,-0.82935,-0.68456,1.03184,0.71364,-1.05477,-0.11116,-0.39425,1.17635,-2.14666,1.57486,1.32057,1.47536,1.06388,2.06493,-0.26669,-2.38278,-0.5739,-1.30461,-0.66475,-1.08054,-0.72707,1.71613,-0.31084,0.16132,1.02467,-0.08146,-1.19013,-0.25175,-0.19376,0.11861,0.80459,-2.11475,-0.50454,1.22719,0.322,0.42851,1.95073,-0.08056,-0.7858,1.41584,0.18675,-0.73726,0.32682,-0.09096,1.46666,0.23463,-1.45967,0.8459,0.95439,-0.12307,-0.19946,0.97893,0.73876,0.39221,-0.56956,0.51868,-1.5212,0.34587,0.76771,1.02043,0.83512,-0.8635,2.68578,0.00804,0.00813,-0.29298,1.27068,-0.31932,-1.6163,-0.26734,0.80768,-1.10276,1.31129,0.65537,0.25874,-0.7452,0.63753,0.61211,1.14652,1.46787,-0.13118,-0.55697,-1.59159,-0.2865,1.01721,-0.52448,1.97883,-0.02654,-0.20071,0.06038,-0.69516,-1.24248,1.14787,-1.51245,1.36741,0.66253,-0.64585,-1.55692,0.652,1.15163,0.76456,0.61831,-2.34988,-0.76881,0.13398,0.78268,0.18299,-0.0656,1.40102,0.4295,0.99952,1.77187,-0.36267,-0.78014,-1.00485,-0.01712,-1.1359,-0.40439,-1.33391,0.88043,-2.26202,0.77425,-1.23716,-0.37578,1.24203,0.02622,1.17592,-1.30479,0.8233,0.47137,1.42982,-1.28994,-2.21429,0.20916,-0.33307,1.83922,-1.65128,-0.38809,-1.03519,-0.62258,1.96665,-0.81008,-0.98875,0.20783,1.19632,-0.20671,-0.61488,-0.30732,2.13982,-0.20366,0.54546,-0.00328,0.84638,1.16798,-0.40365,0.56506,-0.11746,-0.59721,-0.19982,-2.62235,-0.06797,-1.01795,0
-0.03557,0.21859,0.93482,0.39974,-0.43712,0.99894,0.70631,1.39696,0.90391,0.18768,-0.23787,1.15625,0.2553,-1.01469,0.51784,-0.36585,-0.96906,1.50098,1.57378,-0.14915,0.13596,0.32874,-0.10227,-1.53664,-0.74776,-0.59121,-0.39615,0.16677,1.15407,0.94689,-0.08003,2.35156,-0.82825,-0.78702,-0.12522,-1.03486,-0.02758,-0.88945,0.68952,0.54058,-2.09686,-1.27381,-0.63287,-0.53988,-0.55685,2.16945,0.08239,0.17987,2.08129,0.96273,1.24896,-1.41138,1.07362,-0.10081,0.7266,-0.3312,-1.1704,-0.44143,-1.84583,1.44297,-0.81393,2.53926,-1.21938,0.71304,-0.94045,-1.36345,-0.09745,-0.67573,0.26357,-0.80054,1.12609,0.7614,0.26198,-0.04279,0.19751,-0.26442,-1.18311,2.32637,-0.8189,-0.94169,-0.35112,0.78163,1.09458,-0.03294,0.96614,-0.72787,-1.50101,0.57828,-0.45684,1.12055,1.45773,-1.42393,0.58753,0.67635,-2.26284,1.29333,-0.49675,0.10876,1.71953,0.76925,0.8586,-0.3567,0.75276,-0.24288,-0.20679,-0.66012,1.27906,0.04778,-0.66722,0.60687,1.71273,-0.72889,0.4873,0.88873,0.22255,3.0583,0.51237,-1.42578,1.19604,0.54796,0.38476,0.49681,-0.07385,-1.3585,0.10478,-0.1112,-0.24394,1.54065,0.53303,0.9207,0.92318,-0.12071,0.09447,0.21834,1.07205,-2.37174,1.67388,1.20918,1.47373,1.53718,1.17363,-0.9488,0.68167,-0.58476,0.24701,-1.2516,0.66801,-0.6248,-1.68972,-0.20782,0.2838,-0.73769,2.11616,0.58154,-1.2777,0.50125,-0.13501,-0.86799,0.91479,1.01141,0.41041,0.04511,-0.08587,-0.19164,1.56715,0.36237,-0.02156,-0.71752,0.80615,-0.66725,0.21685,2.23891,-0.56124,1.0571,0.91238,0.49307,-1.17455,-0.9551,0.77486,-0.08791,1
1.13841,1.73143,1.20249,-0.45339,-0.85452,0.84392,-0.4811,-0.34119,1.39634,1.49497,0.17805,-1.38945,-1.0172,-1.61706,-0.5277,0.22052,0.18961,0.58734,-0.31957,-0.16975,-0.02666,0.88163,-0.252,0.59296,0.62848,-0.87686,0.26743,-0.51227,-0.74959,-0.72115,-0.66365,-1.47028,-0.42208,-0.38817,0.44608,1.3089,-0.09576,0.53789,-1.44641,-1.48871,-2.32926,-0.29191,-0.82599,0.86381,0.67023,-0.80081,0.75728,0.59505,0.28005,0.17603,0.30662,-0.59036,0.63966,1.83926,0.14938,0.49908,0.9216,-0.60919,0.00842,-0.37692,-1.03422,-1.82916,-1.10325,-1.08928,0.12953,0.90277,-1.48009,1.40464,0.6905,0.5924,0.04732,1.55326,-0.16418,-0.63305,-0.77996,-0.96947,-0.02937,-1.62161,-0.55371,0.51955,0.444,0.00101,-0.95766,-0.62488,0.75904,-2.55392,-0.90309,0.60038,1.01519,0.06329,-1.56994,-1.23952,0.3988,-0.10861,-0.50583,-1.03391,0.28445,-0.5016,-0.49804,0.66638,0.28534,-1.05155,-2.5085,-0.90556,-0.87814,1.683,0.98209,1.16951,0.4733,-0.59565,0.37649,1.82896,0.28851,0.84873,-1.00865,-0.56794,-0.90101,0.4455,1.95175,-0.82956,-1.21879,1.26294,0.82035,2.06875,-0.60427,-0.40256,0.06387,0.84223,-0.44903,-1.05763,-0.42523,0.33973,1.80001,-1.52225,0.08871,1.16478,-0.3625,1.48005,-0.48765,-2.03222,-0.29072,-0.81127,0.60418,0.99382,0.66403,-0.45926,-1.2653,1.31235,0.53285,-0.57189,-0.46265,-1.21429,-0.64627,0.08252,-0.05497,0.78179,0.51386,0.72804,-2.56385,0.04867,-0.33128,-0.44951,-0.34696,-0.15254,0.98765,-0.00757,0.21342,0.33708,0.53888,0.34443,-0.22632,-1.47524,-2.04958,-0.16834,0.20202,0.84906,0.55099,1.00547,-1.22081,0.01272,1
-1.16612,0.60983,0.19451,0.36692,-0.07565,-1.79335,0.18661,0.08564,-1.10683,0.63886,2.48089,0.11269,0.28184,1.92971,-2.7131,1.31551,-1.33331,-0.23462,-0.505,-0.90135,-1.5151,1.00049,-0.51839,0.18516,0.04571,-0.79453,1.3513,-0.92179,0.10585,-0.70705,-0.667,0.07012,2.40658,0.25543,1.38833,-0.68639,-0.2429,0.06461,1.06185,0.64538,-2.54664,-1.57429,1.25347,0.24396,-2.65438,-0.30855,-0.36238,-0.47977,1.84659,1.34894,-0.9951,0.97406,-0.90419,-0.07698,-0.46693,-0.51937,-0.88299,0.16201,-0.8319,-0.0497,-0.62752,-2.32243,2.16865,-1.46922,-2.49365,1.11652,1.24483,1.50276,-1.29691,0.58668,-0.02357,1.01674,-2.72566,0.13776,0.89478,0.89776,0.84734,-1.20234,-0.70099,-0.80866,-1.30249,1.96541,-0.43427,2.16878,1.4293,-0.83621,-0.14534,-0.11941,0.62787,-0.08115,-0.16018,-1.71432,1.67521,-0.48322,1.68024,-0.45476,1.06915,-0.48819,0.32602,-0.28337,0.61916,-1.01316,-0.05285,-1.0503,0.07859,2.254,1.16274,0.29316,1.27619,-2.42417,-0.88246,-0.1412,-0.34585,-0.51508,-0.02365,0.95891,0.30292,-1.51463,-0.92175,-0.35568,-0.4165,-1.8439,-0.78099,-0.67627,0.9084,0.66872,-0.03759,-0.40646,0.0161,-0.72474,0.12958,0.4023,0.46775,1.59952,0.23086,0.13912,-0.44915,-0.27955,2.2001,0.62663,0.36963,-1.17785,-0.09432,0.72296,-0.42317,0.94643,0.80967,-2.28437,-0.62754,-0.09425,-0.78917,-0.14967,-0.75145,1.7199,-1.17458,0.82256,0.93483,1.59255,-0.23021,-1.22256,0.15112,0.02938,0.00821,0.31519,0.25078,0.38391,-1.39702,0.33124,-0.34753,-0.41327,1.94796,-0.43719,1.18143,-0.59419,1.63012,-0.35343,0.62995,-0.69687,-0.23796,0.88696,0
1.19846,-1.65978,1.06726,0.474,-0.65407,-0.42988,0.45703,1.44559,-0.56559,0.64135,0.73184,-0.14665,-1.52103,0.04699,3.49222,0.45411,-2.40842,-0.17726,-0.22809,0.58029,0.53838,-1.26117,0.04302,0.95987,0.11684,1.0175,1.97461,0.24645,-0.32028,0.15286,-0.20817,0.32434,-0.43486,-0.57818,0.95286,0.94755,-0.80728,-1.7687,1.56299,0.24254,0.55297,0.48794,0.26371,-0.3848,-0.01551,0.38925,-0.99842,-0.96039,-0.24424,0.04109,-0.73838,-0.4006,-0.80128,-0.99675,-0.08836,1.7382,0.19687,1.60294,-0.44717,0.37666,0.32688,-0.07932,0.15894,0.07592,0.2497,-0.28593,-1.77394,-0.54318,-0.26353,-0.54218,-0.31702,-0.43939,-0.46126,1.01979,0.67615,0.1012,0.93771,0.89536,1.10093,-0.25502,-0.36801,-1.03398,0.7955,-2.18297,-3.1516,-0.57736,-1.09415,-0.56544,-1.36883,-0.3281,-2.33222,0.75142,0.10974,-0.13189,-0.67634,0.07975,-0.40279,-1.2671,1.02639,0.50112,0.85787,0.09314,-0.62961,-1.63377,-1.44556,-1.30092,-1.12117,-0.61906,-1.49639,0.08905,-0.18491,-0.91344,0.20751,0.80121,-0.09866,1.07361,-0.21641,1.06602,0.43205,0.2814,-0.72631,0.76239,1.33171,2.19428,-1.09011,-0.55913,-0.9652,0.47774,-0.69211,0.25921,0.19833,-1.09238,0.68886,1.56444,-0.11822,-0.97044,0.46414,-0.33236,-0.01253,-1.08414,-0.48189,1.68567,1.25276,-0.20671,-0.62527,-0.38964,0.47311,0.3942,-0.51438,0.11117,0.1645,-0.30456,-0.00594,-0.62129,-2.05524,-0.00459,-0.23292,0.17839,0.67515,0.81318,-1.57158,0.3442,-0.73265,-0.81569,0.0889,0.37702,0.80971,0.84549,0.00727,-0.69639,0.43609,0.32534,1.81484,1.46284,-1.43412,1.3181,0.70321,-0.41477,-0.02462,0.39654,1
-0.84464,0.33814,1.11458,0.15296,-0.27535,0.26451,0.12171,0.77295,-0.64453,0.47365,0.4903,0.24417,0.82678,1.96907,-1.87041,-1.36376,0.04674,0.11133,-1.11734,-0.07921,1.52052,-0.36823,0.86813,-0.04478,-1.04241,1.18595,1.50609,1.45651,-0.87659,0.61639,-0.07034,1.65951,0.27499,0.49626,0.45102,0.7594,0.96723,-2.02808,0.29228,0.0189,-1.53214,-1.4859,1.03291,-0.50204,0.94698,0.14336,-0.59248,-1.03327,-0.27177,0.82457,-1.30238,-1.29276,2.2782,-0.47582,-0.0639,-1.23036,-0.53766,1.16298,0.03563,0.57965,0.44938,-0.05067,-0.60699,0.02965,-0.26008,0.52251,0.53831,0.572,-1.42908,1.51667,0.26542,-0.35107,1.6671,-1.58727,0.70158,-1.84143,-1.57964,-0.37532,0.14611,0.57641,-1.38283,0.86131,0.70511,0.1844,-0.16789,-0.75189,0.01322,0.9387,-0.14474,-1.4725,0.05347,0.87294,-0.04027,-1.37396,0.68686,2.82029,1.43118,-0.67124,0.49579,0.4328,-0.58174,0.47568,-0.13239,0.40124,-1.06934,0.55131,1.182,0.44024,0.95241,0.80193,-2.08792,2.31218,-1.29197,-3.06616,2.026,-0.62622,-0.92931,0.83131,-1.12551,0.10802,-0.04078,-0.45649,0.20737,-0.05711,-1.67326,0.94775,0.28676,-1.12899,-1.02184,-0.17156,2.25166,0.57568,0.83458,-0.09776,-0.14594,-1.78521,0.42724,0.3893,-0.5713,1.43066,-0.47768,1.21221,0.28907,-0.46184,0.53819,-1.37502,-2.04835,-0.59911,-1.21274,0.60403,-0.03616,1.2033,0.2902,0.94296,0.06383,0.27966,-0.936,-0.7175,0.06992,-0.29469,-1.38585,-0.42075,1.6377,-1.16182,0.24525,1.26094,-1.28315,0.52401,-2.05761,0.53082,1.63402,-0.40926,0.39027,1.54095,-0.63647,-0.53514,0.98166,-1.03656,0.10801,-0.70216,0
-1.97565,0.28247,0.78041,1.49339,-1.2254,0.29761,-0.20362,0.4548,-0.52959,-0.57023,1.44232,0.61257,-1.70038,-0.8403,-1.3914,-1.5655,0.36131,-1.64783,-0.69284,-0.47157,0.12865,0.19108,-1.3147,-3.07274,0.36944,-0.31541,-2.17096,0.74057,-1.43721,0.46527,0.47414,-0.07553,-0.82523,-0.67777,-0.74971,-0.86077,-0.168,0.0387,-0.82965,0.64928,-0.56115,-1.70315,-0.99905,0.5773,0.87624,-0.24223,1.56788,-0.97541,-0.53381,0.52861,0.09257,0.29298,0.42031,-0.76207,0.72725,-1.53236,0.12415,0.24141,0.7199,2.40376,0.67925,-0.67006,-0.32858,1.57503,-1.32388,-0.40159,-1.59027,1.87946,0.53057,-1.04578,-1.20281,0.46595,-0.66391,0.20918,0.14578,-1.00675,0.6281,-1.31616,0.24977,-0.29487,-0.05764,-1.91785,-0.83408,-0.3227,0.80904,-0.5034,-0.94335,0.17577,-1.47407,-0.37198,-1.35619,0.95731,-0.20288,-0.92537,0.08673,1.40672,1.22276,-0.85202,1.09843,-1.52454,-1.37748,0.23901,-0.96353,0.79609,0.48538,1.97857,2.2317,1.85592,-0.87722,-1.38396,2.36685,-0.29072,-0.79336,-0.07296,-0.03656,-0.60708,0.31166,-0.33561,-2.3769,0.26743,1.09467,1.93664,-0.52348,0.23029,-1.60955,0.23036,1.29591,-1.38689,0.02774,1.59856,1.54477,0.39825,0.58382,0.68513,0.89455,-1.40497,-0.7339,2.47161,0.16905,0.72665,1.63944,-0.31009,-2.30565,0.7399,-1.81802,-0.43484,-0.05317,-1.03185,-0.24915,-0.68697,0.62944,0.14512,-1.39998,0.49737,0.77537,-0.19354,2.09121,-0.74207,0.30748,0.72853,-0.64284,-1.54016,1.5633,0.19987,1.24441,-0.79575,1.68251,1.25324,0.01893,-0.5139,-1.36902,0.00323,1.09976,0.44084,0.21289,0.27244,0.03305,0.24028,0.22648,0.48163,1
-2.11063,0.32045,1.75642,-0.60697,0.02689,1.30895,0.03908,-1.32039,-0.91907,-0.83319,-1.46221,-1.76065,-0.22309,-1.4264,-0.49522,1.04552,0.57434,-0.16649,-0.54287,0.8468,-0.32639,1.82331,0.74565,-0.57074,-0.04492,0.43081,1.82225,0.10301,0.2852,-0.33634,2.21106,0.42036,-0.65336,0.07659,-0.80219,0.43692,-0.69371,0.40851,-1.99998,-0.42313,0.69823,1.14671,-0.33249,-1.36011,0.88735,-0.07095,1.88627,0.84473,0.09794,1.00018,0.31324,-0.5358,1.51469,-0.31478,1.75812,0.54711,0.3349,-0.50264,-1.37796,1.07389,-0.53342,-0.2243,0.97904,1.38053,-0.13868,-0.98318,0.72564,0.72708,0.65663,1.21715,-0.45168,1.41247,2.4617,-0.62324,-0.31707,0.67925,-0.11744,0.01617,-1.65769,-0.63824,-0.79616,-0.03807,-0.4922,-0.70973,0.78183,0.14219,0.20667,0.23987,-1.58944,-0.71212,-0.53307,-0.71452,-0.628,0.46931,-0.55149,0.32642,2.88416,0.54037,-1.54112,0.82087,-1.09422,0.11212,0.58512,0.09193,0.0577,-0.18722,-0.85781,1.06351,-1.22119,0.50438,-1.12302,0.07631,-0.44089,1.02102,1.31925,0.97918,-2.0604,-0.52961,-0.17299,0.64016,-0.5266,-1.04877,0.83957,-1.53455,1.25654,1.01087,1.4621,-0.36615,-0.06668,0.12253,0.26221,0.80643,-1.54692,-0.40683,-0.29159,-0.71879,-0.50431,0.45177,0.10137,-1.12496,0.49414,-0.75027,0.08011,-0.46729,0.57282,0.68871,-1.77464,0.99871,0.91269,0.45856,-2.53632,1.55079,-0.58159,2.22892,1.81034,-1.29807,-1.08714,-0.81302,-0.6476,-0.0486,1.45166,0.00413,0.33617,1.0148,-1.28519,-0.15619,0.28591,0.71707,-0.5037,-0.63074,-0.63702,0.56808,-0.85719,-0.28739,-0.68702,-1.88155,0.68789,1.49763,0.3081,0.78768,0
0.84644,-1.77422,0.03151,-1.5126,0.05235,0.35172,-0.37265,-1.05226,1.26899,0.4881,0.07433,-0.41733,-0.4538,0.97924,-0.72504,-0.54623,-0.03035,0.69176,-0.74632,1.01371,-0.24542,-1.20218,-0.20031,1.43761,0.29325,1.01699,-1.88905,3.2115,-0.89812,0.77108,-0.77382,0.34287,-0.89737,-0.05687,-1.70221,-0.23547,0.61554,0.97758,-1.44644,0.03542,-0.92412,-0.53377,0.83709,-0.52328,-1.35732,1.67965,-1.06071,-0.12828,0.62581,-0.43408,1.21328,-0.84236,0.22983,-0.7593,1.08597,-0.61663,-1.12078,0.38501,-1.93692,-1.56862,1.39114,-0.36818,-0.54423,-1.04424,1.08568,-1.21581,-0.27752,1.34971,0.75729,-0.62254,0.69231,-1.60296,0.79752,-1.59739,1.65865,0.48457,-1.98501,0.08217,0.38786,-0.81621,0.02907,1.1837,-0.02362,1.41578,0.2843,1.43827,0.12397,-0.08588,0.46295,-0.17449,-0.24062,0.35706,0.08011,-0.28115,-2.01385,-0.65432,0.76553,-0.31944,-0.28428,0.09864,0.36325,-0.38326,-0.36367,1.22505,-0.3553,-1.41495,-2.05434,-0.9097,-0.04835,1.53526,1.16785,0.34871,1.48778,0.14353,0.64186,0.46194,-0.26184,-0.61397,0.62636,-0.49246,1.38328,1.01247,0.82626,-0.31335,0.81559,-1.38206,-0.93184,0.34096,-0.58581,0.568,0.0927,-0.43469,0.02972,-1.60956,0.33041,-1.3624,1.52629,-0.4325,-0.45817,1.75152,-1.70037,-1.13058,-1.52252,-1.22946,0.42715,-1.85336,-1.10983,1.12985,-0.57097,0.28134,-0.33496,0.54525,1.20685,1.58108,-0.31416,-0.00246,-0.31467,0.57958,0.80213,-1.0526,-0.08839,0.2955,-0.636,1.04885,0.11715,0.96762,1.31699,-0.72012,-0.67986,1.35985,-1.43213,1.36754,-1.23207,0.5935,0.89964,-1.08363,0.20707,0.56352,-0.67466,-0.43797,1
1.1263,-0.66911,-0.38943,-1.34575,0.74477,0.74077,0.70244,-1.6896,-1.4019,-0.77839,-1.05593,-0.04618,-0.04496,-0.42429,0.07483,-0.87457,-1.9959,-0.69216,0.50693,-0.19855,-2.64544,-1.3888,-0.56243,-0.06118,-0.54121,0.01796,0.45604,-0.82555,-0.14401,-0.452,0.30758,0.4818,-1.61327,2.04384,-0.46424,-0.47442,-0.08693,1.19605,-0.16333,-0.44861,0.84927,-0.90788,-1.19794,-1.86316,0.01651,0.83293,0.1169,-0.45537,-1.00932,-1.88685,0.76909,0.66274,1.44601,0.7278,-0.75965,0.5943,0.03321,0.61988,-0.55416,-0.25449,-1.02113,0.71803,-1.56534,-0.71363,-1.21821,-0.944,-0.88428,-1.00072,-1.28413,-0.4875,-0.34972,-1.7583,0.55377,0.24888,-1.35383,0.69522,-0.41286,-0.79194,1.50775,1.22303,-0.89485,0.48004,0.53506,-0.25458,-0.8931,-1.0151,0.45699,-0.17316,-1.17639,0.06177,-0.8217,1.43878,-1.19041,-0.7771,0.52982,-1.64225,0.29613,0.1971,-1.86739,0.33497,1.90652,1.39894,-0.52808,-1.36281,-0.67627,-0.53048,2.08147,-1.29888,-1.70298,0.01362,-1.32203,-1.38773,-0.47485,0.2105,-0.02545,-1.07529,-2.0955,0.59116,-0.08776,0.46039,-0.63291,0.90306,-0.64567,0.23076,-1.24596,-0.583,0.07069,0.20454,-0.38634,0.87291,0.33316,0.15647,-1.27212,-0.79112,0.395,-0.41607,1.53203,0.75487,0.76941,0.49569,0.03952,0.60787,0.99381,0.78674,2.07949,-0.60165,0.52374,-1.38334,-1.37785,1.37488,0.58448,1.1926,-0.77589,-1.09679,-2.06308,-0.24511,-0.1094,-2.00135,-0.35541,-0.88804,-0.3933,-1.07508,0.74973,1.0696,0.27425,1.15318,-2.26824,1.24137,0.9562,0.78814,0.89957,1.56422,-0.26383,-0.26056,-0.84279,1.35445,-1.26695,0.57885,0.96547,0.95663,0
-0.60322,-1.07604,-0.18389,0.32657,-0.39876,0.37722,-1.80803,-0.91894,0.34845,-0.42448,-2.44032,-0.65683,1.01866,-2.6307,0.23487,0.48293,-0.36684,-1.55285,0.28898,-1.55584,0.88113,-0.39227,-1.05142,-0.45819,0.91491,-0.41477,0.61911,0.78207,-0.2069,1.04438,-0.87186,-1.79424,-0.60951,0.16454,-0.51371,-1.50074,-0.67917,-0.54098,-0.61798,0.03957,1.99464,-0.57714,-0.82702,0.40292,-1.01112,-0.45613,-0.93618,-1.55071,0.44071,-0.62729,0.93768,0.41099,0.01833,0.50682,-0.87505,0.5443,-0.62089,0.35113,-0.58829,-1.62955,1.11438,0.71196,0.34596,1.34951,-1.13368,0.94319,-0.75901,-0.09889,-0.11099,-0.03671,1.16453,-1.51767,-1.10622,-1.5445,-1.19643,1.65125,0.92576,0.91515,-0.2717,0.48324,-0.15201,1.71648,-0.00105,2.1396,-0.3639,-0.44256,-0.09474,1.76436,-0.84823,-0.18458,1.70918,-0.09069,0.96694,0.0967,1.67259,-0.18103,0.04319,0.21494,1.51181,0.72921,-2.30279,-0.95084,0.43482,0.81469,0.26474,1.21071,-1.77488,0.22534,1.10643,-0.96622,0.56489,1.95885,-1.17824,0.38352,0.03633,0.30657,-0.1886,-1.55111,0.70454,0.55857,0.13253,0.13373,-0.40963,0.74005,0.09761,0.02858,0.56957,-1.1668,1.05286,-0.19209,0.3191,-0.10037,-0.5743,0.9661,-2.6624,-0.76012,0.70476,1.60312,0.24658,-0.88678,-1.21826,-0.87331,0.12106,1.44359,0.55929,0.14066,-0.06666,-0.1705,0.24849,-1.48534,-1.03795,0.42597,0.9984,-0.9786,-0.57261,1.02888,1.68716,-1.37892,0.01757,0.16844,-0.29034,-1.32309,2.38991,-0.41625,-1.11753,1.85939,1.7601,1.19025,-1.18662,-0.64245,1.53134,0.63038,-0.19955,0.71346,-0.62182,-0.21801,0.43474,-0.93531,0.59777,-0.22319,1
-1.89078,-0.30867,0.60475,0.35943,0.78672,-1.42266,0.06578,-2.41326,-0.47044,-1.26792,0.04438,0.27766,-0.28904,-0.44045,1.13039,-2.94111,1.60224,0.65016,-1.0892,1.31971,0.43549,-0.21313,-1.47632,0.42055,1.06396,0.13426,1.32439,0.03124,-0.21648,0.42603,1.177,0.02367,0.71718,1.26602,0.59855,1.26828,-0.06463,-1.01492,0.73006,-0.49126,0.63136,-0.566,1.14787,0.81996,0.84181,-0.11367,-1.73778,0.30506,-0.11375,1.75,1.20635,-0.67017,0.67668,-0.37332,-0.98652,0.21177,-2.60803,0.09913,0.60221,-1.38397,-0.4499,0.36631,0.15974,2.11043,0.44249,0.31088,-1.07301,2.86745,0.24095,0.52592,1.18551,-0.33853,-1.81194,0.89796,0.86254,1.00927,0.21782,1.02239,-0.01211,-0.75284,0.50788,-1.47632,-0.17482,-0.40618,-0.99461,0.67086,0.00277,0.62658,-1.33951,-0.03246,-0.55978,-0.81527,0.06143,-0.36441,-1.36922,-1.53155,-0.58946,1.2999,-0.73369,-0.32864,-1.88092,0.94009,-2.77045,-0.68168,-1.2411,0.24027,-1.71298,-2.42098,-0.57103,-0.39697,1.17174,-0.37256,0.47626,-2.46873,0.94404,0.46084,-0.90372,2.48507,0.0899,1.38075,0.30894,0.79238,0.3022,0.89824,-0.05029,2.33054,1.40699,-0.45852,-0.9685,-0.55217,0.30585,1.82133,-0.39559,0.13007,0.59373,-1.17256,-0.20838,-0.68688,0.36985,-0.64739,-0.00906,-0.34145,0.76959,0.81194,-0.07607,1.62148,1.53321,0.57174,-0.19546,1.06951,0.39698,-0.06152,0.97336,0.25432,-0.31653,2.36107,-2.91793,-0.0366,0.76246,-1.60235,-1.00197,0.31177,0.82108,-1.12051,-1.87123,0.1478,0.0183,-0.02639,-0.27485,-0.7931,0.04183,-0.49398,0.68825,-1.46109,-1.39826,0.9393,-1.53344,0.18753,0.26332,-0.09019,1
1.11827,-0.321,1.83945,0.37364,0.86431,-1.21984,1.3561,-0.7944,-2.15248,0.9135,0.84547,3.19378,0.11184,2.01638,0.38653,0.08167,0.00302,-1.90779,-0.9497,-0.02153,0.43438,-1.162,-0.52997,0.73433,1.24982,-0.34681,0.02827,-0.8366,-0.15125,0.35547,-1.34497,1.81858,0.18445,0.18853,0.7249,1.03714,0.41331,0.91084,0.38425,0.55869,-2.08714,0.03762,-0.77239,-0.30439,-0.59801,0.10498,0.94956,0.50056,0.36826,0.27331,-2.126,-1.33079,-0.3373,-0.30646,0.47009,-0.12749,1.90293,-2.36437,-2.68539,1.40763,-0.96576,-0.16387,-1.18882,-1.18443,-0.59859,-1.67531,-0.24186,0.72667,0.37404,-1.1397,-0.95672,-1.55398,0.90862,0.3846,0.1092,-0.94437,1.0363,0.00478,0.00924,-0.55157,-1.12219,-0.82493,1.61759,-2.35795,1.26456,-0.4366,-1.2662,-0.73682,0.83878,-2.37861,1.61118,0.96929,-1.05293,0.9225,-0.27415,-0.46998,-0.90685,-0.2137,1.71599,-1.66918,-0.13717,-0.4655,2.11878,-0.36154,0.28986,0.13458,-0.54728,0.74822,1.06693,-1.04493,0.23921,-0.23332,0.3077,1.0461,0.10626,0.91847,1.35376,-2.189,-1.09646,1.54336,1.30075,0.00985,0.59614,-0.48209,0.02062,-0.93103,0.56334,0.51328,-0.02872,0.57778,0.4589,0.28405,-2.26571,-1.27863,-0.70188,-1.08652,2.67707,-1.73953,0.50697,0.58483,-0.60987,-2.73282,0.70318,-0.48901,1.50864,-0.56781,-0.82364,1.87284,-0.4408,-0.9006,-0.46348,1.17965,0.45156,0.5473,0.91799,1.26054,0.60455,0.70163,1.1174,-0.41996,-0.36186,0.22177,0.11692,-0.49132,-1.29443,0.93384,0.13632,-0.44744,-0.96011,-0.07982,-2.12434,-0.36312,-1.9433,1.0683,0.65963,0.42064,1.3848,0.37313,0.41073,0.29403,0
1.44198,-0.42375,0.35123,0.21634,-0.57364,1.07511,0.28027,-0.30373,1.71518,-0.76389,-1.10298,1.40721,0.53413,0.62809,0.25429,-0.16657,0.58516,0.95158,-1.28463,1.19535,-1.1634,-0.07524,1.17679,0.04836,-0.55113,0.50242,-0.33288,-0.77465,0.31136,1.0186,-0.616,0.19374,0.83933,-1.49261,0.12218,0.99176,0.14539,0.77198,-0.21185,0.75392,-0.86589,-1.39934,1.9507,0.16041,0.31907,-2.25639,-2.83724,-0.71007,1.17424,0.68104,-0.73697,1.44273,1.44872,-0.53851,-0.27376,-0.81126,0.40753,0.62633,1.92367,0.14345,-1.27335,1.01788,1.63202,-0.1776,1.48304,0.26412,-0.15071,0.16417,0.57481,1.98222,0.28682,0.45294,-1.4353,-0.20077,-0.10072,-0.65291,-0.51576,-0.60772,-1.43426,0.87931,-1.04807,1.1781,-0.99396,1.06477,-0.26256,-0.4484,0.65117,-1.46681,0.79705,-0.48035,-3.47436,-0.12556,-1.09391,-1.54327,-0.29627,0.80675,-0.18204,1.0237,1.26144,-0.47659,-0.20277,-1.90046,0.11994,0.1546,-2.37419,-0.11866,-0.63505,-1.94068,-0.27128,0.26722,-1.00495,-0.2294,0.07192,0.38995,-0.19825,-0.31311,0.11063,-0.68553,0.18795,-0.03973,-0.29574,-1.11101,0.46743,-1.42263,0.28174,-0.19809,1.51592,-0.92809,-0.41061,-0.95886,-0.49851,-0.57118,0.76271,-0.0975,1.65299,-1.92453,0.65886,-0.01693,-0.08809,-0.78176,0.34354,-0.55758,-0.75333,0.37999,0.28343,0.11887,-0.21507,-1.10739,-0.15718,-0.23219,-0.232,-2.27289,-0.91992,0.25659,0.2036,1.51145,1.71842,-1.07812,-2.72526,1.25827,0.51425,-0.65925,-1.19108,0.06676,-0.19126,-1.48892,-1.36594,0.44685,0.38145,-1.09942,-0.19828,-0.92239,-1.66274,-1.38279,-1.90669,-0.41808,0.12907,-0.42814,-1.66012,-1.79883,0
-0.47775,0.02008,0.07438,0.48873,0.06957,-0.73385,0.05946,0.38483,0.90577,-0.35551,-1.67323,0.49938,1.58112,-0.71674,-0.81016,-1.24286,0.71475,-0.48,-2.11054,1.36672,-0.81585,0.81291,0.22984,0.74431,-0.84172,0.82374,-0.83969,0.95365,1.18681,1.06198,-0.84102,-0.45036,0.75139,0.66062,0.00045,0.7539,1.14678,0.52102,-0.41049,1.35708,0.36705,-0.73231,-1.34756,0.81937,-1.60921,0.38569,1.66375,0.82047,0.04388,-0.45662,0.1478,-1.29642,1.92331,0.63203,-0.09369,0.87848,0.31462,0.58125,0.43538,-1.22514,0.68352,-0.29602,-1.39665,1.07999,1.23308,1.12573,2.22879,-0.85008,0.47077,-0.80447,0.4475,-0.98489,0.57911,1.64222,0.81569,-0.10747,1.13889,-0.2626,-1.60583,-0.62062,-0.84661,-1.41657,1.45295,0.41682,-0.16357,1.6126,0.24541,0.72669,-1.06133,-1.43833,1.62638,0.86215,0.0166,1.75691,-1.4213,-0.12204,-0.83283,0.15916,-1.1444,2.58719,0.26565,1.11743,-0.42036,0.08315,0.47056,0.4719,-0.73592,-0.16404,1.83277,0.87312,-0.3113,-0.72675,-1.54463,-0.18846,-1.02724,-0.91311,-0.47478,-0.20461,-0.23769,1.7674,-0.21842,-2.02797,-0.82489,0.20134,0.24792,-1.77263,0.86085,-2.25981,0.41223,0.25522,0.21589,1.29074,-0.02898,-0.29108,0.75556,0.20387,-1.14831,-0.42134,-0.07851,0.42522,-0.06988,-1.30444,-0.43497,0.72858,0.72745,0.11337,0.33592,-1.37794,1.24634,0.04459,-0.34866,2.16466,-1.0423,-0.02598,-0.16483,0.59973,-0.34511,-0.57612,-0.91462,0.25292,0.92428,0.96089,-0.64132,0.16797,0.34694,-0.33948,-0.37179,-1.65051,0.50711,1.89335,0.84169,1.53126,-1.32914,-1.29451,-0.45849,-0.65065,-0.79965,-1.76858,-0.99545,-1.56118,0
-0.27679,-0.35816,0.11603,0.28396,-0.11051,0.41829,-0.29559,-0.09938,0.31892,-1.20932,-0.72203,-2.04981,1.72917,-1.61145,-0.19038,-1.25386,-0.74166,-0.20175,-0.44441,0.40684,1.10562,1.0946,-0.36016,0.75175,0.27102,-0.17558,-0.87993,0.19623,-1.10972,0.53605,-0.23785,0.31892,1.87681,0.032,-1.72679,2.27648,1.48331,1.03996,-0.0438,0.49363,-0.26434,0.20619,-0.58076,-1.4191,-0.97225,1.02538,0.30191,0.39534,-0.74607,-0.75654,0.26632,0.32201,-2.41667,0.49633,0.32914,-0.54871,0.35828,0.49461,0.0951,0.29579,0.69928,0.01104,1.95719,1.63303,-0.22565,0.46694,0.79911,1.11651,1.42749,-1.04847,1.05463,0.22056,0.74497,-0.39676,-0.48517,0.19844,0.64552,-0.16397,0.04803,-0.66619,1.11449,1.23629,-1.25896,-1.26033,-0.73506,-1.45096,-0.10609,-0.43155,0.7629,-0.47328,-0.74145,0.21297,-0.97462,1.89091,-1.1139,-0.13803,0.13917,-1.03169,0.40193,0.26575,0.64924,-1.02277,0.146,-0.76083,-0.21313,-0.88366,0.38338,1.01199,0.9136,-1.22897,0.21523,1.69152,-0.15513,-0.26004,-2.73533,-1.18369,1.55832,-0.52953,-1.14263,1.57259,-0.00501,0.60217,0.61687,0.53943,0.37599,0.76429,-1.14582,-0.27713,-0.54447,-1.30941,-0.24613,-0.48601,-0.09201,-0.24152,0.14745,0.56897,0.31394,0.09019,-0.49056,-0.39249,0.31683,0.20182,0.2327,-0.73236,0.9767,-1.53486,0.69894,-0.21488,-0.3714,-1.38433,-0.78989,2.15523,0.86339,-1.87328,0.05926,-1.36089,0.45059,0.75916,0.17324,-0.64711,-0.06518,0.93918,0.26128,-0.04885,0.49001,0.311,0.37719,1.14208,1.22811,-0.20644,-1.36304,-0.37015,-1.10539,-0.401,0.69838,1.08054,-1.18197,0.42939,0.70887,-0.39744,1
-1.19761,1.36561,0.02405,0.47119,-0.78485,-0.23408,-0.60035,-1.34491,1.62411,0.38888,0.9,0.0054,0.23796,1.75695,-0.23743,0.7238,-2.07654,0.02158,-1.29133,0.60124,-0.85019,-0.80312,0.65078,0.17294,0.45296,0.01139,1.32181,-0.81497,0.80574,-0.60413,-0.77561,-1.06568,-0.06964,-1.37076,1.92147,-0.90271,0.76219,0.5669,0.02428,-0.26219,-0.26071,0.93453,0.45269,-1.53169,0.12587,-0.09911,0.59156,-0.81291,0.81186,-0.57264,-0.61982,0.36445,-1.05496,-1.42255,0.56661,0.67211,1.06061,-0.32563,-0.23053,0.46231,-1.05265,-0.07395,0.1412,1.34903,0.97803,-0.418,0.03969,1.48319,1.33161,0.31905,-1.4091,1.71299,-0.00949,-1.13286,0.85723,0.19811,-1.38255,2.04166,-0.73976,0.81813,-0.89185,-0.14403,-1.29487,-1.88719,1.40699,-0.7609,-0.66844,-0.31101,-0.40791,-1.1721,-0.64912,-2.29712,-0.58807,-0.6277,0.94829,0.05397,0.05749,1.27194,0.16473,0.25963,-1.90724,1.88662,-1.99457,-0.02632,-0.01448,-0.93396,-0.57412,-1.00963,0.58869,0.26078,1.14667,0.3763,-0.90277,-0.36145,0.49942,0.09382,1.13971,-0.88776,0.34177,-0.24614,-0.25533,1.38501,-0.91603,-1.08705,-1.05006,0.64577,-2.09545,-0.6029,-0.47455,0.68022,-0.28843,-0.26642,-0.10392,-0.76435,0.89162,-0.82233,0.63964,0.1579,0.44404,0.48376,-0.32042,0.14636,-0.08942,1.08116,-0.45301,-0.0375,-1.4968,-0.58085,-0.60551,-0.47208,1.39667,-0.10141,-0.79391,-0.73553,0.51576,-0.14704,0.43406,-1.33859,-0.37532,-2.16994,-1.84933,2.40261,0.01121,-0.10787,1.90143,0.48009,0.49382,-0.13072,1.85364,0.74874,0.87755,-0.9326,-1.54169,0.78974,1.06315,-0.20167,0.59589,0.70163,1.05466,0.91948,0
0.50341,0.39672,-1.54228,-0.35912,0.04587,-0.59313,0.54003,-0.93828,0.21809,-0.96087,-0.20834,-1.02714,1.23849,2.10187,1.19611,0.19562,-0.254,-0.10667,-0.91546,-1.22656,0.68967,-1.0506,-0.96245,0.84123,0.81971,-0.47592,0.04963,-0.66773,-1.56844,2.05717,-2.46952,-1.80544,1.45248,-0.84162,0.39829,-1.74988,-1.16404,0.00617,0.28834,0.25864,-0.99562,1.13128,2.0078,-1.38962,-1.71436,0.02734,-0.06974,-0.20323,1.7142,0.51305,-2.00418,0.07922,0.84699,-0.30197,-2.04924,-1.51219,2.1611,-0.38905,-0.13006,-1.54045,-2.36095,-0.03971,-0.85125,0.58669,-0.8062,-1.93937,0.28714,-1.15105,-0.80202,0.89691,-0.2707,-1.35759,0.84328,0.80018,-0.82212,0.68129,-0.06568,0.10844,0.02919,0.81136,0.99631,0.02242,0.75343,0.8807,0.3412,-0.15515,0.27198,-1.79668,1.25723,-0.69591,0.4069,-1.03394,-0.25497,-0.31031,1.21539,0.07486,-0.08323,0.17046,1.45425,-0.47169,1.13813,-0.95182,-0.86538,-0.37299,0.85349,0.77028,-0.54815,-0.58156,-1.14089,-0.87988,-0.66636,0.17002,1.42622,0.97887,-0.03984,-0.61484,-1.3102,0.08026,-0.23594,-0.09319,0.50846,1.525,0.01529,0.82758,1.44946,-0.32287,-0.88076,0.07108,-1.39042,-0.61186,0.34365,-0.97315,-0.64552,-0.11044,1.26009,0.03743,0.65774,0.24102,0.44036,0.11979,0.45071,1.31923,0.42908,-1.83046,0.92961,-1.05763,0.09816,-1.08142,2.17953,1.53177,2.42997,-0.02517,-0.31105,-0.74571,-1.09188,-1.87882,-0.76498,-0.32432,-0.60666,-2.68567,0.61599,-0.89364,0.6701,-2.13267,-0.28611,-1.07842,-0.47226,0.11615,0.85288,-1.0485,-0.61039,-0.60594,-0.47802,-0.06671,-0.43582,1.30099,-0.61254,1.55007,-0.21301,-1.28459,1
0.65788,0.38029,-0.80571,-0.40854,-1.64755,-0.17439,0.04258,-0.07375,-1.2591,0.34963,0.27802,-0.5233,3.47389,-0.17609,0.82198,-1.17865,0.14928,-0.3753,1.31354,2.31882,0.19072,0.31964,0.1006,1.00183,0.35216,-1.01777,-0.08187,-1.42474,-0.31382,-0.16318,0.05174,1.07859,-0.2022,0.41264,-0.76372,-0.89245,0.26212,1.0446,0.41764,-0.67608,-0.92165,-1.3501,0.76699,-1.49982,-1.118,-1.71912,0.99159,0.13956,-0.32548,-0.85602,-1.34686,0.19424,0.79233,1.10988,0.98107,-0.49842,0.86062,0.75642,0.09827,-0.17976,-0.32912,0.49998,0.39279,0.76494,0.86433,0.08014,0.10125,1.13785,-1.61324,-1.68068,-1.37675,-0.67094,0.88067,0.66375,0.48344,1.2153,-1.62813,0.30482,1.04784,0.33885,0.50381,0.50251,-0.66994,-0.37392,0.92681,-0.10523,0.26069,0.16283,1.77426,-0.86967,-0.55446,-0.50763,-1.17497,-1.81713,0.41246,2.2197,1.16907,-0.06389,-0.6074,1.64515,0.82311,-0.92071,0.40693,-0.37852,1.09976,0.96886,-0.57994,-1.21787,1.06827,1.55647,-1.20163,-1.0079,-2.01331,-0.44473,-0.23638,-0.1443,0.77984,1.24534,1.50528,0.0813,0.25261,-0.36806,0.66485,1.2278,-0.66909,-0.60655,-2.31391,-1.2048,-0.68177,-1.32523,0.16821,0.08941,-0.95982,-0.84128,-0.34184,1.49315,0.41878,-0.45602,1.21233,-0.17148,-0.17921,0.9091,0.31091,0.33155,-1.09817,0.19607,-2.2184,1.3915,0.71268,-1.1717,-1.59742,0.0363,-1.28032,-0.55141,-0.39674,1.20234,-0.47542,-0.16804,0.67095,-0.32447,0.35105,-0.44516,-0.44319,0.32317,1.07061,0.51046,1.7906,0.30768,-1.03328,0.47699,1.47167,0.25182,-0.64664,0.24273,-1.33594,-0.5167,0.41521,-0.95139,-2.36822,1.12703,0
-0.74593,-1.18006,0.84969,-1.29331,-0.95262,-0.0142,-1.37937,-0.30899,-0.94822,-1.36955,-0.36065,-0.9554,0.41364,0.79287,0.05906,-0.30919,-0.53852,0.88323,0.16021,1.33604,0.08979,0.43987,1.58104,1.44103,-0.43287,0.61942,-0.58801,-0.02387,-0.12769,2.06319,0.23995,1.80809,0.56934,0.82383,-1.29768,1.97769,0.66206,0.85424,-0.8665,0.5626,0.08661,-0.44402,-2.4404,-1.19563,-0.5526,-0.46406,-0.37711,0.14957,-0.12501,1.83038,0.26204,-0.81257,0.06269,0.35613,0.4245,0.55647,0.4888,0.06298,-1.21393,-0.80563,0.33287,-0.21899,1.51031,-0.29967,-0.03514,1.02363,-1.62894,-1.58374,0.48252,1.23453,-1.29427,-0.82868,-1.69197,-1.62824,0.17906,-0.17161,-0.01946,0.46895,0.72157,1.77592,-0.40004,0.05033,-0.313,-0.94267,-0.88559,-0.1292,1.08026,0.72925,0.82651,-2.3153,0.47825,0.52764,0.20193,-1.02848,-0.46501,-0.9592,0.32878,1.07812,-0.23663,1.29271,-1.18549,0.76705,-1.6975,0.34156,-0.40581,0.44907,-0.45406,1.6029,0.5265,0.71223,0.17153,-0.87707,-0.11754,-0.30657,-1.00267,0.18414,-2.18022,-1.2513,-0.08798,1.40319,-0.36019,0.31014,0.09238,-0.13376,-2.27341,0.87104,0.72334,-0.75956,-0.67657,0.57915,1.13574,-0.0004,0.95038,1.24003,-0.2532,0.75555,1.48004,-1.75598,1.91623,2.32753,-2.35559,-1.57022,-0.19816,-0.08243,0.84448,0.1155,-0.56765,-1.62073,0.61424,-0.79942,-0.99314,-1.62434,0.11763,0.35143,0.27791,0.2751,0.69514,2.30731,-0.43824,-0.29062,0.46934,-1.68973,-1.53639,0.0031,-1.5603,1.38096,0.12044,0.56323,-0.17416,0.26328,1.66894,-0.00914,0.26214,-1.37933,-0.56396,-1.45936,1.19607,-0.99618,1.39529,-0.67112,1
0.14766,1.19581,0.83115,0.00671,0.02579,-0.7087,-0.30845,-1.16861,0.52588,-0.32844,1.5398,-1.24059,0.13908,-1.5704,0.20231,-0.55745,1.09362,-0.41168,-0.81459,0.59149,-1.06108,0.56993,-0.88848,-0.12447,-0.66234,-1.32607,-0.25512,0.26497,0.67722,-0.14543,-0.72849,-0.09696,-0.20838,-1.85546,-1.28283,0.18703,0.22389,-0.7591,1.09044,-0.25878,0.83184,-1.06535,-0.77967,0.07494,0.03325,-0.70161,-0.26076,0.13548,0.55671,-0.28558,-0.24675,0.60713,0.09258,-1.55656,-1.55797,2.29352,0.12584,0.03421,1.3095,2.31045,0.09132,0.20893,-1.87965,0.90001,0.97188,-0.65382,-1.34558,0.18751,0.22839,0.86199,1.50813,-0.06241,0.05698,-0.49274,-1.44977,-1.49048,0.91819,0.34664,-0.48405,0.18496,-0.42171,0.2624,1.52549,0.75167,1.2932,-0.78797,0.62888,0.62511,-1.22101,0.69733,-0.85884,-0.17193,-0.31767,-0.50554,1.17359,1.44498,-1.33513,-0.42713,-0.90323,0.45612,0.42379,0.46295,-1.05961,0.76337,0.83528,-0.05009,0.11195,0.4454,2.00496,0.37749,-1.65625,-1.638,0.1748,-1.29421,0.42935,0.39833,-0.16614,-1.14132,-0.33169,-0.25286,-0.46526,-0.32977,0.42831,1.12468,1.53472,-1.4235,1.3824,0.31592,1.79467,0.85976,1.65767,0.37737,1.24478,-0.02796,1.45165,0.39125,1.03554,0.13255,0.17099,-0.88855,-0.1463,1.78496,0.68957,-1.32474,-0.15233,-0.03468,0.22667,-1.58078,-0.96779,0.40649,0.7621,-0.76079,-0.06561,0.72741,0.11754,2.44517,1.47389,1.124,0.6134,-0.36295,0.82864,0.39384,-2.01539,-0.87739,-0.28349,-0.68239,-0.86569,-1.09293,0.24779,-1.49288,-1.95432,-2.06986,-1.22456,1.86808,0.70043,-0.58824,-0.25349,-0.32288,0.00804,0.5389,0
-0.27194,-1.61365,0.96845,-0.54446,0.75276,-0.85662,-0.87705,0.94418,-0.53026,0.6142,-1.30712,0.08775,-0.65714,-0.6139,0.55651,0.53784,-1.76347,0.03088,-0.7535,-0.57082,-0.17818,1.09325,-1.24875,-0.44958,-1.08633,0.95744,2.38429,-0.08051,0.08325,-1.61316,-1.23678,-0.70929,-1.18,2.64648,1.01295,1.15369,-1.25771,1.1985,-0.06604,-0.85017,-0.05741,0.664,1.02837,1.59725,1.30462,-1.39042,0.71648,1.00992,0.04019,0.34602,0.09019,0.77228,1.228,-0.09119,0.39748,1.11336,-0.34738,-0.1832,-0.62876,0.39292,-1.01939,1.01209,-2.21739,0.60368,-1.88743,-0.51671,0.67271,0.64721,-1.86469,2.16973,-0.5925,0.96696,0.67807,1.36855,-0.16661,1.41431,-1.09014,-0.22341,-0.12736,0.31571,-0.11082,1.19547,0.34578,-0.87871,-0.7488,-0.33692,-0.77677,1.56806,-0.91972,1.73024,0.27953,-1.19494,1.5998,-0.64917,0.7807,-0.91154,-1.24282,-1.81529,0.23104,0.0401,-0.99053,-0.80794,1.03698,-0.48695,-0.40762,0.17777,-0.59367,-1.30678,-0.40165,1.54019,-0.72535,-0.37886,-0.0124,-0.31912,0.84256,0.84766,0.17588,-1.10116,-1.39779,-0.42522,0.99676,0.95502,0.73934,-0.80589,0.37028,-0.84627,0.0419,-0.23932,0.51325,0.41528,0.16031,1.29499,0.00756,1.24073,0.56558,-0.27132,0.31943,0.23605,-1.00934,-0.68014,0.57194,0.40062,0.27832,1.54576,1.27368,-1.71429,0.0233,-0.84189,1.70279,-2.24576,1.19365,1.12687,-1.11596,-0.04266,-0.91672,-0.72246,0.70293,-0.0088,2.24498,-0.37915,2.43074,0.10578,0.43744,0.25067,-0.7918,-0.07216,-0.15345,-0.28536,0.92934,-0.2887,-0.22107,1.1055,0.05246,-1.40121,1.81541,0.1933,-1.03359,-0.15211,-1.21533,0.23169,1
-0.83943,-0.11135,1.08166,-0.86597,1.64706,-0.66149,-1.00617,1.97969,-0.02848,0.65518,-1.79321,0.54034,0.46268,-0.89255,1.6747,0.06455,-1.12348,3.28716,-1.24566,0.79501,0.06137,3.18845,-0.2896,-1.45624,-0.17136,0.84011,-0.61024,0.49223,0.90139,0.65978,-0.48832,-0.42129,2.08161,-0.38847,-1.49669,0.47635,0.89658,-0.72355,-0.47407,-1.75748,-1.32603,2.9031,-1.20639,1.64784,-0.59497,0.565,-1.23834,-1.06245,0.43107,-0.48647,0.55229,-1.43049,-0.46762,-0.30202,-0.56295,-0.88437,0.16707,2.52907,0.12985,-0.97563,-0.37699,1.05349,-0.49722,0.87588,-0.95848,-1.35288,-0.84685,2.06531,-0.53042,-0.715,0.90928,-0.06582,-0.0571,0.17719,-0.96985,-0.34528,1.31358,-0.67607,-0.59991,1.8922,0.13287,0.10143,0.05684,-0.29144,0.72637,-1.78722,0.03298,-1.00987,1.36714,-1.18758,0.13889,-0.63324,-2.65,0.95174,0.44104,1.30394,-1.13386,0.73931,0.03769,-0.97127,0.98159,0.00554,1.50694,-0.54702,-0.86254,0.90992,-1.92064,0.24562,-1.28493,-1.21409,1.79059,-1.69142,-0.54315,-1.89438,-1.46545,-0.07452,-1.23189,-2.0355,-0.46392,1.08269,-1.03522,-1.37624,-0.34231,1.1863,-1.40234,0.44592,0.39621,-2.11373,-1.27817,0.18796,0.64183,-1.18222,2.18524,-0.56073,-1.29578,-0.90879,-0.38536,0.64328,-0.38288,1.4769,-0.75982,-0.21801,-0.10057,-0.24236,0.6081,0.60585,0.80875,0.70653,0.74421,0.28307,-0.39768,0.20679,0.07045,0.38518,1.17844,-0.03573,-1.10918,-2.41741,0.72282,0.92916,-0.48012,-0.54434,-0.43276,-1.4183,-0.37048,0.62188,-1.8123,-1.79205,-1.41058,-0.59209,-0.01111,-0.54524,0.44264,1.08904,1.09683,-0.78424,0.83668,0.07935,-0.0653,2.60404,0
0.91875,-1.68558,-0.49877,0.19319,-0.88057,0.23302,-0.15132,0.82374,-1.14865,-0.09989,0.29906,0.56982,0.48937,0.45952,-0.22241,0.96531,0.83744,-1.3086,-0.85002,1.24554,0.48084,-0.71607,-0.44488,-0.46685,-0.05209,-0.53146,0.58356,-0.1724,-0.84013,0.41342,0.32393,1.38589,0.28225,-0.29845,-0.42904,-1.58394,1.40318,0.64178,0.25244,1.15174,-2.40768,0.04017,-0.72596,-0.01838,1.11718,0.82255,1.38589,-1.16099,-1.14867,-0.15749,0.09436,-1.46727,0.03661,-1.41431,-1.39037,0.26079,-1.13332,-0.49052,-1.27394,-3.64557,2.27687,-0.01106,0.20287,-0.77911,0.98547,-1.06364,1.36047,0.73068,-1.1594,1.0986,-1.53103,2.29252,0.18347,-0.12936,-0.0423,0.71636,-0.88418,-0.38973,-0.34751,-1.24936,1.03124,0.46251,-0.10455,2.00289,1.41896,1.23787,1.0959,-0.18832,0.79707,-0.90429,-0.16022,1.08926,0.92385,-0.16766,1.38248,0.9873,-0.20768,-0.22066,0.51721,0.53882,-0.95574,-2.51121,-0.36697,0.53877,0.06165,1.23098,-0.83626,0.42792,-0.17341,1.40723,1.66206,-1.64548,-1.21215,0.3825,-0.71257,1.47199,-0.78897,-0.87323,-0.71114,-2.01052,-0.67995,0.49293,0.58835,1.44383,-0.34775,-1.59854,0.68272,-0.99498,-0.50818,-0.99254,-0.65321,0.37124,-1.37015,-0.41251,-0.28322,-1.76156,0.62129,-1.06374,-1.10454,1.17799,-0.18615,-0.68283,0.13884,0.60919,-1.4084,-0.1852,1.21404,2.97917,1.68681,0.59258,-0.26524,0.57607,0.13397,1.08235,-2.29168,-0.48535,-1.3346,1.63979,-0.34461,-1.40594,-0.92416,2.33457,0.74947,0.68839,1.19238,1.62554,0.79537,0.31271,0.62003,-0.05016,1.20369,0.48538,0.46426,0.05201,0.24134,1.87099,-0.07622,0.5303,-1.25075,1.06965,0
1.23634,0.11293,0.68148,-0.27285,0.7412,-0.12119,0.17124,-0.08898,-1.26055,-0.54235,-0.57475,-0.3214,2.0414,-0.26503,-0.40765,-0.08907,-0.53911,-0.55245,0.61001,-2.46418,1.02756,0.21954,-0.76333,0.14328,1.08917,-3.01138,0.36857,-0.18217,0.23866,0.7643,1.18199,0.4623,-1.0434,-0.71014,1.02079,-0.08223,-0.77321,-0.89882,-1.65247,-0.20399,-0.47066,-2.579,0.31274,-0.13401,-0.12092,-0.03632,0.66055,-1.95577,-0.4244,0.38885,-1.03791,0.31837,-0.03077,-0.90634,-0.73941,-0.2376,0.98931,-1.90459,0.14512,-0.85809,1.48016,-0.4561,-2.12396,-0.03582,1.15479,0.33193,-0.25491,2.05348,0.30009,-0.44808,0.10736,-1.26415,-0.50848,0.66901,0.97091,-0.74004,0.55213,-0.2345,-2.28522,0.26341,0.0138,0.24206,-0.22785,0.44814,-0.3947,-0.8711,-1.02367,-1.9277,-0.87039,0.67803,0.14458,-1.50174,-0.21399,0.00058,1.19131,-1.91749,0.92287,1.39268,-0.39585,0.39592,0.52502,0.88345,-1.19001,-0.00509,-0.42533,-1.76551,0.43203,-0.64915,-0.43684,0.1786,1.19995,0.27262,-1.06897,1.17345,-0.08816,-0.24498,1.52966,-0.13362,-0.95341,-1.26667,0.65204,-0.89561,-1.58163,-1.49763,-0.85921,-0.75392,0.09882,-2.13027,-0.66068,0.34768,0.94083,1.66027,0.38968,-0.51658,1.18734,-0.20682,1.25914,0.16808,0.54463,-1.71901,1.79216,-0.30689,-1.3921,-1.78196,-0.70205,0.48344,-0.45694,0.38093,-0.11726,-0.13801,0.59265,0.64928,1.20157,-1.25109,2.82134,-0.37399,2.7246,-1.07847,1.62026,-0.30353,1.11195,1.50972,-1.36933,-0.48635,0.72187,-0.83549,0.2289,2.40645,1.08332,-0.18347,-0.6082,1.77975,1.33709,-0.36545,0.68228,-1.22931,-0.15722,1.36663,-0.29387,1.30394,0
0.73609,1.07505,1.4783,-1.39737,0.00167,-1.69835,1.27121,-2.24892,1.2782,-1.00996,1.12114,-0.5832,0.97745,0.88677,-1.43343,0.09476,-0.30454,2.69206,0.81217,0.00038,0.06407,-1.25443,-0.64217,-0.21891,-0.16118,-0.67982,-0.12505,-0.00089,0.8188,-0.02842,-0.79514,2.19417,-0.6868,-0.103,0.0603,-2.09737,0.08698,0.43035,-0.50135,0.75382,0.64532,1.04212,0.06022,-0.08871,-0.42632,1.08966,0.48148,-0.08033,-0.60876,0.46388,-0.42594,-0.83542,0.41338,0.54708,-0.3218,-1.07879,0.60346,1.76093,1.62758,-0.14282,0.20087,0.06655,0.8223,0.14173,-0.618,0.52943,-0.16152,0.32344,-0.89379,-0.34371,-0.19675,1.56382,0.35124,0.59065,0.94126,2.82509,-0.1138,0.98918,-0.1953,-0.99554,0.51081,-0.33679,0.94126,-0.46425,2.02968,-0.25274,0.06922,0.15641,0.39854,0.92605,1.99443,-0.72006,-0.49597,0.21148,0.12803,1.87276,0.70393,-0.35298,-0.44333,-0.10857,-0.75988,-0.24969,0.97459,1.63096,1.07614,-0.73587,0.33387,-0.31319,1.16403,0.95404,1.48128,2.00438,-0.64324,-0.71143,-1.75596,1.33937,-0.661,-0.28059,0.80668,-0.51656,0.20711,-0.67581,-0.63855,1.18699,-0.89331,0.82514,0.2173,0.44193,-0.0228,-1.15762,-0.51806,-0.3468,0.48013,-0.17472,0.39749,-0.57584,-1.18899,0.45673,1.33063,-0.0775,0.43076,0.91267,-1.19485,1.81322,-0.85446,-0.86731,0.96433,-1.38835,-0.29178,0.90255,0.42924,0.09051,0.6542,-0.48143,0.6745,1.41978,0.21075,-0.07122,-1.09012,-0.0001,1.80276,-1.21228,0.85157,0.77348,0.48227,0.29582,-1.36705,-1.22114,-0.51502,-0.94331,0.84451,-0.41193,0.80195,0.31907,-0.11834,-0.10402,-0.02056,0.24023,0.4555,2.6092,1
-1.49832,1.42786,0.56964,1.12618,0.74078,-2.8232,-1.85699,0.29838,-0.2884,-1.20691,-0.64605,1.12856,-1.39616,0.48706,1.10086,0.20125,-0.68414,-0.11175,1.16291,0.14328,-0.98071,0.23352,-1.70211,0.93562,0.07983,-1.32483,1.51179,-1.1549,1.43017,-0.3095,-1.18056,-0.72597,-0.3851,-0.75516,0.47796,2.22169,0.12254,0.59491,-2.78821,1.04206,0.16533,-0.12585,0.18748,-1.77008,-1.59637,-0.24972,0.82312,0.7986,-0.25684,-2.46553,1.0261,-0.90695,-0.12933,-1.53582,-0.08785,0.59383,1.15325,1.01727,-0.53174,0.33246,0.51257,-0.94111,-0.90799,-0.78174,-0.54371,0.1028,-0.03866,-1.47919,0.51655,0.65787,-0.22648,0.10001,0.91545,-0.03488,-1.0111,-1.38396,-0.17981,-0.2492,0.86071,0.32757,0.94152,-1.58617,0.31771,-0.60303,-1.03505,-0.11452,1.60408,0.00871,0.59309,0.21203,0.38419,-0.05041,0.16299,-0.77136,0.2377,-0.1492,-1.24768,-0.05449,-0.68612,-0.55745,1.67217,-1.06575,-2.1626,0.65607,-1.98108,-1.86865,-0.76417,-0.05783,-0.61282,-0.67117,-0.55999,-0.87566,-0.12542,1.85104,0.65137,-0.03564,0.54672,-0.24082,0.00394,0.20761,-0.87481,0.87474,0.80838,-0.76423,0.29655,1.23577,-0.64562,1.5182,-1.56421,0.45488,-1.1912,-0.70401,0.23033,-0.21983,-0.16825,1.21987,-0.14947,-1.03526,-0.60309,0.10035,0.70209,-0.40033,-1.34673,-1.06499,2.18191,1.79669,0.66129,1.13927,-0.45183,1.36844,-0.4319,-1.28653,-0.4163,1.18193,0.42664,-0.07457,-1.42577,-0.58752,0.13555,-0.00877,0.26329,-0.6776,-0.19227,-0.43705,-2.11807,-1.72913,0.74827,2.56591,-0.92214,1.22974,0.96259,-1.34904,0.66908,-1.60761,0.05445,-0.95053,0.24077,0.05123,0.37908,-0.20604,1
-0.57971,0.09395,1.29868,0.16551,2.04428,-1.49092,0.48903,1.45181,0.7239,0.24196,1.52134,0.55434,-0.07256,-0.21343,0.0387,-0.82588,-0.16296,-1.50954,1.02877,0.41099,0.13799,0.99319,0.43026,0.80657,1.04779,0.77792,1.35644,-0.18096,-0.7483,0.00905,-0.30207,-0.84078,-0.44573,-0.82245,0.12096,-0.94465,-0.54735,1.09783,-0.22631,0.56053,0.20592,-0.34486,-1.10194,0.82259,0.29132,1.21601,0.01146,-1.51248,0.20714,0.78233,0.12315,-0.2453,0.82445,0.90496,0.08033,0.05039,0.17154,0.54246,-1.61752,-0.75764,-0.40898,0.79556,1.50211,0.58579,1.05539,-0.25851,-1.53176,-0.14429,1.61102,0.90118,0.60564,0.02791,0.41193,-0.13757,-1.093,0.2438,1.29894,-1.64002,0.7427,-1.72796,0.96719,0.59068,1.75184,0.45612,0.23976,-0.64356,2.39892,0.21459,-0.76858,0.5446,0.12669,-0.84631,1.55601,0.24914,0.05954,-0.33585,0.36716,-0.27342,2.26523,-2.20994,-0.51197,-0.25482,0.86994,-1.17195,-0.13905,-0.54021,0.60345,-0.21297,1.21929,1.57473,-0.6585,0.18285,-0.36982,-0.10064,0.10684,-0.00982,-0.15698,-0.74732,-1.09359,0.92055,-0.00108,0.40809,0.18276,-0.21299,1.71113,1.19728,-0.48772,0.68013,-1.10717,-0.05073,-1.30922,0.13105,1.7319,-0.16389,-0.86505,0.88372,1.27602,0.20492,-0.98067,-0.28764,1.04484,0.42228,1.57756,-0.49254,0.32515,-0.43202,0.28888,1.82174,-1.05489,-0.65766,-1.03734,-1.27889,-0.76272,0.18557,1.32652,0.47971,-1.28674,-1.18594,-0.55384,0.80595,-0.06616,-2.19472,0.38635,-0.88387,-2.22011,-0.50929,-0.4025,-0.32694,-0.93367,1.26059,-0.17295,0.47647,-0.87514,-0.16217,0.48296,2.05216,-0.58846,0.302,-0.51153,-1.11244,0
0.87382,0.28756,0.25291,1.84008,-1.12482,0.02451,-0.1765,-1.06992,-1.51499,-2.17085,-1.04507,-0.21517,0.95132,-0.16259,1.16444,-0.45425,0.28414,0.52223,0.43396,-0.11635,-1.19138,1.29041,0.16348,0.62503,-0.52997,-1.52537,1.96282,-0.0451,-0.12404,1.32401,-0.06526,1.37106,1.71168,1.3835,-2.55281,0.10582,1.23568,-0.04559,-0.54917,0.35341,-1.83582,-0.47635,-0.11356,0.26403,0.85174,0.08184,0.87517,2.19091,-1.11706,-0.0611,-0.78017,0.66807,1.1876,-0.86415,0.2504,-0.23324,0.81597,1.58248,0.0893,0.81825,0.01302,0.80279,2.19994,0.34667,0.46125,-0.96928,0.44217,-0.57954,0.64286,1.29561,3.20457,-0.13521,0.13206,0.26825,-1.13639,1.54666,-0.13015,0.23439,-0.11275,-1.45047,1.03866,-1.2669,0.12208,1.61571,0.58363,0.8299,-0.54741,-0.88783,-0.88372,0.71446,-1.95418,-0.71917,-0.16438,-2.41397,-0.33951,-1.23619,1.19152,-2.89462,-0.25873,0.65504,0.96713,0.41327,-1.84352,0.59152,2.22602,0.04261,0.59405,1.13935,1.10359,-1.06866,0.83479,-0.13391,-0.33147,-0.18907,-1.52575,1.88564,0.80209,-0.80891,-0.74281,-1.22781,-0.45806,-0.5099,-0.40873,-0.91798,-1.85176,-0.58254,-0.35211,-2.25353,0.27166,0.34074,-0.9688,1.55475,-1.6121,-0.42657,1.57195,0.0242,1.84628,0.77283,-1.57895,1.59417,-0.59451,-0.40856,0.64431,0.57577,0.00943,-0.24277,-0.96938,0.82695,1.55411,-0.81673,0.92551,0.99817,-0.18749,-0.11333,2.21001,-0.27515,-0.60164,-0.50782,0.26542,-1.0297,0.93811,1.55361,-0.45512,1.16684,-0.2824,-1.03024,-2.10396,0.23123,-1.73671,0.84819,-0.12768,-0.19838,-0.5746,-0.67541,-1.81508,-0.29295,-2.05411,0.0786,0.69259,0.66693,1
-0.68584,0.80954,0.41118,0.8465,0.43342,-0.69063,0.02792,0.95296,-0.63334,-0.47502,2.2066,-0.02481,-0.77729,0.79683,-0.17383,-0.06504,0.55141,0.29051,-1.60336,-0.02925,1.28436,1.24151,0.8048,0.13288,-0.38298,0.08016,0.45618,0.0771,-0.769,0.41901,-0.92858,-0.36803,0.65867,0.04422,-0.98739,0.66185,0.90777,-2.01377,-0.58701,-1.48748,-1.10857,-1.19255,-0.97109,0.79953,1.07741,0.65331,0.509,0.26123,-1.45721,-2.35707,-1.63581,0.97817,1.23792,0.55359,-1.80047,-0.55301,2.0356,0.26027,1.7102,0.97921,0.16531,0.39825,-1.05795,0.05737,-0.42678,-0.56305,-2.30543,-0.73246,0.5215,0.20045,-0.35731,-0.53308,-1.06659,-0.10625,-0.20044,-1.26965,-3.51287,-1.44943,-0.05443,-0.34041,1.35086,-1.11865,0.64969,0.00261,-0.81791,-0.15045,0.01922,0.98913,-0.3729,0.44388,0.433,-1.36464,0.21172,0.99292,-0.48959,0.36054,1.48204,-0.3637,1.3217,0.1689,-0.3705,0.20812,0.34344,-0.40881,-0.87526,-1.11681,0.38363,-0.62542,1.04381,-1.04971,-0.3957,0.20725,-2.81869,1.85662,-1.84283,-1.28337,0.95746,1.27861,0.1335,0.37389,-1.05103,-0.88101,-1.05159,-0.34664,-1.24845,1.44487,-0.62314,-1.31155,-0.58254,0.231,1.2586,0.85434,-1.07313,-0.27502,0.44187,0.38796,0.11425,-0.64183,0.53963,0.7076,-0.00043,-0.45023,-0.13513,1.0592,0.14141,1.47795,-1.27696,1.16774,0.66437,0.307,-0.45365,0.11237,-1.11083,0.72788,0.89316,0.71706,-1.60634,-1.25006,-0.90764,0.41373,0.15706,-1.01895,-1.25839,1.93687,-0.20542,-1.14984,1.67799,0.10877,0.42112,-0.69438,0.78003,0.30065,1.01442,0.7427,-1.04319,-0.57469,0.09249,-0.11961,-0.53018,-0.834,1
-0.51923,-1.25552,0.94424,-0.23579,0.45999,-1.49545,-2.26519,-0.85996,-2.03476,-0.47685,-0.44666,-0.69462,-0.49968,-0.24872,-1.62159,-1.79004,-0.88925,1.02204,3.084,-0.52583,0.85931,0.96697,-0.15035,1.75019,-0.70336,0.5687,1.4059,-0.404,0.3385,-1.08132,1.65379,1.3612,0.2677,-1.66855,-1.49365,-0.12702,0.21156,1.26006,1.19147,0.45232,0.41571,-0.10714,1.44772,1.2379,-1.19691,0.46553,-0.98003,0.23619,0.22496,0.74327,-0.45617,-0.64298,1.02384,2.31472,-0.35714,-1.02013,0.53465,-0.47367,0.4772,0.70487,1.32257,-0.16549,0.18134,2.13772,0.3211,0.48314,0.52986,-1.32422,1.62861,0.9729,1.14934,0.70023,-0.60997,1.48649,-0.21045,0.51888,-0.31866,-1.04453,0.76694,1.26427,1.95562,-0.76566,0.89298,0.10987,0.49407,-0.21297,-0.35717,0.29613,-0.30805,1.18934,-0.82858,-1.31062,-0.98852,-0.93737,0.07492,-1.394,0.22079,1.65789,0.5497,0.31234,0.17767,0.94973,-1.36238,0.04459,-1.80318,-0.31918,-0.19562,-0.6952,-0.24117,-0.40865,-0.18677,-0.90416,0.75131,0.50652,-2.85582,0.0833,-1.48954,1.98645,1.11615,0.3392,1.40795,0.4041,-0.2834,-0.63309,-0.42849,-1.21994,2.2167,2.09024,-0.53793,1.07727,-0.92494,-1.72989,0.17895,0.3872,-1.47345,-0.28175,0.51468,1.67552,0.36696,-0.57552,-0.33233,-0.27049,-0.89169,-0.12465,1.39731,0.65123,0.41606,-0.3242,-0.40413,0.62519,1.21461,-0.78727,1.12172,-1.27615,-0.35339,1.07151,-0.46825,0.1816,-0.12546,-0.93472,0.9274,-0.53332,-0.89225,-0.68827,1.92817,1.61727,1.27919,0.43735,-0.45868,-1.5799,-1.28434,0.2617,1.22791,-0.36066,1.62554,0.62418,-0.42575,1.37364,-0.72944,-2.43199,0
-0.15681,0.51445,-0.71544,-0.39631,-0.28119,0.40042,-0.30118,0.39165,-1.5228,-1.38222,-0.35569,1.66982,-1.54912,0.81198,1.19691,-1.08994,-0.71501,-0.18649,-1.35569,-1.38564,0.71783,-0.77109,-1.18553,1.35475,-0.26102,0.38597,0.69337,-0.09842,-0.16215,0.35907,0.61176,-0.92494,0.60937,0.31864,1.21654,-0.61255,-1.87876,0.81369,-0.18359,0.74122,0.3129,-0.1023,-0.39353,0.80532,1.15763,-0.80098,0.90259,-2.15892,0.32063,-1.21666,0.29089,1.06611,-0.70018,-0.18503,0.0517,-0.80262,0.76898,1.01275,1.02263,1.0436,1.41645,-0.95168,0.14273,-0.39144,1.56721,-0.65912,-0.58265,0.49901,-0.4681,0.2116,-0.6141,0.06267,-0.39666,-1.02595,-1.38526,-0.755,0.71013,-1.43797,-0.35316,-0.08122,-1.28913,-0.3829,1.63301,1.42287,-0.77034,-1.31963,0.85342,-1.08195,0.88558,0.95483,-0.49035,0.04652,0.72779,0.46309,0.77898,-0.13667,-0.0393,0.68611,-0.33114,-0.42742,-0.71455,-0.65839,1.05873,-0.30604,0.04493,3.06686,-3.01644,-0.27021,1.15055,-1.14744,0.72594,-0.15633,-1.25893,-0.68346,-0.95219,-0.47031,0.13609,-0.6654,-0.41413,0.05363,-0.48872,-1.11259,0.42604,0.18168,-1.64377,1.96545,-1.1165,-0.14186,-0.92056,-0.8166,-0.21048,0.88346,0.75449,0.27041,-0.37203,0.16745,-0.2866,0.71855,-0.57008,1.75183,0.49951,-0.9357,1.93571,-0.27646,-0.23918,0.80111,1.65552,0.14398,-0.39301,-0.51007,0.13469,-1.51727,0.95658,0.40253,0.51828,0.3361,0.33008,-1.04752,-0.33657,-2.42868,0.52047,0.19063,-1.81376,-0.89367,-0.66244,1.19617,-0.19531,0.46098,0.71386,0.59647,-0.29761,0.27156,-0.45193,0.17493,0.51419,-1.31549,-1.09256,0.61234,-0.74669,-1.00918,0
-2.00191,1.15917,-0.36014,1.28501,-0.51712,-0.3008,0.58586,-0.98382,-0.15813,-0.26376,-0.81343,-0.90919,0.22279,0.85981,-0.25559,-0.31126,-1.56747,1.35618,0.36069,-0.34335,-0.98605,1.41897,-1.15471,-0.86135,0.91967,-0.62548,-0.68696,-0.26566,1.13444,0.51682,-1.93183,-0.87125,-0.12336,-2.3538,-0.79166,-1.1038,-1.86988,-1.4887,0.05555,0.69898,0.31866,1.25037,0.87404,1.28713,-0.34015,-0.27678,-1.79433,0.09593,2.1156,1.27666,-0.45227,-0.2933,-1.22473,0.64444,1.11401,1.54194,0.5701,-1.84739,0.18497,0.2188,0.56178,-2.5924,-0.60637,0.4441,0.71289,0.16116,0.49804,-1.85972,1.0143,-0.03318,0.22583,1.78582,-0.20514,0.5881,-0.64831,0.34068,-0.08821,0.35842,1.11682,1.35506,-1.41297,0.65454,-0.8178,-0.69164,-1.90274,0.20949,-0.09385,0.21408,0.67402,1.21656,0.46059,-2.34049,0.63624,1.03618,-0.44967,-1.11605,-0.80923,-0.19588,-0.58756,-0.03395,-1.17656,-0.78244,-1.28535,0.92169,0.33418,-0.70124,-1.16111,-0.40177,-1.48327,-0.5196,0.63716,0.2331,0.03617,-0.80215,0.74089,-1.0199,-0.55774,2.45191,0.04997,0.71527,-0.32335,-0.10191,0.12805,0.06644,0.60721,1.52191,-0.1488,-1.21646,0.68054,0.08829,1.9827,0.636,0.62223,-0.54972,0.09377,-1.65767,0.50759,-0.0579,1.44856,0.42594,-1.22731,1.37026,-0.57861,0.49055,-0.30103,0.28525,0.09352,-0.54026,-0.65972,0.89447,-0.95672,-1.06609,-0.79937,-0.65174,-0.2366,0.52525,1.09511,2.27902,-0.06975,-0.93315,0.3443,1.87763,1.21115,0.59904,0.77948,2.03979,1.25608,-0.00874,0.0297,0.83749,1.07177,2.31654,0.85502,0.84653,-0.80484,0.05914,0.96489,1.19567,-1.38021,-1.08264,1
0.05439,-0.54072,-1.04416,-0.37236,0.37148,0.29842,0.4003,-1.64304,-2.51899,-0.16676,-0.68904,-0.31664,-1.00481,-0.12349,0.44115,-1.23351,-0.61952,2.45212,-0.03963,-0.11686,1.74664,-0.30907,-2.51548,-0.03152,1.04051,-0.40054,0.60164,-0.20927,-0.73212,-0.88225,-0.29449,-2.02987,1.11593,-0.55781,0.75241,-1.19813,-0.8771,0.23149,-0.20248,-0.36956,0.26626,0.79057,-1.05096,1.65996,-0.3233,-0.02566,2.4232,0.86298,1.13303,0.78615,-0.23563,0.08386,0.33834,-1.79133,-0.85878,-0.67134,0.15045,1.34128,0.12315,0.48708,-0.68254,0.77356,0.84747,-1.02446,0.57418,0.71568,-0.88842,0.21765,1.32281,0.83377,-0.36751,1.80253,1.61928,-0.94796,0.9911,-0.09958,-0.51297,2.05511,1.16008,-0.72531,-0.53113,-0.02575,0.25401,0.11132,0.4082,-0.10244,1.23041,-1.25402,0.09051,-1.45966,-0.30581,-1.07575,-0.83706,1.1564,0.76788,-0.93886,0.78426,0.19345,1.24671,-0.41831,0.7001,0.53385,-0.81092,0.56492,-0.14469,-0.58376,0.38933,0.51831,-1.11228,-0.9699,-0.32687,-1.14045,-0.9039,0.79495,0.27135,-0.4281,-1.11016,-2.4287,-0.16883,1.24955,-1.04016,-2.17999,0.39824,-1.96952,-0.84674,1.88252,-0.29953,1.2133,-0.22911,-0.28571,0.69879,0.46674,-0.36224,1.46019,-0.25741,-0.17681,-1.3738,-0.61023,-1.27618,0.83932,-0.35894,2.05766,-0.16771,-0.54752,-1.72557,-0.16862,-0.68509,-0.34502,-0.82627,-0.50662,0.26021,0.3242,2.12639,-0.30448,0.83113,0.60263,0.84817,0.86851,0.29235,-0.41992,-0.65837,-0.55531,0.23956,1.6443,0.89415,0.17958,-0.42261,1.69285,0.30344,-0.50256,1.60412,0.28993,-0.02775,-0.3962,-1.72499,-0.73895,-0.35505,0.57041,0.4013,-0.77762,1
2.35877,0.0457,-1.8493,0.07149,1.67275,0.22134,0.45615,-0.73922,0.58633,0.58805,-2.84601,0.46408,-1.49125,1.09949,1.10947,-0.22892,-0.81869,-0.71843,-0.19327,-0.44821,-0.20101,-0.07752,-0.21219,1.03669,-1.03538,-1.31212,-0.73919,-0.32581,1.10907,-0.86094,1.08592,0.58653,0.68851,0.16974,-0.37841,-1.46156,0.14891,-1.38974,0.65724,-0.22732,-0.20893,-0.74365,-0.13021,1.02525,-1.64699,-1.92328,0.29435,-2.13806,0.01741,1.47284,0.62871,0.67563,0.81739,-1.56718,-1.21681,0.08869,0.54255,-0.10558,-1.51901,0.50232,-0.31572,-0.53141,0.03336,-1.73392,-0.05819,1.94292,-0.77865,0.97119,0.42492,0.64069,0.24636,-1.061,-0.57779,1.09743,0.20866,-0.53927,-1.27392,0.21021,-2.36418,-0.47258,-0.26297,-0.31962,1.65005,-0.32065,-0.62058,-0.68875,-1.67083,-0.49062,0.67014,-0.13446,-2.29013,1.74095,0.32494,0.74176,-0.14847,0.03027,0.46591,-1.20078,-0.47706,-0.08062,0.18301,0.08862,-0.63606,-1.58746,-1.65782,-0.08362,-0.19298,0.20291,0.98095,0.3606,-0.65843,0.20176,-0.8871,1.57223,-0.05393,0.46236,-0.83809,-1.40862,1.38756,0.69121,0.30336,-0.1388,-0.70482,-0.50899,-0.4801,0.31258,-0.65824,-0.00839,1.42719,0.11576,-1.91396,-0.15509,-0.6413,-0.99268,0.40353,0.60664,-0.04885,0.72727,-0.81421,-0.27734,1.89639,0.36791,-0.1979,-1.60338,-0.14261,-1.26111,0.00933,-3.31154,-1.63655,-1.15245,0.55786,1.51803,0.3513,0.70098,1.15834,1.15257,0.81994,0.48126,-0.33381,-0.35669,-1.15722,-0.35237,0.43893,2.27678,0.64172,-0.24563,0.9516,-0.70249,-0.7186,0.2821,-0.96897,-1.92344,-1.5891,-0.1432,1.65284,-0.02676,-1.2937,-0.44019,-1.83038,0.33336,1
-0.50883,-1.01155,-1.42375,-1.45449,-0.25334,-1.10642,0.66869,-0.65471,-1.32252,0.69021,-0.17602,1.53721,0.14573,1.28967,1.65069,0.49066,-1.05096,-1.50385,-0.10125,-0.6934,1.77861,-0.24583,-1.59148,-0.48745,0.86613,0.06686,0.49178,-0.58478,0.2692,-0.63473,-1.11243,-0.65552,1.09887,-0.47168,-0.15128,-1.65629,-0.52751,1.75485,0.50713,-0.75862,0.76969,-0.18583,-0.63355,-1.28334,0.08113,-0.97248,1.48957,1.65476,0.23038,1.19271,-0.56212,-0.52367,1.467,0.47448,-0.01431,0.23411,-1.23464,-0.03873,0.02364,0.00862,-1.57693,-0.9051,1.29234,0.10926,-0.2388,-0.13034,0.56232,1.4597,0.75322,0.03919,-0.10052,0.59122,-0.15965,0.02185,-0.06892,-1.27741,-1.10166,-0.43367,-0.64589,-0.67991,-0.61432,0.23121,-1.16818,-0.07553,-0.57339,0.94761,0.26784,-0.4401,0.89004,-0.12843,1.94672,0.32578,-0.01832,0.26163,0.47099,-0.23158,-0.1244,0.8239,0.60102,0.60027,0.23796,-0.15754,1.35275,-1.8339,-0.15939,-0.15221,-0.36337,1.3276,0.4151,-0.41988,-1.13947,1.17379,1.63968,-1.17673,-0.01193,0.97946,-1.07195,0.76951,0.05598,-0.36587,-1.70254,0.34074,-0.36556,0.42423,1.28858,0.45078,0.63241,-1.00174,0.00308,0.40915,0.58906,-0.26576,0.55748,0.60177,-0.55062,-1.0308,-0.96634,0.60928,1.04757,-1.05471,-0.38873,0.32573,0.85383,0.28976,-0.44034,-0.37253,-0.91001,-0.16902,-1.17016,0.50214,0.27264,0.79232,-0.51598,-2.3181,0.47129,-0.54704,-2.15524,1.11104,-0.44337,-0.43083,-1.72618,0.51769,0.64219,-0.7694,-0.07687,1.84467,0.50247,0.52963,-0.74989,0.21217,0.00825,0.22151,1.76385,2.48719,-0.84236,-0.17435,0.52064,0.00064,0.44876,1.55218,0
1.58957,-0.25951,-0.48793,-0.15101,-0.01408,0.25088,-1.98439,-2.71035,1.76686,0.27197,0.05684,2.04987,0.73604,1.26347,-2.81854,0.75298,-0.12877,-0.36585,0.07069,-1.28865,0.10119,-0.40588,0.90282,0.22863,0.42038,-0.54971,1.01849,-0.49888,-0.9432,-0.21204,0.84971,0.36804,1.18009,-0.72373,0.925,0.28743,0.60426,1.12243,0.08746,0.95894,-0.59928,0.63043,-0.30174,-1.18844,0.04501,0.30351,0.98311,-0.17618,1.33715,-0.78827,-0.69854,-1.47667,-1.46687,-0.00989,-1.21345,0.15862,0.3011,3.0228,1.21647,1.92398,1.33553,-1.01623,0.53599,-1.3248,-0.99546,0.51107,-0.30747,-0.26915,0.26001,0.19601,0.04092,0.03551,1.92357,0.27722,-1.56907,-0.42274,-0.4959,0.40053,-0.01184,-0.15622,0.10342,-2.02726,-1.42867,0.2734,-1.18393,-0.30512,-1.00566,0.0405,0.631,-0.93155,0.48476,1.4009,-0.83886,-0.86111,2.50321,-1.08629,0.32168,-2.52488,1.07997,-0.52327,-1.92202,-2.321,3.45066,2.00606,-0.28602,-0.24973,-0.97162,-0.05996,-1.16044,0.02456,0.44955,0.33314,-1.73735,-1.07936,0.34776,1.02767,-0.16242,-0.80063,-0.57363,-0.11274,0.39562,-0.53708,-0.05699,2.195,0.67388,1.92526,0.54421,-0.61179,0.7771,-1.06351,0.48202,-0.06255,-1.0102,1.30094,0.04008,-0.15903,0.83868,-1.9667,1.47551,-0.96694,-0.75753,1.77148,-1.5304,-0.43259,-1.42022,-0.91602,0.55752,-1.68924,-0.01991,0.39512,0.46711,1.69411,-0.26559,-1.28821,-0.17511,-0.40321,-1.01785,0.13158,0.44374,-0.54417,0.0651,2.66249,3.10382,-0.5786,1.18659,0.27961,-1.75299,-0.81809,-1.16437,0.16346,-1.47191,-1.23769,0.27972,-0.47104,0.59621,0.59915,0.25658,-0.20773,-0.05123,1.30128,1
2.11295,0.76568,-0.9566,2.11368,2.11377,-1.29663,-0.19317,0.20457,0.85926,-1.03349,2.64422,-1.59565,0.73803,-0.04123,0.75951,0.56482,0.00918,0.4747,1.09615,0.44602,0.9645,0.13467,-0.93894,0.57044,-0.84352,1.03412,0.64431,-0.02727,0.21487,-0.15191,-1.05467,0.64662,-0.71513,0.72612,-1.57708,1.66107,1.63583,0.37329,0.70224,-0.55484,0.81691,0.18259,-0.84712,0.94541,0.07953,-1.69876,1.3312,-0.82943,-0.976,0.82259,0.4757,1.17977,-0.17896,-0.14833,0.13102,0.17587,-1.90571,-0.23037,-0.06621,-1.37325,-1.20294,-0.32963,-0.07159,-1.63732,1.18333,0.36005,-1.08628,-0.36199,-0.11026,0.36373,1.01821,-3.42733,0.85789,-0.92212,-0.48426,-0.28752,0.26129,-0.03645,0.70986,0.08342,-0.76171,1.86559,-0.56262,-0.24363,-0.42379,-0.29628,-0.16797,1.32471,-0.56304,0.46765,-0.19978,-0.17248,0.73255,-1.8065,-1.44543,-0.65269,-1.35352,-0.87542,2.11675,-2.40271,0.5724,0.89211,1.23496,0.70869,1.26164,0.14518,-0.36043,0.75219,-0.827,1.46958,3.2253,0.88325,1.26387,-0.29875,-0.88358,0.47643,-0.58484,1.21175,-1.23254,-0.10224,-0.91298,0.60165,0.23573,-0.90408,-1.32376,0.03374,0.18536,-0.86469,0.53083,0.60653,0.34249,0.42872,-0.92591,-1.56058,-0.25217,0.75123,-0.13598,-0.36679,0.69105,0.50537,-1.99857,-0.45556,-1.30884,-0.36467,0.72295,-1.61578,0.41358,0.24281,-0.13578,-0.83387,-0.73787,0.89709,-0.02603,0.98549,-0.51545,1.12903,-0.65351,-0.5722,0.21035,-0.31251,-0.45104,1.31907,-0.85727,0.27683,0.73301,-0.1471,0.72827,1.74916,1.80219,1.19283,-0.86305,0.37551,1.0231,0.42001,-0.82345,1.3583,1.2265,-0.19999,0.9786,0.20223,1
1.02748,0.87664,0.57938,0.24727,0.04493,-0.24454,-0.54328,0.2979,-1.08994,0.92719,-0.34015,0.39365,0.00648,-0.06707,-2.58316,0.94901,1.82929,0.05225,-0.47914,-2.82987,-0.13737,-1.37354,0.66634,0.36943,0.03081,0.39051,-1.83311,1.55494,-0.64942,0.15057,2.15998,0.9354,0.77995,-0.78863,-1.04303,-0.21857,1.01336,-1.81187,-1.14319,2.30836,0.33489,1.19223,-0.40823,1.28507,0.76906,1.1439,0.55349,1.62457,1.67133,-0.69944,-0.32253,1.75059,-0.41675,-0.17354,-0.23977,0.60137,0.20217,-0.74442,-0.39206,2.0538,-0.86381,1.58307,-0.30812,-0.40704,0.67979,0.32845,-0.08666,0.17912,0.09974,0.00234,0.34164,1.04433,-0.87663,-1.49421,-1.4681,-0.27041,-0.27833,-1.18336,-1.16922,1.52452,0.74413,-1.19528,0.57809,-0.6903,-0.00307,0.04005,-1.48439,0.54313,1.10845,1.45987,0.9324,-0.08784,0.00629,0.53134,-0.36965,0.66303,-0.31051,0.09588,0.42318,1.40625,0.90805,1.69165,0.35109,1.25758,-0.97249,-1.92589,-0.60394,0.75329,-0.50782,1.54333,1.35686,0.58491,0.39427,2.58637,-0.31461,-2.23089,0.24095,2.58855,0.18775,0.37356,-1.11044,2.61849,1.69119,0.16235,0.3457,-1.84219,0.04987,-0.00068,0.08974,0.88745,-0.34167,-0.30983,-1.70541,-0.2523,-0.41074,1.09653,0.56509,-0.03713,1.39736,-0.04597,-0.61599,-1.62244,-0.90434,-0.58971,0.33267,0.55139,0.10042,-0.83805,0.91858,0.3652,-1.03089,-1.30355,2.01295,0.2891,-0.60114,-0.38139,-1.05559,0.69901,-1.08175,-1.84804,0.99351,0.31516,0.44146,-1.1348,1.0866,0.93471,1.03325,0.18778,-0.16531,-0.74841,-1.38431,0.67888,-0.12398,0.67152,1.85094,-0.65518,-0.05671,-1.26333,0.42484,-0.16358,1
1.24762,0.43485,-1.25934,-1.03959,0.57436,-1.16067,-0.45928,1.02359,0.23729,-0.72254,-0.66076,-0.29678,-0.98989,-1.61868,0.36182,0.075,0.01352,-2.06772,-0.07874,-0.70308,0.8739,-0.09284,-0.35239,-0.12141,-0.78744,-1.01895,-0.3599,-0.41099,0.83789,0.10425,-1.07897,-0.03345,-1.72835,0.85596,-0.04304,0.45398,1.46993,-0.4025,0.68197,-0.85414,-0.59742,-0.23363,-0.35682,-0.97058,-1.88157,-0.18849,0.85066,-1.04663,-0.21109,-0.00903,0.25686,0.90233,-0.84029,0.28883,0.05536,-0.09852,0.07169,-0.56463,-1.55808,0.81136,1.97638,-0.63061,1.86163,0.47707,0.1698,0.88066,0.34445,0.81413,0.02593,-1.04156,0.20899,-1.1135,0.82101,0.28846,0.20783,-0.4058,0.29893,-0.68633,0.32549,1.60006,1.07135,0.40755,-0.22745,0.35773,-0.66207,-1.21847,0.3514,-0.1118,-0.58158,0.68896,1.31307,0.10302,-1.10805,0.43216,0.44911,0.48006,1.38139,0.92947,-0.08812,-0.62377,-0.0105,0.5834,1.6143,0.39103,0.20296,0.78819,0.45753,-1.45297,1.05996,-1.24392,-0.49653,-1.53662,-0.10438,-0.63716,-1.15475,-1.62644,-0.14973,0.54118,0.73072,-0.49323,-1.53915,0.29217,-1.22155,0.14864,-0.13188,1.95607,-0.27874,2.06924,-0.33401,-0.24841,-1.37177,-0.79098,-0.21305,-0.97125,-1.75181,-0.49364,1.33145,0.51815,-0.58914,-1.83126,1.83757,0.69987,-0.79916,0.3013,1.20275,-1.43776,-1.9878,1.49146,-0.12027,-1.56103,1.43711,-0.78841,0.39026,-0.08498,-0.02855,-0.31018,-0.35327,-0.58514,0.08462,0.39292,1.70996,1.06447,0.67609,1.21334,-0.1453,-0.61818,0.55291,-0.1334,-0.93758,1.37788,1.88332,0.20012,2.39166,-0.66023,0.29186,-0.7551,0.0945,0.69003,2.30062,-0.48408,1
0.54774,0.03578,-1.28095,-0.38264,-1.75885,-2.00311,0.52244,-0.11805,-0.76674,-0.36221,0.53759,-0.11574,0.81976,-1.62865,3.13567,1.44148,-0.3598,0.80977,-1.50929,-0.58504,1.14315,-2.37806,2.44973,-0.15465,-0.69096,-0.0636,-0.88549,-0.65284,1.06356,1.37562,-0.37432,0.03507,-0.24354,-0.2009,1.55775,0.94139,-0.32357,-0.59086,1.3377,0.45349,0.7634,-0.2882,0.10546,1.25249,-0.35475,-0.64378,0.15141,0.64062,0.475,-1.52897,0.52875,-1.59804,1.85936,1.17024,1.31163,1.28793,0.52003,0.88012,-1.06468,1.44496,0.19341,-2.51028,0.40121,0.59238,0.53764,1.21374,0.59118,0.58586,0.76228,-0.30438,0.40429,0.14213,0.18851,-0.86092,-1.24971,-2.21848,0.82868,-1.32141,0.13749,1.12442,-1.357,-0.48556,1.28605,0.3604,-0.21509,0.53963,-1.83687,-0.62129,1.52234,0.572,0.13414,-0.29438,1.67555,1.44869,1.38925,2.21929,0.36397,1.3681,-0.83292,0.08564,0.34998,1.22024,0.52908,1.24178,1.24887,0.78826,-0.2623,0.66606,-0.28469,-0.50743,-0.27915,-0.41022,0.14638,0.5221,-2.12872,0.46293,-0.79051,-1.55477,0.88408,1.45328,-0.9121,1.16142,0.0094,-1.60169,0.93332,0.28457,-0.42371,-0.81594,-0.09567,-0.71111,-1.79895,-1.64423,-2.1059,1.41884,-0.77374,0.89042,-2.0544,-0.21819,-0.1279,0.47309,1.2029,-0.40623,-2.23828,0.60978,-0.0524,-1.19751,0.38141,-0.28312,1.44804,1.11453,-0.78822,0.18012,-0.0117,0.90923,-2.55373,1.81018,0.46056,-1.21843,1.1631,-1.0014,1.92379,0.90572,1.38612,0.93785,-2.14209,0.69351,2.02971,-0.22575,0.79233,1.68175,1.22025,0.16042,-1.26916,0.21085,1.76545,3.95832,1.28385,1.60129,-0.71033,-0.7839,0
0.43115,-1.07085,1.12769,-0.22738,1.00079,1.00332,-0.68089,0.21397,-1.09046,1.31791,-0.60404,0.82496,1.2349,0.25103,1.95559,1.88698,0.43235,-0.156,0.90855,1.13394,-0.10796,-0.71568,0.04553,-2.24764,0.12088,-0.71402,-0.14617,-0.26804,0.35334,0.13349,-1.68126,0.02326,-1.24179,-0.14018,1.43782,-0.14351,-0.78205,0.15672,0.36936,0.63252,1.6212,-1.401,-0.89944,0.0829,-0.3205,0.74342,1.18641,-1.03176,0.66889,-1.12299,-1.0528,-0.72962,-0.06924,0.44745,-0.98698,1.37583,1.08125,-1.25055,-1.05159,1.41617,-0.26925,-1.07653,-0.30914,-1.87904,-2.12506,-0.19348,-0.00539,-1.20241,1.3958,-0.12682,1.03258,-1.16707,-2.37671,1.73193,0.08222,-0.71446,0.10187,0.90461,1.08617,-0.23226,-2.19202,0.67174,0.2776,-0.1151,-1.11829,0.47431,0.31572,0.38609,-1.1626,0.61691,0.46669,-0.72389,1.07381,0.05968,-1.19148,0.00686,1.11385,-1.52194,-0.2794,1.22764,-0.08409,-0.69159,0.03633,-1.02303,1.19256,-0.75747,2.91874,-0.64042,-1.92513,-0.36284,-0.39743,0.56252,1.43117,-2.58835,-0.34103,1.04675,-0.05207,0.90486,0.41664,-1.36522,1.88736,1.06101,0.60928,0.32684,-0.73988,-0.17594,0.7729,0.27167,-1.77781,0.66928,-0.39488,0.02603,0.10543,-0.70068,1.11801,2.04719,2.16637,-1.80299,1.89476,-0.22965,1.10431,1.1342,-0.62497,-0.5579,0.16994,1.08113,0.24198,1.45287,0.6734,0.99671,0.92924,-0.07096,0.17409,1.06936,1.03931,-0.58027,1.45369,0.34623,0.52775,0.9249,0.12295,0.36562,1.07942,1.14571,-2.41398,0.91523,-1.86366,0.15657,-0.31632,-1.59521,0.43519,2.00449,0.17134,-1.3459,-1.17273,1.53683,-0.32968,-0.3591,0.55702,-0.1182,1
0.13185,0.8543,-0.21849,0.34022,-0.55259,1.30813,0.88388,0.71233,0.02209,0.03289,1.10574,0.8103,-0.65628,1.21396,0.70786,2.11276,0.8517,-1.40941,-0.63774,-0.85222,-0.32339,-0.73386,0.62333,-1.5252,-0.058,0.21506,0.12126,1.4076,0.14281,-0.45755,-0.11582,-0.21783,-0.1307,-0.92778,-1.21975,0.40357,-0.43626,-0.64123,0.42162,0.77928,-0.23354,0.22698,-1.15041,0.46614,0.14859,0.35084,1.85014,-0.55594,-1.90305,2.95951,0.97662,0.59324,0.79909,0.26265,-0.16108,-1.54416,-0.73977,-1.62862,0.45555,-1.05803,1.13652,1.37777,0.47959,0.17993,-0.96668,1.99358,1.09874,-2.45047,-0.12531,-0.04404,2.09927,0.42748,-1.71449,1.10002,1.24613,0.81884,0.08218,-2.15861,-2.093,-0.45033,0.07933,-0.31985,-1.91225,0.09919,0.77372,-2.46202,-0.64093,0.8572,-1.62422,0.88734,-0.14047,1.86746,-0.10721,-0.26109,0.23227,-0.09792,-0.26288,0.20049,0.35722,0.70335,-0.25295,0.75461,0.80286,-0.82248,0.22938,0.68861,0.72877,-0.97281,0.04013,0.04222,-0.65629,0.24768,1.35312,0.46794,-0.26021,1.15144,0.55418,1.59709,-0.22972,-1.83108,-0.26119,0.87612,-2.62868,0.52095,-2.61997,-0.18954,2.22384,0.71683,-0.63419,-0.9837,0.66635,-1.02194,-0.59211,-0.59792,0.93567,-0.03831,-1.39074,-0.17757,-0.93823,-1.14252,-2.09846,0.81921,-0.8069,-0.94895,-0.94977,1.2029,-0.44928,0.32854,-2.4425,-0.03279,-0.96095,-1.0179,0.71235,-0.60274,0.85671,-0.15072,-1.73904,-0.56097,-0.35051,1.22601,0.88489,-0.34694,-0.49668,1.03024,0.34243,-1.46815,-1.06995,-0.39415,0.53673,-0.03476,-1.4226,-0.08125,-0.28632,0.10141,-0.01416,-0.22943,-0.08218,0.81067,-1.56694,1.50062,0
0.09387,-2.1594,-1.93616,1.59067,-0.48136,-1.67631,0.72709,1.0026,-0.82716,0.3138,-0.15498,-1.14819,1.37891,0.25211,-0.3079,0.69168,-0.24918,-0.30522,-0.06762,3.08203,0.10773,-1.22772,0.16183,0.77209,0.90693,0.53908,-0.36966,0.31705,0.2969,-0.54969,0.79111,-0.45774,1.57574,-0.69661,-0.53116,-0.0052,-0.53828,0.90813,0.80181,0.60261,0.84824,-1.15193,0.77641,0.2774,0.61393,-0.41497,0.73692,0.00769,1.69755,-0.21976,-0.62757,1.43895,0.37661,0.83146,-0.08599,0.37164,-0.91619,0.94105,0.43418,0.64,-0.19013,1.1053,-0.29895,0.437,0.61781,0.27073,0.14438,0.50061,-0.32037,-0.28626,-0.61778,1.13524,-0.33298,-2.88086,0.41742,-0.86717,0.06764,-1.32634,0.08616,-0.30787,0.55829,-1.66964,-1.34982,0.28545,-0.63663,-1.08285,0.25029,0.91754,0.15993,-0.49547,1.69396,0.47741,-1.01948,0.64242,-1.60096,-0.58891,-0.591,-0.18618,0.41224,-1.3542,-1.23173,0.71834,0.88647,0.50444,0.32355,0.10609,0.07476,-0.51271,-1.01781,-1.81527,0.77385,-2.18655,0.58911,-0.29551,1.08281,0.19373,0.35997,1.44854,-0.88716,-0.85493,0.75056,0.33182,1.87386,0.94765,-0.08501,-3.23899,-0.59859,1.67415,-0.89098,-0.62911,-1.26974,0.281,1.20623,0.53499,1.21459,0.26792,1.15726,-0.10126,-1.30296,0.50432,0.22689,-1.27893,0.33925,-1.27811,-1.20083,0.54272,-0.93237,-0.05862,0.0032,-1.29113,0.4859,0.29848,-0.04208,0.04402,1.12209,-2.03094,0.01623,-0.47373,0.84293,0.98082,0.11814,-0.94794,-0.0453,-0.81965,1.35778,-0.66571,0.26546,0.0605,-2.39957,1.48187,-0.24359,2.00257,0.89397,-1.70566,-0.35597,-0.16385,-0.61432,-1.23778,-0.06682,-1.57461,0
0.53736,-0.43254,0.83519,-1.22739,-0.80447,-1.41159,-0.87135,0.13333,0.87908,-0.97965,0.82903,0.2475,-0.00701,1.0554,0.32665,0.21012,2.016,0.72402,-0.417,-1.03801,1.82078,-0.8803,0.24878,0.96584,-1.57272,0.58013,1.23344,1.5833,0.29561,0.66135,-0.72633,-0.08654,0.56541,-0.75738,0.90607,0.76911,1.2972,-0.36198,-0.02936,0.06509,1.03303,0.73671,-0.78466,-0.30445,0.10803,0.05717,0.95205,1.51752,1.57466,0.48599,-0.5235,-0.23322,-0.47176,0.03079,1.0476,-0.74536,0.32089,-0.8314,-1.53138,-0.95825,0.56808,0.04532,2.53494,1.2264,-1.68059,0.62539,-0.2549,-1.21769,-0.89269,1.88719,1.02434,-0.39134,1.20155,-0.70243,0.53838,-0.29697,-0.70315,-1.353,-0.33895,1.04486,-0.34349,-0.33273,-1.31665,-1.08166,0.31602,-0.14385,-0.71284,1.04624,0.37692,0.80672,0.41388,0.16297,0.96802,-1.83108,-0.52662,0.19456,1.59697,1.68666,-1.60008,0.65824,1.44889,0.10868,1.77418,1.11406,-1.292,-0.93747,0.33899,0.42452,-0.38531,0.96049,-0.43062,0.16488,-0.88615,1.05193,-0.70543,0.67285,-0.10285,-1.19728,0.06126,-1.21949,0.17362,-1.10601,-0.15239,-0.71092,1.43024,-0.64183,0.44291,0.27357,-0.52874,-1.16594,0.68511,0.27334,0.92957,-1.78891,-1.76292,-0.7422,2.28439,-0.77631,1.07382,-0.72773,0.47555,1.26214,1.32131,0.00032,-1.19347,1.52384,0.64146,0.62918,1.05535,-0.88679,-0.02512,-0.82829,0.01806,-0.94515,0.72593,-1.34708,-0.46738,0.12051,-0.10631,0.36754,0.23601,-0.61312,-1.00977,1.79451,-1.11275,1.57427,1.08545,0.57513,-0.22203,0.61189,0.79271,0.15043,-0.50717,-0.69248,-1.29551,0.20296,-0.49161,-0.77354,-0.11215,-0.08185,1
1.33709,2.15146,0.22052,1.50933,0.04989,0.93571,-1.02377,-1.76993,-1.18911,-0.6037,1.21874,1.0891,-0.4143,0.21639,0.64401,-0.85965,1.34345,-0.29138,-0.13959,0.3666,-0.07161,-1.43181,-0.0456,-0.21606,-0.76944,0.63502,-0.82033,-0.11806,0.64424,0.98148,-0.09787,-0.09821,0.51631,0.94725,-1.18868,0.2958,1.4584,0.47362,-1.75092,-0.22905,0.33256,0.62531,2.20612,-0.3292,0.81363,-0.49308,-0.27521,2.09854,0.49275,-0.51689,-0.41585,1.17542,0.78341,0.07906,-1.14855,-1.06081,-0.65767,-0.58891,-0.47774,-1.77211,-0.88131,0.75109,-0.55009,0.0151,-0.80624,0.34315,-0.15469,2.03052,0.44679,2.16493,0.53447,-0.00241,-0.85108,-0.09795,0.68037,-0.88759,-0.34433,0.30626,0.76778,0.79889,-0.58354,-0.9108,0.30821,-0.01085,1.09287,0.48877,-0.04527,1.47311,-1.28183,-0.01472,-0.78299,-0.5265,2.28649,-0.44219,-1.41575,0.49816,-0.95754,2.08383,-0.53494,1.3989,-1.3672,-0.22841,0.48042,-0.60816,-0.14225,0.42191,2.09188,-1.62346,0.11989,-1.72515,-0.44108,-1.45035,0.68659,-0.92999,-0.50823,-0.62255,-0.49758,-0.24658,0.15374,1.90867,1.32661,1.25838,-1.1028,-0.75979,-1.58229,-0.17078,-1.10815,-0.84707,0.65531,1.15069,0.63085,-0.83758,-0.76469,0.18462,-0.38158,-0.03704,0.77205,-0.6545,-0.86754,0.74636,0.65227,0.94613,-0.06585,-0.62813,0.30015,0.27613,-1.22187,0.47721,-2.39963,-0.76423,1.11873,1.53327,-0.47328,-0.23995,-1.28495,0.05888,-0.91099,-0.21109,0.77205,0.46034,-0.98769,-1.33974,-0.72001,0.97287,0.57378,0.11356,1.08643,0.69576,0.46895,0.91375,0.84626,0.30158,-0.22198,1.30118,0.30929,1.00064,0.31441,-0.12004,-0.86666,-0.59136,1
0.58882,-0.21026,-0.18821,0.70908,0.12832,-1.37077,1.16832,0.76042,1.10247,0.02643,-1.32205,-1.00379,0.17784,-0.69664,-0.63689,-0.2659,-1.44388,-1.34289,-1.26902,0.7117,1.10762,-0.89746,-1.00888,-0.28712,-0.08899,0.37244,-1.25698,0.38893,0.9251,-0.48552,0.34994,0.49127,0.89059,-0.53944,0.56039,0.84818,-0.39908,-0.98258,-1.9021,0.93898,1.64777,-1.72086,0.18045,-0.64158,0.48019,0.24729,0.71219,0.80546,-1.34155,-0.91589,-0.27477,0.21957,-0.02172,0.48797,-1.18479,0.46329,-0.25458,-0.41085,0.3397,1.99145,-0.85593,-1.90289,-0.21499,1.56402,0.38147,0.73817,-0.41278,0.6568,-0.18271,-1.2447,-1.30681,-1.56676,-0.93985,0.71315,-0.13803,-0.78092,-0.12564,-0.48621,0.17828,0.55105,-0.57894,0.09828,0.68017,0.03403,0.36903,-1.77314,1.02641,1.12928,-1.07786,-0.71122,0.57261,-0.13235,-0.14873,0.52477,-1.36862,-0.04363,-0.88512,3.12958,0.45599,-1.3809,-0.19525,-1.09339,-0.26591,1.46575,1.25151,-1.5856,-0.53234,-0.30472,-0.98539,0.13934,-0.8497,-0.65582,2.40497,-0.40547,-0.74156,0.16097,1.53959,0.28765,-1.23383,1.57827,-1.11221,0.75027,1.14523,-1.30255,1.11564,0.76581,2.11286,-0.84082,-0.61463,-0.05014,-0.74968,-0.62077,1.69136,0.90559,-0.43997,0.18122,-0.74086,-2.53294,-2.09362,1.30004,-0.17801,0.75321,-0.4843,0.08768,1.22837,0.4565,-1.15812,0.29392,-1.41192,-0.79432,1.2216,-1.42816,-0.56977,0.21857,-0.10017,2.55898,0.94146,-1.74203,1.38064,-0.17463,-0.69344,-1.36777,0.08146,0.21022,1.72225,0.0243,-0.96362,-0.4963,0.5761,0.29777,0.24354,0.43762,-0.6499,-0.62454,0.27456,-0.22283,0.42972,-0.9076,1.05771,-0.65731,0
0.51968,0.22223,1.54083,-0.23187,0.7724,1.14514,-0.98678,-0.55662,-1.18126,-1.56961,-0.15418,-0.24149,-0.01912,0.18225,0.94384,-2.18119,-0.37216,0.60563,-0.42897,0.77029,1.35958,0.98613,-0.48702,0.49492,0.57212,0.24043,1.58829,-0.93582,1.03502,-0.04883,-1.44497,-1.64365,2.23397,-0.95596,0.96293,0.04252,0.02837,1.0865,1.68032,-0.16581,-0.23323,-1.0024,-0.29416,0.00549,0.72034,-0.87919,1.63655,0.63546,-0.22299,0.70344,-0.79174,-0.77001,0.39219,0.01274,0.5248,0.63991,-0.26163,-0.9782,0.72891,-0.42787,-1.23524,-0.03501,-0.1131,2.35091,0.49378,-0.44772,0.7497,0.18538,0.13581,0.82694,0.92539,1.78112,-0.09094,0.95803,0.35259,-0.07331,-0.45159,0.21845,1.36226,0.12839,-0.15987,0.7934,0.10642,-0.74021,0.58742,1.59316,-1.50703,0.2476,0.22442,1.5909,1.40797,-0.87944,-0.96257,-1.03636,1.11703,0.06896,-0.43905,-1.3396,-1.66508,0.02745,-0.39834,-1.20664,-0.6182,-0.62613,1.4141,-0.67766,0.86634,-1.55144,0.46583,-0.61541,-1.86136,0.4241,-0.09687,1.38667,0.97577,0.57354,0.49383,-0.33248,-0.27751,-0.52586,0.23434,2.00453,-0.34866,0.05521,0.92416,0.87256,-1.48925,0.44947,-0.85409,-1.08572,-0.37512,0.59114,-0.73259,-0.42908,-0.40174,1.36229,1.7778,-1.79584,-1.25301,0.5108,-0.11857,-1.29694,0.45353,1.89585,-1.09022,0.66799,-1.46223,-0.63453,-0.5645,-1.2513,-0.95498,0.97751,-0.54251,-0.13054,1.72256,-0.51831,-0.29337,0.84056,0.0697,1.73205,2.24059,0.04558,0.61536,-1.4382,-0.09625,0.15234,0.24053,-0.72939,0.56234,0.69261,-1.76447,-0.22141,-0.53105,-0.26531,-0.21152,1.03926,-1.76834,1.52047,0.0381,-0.47907,0
-0.90092,0.06724,0.82963,0.72989,0.3982,0.02762,-0.68612,0.10278,0.32795,-1.04594,1.63496,-0.24296,0.36033,-1.36358,-1.17567,-1.121,0.55801,-0.61063,-0.48063,-0.13982,1.3338,-0.57948,-0.83225,0.46021,0.75515,0.78578,1.6947,0.16801,0.94806,-0.64598,-1.56475,1.27603,1.8896,2.5805,-1.34022,-0.57436,-0.03343,1.45459,0.61143,-1.30779,0.36938,-0.56127,1.79533,0.52062,0.95606,0.41131,0.15036,1.18359,-0.67927,-0.74324,0.84967,-0.6587,1.99848,1.77427,0.62338,0.28662,-0.13086,-1.48826,0.71637,1.14699,-1.83316,-0.04023,-2.41909,-0.23645,-0.66155,-0.29138,-0.25784,-0.80017,-1.1439,-1.31565,0.67834,-0.8263,-0.22975,-2.3011,0.71936,1.13276,0.23835,-0.10779,1.33845,0.20366,0.74178,0.38378,0.22833,0.29361,0.552,1.10756,0.36906,0.03449,1.36328,0.65809,0.66087,-0.92042,0.07188,0.06786,1.02752,-0.58103,1.54729,-0.9786,-1.2624,0.88341,0.18073,0.49544,0.24096,-0.96815,-0.49968,0.11391,0.03242,1.59305,0.59661,0.48367,1.31763,-0.61763,-0.64219,-1.06792,0.75467,0.40146,0.11045,0.50211,-1.38261,-0.75155,0.0992,-1.01152,-0.2764,0.22378,0.16766,0.62196,-0.15165,1.13437,0.7206,-0.96613,-0.58518,0.57925,-0.98416,-1.2082,0.751,1.39776,-0.82814,0.09831,-0.12594,0.84343,-0.46304,-1.74021,-1.54434,-1.87889,0.74003,1.10639,0.75318,-1.84951,0.08802,-0.79572,0.7629,1.67521,-0.79646,0.14208,0.32031,-0.54558,1.15506,-1.36331,-1.59787,0.79936,-0.54462,1.0825,-1.30261,0.49791,-1.15691,0.31403,0.30429,-0.96317,-0.60557,1.09613,-0.21616,1.75213,0.85017,-0.70297,0.21398,-0.64134,-0.2765,-0.52973,-1.49818,0.19504,1
0.69329,0.43317,-0.332,0.48748,1.4375,0.38552,-0.42439,-0.56721,-1.28654,0.77549,0.47424,-0.8193,1.3136,0.34679,-0.92486,-0.67741,-1.23103,0.31998,-0.49594,-1.28275,0.49498,0.04916,-0.06933,1.42637,0.48111,0.3769,1.25491,-0.25548,-1.2984,0.4074,1.27094,0.29743,0.08369,-0.89602,0.02762,-0.6896,0.07245,-0.78643,-0.31592,0.24841,0.22725,0.08105,-0.99221,0.02431,-0.28135,-0.4066,-1.01001,-0.371,1.31298,1.38508,-0.23838,-0.36579,-1.39374,-0.33846,-0.27623,-0.72149,-1.35932,-0.01512,0.30301,0.99233,-0.72346,-1.42087,-1.26057,1.03159,-0.95506,-0.71141,0.27531,1.94739,-0.41486,0.98706,0.44412,-0.99282,-0.9665,0.41974,0.83946,-0.2962,0.66911,0.11389,-1.46337,-0.04012,-0.89504,-0.59318,0.09013,0.12513,-0.83895,0.41986,0.96923,-0.15058,-1.0192,0.22177,1.763,0.22967,1.04094,-0.10687,1.59411,-0.22395,-0.46132,-0.60659,0.37661,-0.73922,-1.2817,0.97996,-0.8711,-0.00566,-0.14322,-0.96992,0.15258,0.84751,-0.41459,-0.68695,3.32353,0.2687,1.71865,-2.18119,0.64166,0.96109,-0.30068,-0.05546,0.05574,-0.97044,-1.58521,0.01868,0.63897,0.05712,2.13644,0.21759,-0.35333,0.44953,1.81344,0.25035,-0.4568,1.14492,-0.6211,1.70993,-2.61845,-2.50615,1.4,0.42954,0.74684,1.02911,-0.44421,-0.44911,-0.41889,1.17272,-0.16944,-1.29582,-0.23496,1.08463,1.35296,1.14855,0.71184,-0.10086,0.23417,0.96727,0.59123,0.77187,-0.26813,1.04421,-1.19126,1.43364,-1.17306,0.6831,-1.10507,-0.00892,1.03042,-0.17643,0.48205,-0.44462,-0.37123,1.71381,-1.37835,-1.29342,1.87496,-0.17548,1.06182,-0.96199,0.12427,-0.48252,1.37168,-0.21672,0
1.37014,0.37911,-0.87492,-0.93593,-0.5437,-0.00496,-0.36103,0.7427,-1.14982,0.18178,-2.48098,1.22368,0.86283,-0.59911,0.50703,1.21994,0.08185,-1.38728,-0.52108,-0.49175,-0.3902,-0.75321,-0.45028,-0.33882,0.08049,0.68388,-1.01393,-0.62285,-1.69979,0.08249,-1.17024,0.36587,-1.12244,-0.92118,-0.59026,0.07852,0.24845,1.76085,2.59167,1.89862,-0.92068,-0.70834,-0.16215,1.17865,-0.06765,0.83128,-0.40756,1.59004,1.37517,1.69985,0.641,0.22857,-0.07314,-0.21865,1.0442,-0.45668,-0.44677,-0.14499,1.00493,1.36064,0.13993,-1.46446,0.74631,1.0541,-0.48694,0.66788,0.67621,-0.59635,-0.39078,0.53871,0.21739,1.22104,2.23266,0.90826,-1.36787,0.68391,1.00891,-0.49417,0.8681,0.83027,0.15842,-0.67117,-0.82567,-0.62819,0.00714,0.55633,0.87598,-0.00706,-0.27422,0.81595,0.06411,0.59438,0.46358,-0.27226,-0.15453,0.11153,-0.79116,1.2589,0.37337,-0.11872,-0.51345,1.27271,-0.93907,0.58132,0.81999,-0.07205,-0.15356,-0.12025,-0.728,-0.85888,0.66154,-0.02947,-0.37814,-0.45023,1.22503,0.11735,0.71966,-0.93187,0.20104,1.1586,0.0364,-1.163,1.67865,0.08489,-1.58843,-0.26444,-0.60598,-0.01364,-0.26805,0.38498,-1.02285,0.74277,-0.1334,0.43657,-0.43099,0.11298,-0.8121,-1.07351,1.00838,0.6927,-0.17004,0.6238,-1.14402,-0.80063,0.12214,-0.74413,0.97987,-0.19723,0.39037,0.40762,-0.05049,1.38807,-1.25457,0.50017,0.62779,-0.55147,-0.06236,1.41737,0.83572,-0.91181,0.3521,0.17903,-2.14804,1.03983,0.11553,-0.13914,0.8487,-1.04746,-0.24834,-0.43236,-1.86992,0.0313,-1.04287,1.63412,-1.60624,-0.52688,0.7973,0.79805,-0.67348,0.69633,0
-0.36985,-0.33781,0.83871,-0.40915,-0.79523,-1.9941,-0.56339,0.20718,-0.31411,0.59342,0.02295,0.01354,-0.20403,-0.97348,0.16446,1.78824,-0.09448,-0.63526,0.11168,-1.56486,-1.44005,2.20764,-0.08274,0.58334,0.54251,0.69531,-1.07391,-1.45891,-0.44922,0.80808,-0.61126,0.17028,-1.33735,0.14134,1.28726,0.03857,1.06297,-0.37347,-0.31475,-0.27372,0.21084,0.99582,-0.76164,0.55347,-0.22974,-0.9318,-0.70326,1.59793,0.95712,0.73338,-0.06635,-0.387,0.22615,-1.4137,0.02638,1.30455,0.78593,0.82919,0.48125,1.09975,0.62103,-0.15806,0.8632,0.88732,0.65964,0.69059,0.87056,0.05794,-0.3586,-1.29041,0.37503,1.42968,-1.9528,1.16657,-0.23006,-0.99804,-0.24561,0.46857,1.18248,-0.91687,0.02,-0.53585,0.94413,0.59925,1.17077,0.49821,-0.42328,1.17621,-1.14103,0.54584,0.57218,-1.90195,2.28583,0.94929,-0.30916,1.8685,0.56698,1.13641,-1.65539,-0.19643,-0.76781,0.05548,-1.27137,0.89282,-0.03135,-1.52366,-0.76762,-0.7774,-0.43982,0.16899,3.3352,0.14714,-0.10529,0.53481,0.39925,0.98522,0.48369,-0.76292,0.89817,0.90568,1.27307,1.49953,1.70319,0.73012,-0.82467,1.44765,-0.51163,-0.48483,-0.74086,1.39673,-0.36761,0.83073,-0.75555,-0.23561,-0.31967,-0.46082,0.90753,0.16053,-0.80584,-2.75303,0.50437,0.32243,-0.00628,0.28554,0.45604,-1.30396,0.37349,0.66843,-0.8872,0.95283,-0.59287,-1.14649,-0.135,-0.07065,0.21491,0.34315,-0.16522,-0.25219,0.97447,-0.5138,-1.95914,-0.63142,-0.21659,1.59764,-0.62758,1.04729,0.67549,0.27029,0.52524,1.42906,-0.30416,-0.93208,1.98231,0.74254,-0.475,-0.8831,-0.11693,-1.30114,-0.49518,-0.06681,0
-0.18945,-0.02972,0.13683,-1.45357,-0.78804,-0.84969,-0.9352,2.38094,-0.45353,0.91681,0.24168,0.22452,-0.6339,-0.03147,0.47426,0.96287,3.05998,0.4184,0.20729,1.05501,0.63015,-0.13822,-0.13467,-1.11077,0.38778,1.60115,-0.07419,-1.8536,-0.34275,0.38853,-0.64831,0.1294,0.30206,0.51404,-1.57388,0.02271,-0.24723,-0.86853,0.61327,-0.16903,-0.13092,0.92853,-0.02622,-0.55083,0.46163,0.71945,-0.097,-1.86287,0.93786,0.3652,-0.89733,0.00347,-1.32967,-0.77693,-0.07038,-1.10115,-1.71181,-0.35518,0.08746,-1.18082,-0.58153,-3.07762,0.64359,0.46478,-1.84931,0.08953,0.27512,-0.88583,0.33488,0.30342,0.27709,0.69171,-0.36843,-0.7889,-1.12018,1.64821,1.62,-1.21494,-0.23206,-0.94599,0.69485,-0.89846,0.26463,0.55877,-0.70579,-1.05037,2.39514,-0.83535,-0.87881,-2.53348,-0.81027,-0.0488,1.22109,1.4502,0.47765,-0.31005,-1.97834,0.60888,1.21094,0.67116,-0.76604,1.38334,-0.85891,0.6095,0.14824,-0.46748,-0.05192,0.53124,-0.6527,0.36807,0.10544,-1.16478,-1.12549,0.60232,0.17212,-0.6867,2.08413,0.04423,0.27528,0.11933,0.54618,-0.11098,-1.46862,-1.20691,-1.34678,0.04613,0.1997,1.28749,0.99714,-0.85582,0.40584,-1.1654,1.48196,-0.65338,0.60623,-0.7885,-0.3883,-1.45785,-0.09362,0.84861,0.99881,-0.48658,2.13024,0.7589,-1.34141,-0.86303,0.72491,1.52958,0.3095,0.96897,-0.16911,0.98845,-0.15546,0.11815,0.7393,-0.32627,0.28025,1.06813,-1.13443,0.36931,1.8554,0.62773,1.34369,0.189,-1.62316,-0.37011,-0.08173,0.40181,-0.20337,0.1099,-0.89849,0.05165,1.11868,0.99118,-0.06208,0.77437,-0.2421,0.19276,0.05511,-1.45286,0
-0.98118,-1.60836,0.13071,-1.47057,-0.38986,0.34272,-1.04937,-0.73934,-0.64071,0.73726,0.12718,-0.6555,1.12997,0.64833,-0.8995,0.20567,-0.23106,1.03822,0.50477,1.32753,0.34126,0.3416,-0.21937,1.01133,0.32433,0.08874,1.71327,-0.96314,2.008,0.55127,0.21653,-0.00931,-0.33653,-0.76405,-1.96812,-1.18294,-0.27328,0.61702,-0.10385,0.56807,0.51449,-0.99635,1.74286,1.13641,-1.15986,0.06054,0.07733,-1.87572,-0.2631,-0.55671,0.6715,1.60692,0.89469,0.94334,0.98104,-0.03267,-0.50372,-0.06581,0.16066,0.51173,0.75322,0.02373,-0.97934,-0.35222,2.04668,-0.7402,-0.89839,-0.04515,0.66972,0.00866,-1.45738,0.60257,-0.39409,-1.86904,1.34756,-2.01514,0.98406,-0.82164,0.19996,-0.70278,1.81009,-2.58194,-0.07177,0.34998,0.7332,-0.36029,-0.26401,0.74145,-1.01381,0.76021,0.40251,-0.82028,-1.70454,0.27801,0.19527,0.38333,-0.62271,0.30057,0.83417,-0.06943,2.95702,0.03703,-1.07543,-0.93237,-0.91595,1.61836,-0.83386,0.08349,-1.23408,-0.70768,0.95868,-0.86453,0.61264,0.62922,-0.65242,-0.39616,0.15596,-0.90643,-3.34829,-0.84504,-0.34097,1.61337,0.60897,-0.30341,0.36783,1.47771,-1.71855,-1.01022,0.43032,-0.09902,-0.31517,-1.04554,-1.24666,0.50809,0.65997,0.63154,0.03648,-0.10377,1.22,0.16494,-0.72151,-0.28827,0.99939,1.53213,1.57665,-0.30922,0.81307,2.26162,-0.10631,0.36229,0.55512,-0.39272,0.49086,-1.05823,-0.62445,0.96306,0.38178,1.23205,-0.70541,0.73699,2.12607,-0.22764,0.396,-0.3939,-0.93804,-1.18292,-0.39242,0.01441,0.23433,1.34945,0.399,1.47358,-0.66806,1.24514,-0.42536,0.70373,-0.17144,-0.88191,-0.98482,-1.40381,1
0.37481,-1.61083,-2.4908,0.45649,-0.91318,-1.94812,1.96194,-0.40746,1.58861,1.38187,-0.34861,1.2105,1.36662,0.18062,1.22707,-1.18637,1.05092,-1.61462,-0.12596,-1.2075,-0.18369,0.79516,-0.16311,-0.37697,1.36588,-0.88996,-0.24919,-0.16724,0.90532,-0.18446,0.27637,0.68034,-0.96779,-1.83007,2.43394,0.5882,0.29834,-0.59543,-0.79831,-0.25365,2.16626,0.71276,-0.79748,0.27315,0.39877,0.02907,-0.31213,2.39197,-0.87251,1.36847,-1.649,1.18992,-0.53158,-1.00817,-1.31048,1.20675,1.36584,1.46053,-0.15535,-0.6683,0.70577,0.43547,-0.15558,-0.2028,0.3481,-1.23393,1.44134,0.22362,-0.00253,0.27588,-1.27322,1.58824,0.06661,-0.26908,-1.09344,0.85088,-1.23783,-1.34586,-1.36795,0.04658,-0.96079,-0.56237,-0.78785,-1.26794,0.834,0.47977,0.19956,-0.61922,-0.01009,-1.0663,-0.14439,-1.46666,-0.05239,0.37845,-0.76349,-0.80506,1.33348,-1.4817,1.79838,-0.34556,-0.44121,0.21583,0.79913,-0.9124,0.38354,-1.1284,0.04248,-0.84031,0.62266,-0.3843,0.07703,0.00597,1.25317,-0.49965,1.04685,-0.78206,1.39492,-0.4277,-1.03753,-0.9017,0.34184,-1.51617,0.11466,1.60123,-1.33492,-0.99928,-0.96873,0.79358,-1.00914,1.2736,-2.48389,-0.6515,1.70179,0.93697,0.82683,-0.20951,-0.92093,2.50937,-1.06567,0.64263,-1.69085,-1.1915,-0.32109,0.42055,0.66637,0.42847,0.01135,-1.06285,-0.13244,-1.83576,-1.68073,-0.34281,-1.17198,-1.24528,-0.25735,0.05821,1.45946,0.94409,-1.04876,0.53353,-0.75014,-0.37971,0.29533,0.51141,-0.88983,-0.61834,1.07021,2.05766,-0.19385,-0.5711,-0.52221,-0.45167,0.44119,-0.78672,-0.40896,-2.35727,-0.72924,-2.07964,0.22223,-1.85053,1
-0.13708,-0.59617,1.21413,-1.39461,0.54504,-1.30277,-1.80026,1.03288,0.53584,-0.32688,1.30133,-1.21248,1.8104,-1.34479,0.67715,0.42494,1.0913,-0.0932,0.68928,-0.63599,0.74638,0.17339,-1.22026,-0.10041,0.03965,-0.75942,-0.7625,-0.927,-0.13238,-0.01958,-0.39711,-0.56154,-1.55395,-0.62778,-0.32791,1.24467,0.41616,0.58649,-1.62526,0.52951,0.68934,1.88538,-0.83601,0.08695,0.18731,0.89435,-0.68599,0.23701,0.10053,-0.05969,-0.76282,0.29129,0.3642,0.16807,-0.53951,-0.20863,-0.75443,-1.17869,-0.57118,0.331,-1.87749,-1.09697,0.58112,0.15509,1.23909,0.23457,0.01982,1.112,-1.95169,0.54523,0.37642,-1.48373,-1.86842,-0.19481,1.96137,-0.77506,2.31649,0.11048,-0.75401,0.29986,1.66138,0.30504,1.23339,-1.9013,0.56499,-1.63463,0.36873,-0.65166,1.92007,-0.17734,-0.86788,0.57176,1.66651,-0.78502,0.74341,0.19757,0.36969,0.32203,-0.71223,0.13841,0.26305,1.1419,-0.43247,0.03497,1.91141,-0.20824,1.36915,0.69759,-0.83863,-1.92936,-1.39368,-0.61882,-0.83635,2.48089,-0.36296,0.28405,-0.93527,2.16528,1.3101,-0.28317,1.7378,-0.22504,0.42095,-0.71069,1.05151,-0.10421,-0.78552,-1.33782,-0.97902,0.1012,0.59648,1.05324,-0.34854,-1.01242,1.24286,0.35777,-0.64505,-0.53712,1.05178,-0.20239,-0.0969,-0.24557,-0.51252,-1.73771,0.04754,2.04233,0.05832,-1.70001,2.32562,-2.53203,0.24243,-0.17624,1.46256,-0.63469,-0.79722,0.84502,2.07347,-0.08645,0.70919,-1.00128,0.12983,-0.47626,-2.4444,-0.03366,1.88249,0.19965,0.24532,-0.08697,-0.14603,-0.76848,0.65867,1.46719,-1.02533,0.85009,-0.54973,0.99541,-0.29628,-1.30198,0.57222,0.83188,1
0.79667,-1.13265,0.62929,2.64197,-0.81879,-0.92926,0.36101,0.12117,0.32345,-1.35702,-0.38415,0.13312,0.51665,-0.33997,-1.08807,-0.06208,-1.03979,1.01598,-0.86701,-2.3899,1.78384,1.79683,-0.32992,0.08976,0.60875,-0.87031,-0.29986,-0.92128,-0.58001,0.63209,-0.28123,-0.48437,-1.12506,-1.58991,-0.25612,0.97302,-0.3904,-0.81195,-0.91464,-1.47625,-0.53297,0.55769,-0.85405,-0.46732,0.17706,0.22835,-1.63815,0.35535,1.16682,-0.29526,-0.9618,-1.13573,-1.93482,1.14406,-0.49427,1.69004,0.90957,0.20652,-0.39801,1.26118,0.83803,-1.08654,-0.37041,-0.3521,0.70111,0.38824,-0.25392,0.15909,0.36999,-0.36171,-2.20992,-0.88247,-0.48373,0.10564,-1.10189,-1.1,-1.57625,-0.54947,-0.03404,-0.9876,-0.89053,-0.54806,0.25471,-0.95486,0.56324,0.09233,-1.33924,0.50958,0.27257,0.9852,-0.31474,0.70337,-0.81635,-1.16949,-0.31576,-1.24451,-0.70639,-0.89854,0.55084,0.66157,0.4355,-0.3307,-1.3654,-0.851,-0.87866,-0.10849,0.21011,-0.91501,0.89911,-1.68397,-0.67042,1.13505,-0.20394,0.96452,-0.19967,0.72602,0.25687,0.496,0.74142,1.09968,-0.43179,0.7274,-0.9645,0.98208,-0.51245,-0.44005,0.8315,1.09981,-0.04004,-1.24252,-1.46915,-1.03299,-1.59247,-0.09647,0.48396,1.1925,0.09924,0.9925,-0.17216,2.61825,-1.06644,-0.32702,1.12741,-0.54489,0.68218,0.20547,-0.25375,-0.4538,1.84453,0.99354,1.20424,0.1756,-1.25479,0.4573,-1.34415,0.02036,-0.00781,2.29262,-0.12893,-0.80519,-0.88334,1.05621,-1.27759,0.28796,-0.02252,-1.95439,1.24214,-0.10815,-0.46374,2.267,-0.24951,-0.24018,1.48584,0.67977,-0.88796,2.01144,-0.33017,1.07321,-1.07545,-0.95396,0
2.00719,-0.69418,-0.00619,-1.08121,0.52716,-0.18106,0.9729,0.24251,1.51902,1.35612,-1.72658,0.04739,0.17568,-0.41412,-1.59092,-0.60156,0.22098,1.03428,-0.66245,0.20887,-1.0047,0.54581,-1.99635,-0.25653,1.40811,-0.53749,0.38936,-0.19111,-0.38339,-1.15193,0.31713,1.68404,-0.66809,0.07153,-0.77816,1.11451,1.56395,-1.14479,-0.13647,0.96462,-1.73845,1.78181,-0.1116,-0.66091,-0.01214,0.39635,-0.38506,-0.56897,-1.28382,0.05891,-0.2263,-0.06175,-0.39877,2.09424,0.95709,0.37054,-0.49029,-0.96944,1.36054,-0.82039,0.43175,0.51758,-0.43114,-1.16555,-0.63583,0.29855,-0.02874,-0.29642,0.54986,-0.906,-0.11488,-0.62931,1.04416,0.76691,1.5513,-0.2235,0.97485,-0.20406,0.75807,-1.71369,0.31781,0.31855,0.57207,-1.14701,-1.4095,-0.94625,0.00389,-0.55532,0.61009,-1.88821,-1.04871,-0.2474,0.46838,-0.14081,0.60529,1.16785,-1.48308,-0.36685,-0.08971,0.56992,0.86839,-1.15511,0.64773,-0.36864,-0.36322,-1.10979,0.61967,-1.43154,-0.92983,-2.09091,-0.84116,-0.61105,-0.99125,1.05575,-0.46993,-0.95554,-0.24246,0.31728,0.82793,-0.41937,0.87779,-0.77261,0.66425,0.69179,-0.67047,0.74325,-0.99077,1.81954,2.59489,-0.42177,-0.91357,-1.87388,0.19716,0.58486,2.34294,0.99839,-0.0236,1.04076,-0.745,0.78821,0.13657,-0.60508,-1.06855,0.23597,-0.52035,-0.85233,0.52007,0.22384,-0.51285,-0.93633,0.28783,-0.27772,-0.92756,-0.07798,1.18437,-0.90006,0.82846,-0.47073,0.59727,2.05536,0.65601,-2.2672,-0.49206,-0.6542,-0.49966,0.25745,0.45626,0.72229,-1.22872,1.88923,-1.50351,-1.38893,-1.72958,1.1258,0.52215,1.81964,0.13094,1.22713,-2.72703,0.39588,0
0.47751,-0.05333,1.19998,0.43986,0.3563,-0.41631,-1.14199,-0.12351,0.08628,0.62289,-0.2806,-0.05742,-0.36822,0.89964,0.7864,2.36169,0.85356,0.30281,0.53258,-0.10183,-1.11647,2.49066,-0.30404,-0.27167,0.03722,0.46468,0.51608,-0.85527,-0.93699,2.86025,1.22343,-1.14705,1.56062,-0.86927,-0.84095,-0.97929,0.73528,-0.15004,0.28984,-1.1898,-0.38634,1.06365,-1.65301,-0.15307,0.5924,-1.82539,-0.13506,-0.23231,0.75368,0.41747,0.50881,0.59484,-0.43595,1.25056,-0.5365,-0.49334,-0.07674,1.46986,0.37726,0.44278,-0.93538,0.48722,-1.15766,0.29148,-1.73409,-1.01888,-0.4264,0.59362,-1.9112,0.03147,0.60171,1.92816,0.60675,0.51716,0.60528,0.90984,0.72991,0.95252,-0.13304,0.27292,0.00433,1.19347,-0.62622,1.42291,0.16109,-0.07854,0.21339,0.84738,0.51074,1.15083,-0.35906,-0.4106,-0.34703,-2.60188,0.27239,-0.87825,-0.01023,-1.27125,-0.29716,-0.02937,1.88489,-0.60158,-0.22661,-0.09453,-0.13882,-0.84077,0.02104,-2.4039,-0.37035,0.04356,0.49729,1.33373,0.07602,0.11878,-1.00725,-0.41846,-0.47172,0.66788,0.99329,0.4313,0.55885,-0.27122,0.28436,-1.85104,0.18796,-0.48994,-2.05672,-1.039,-0.68821,0.51095,-1.69279,-0.87482,-2.55794,1.00545,-0.87889,-0.413,-0.05401,-0.14311,1.6671,-0.68879,0.43433,-1.4979,0.6645,-1.41958,0.14326,0.79198,-0.80462,1.06376,0.8346,-0.69856,0.04366,-0.19874,0.79228,1.81386,-0.34567,0.59628,-0.79695,-0.50402,-0.5994,-0.44852,1.02125,-1.90501,-1.34108,-2.04781,-0.06831,-1.1899,-0.64239,-0.78345,-0.31182,-1.12349,0.57572,-0.36999,0.92279,1.12338,0.21563,1.66949,-1.65444,-0.67003,-0.55608,-0.1128,0
-0.74553,0.2631,2.03719,1.27157,0.69982,-0.25346,-0.45088,0.2726,-0.47887,-1.164,1.40146,0.87837,-0.1586,1.56408,1.48154,-0.2518,-1.60788,0.12273,-1.01109,0.29383,-1.08364,2.295,-0.68876,0.46458,-1.10273,-0.30556,-1.42272,0.43898,-0.32654,-0.56376,1.82249,0.29175,-0.27513,1.20931,1.58638,-0.82305,-0.52483,0.18504,-0.60216,-1.696,-0.06961,0.57342,1.05783,-0.15624,0.00119,-1.01369,-0.76442,-0.57138,-1.3951,-2.25641,2.75979,-0.41487,0.6125,0.70625,0.32822,-0.92066,0.97351,-0.29635,0.36624,0.9643,0.48681,-0.77136,-0.67442,0.75369,0.39949,-0.847,-1.14652,0.25193,-2.19772,0.61477,0.16353,1.182,-1.90672,-1.35789,0.41256,0.31444,-0.53384,-0.97782,0.11213,0.73918,1.06635,-1.64203,-0.63004,0.84671,0.59808,1.26251,-0.00198,-0.01737,0.66092,-0.75225,1.10137,1.47937,-1.1063,-0.19932,-0.20104,0.17716,-0.80698,0.90694,0.4021,1.10311,-0.2287,-0.83169,0.49112,0.14874,0.54339,-1.73936,-0.11412,0.29484,0.66963,1.68273,0.47486,0.67714,-0.70321,-0.49958,1.01407,0.49578,0.49821,-0.40928,-0.42532,-0.19365,-0.7224,-1.93442,-0.54332,0.38584,1.38517,0.94304,-0.5579,0.25233,-1.92896,-0.56194,-0.94273,2.761,1.05456,0.59974,-1.2073,-0.46619,0.51725,-1.50132,-1.4038,-0.21778,0.18323,1.45382,0.37658,-1.03837,0.86929,-0.2606,-0.23576,-0.60015,-1.39125,-0.53967,-1.09933,-1.21619,1.24159,-0.19781,1.12712,1.91178,0.77397,-0.84294,0.65642,0.92772,0.25428,0.23234,0.08489,-0.25616,0.77533,-0.11973,-0.91978,-1.09532,-0.90881,-1.07364,1.20882,-0.31746,0.86802,-0.44156,0.67531,1.37458,-1.1205,0.58238,0.11745,1.52711,0
-0.16555,-0.0124,-1.42473,-1.18364,-0.3615,0.26961,-0.56014,0.8928,0.17458,-0.16794,1.10817,0.72442,0.1429,-0.17157,-1.80147,-1.31633,-0.24541,0.6911,-0.93356,-0.74315,1.16372,-0.30199,2.03359,1.3836,0.34401,-0.13828,0.92844,-0.35148,1.33981,0.80668,-0.67637,-0.30999,0.3081,-0.35722,0.19699,0.52581,1.42889,0.48918,0.58217,-0.40172,-1.90049,-0.40478,-0.67763,3.1385,-0.75094,-0.56046,-2.77957,-1.08198,-0.03565,0.84981,-0.24259,0.32539,-1.40609,1.50615,-1.24305,1.81664,-0.89863,-1.20964,0.29066,-0.37015,-0.46135,0.25225,-0.66096,-1.47414,1.18017,1.43257,0.80917,0.99819,-0.83232,0.07692,-2.20477,1.04331,0.09425,1.86758,0.86781,1.43384,0.59765,0.71401,0.75081,-0.85923,1.94756,0.20889,1.88166,-0.67405,1.08904,0.59232,-0.2636,1.78723,0.03125,-0.82842,-0.51159,0.43068,-0.12727,0.84903,-1.48202,0.63484,-1.4131,-1.42555,-0.20147,0.74782,1.45888,0.8434,-0.78048,-0.53682,0.23979,-0.1392,-0.02452,-1.58304,0.70448,-0.88128,1.85294,0.33619,0.54843,-0.50682,1.57923,1.19587,1.20917,-0.34713,-0.45876,-0.54874,-1.18902,-1.62482,0.40725,-0.02583,-2.38894,0.52952,-0.30466,-0.25562,1.00047,0.33502,0.49951,-0.49529,0.88812,-0.06764,2.1053,-0.3156,-1.75458,-0.9015,0.27668,-0.95828,-0.37365,-2.06613,-1.16729,-0.00294,-0.29899,1.19281,0.22724,0.8808,-0.0379,1.21527,0.04072,-0.80898,0.23312,-1.70472,0.14513,-0.62966,-2.02107,0.07439,-0.0168,-0.68073,-0.19668,1.10409,0.17283,-0.18178,-0.96638,-0.63792,0.05566,-0.46755,1.18502,-0.04078,-0.20847,-1.76982,-0.33538,-1.47627,0.81223,-1.08419,1.34004,0.35021,-1.22627,1.01965,1
0.77652,-0.06778,-1.56217,-0.80587,-0.08852,-0.64714,-0.10027,-0.79389,0.42826,1.86157,-0.92595,0.65395,-0.0385,0.73256,0.13817,0.87348,-0.42711,-1.36592,0.43318,-0.27876,0.35106,-0.00225,-2.18924,-1.55651,-0.13876,0.36685,-0.69851,0.06922,0.50764,1.23839,1.69473,0.0949,1.98837,-0.19205,-0.10444,0.49341,1.97218,-1.09358,0.55136,-0.65046,0.54135,-0.616,1.23233,-0.74348,-0.98081,0.48437,0.84017,-1.54581,0.34428,0.31231,0.74413,-0.82071,-0.42841,0.34364,-0.51055,0.36371,-0.31775,-3.75215,-0.6832,-0.50958,0.05529,-1.52831,-0.64887,-1.18557,-0.3481,-0.58094,-0.26902,-0.1561,0.06966,-0.87411,-0.42997,0.04654,0.67133,-1.23742,-1.13176,-0.5722,-0.33668,0.22441,0.60695,-1.74462,0.30204,-0.74723,-1.06901,-0.99984,0.16378,2.04784,1.95031,0.23314,0.88753,0.3632,-0.56505,0.05367,1.02408,-1.56578,-0.20061,0.45582,1.29183,-0.39339,-0.72631,0.87123,0.79861,-0.77908,0.51663,-0.41836,0.94725,-0.26298,0.28842,0.33949,-0.36146,1.71165,0.9225,0.53772,0.71269,-0.02769,1.11732,-1.79239,-0.07529,-2.38837,-0.2843,-1.09542,0.60029,-1.98185,-2.4974,1.19317,0.78137,-0.16045,0.15758,1.91966,-1.0983,0.24353,-0.3352,-0.60226,-0.99321,-1.07551,-0.08676,0.3107,-1.02647,-0.30253,-0.41761,1.92123,0.15586,1.14006,-0.40795,-0.82402,-0.57314,-0.26939,1.81104,-1.33698,0.19272,-0.62454,0.0841,-1.18212,1.17283,-0.72382,-0.22113,0.50863,0.21016,1.22142,-0.46916,0.45151,0.44475,-0.71119,-0.13399,-2.4349,-0.81949,1.25854,1.27245,-0.37387,-1.35996,-0.14261,-0.44378,0.40818,-0.18242,2.12465,0.0448,-2.53794,0.37252,0.50435,1.31917,1.18167,1
1.23537,0.56904,-0.04838,0.01142,1.48887,0.31028,0.6409,1.40663,1.23606,-0.71598,0.28025,-1.58578,0.61944,0.45629,-1.25547,0.69355,-0.62554,0.44315,1.15046,0.32447,0.03562,-0.29598,0.33324,1.30598,0.72467,0.2971,0.7714,-1.90618,1.16913,-0.6572,0.11279,0.78363,-0.42642,-1.4981,2.53262,-0.1899,-0.54581,0.24952,-0.13173,0.02404,-1.24433,1.19876,-2.04318,-1.39375,0.17122,-2.18264,-0.39523,0.48923,-0.24811,-0.2349,-1.32049,-1.35869,-0.50427,-0.2098,-1.24835,0.01384,0.76109,0.97694,-0.16369,-1.4538,-0.96479,-1.07012,2.63358,1.00396,1.80457,-0.65878,-1.70169,-1.4335,1.41365,0.86309,-0.62639,0.84991,-0.12714,0.67524,-0.41159,-0.57687,1.35888,-1.17075,1.58991,-0.71895,-0.80056,-1.74106,-1.17819,0.3608,0.4511,0.01594,1.0284,1.11533,-0.60516,1.35929,0.33982,0.21709,-0.42873,-0.0164,-2.21755,-0.78102,-0.27194,0.08508,0.56718,-0.06316,0.1894,-1.10398,0.93085,0.25346,1.89661,1.94499,-1.03035,0.91648,-0.86062,2.28474,-1.42733,0.64096,0.96685,-1.10168,-0.48701,-0.69699,1.16202,1.09452,-0.04756,1.39926,-0.59569,-0.8919,0.32928,-1.00241,1.84981,2.23534,1.06245,0.24343,1.11393,0.54211,0.09524,1.12242,0.15815,-0.74446,-0.58731,-0.07586,-0.65463,1.20673,0.0235,-2.37684,0.0137,-0.63998,1.06477,-1.4686,1.86721,-1.47332,-1.51222,-0.28835,-1.00908,0.66902,-1.03931,-0.29426,0.31933,1.10897,-1.55821,0.57911,0.79178,1.34958,-1.52831,-1.03196,-1.00922,0.12929,0.10358,-1.94216,-1.37453,-0.7562,-1.29122,-0.46036,-0.26024,0.76923,0.14494,0.32717,-0.17401,-0.97273,1.27806,-1.13122,-0.74829,0.02631,-0.1352,-0.20025,0
-0.58521,0.81578,0.05007,0.39874,0.64745,-0.36587,-0.11664,-0.08416,-0.31543,0.69246,-0.4602,-0.39137,-1.83157,0.76959,0.21832,-1.49946,-0.6003,-0.50992,-0.6437,-0.50414,-1.19917,2.43126,0.78368,0.37222,-1.55889,2.44992,-0.91955,0.94254,2.17558,-0.28757,-0.03544,0.6597,0.72988,-0.73711,0.66791,-1.73161,0.75967,-1.10953,0.15361,0.81336,0.01005,0.45352,0.12138,-1.74469,1.22097,0.51085,0.47961,0.79068,-1.42286,0.19082,1.10165,-0.83091,0.83559,1.44162,-0.08929,-1.07774,0.17401,1.19132,-0.73384,1.96672,0.13224,-0.12565,-2.04847,-0.3753,0.30755,1.16826,-0.58581,-1.19388,-0.94598,-0.12312,2.07932,-0.36746,-1.55892,-1.32689,-1.0517,-0.37724,0.92019,-0.90642,2.06361,0.53316,-1.00403,-1.51291,1.83725,0.83421,-0.82759,-2.18666,-1.0599,0.53626,-0.27104,-0.74955,0.24138,0.82864,-0.94972,-1.20263,0.70345,-0.6768,0.09663,1.13923,-0.15552,-1.5271,0.7982,1.1413,0.71322,0.33155,-0.65614,0.54395,-0.60283,0.78681,-1.20782,0.8109,0.12124,0.06405,1.0059,-0.22111,1.32406,-2.57022,-1.38984,-0.96205,-0.49033,0.01653,-0.21242,2.1128,0.67445,0.51736,0.20151,-0.10287,0.95294,1.47739,1.55953,-0.27141,0.41023,1.40327,0.42575,-0.1991,-1.57796,-1.50483,0.74674,0.60331,1.09605,-0.70524,0.82307,1.0026,-0.09303,-0.40534,1.49441,1.39175,2.53048,0.87079,-0.69943,-1.7017,-0.14378,-0.95257,1.5729,0.45005,0.33073,0.89733,0.159,-1.56625,-0.70824,1.069,0.98473,-1.06154,0.09334,-0.18274,-0.21879,-1.02354,0.1822,0.33813,-0.56155,-1.14847,0.15335,0.01169,0.50161,-0.70593,0.42317,-1.52229,0.42952,0.20913,0.64704,-2.24309,0
1.93772,-1.27735,-1.79827,1.31877,1.82963,2.21517,-2.33957,2.2006,-0.58551,-1.63895,0.51993,1.13699,-2.58307,0.06505,-1.14396,-1.23693,0.94209,0.26273,-0.87228,1.15406,0.01046,-0.44135,-0.06247,-0.22395,-1.36522,0.4858,-0.88848,0.53032,-0.03176,0.5092,-0.27072,-2.16229,-0.97589,-0.6807,0.30446,0.82239,0.59177,0.03307,-0.84298,-0.33294,0.11743,0.21754,-0.53674,0.30472,-0.64291,0.20502,-0.57078,-0.24376,0.70031,1.97695,-0.42071,-1.22518,1.44532,-0.23678,-0.21654,0.99691,0.16602,-0.47545,-0.83475,-0.68529,-0.36101,0.60346,0.56612,-0.90515,0.04252,-0.8258,-1.17524,-1.20831,0.68507,0.52015,0.63056,1.12841,1.06368,0.28177,-0.27554,-0.40344,-0.45112,1.50326,-0.63967,1.89427,0.25906,-0.92856,-0.14917,-1.05139,0.53125,-1.27785,0.9177,-0.06332,-1.06703,1.89923,-0.94407,0.47742,0.10224,0.16633,0.29937,-0.00224,-0.5135,-0.55531,1.76629,-0.48874,-1.03442,-1.79593,-2.0079,-0.19735,1.51358,-8e-05,-0.78051,0.02896,1.71563,0.03509,-1.0828,-0.88738,1.70024,0.59901,1.02695,-0.0633,-0.49499,-0.04783,-1.29264,-0.56645,-0.83502,0.2901,1.2072,0.35293,0.18946,1.11259,1.38584,0.49057,1.15276,0.54874,0.71431,-0.78321,0.50662,0.06466,0.52814,-1.3949,-0.4273,-1.34428,-0.49712,0.31546,-0.12228,0.46998,-0.46792,-1.22907,-0.5623,-0.19812,0.16149,-0.01437,2.6755,0.06979,-0.94139,2.32226,1.35534,1.6806,1.00145,-2.40107,0.16764,-0.98099,0.69287,0.1272,0.07284,0.33108,0.64188,-0.28566,0.29488,1.29083,-2.29885,-0.11607,-0.54432,1.21024,0.15084,0.3851,0.62322,0.28238,1.12096,0.59021,-0.67166,0.27986,1.10217,-0.39598,1
0.37719,0.88377,0.085,0.03044,-0.45416,0.63113,-0.12853,-0.98665,0.78665,1.54542,-0.81183,-1.1787,-1.20194,2.13624,0.2199,-0.24907,-0.46838,-1.4618,0.19045,-0.01459,-0.79253,-1.2648,0.05818,1.16052,0.67964,-1.14108,-0.23937,0.65729,-0.37084,0.79097,-0.63462,0.36988,0.91309,0.91797,2.79914,0.2846,-0.65751,-0.26048,-0.03841,0.1708,-0.58326,0.25229,-1.25743,-0.4079,-1.00728,0.89313,-0.78179,-0.22562,2.96569,-0.05095,-0.23496,0.02994,-0.72769,1.22742,1.16365,0.37442,-0.30778,1.0924,-1.16265,0.30089,0.40596,-0.36549,1.06363,-0.65151,-0.13974,0.17843,-0.23786,0.78273,-2.34672,0.27549,1.77783,-1.41522,0.3918,1.08629,1.15491,-0.34541,-1.72701,-0.63084,-1.13078,-1.1591,0.87007,-0.10191,1.00426,0.17353,0.12456,0.03449,-0.39053,1.16602,0.51296,0.55747,-0.77679,1.8031,-1.4482,-0.40054,1.69411,-0.68833,0.98235,0.46018,1.56197,0.65946,-0.52342,-0.20252,-0.45031,-0.36037,0.59025,-0.44732,-0.06773,2.9367,-1.13352,-0.90513,-0.5535,1.35142,-0.4051,0.38704,-0.12001,-0.26088,1.76415,2.3089,-0.48968,-1.06633,0.75279,0.27891,0.2386,1.02461,-0.10677,-0.30899,0.7271,2.73284,-0.55653,0.73211,0.00878,0.73982,-0.4731,-0.00544,0.85298,-1.30641,-0.07331,0.01303,1.08997,-0.71548,2.01689,0.2473,0.19215,-0.52164,0.84232,-0.48678,-1.76416,1.84175,-0.84855,0.39198,-1.36368,-0.16461,0.43412,0.67087,-0.0616,-0.8104,0.19688,-0.35675,-1.44796,-2.01117,0.13945,-0.32877,0.9198,0.40405,-0.07248,-0.30319,1.12085,0.05093,0.93633,0.9783,1.29856,-0.06941,-0.08643,-1.3575,0.44267,-0.10534,0.03931,-1.40419,2.60546,0.56086,1
-0.85585,0.11818,-0.68086,0.76799,1.01012,-0.94255,2.12745,-1.05191,0.21117,-0.23462,1.19254,0.10921,-0.68692,-1.03601,1.25634,-0.14176,0.57289,-1.20564,0.10523,-0.71999,-0.70565,0.93597,-0.44787,-0.54089,0.98605,0.96919,2.23424,-2.13723,-0.71102,0.09181,-0.16399,1.23832,0.22371,-0.56339,-0.52907,1.16922,-0.47958,0.67365,1.18401,-0.7433,0.42027,1.04397,0.48425,0.3754,0.0516,1.1071,0.08304,0.21283,1.47169,-0.27936,-1.09231,-0.65824,1.37631,1.61332,0.59499,-0.31602,0.876,0.54438,-0.25697,-1.71224,-2.4504,-1.32605,-1.435,1.08921,2.12942,0.54976,-1.25666,1.64759,1.88355,0.53699,-0.3166,0.58203,-0.43675,0.37591,0.02829,-0.78429,-0.37656,0.1806,-0.68202,-0.00083,2.27197,-1.0777,0.97837,-0.9693,-0.18051,-1.54425,-1.13179,-0.97443,-0.71453,-0.06798,0.41284,0.05721,0.76042,0.60997,-0.86956,1.18788,0.66511,0.55898,0.62886,4.7411,0.47036,-1.706,-0.08465,-0.2336,0.8851,-0.03831,-0.06889,0.72261,-0.30288,1.27874,0.84222,1.68332,-0.51246,-0.95197,0.11479,0.21884,-0.0859,0.37834,-0.61457,-0.56592,-0.8233,0.22136,-1.44886,-0.46592,0.54477,-1.28703,-1.90916,0.81261,-0.45073,1.98297,-0.55051,0.23251,2.10268,0.5849,-0.58021,-1.1834,-0.57427,-0.12878,0.48827,0.53532,0.37474,0.35193,0.63106,-0.46879,-1.53323,-0.66475,-1.12186,1.0219,-1.38401,-0.64513,0.48436,1.88044,2.13314,-0.21832,0.03199,-0.42496,-1.23214,1.45627,-0.64287,2.5966,-0.64733,0.55138,0.54191,0.17223,-1.1029,0.11597,-0.52031,-0.33445,0.16444,-1.15934,0.16489,0.36497,0.22909,-1.67841,0.39008,-0.36923,-0.29,0.12813,0.2818,0.1868,1
0.64754,-1.18626,0.46901,0.212,0.46811,-1.34653,0.07062,-0.64826,0.83401,0.16788,-1.20682,0.93594,-0.0944,0.2717,0.968,1.29491,1.35928,-0.8116,-1.07201,-1.22671,0.28917,-1.80422,-1.08636,0.76433,0.33209,0.1894,-0.28831,0.64801,0.49827,-0.56405,0.77587,-1.03649,0.26316,-1.05853,-1.58081,-1.65865,-0.37082,-0.38393,0.26133,-1.13715,0.49202,-0.81504,0.53066,-1.89731,1.21678,0.42318,0.88188,0.86762,0.15712,0.22611,-1.01898,2.95822,0.66948,1.41226,1.68512,0.0288,-0.08029,0.93196,0.74063,-0.20439,-1.19775,0.23052,-1.55671,-0.13057,-0.47574,0.38375,1.74652,0.5015,-1.65921,-1.31542,-0.84605,-0.56884,0.5268,1.67595,0.85523,1.88214,-1.65294,-0.43859,-1.30648,-1.95092,0.20098,-1.15711,-0.747,1.4627,-0.30535,-0.25331,0.72484,0.09784,-1.23268,1.10092,0.04562,1.50026,1.52604,0.15381,0.0517,0.31758,1.49815,-2.41179,0.067,0.3784,-0.51107,-2.6899,2.36944,1.57001,1.10533,-1.68409,1.06614,0.15428,2.0622,0.78736,0.6925,1.36645,-1.03575,-0.38018,-0.01924,-0.01889,1.13329,-0.9459,-0.62982,0.7192,-1.78819,-0.17527,0.99819,0.04107,1.92995,-0.79907,0.36404,-0.02271,0.62541,-0.67558,0.74074,0.72375,0.13119,-0.82588,-0.33688,0.07928,1.36048,-0.40195,-1.88586,0.46313,0.44603,0.74304,1.18145,1.77695,0.35128,-1.41369,1.22261,0.30414,-0.96761,-0.37126,-1.80765,-0.87651,0.37438,0.38333,-1.09711,0.85332,1.33139,-0.50978,0.01902,0.77902,0.85256,1.27981,1.51549,0.06285,-1.2048,-1.21849,-0.14814,0.05246,-0.23988,1.24026,0.23231,-0.01036,0.87304,-2.19841,0.57933,2.11931,0.9136,-1.04004,-2.21173,-0.56954,0
0.30967,-2.18375,-2.3855,0.63782,0.86607,-0.75604,-0.49768,-1.59501,0.65151,-0.2455,1.19105,-0.75416,-0.03702,-0.46479,0.8792,0.94641,-0.27857,0.58317,-0.20805,0.79194,1.09332,1.07287,0.16489,0.50717,-1.6897,0.76322,-0.89258,0.18266,0.64408,0.8206,-1.16502,0.59763,-0.11788,0.10273,-0.03132,-0.81318,-1.51048,0.17034,-0.62017,0.85959,0.73496,1.89673,-0.50755,2.24699,-0.6686,0.75174,0.71273,-0.66039,1.06694,0.93934,-1.40856,-0.71357,-1.34775,0.17135,2.18125,1.79326,-0.68387,1.06238,-1.84225,0.82343,0.38992,-0.21487,0.00028,0.22413,-1.69572,0.16334,0.01515,-1.19954,1.29656,0.70218,-0.39102,2.65713,-0.53791,-1.9934,0.14695,0.44948,0.15223,0.45018,0.69368,0.10579,1.90313,-1.16775,-0.43063,0.16897,-1.64961,1.94865,1.08972,1.10819,0.09975,-0.03743,-0.67719,-0.08655,0.83554,0.27522,0.59619,0.3166,1.6695,0.30085,0.16051,0.14736,-0.61637,2.62793,-0.26174,0.30225,0.93234,-0.85574,1.48389,-0.08619,1.8074,0.6215,-1.04509,-0.22441,0.4887,-0.34183,-1.33186,-1.5446,-1.77823,2.13588,0.38929,0.58952,-0.39345,0.34958,0.23233,0.89501,-0.00766,0.02683,-1.06691,1.19409,-0.39803,0.53793,-0.65793,0.98761,1.65114,-0.10289,0.21383,-0.00489,0.19233,-1.25859,0.78626,-0.00737,-0.38264,0.70566,3.39804,-0.80361,-0.49546,0.34758,-1.02389,1.94192,1.39685,-0.80068,-1.19149,-0.35648,-1.37381,1.82761,-0.67715,-0.05085,-1.26074,-0.61893,0.27449,-1.6385,0.24134,-1.1995,-1.16818,-0.666,-1.0278,0.54167,-0.48249,0.44221,-0.78236,-0.6265,0.90134,-1.28839,1.08873,-0.67012,0.53831,0.96343,-0.43414,0.28785,0.25966,0.59663,1
-1.22434,1.56695,0.33503,-0.11549,-0.24983,1.65661,-0.57374,0.27706,-0.43719,-0.1334,-1.41928,-1.04207,-1.23053,-1.56818,1.18534,1.07079,0.97832,1.29555,0.01767,2.08978,-0.91869,0.83561,-2.09282,0.41207,0.21816,-1.81742,-1.8131,-1.83099,1.08294,0.62221,1.35194,1.21582,-0.13421,-0.0916,-0.14945,0.7592,-0.95203,1.28873,0.48912,-1.75198,-1.1097,1.53987,0.17876,-0.8588,-0.60094,0.43981,-0.67232,0.44898,-0.42328,0.23689,-1.10798,0.40439,1.16959,0.2844,-0.59162,-0.09016,0.44403,0.51804,0.96381,0.53343,0.16388,-0.53514,-0.83948,-0.21007,0.72513,-0.87206,-0.06591,0.32918,1.11357,0.46255,-0.38091,0.35921,-0.46285,-0.23452,-0.57498,-0.64954,-0.00243,-0.39367,0.78101,-1.01187,1.31499,0.10226,0.36547,0.26161,-0.47765,-0.14107,-0.7717,-0.31097,-0.92865,-0.21853,-0.3019,-0.35911,1.77057,0.28559,0.25574,0.63853,0.13483,-0.33545,-0.18489,-0.65527,-1.36363,0.18339,1.66057,-0.48717,0.32417,-0.87067,-0.32776,0.6375,1.84262,0.51959,0.74551,-2.04293,0.21099,0.92034,0.8757,-0.08105,-0.80929,-0.79733,-0.57396,0.64838,0.04227,-1.6964,-2.59475,0.07931,1.00047,-0.9322,-0.59327,-0.89568,-0.76331,2.54726,-0.84148,-0.42343,-0.8274,0.41561,-0.8958,0.76543,-0.1232,1.4078,-1.40498,0.11194,0.74827,-0.07527,-0.88933,0.02356,1.11592,-0.25216,1.85655,-1.08739,1.14044,-0.7177,0.79158,-1.2344,-1.58518,0.18495,0.60847,0.35422,-1.92348,-1.02434,1.04954,0.91209,0.15706,-0.1976,0.98916,-0.16837,1.29136,-0.98837,1.42831,1.63177,-0.03435,1.94005,2.45477,-0.39201,-1.33326,0.14431,1.02585,1.58608,-2.55935,0.39177,-0.9232,-0.30721,1
-0.24354,1.11004,-0.6055,1.39172,0.72044,0.55657,-0.81134,0.40428,2.30233,0.00105,-0.20044,-0.41693,0.80435,-0.90534,0.73434,-0.80842,1.83174,-1.18051,1.01387,1.15987,0.36208,1.15768,1.16597,-0.73963,-0.042,0.0606,-0.97381,-1.36025,-0.67058,-1.08498,0.25805,-0.40686,1.1878,0.67865,0.33738,1.49072,1.2084,-1.66818,-1.04139,-1.28161,0.20408,0.54796,-0.73245,-0.59568,-0.20138,0.77367,0.50923,0.48893,0.67369,-0.16488,-0.12848,0.24397,0.15225,0.11192,0.34183,-1.30095,0.46089,0.7275,-1.62981,-0.66027,0.09116,-1.00508,-1.07571,-0.47666,-1.21498,-1.79374,-2.78966,1.04746,-1.41274,1.24839,1.58375,0.38462,-2.9817,-0.05584,-0.13762,-1.6762,0.75521,-0.04389,0.60346,0.65656,-0.65598,0.05086,-0.77194,0.57738,0.48652,-0.01394,-0.43704,-0.95071,-1.58659,0.40136,-0.63715,-0.59689,-0.34668,-1.41074,-0.13765,-0.61372,0.40429,0.21607,-0.18266,-1.11512,-0.03373,-0.01133,0.26388,-0.3958,1.55681,-2.11398,0.44733,0.29207,1.09003,0.6611,-0.1504,0.77612,1.53783,-0.63093,1.51653,4.00921,1.05316,-0.29206,0.05166,-2.03679,0.23672,2.47789,-0.59904,-0.41795,0.57744,0.88093,-1.34489,-0.23407,-1.08321,1.79815,-1.08694,0.39102,0.207,0.41236,0.13663,-1.2255,-1.11911,1.37843,0.53651,0.58663,0.90612,1.04448,-1.19173,1.21307,-1.00585,0.04339,0.93054,-0.02557,0.56633,0.99592,0.44225,-0.02919,-1.47097,-0.83256,-1.51155,-0.89002,-0.23527,-0.73097,0.43223,0.34548,-0.6602,-0.87799,-0.32573,-0.59408,0.99879,0.72755,-0.71191,-0.00574,0.34454,-0.5378,-0.03417,-1.23067,-0.07843,-0.60493,-1.16957,-0.86153,0.47658,0.41502,0.54376,0.32131,1
-0.75735,-1.20182,-0.07012,0.67475,-2.17915,0.69896,0.14755,-1.26352,0.58158,-1.03132,-0.42278,-0.67583,-0.3258,0.34844,-0.24119,1.19963,-0.22472,-1.21628,-0.9042,1.83222,0.28801,-0.84316,1.64006,-0.89626,0.81086,-0.54472,0.16743,0.77148,1.00819,-2.24809,-1.16049,0.39927,-1.40565,-1.05649,0.49735,0.02747,-0.79223,0.59851,1.01048,-0.0095,0.08217,0.27267,0.57631,0.37238,-0.50387,-1.5364,-0.96305,0.30608,-0.55564,-0.5443,0.01305,-1.80349,-1.42843,-1.44759,0.61723,-0.75354,-0.38068,-1.01516,0.18217,-0.41837,1.30035,0.78167,0.69988,-0.96584,0.34366,0.20461,-0.63889,0.61482,0.3307,0.73344,-0.67933,0.74463,-1.27738,-0.72798,0.51274,0.51383,-0.2455,0.14487,-0.45093,-2.37543,0.37175,-0.35655,0.22238,-0.48681,0.89023,1.42487,0.35602,0.23568,-0.50685,-0.37144,-0.37236,-1.41138,0.80125,0.13339,-0.11743,-0.30033,0.99556,-2.49142,-0.96032,0.42912,-0.82235,1.35249,1.33107,0.73909,0.26167,0.33801,1.07928,-0.52666,1.55776,1.74117,1.2436,1.06565,0.0495,-1.1891,0.75241,0.73676,1.05,-1.17123,-0.38878,1.55022,2.25644,-0.6688,0.14291,-0.29494,0.53435,-0.45159,-0.7539,1.16583,1.59273,0.37748,0.00761,0.50414,1.65356,0.08434,-0.3845,-0.92158,0.47516,-0.66206,-1.6731,-0.78164,1.58793,-0.20853,-0.0039,0.29149,-0.98021,0.62726,-0.60586,0.11561,1.91299,1.33457,1.80468,0.15343,0.21455,0.61878,0.29909,-0.54741,0.11689,-0.67016,1.77591,0.12049,-0.08479,0.11459,-0.94452,0.44622,-0.46604,0.89265,1.82914,0.67458,2.4802,-0.59791,-1.14873,-0.08246,0.92778,0.92284,-0.12567,-0.68587,0.59545,-0.18585,0.56212,0.0897,1
0.48407,-1.08169,-0.06422,0.52795,1.07538,-0.6502,0.56679,0.78726,0.01374,-0.94939,-1.44106,-0.05577,0.00422,-1.41268,0.03094,-0.81407,0.34161,0.55549,-0.53162,0.86745,-0.42039,0.40957,-1.06831,-0.37838,-0.70259,0.05294,2.14626,0.88333,0.45636,-1.47011,1.07452,2.11346,-2.91171,-0.04025,-0.53883,0.05033,-0.10642,0.13098,-2.5373,-0.09693,-0.06885,0.19733,0.20797,-0.89992,0.96879,0.4319,-0.79627,0.70009,0.64813,0.86902,-0.37508,-2.28632,0.05385,-0.09419,0.00276,1.15347,-0.02448,0.00635,-0.5005,1.08569,-0.30583,-0.97892,-0.96107,0.15886,1.41293,0.87107,-0.74848,-0.06768,-0.11523,1.20545,-2.15215,-0.61508,2.11359,0.72672,-0.55535,-0.11201,0.14175,0.38941,1.18643,-1.80529,-0.04667,0.93476,1.63782,-0.57372,-0.63231,-1.14503,-0.25904,0.08924,0.60569,1.17712,-1.36054,-0.01056,-0.25419,-0.53437,-1.40264,1.09317,0.65172,-1.16791,0.45207,-2.00432,1.5245,-1.25593,-0.41231,0.03499,-1.6464,-0.58973,1.1157,-2.44742,2.06567,-1.284,-0.28107,0.22759,0.47297,1.14532,1.27541,-2.83774,0.44715,0.98263,0.43581,-1.09294,-0.958,-0.57322,-0.24449,-0.74969,0.66887,-0.20272,1.0739,-0.17816,0.21105,-1.83947,0.6529,-0.21955,2.01596,0.23954,1.1485,-1.87389,0.39908,2.09416,-0.10746,0.89298,1.23145,-0.72127,0.63964,-0.71176,0.29209,-0.54627,-0.77591,1.9642,-0.36644,-0.30415,-1.71088,0.64304,-0.74533,-1.47861,2.05307,0.79659,-0.19409,3.27996,0.13486,-0.09859,-1.3015,0.31869,-0.33306,0.10405,-0.55939,0.19391,-0.76442,1.33801,0.04991,0.80069,1.23058,-1.57783,-0.59477,-3.49109,0.6891,-0.06625,-0.05691,-1.07985,1.11441,-0.27508,0
0.59451,0.46299,0.4845,0.67219,-0.0022,0.14888,1.74235,-0.23271,-0.14835,-0.07913,-2.46438,1.12287,0.41574,1.56897,-1.89028,0.28154,0.98017,0.1836,-0.04228,-0.79329,2.52052,1.18368,1.70926,-0.18057,0.83063,-1.9903,0.18399,-0.23625,1.41075,-0.3576,0.93943,-0.31639,-2.13602,1.08167,-0.88165,1.14376,-0.10985,1.39143,-0.90863,0.65152,1.4608,-0.54968,0.28166,-0.31051,2.73616,0.35161,1.28807,0.27729,-0.60887,-1.36257,0.72209,-0.65896,0.48658,-0.01803,-1.01745,-0.73615,1.41987,1.11028,-0.96258,0.7491,1.12555,1.75849,0.78953,-0.25307,0.72593,0.14423,0.10998,-2.00562,-0.74087,1.56062,-1.50731,-0.2074,-1.05044,-1.01436,0.06053,0.86109,-0.11251,0.01318,0.05577,0.882,-0.01202,-2.07871,0.55293,1.02796,0.32888,-0.17497,0.15304,-1.43144,-1.20656,-0.99625,-0.30796,0.70679,0.93787,0.57178,1.51728,0.94843,0.12242,-1.10514,0.45253,-0.33565,-1.23509,0.45906,-0.59024,-0.30119,0.37832,0.11203,1.20924,0.63171,-0.57831,-0.98295,-0.90543,1.40448,-0.12497,1.12336,-2.09868,-0.7381,2.10227,-0.90178,0.10665,-0.28154,-0.4272,0.84597,-0.5453,-1.90291,-1.22037,-1.03619,0.10974,2.2499,-0.68122,-0.89169,-2.02353,-0.48197,0.49346,0.59666,-1.45172,-1.7396,0.07445,1.223,0.40498,-0.70994,-0.74158,2.33526,0.08783,0.87405,-1.09823,-0.69445,-0.53692,1.63521,0.05812,1.69583,-0.39546,0.82995,-0.98796,-1.08125,1.42775,-2.81536,0.42324,0.5948,0.67504,-0.81914,-0.87072,0.70732,-0.09759,0.42376,0.84182,0.9682,-0.02386,0.91388,0.6065,-1.89493,0.16497,1.03463,-0.89727,0.49123,0.38598,-0.58897,-0.41922,-1.02098,-1.76834,0.04002,1
2.74217,-0.80242,2.06164,-0.5415,2.28908,-0.04428,-0.20129,0.12882,-0.17592,1.01828,-1.14646,0.116,1.64327,1.22102,0.82312,0.1321,-0.78263,1.52271,0.37672,-0.14529,0.49945,-0.34616,-0.76973,-0.73653,-1.64617,0.94308,0.82778,-1.02394,2.54225,0.31807,1.24596,1.08385,0.46389,0.69909,1.04956,-1.2989,0.36689,-0.30582,0.44095,1.29911,0.12581,1.76734,-2.43764,1.16266,-2.36529,0.8179,0.65575,-0.79798,0.12733,-1.02913,0.31283,-0.6025,-0.72623,0.13195,0.11397,0.07221,-1.92375,-0.71831,0.85389,0.49578,-0.8811,0.28243,1.08662,0.89612,1.38384,-0.96093,-0.31037,1.25812,0.09282,-1.1601,0.90776,-0.25584,0.40578,-0.41939,0.20759,-0.1366,0.69397,-0.86187,0.37413,0.49378,-0.97112,0.79903,0.39349,0.05903,-0.2137,0.99317,-1.77003,1.21675,0.40297,-0.80677,1.15688,0.35252,-0.41669,0.15288,1.92788,1.6715,0.78561,-1.40007,-0.6753,-2.64213,-0.05003,1.59349,-0.49367,-0.27373,0.69628,-2.19123,0.43482,2.26795,1.67157,0.02796,-1.56824,0.09358,-0.52148,0.50826,0.99069,2.11745,1.1837,-0.02611,1.66039,2.67774,0.6701,-0.10528,0.06611,-0.7494,-0.82062,-1.30239,0.05245,0.77352,0.43433,0.94814,-0.83966,0.69692,-0.4071,0.8351,0.55509,0.89627,1.00408,-2.50108,-0.18661,-2.55676,-0.48336,0.37799,-0.12394,-0.53219,-0.93423,1.59326,-0.17061,-0.93727,-0.74845,1.8319,-0.32115,0.84854,0.35652,1.14768,0.19673,-0.57238,1.72543,0.83254,0.25116,-0.37865,-0.41172,2.97793,-0.4289,-1.50754,1.27992,-0.60189,-0.45844,-0.48066,0.33281,0.18678,2.65264,-0.77874,-1.39828,-1.54578,1.50246,-1.13583,0.36518,0.43808,-1.43629,-1.73588,0
-0.34424,0.258,1.07202,-0.201,0.18343,1.1362,0.50183,0.87848,1.23834,-1.60745,1.00987,-0.20145,-0.95631,1.09539,-0.38998,-1.10522,-0.10621,-1.02897,-2.33928,-2.31297,-1.2424,2.44173,-1.94036,0.11607,-0.03932,-1.37183,-0.94546,-0.84233,1.1705,-0.43805,-0.89631,0.15671,1.22586,-2.24363,0.46633,0.00384,0.73865,1.89656,-0.19141,1.61335,-0.88954,0.55096,0.7507,0.53955,-0.32037,0.27485,0.06623,0.0079,0.16771,1.52179,-0.7963,-0.79276,-0.33588,0.98231,1.16054,0.12892,0.16177,0.31741,-0.27356,-0.65625,-0.21801,-0.03473,2.5034,0.05973,0.36976,0.65573,-1.68055,-2.59118,0.11031,-0.27179,0.10871,1.80942,1.98989,0.33247,-0.98514,-0.98476,1.51283,0.65034,0.77368,3.45036,-0.08647,-0.27003,0.10245,-1.96913,0.95646,0.07211,0.82989,0.27096,0.30681,-0.8159,0.46914,0.51789,0.24631,-0.61024,-0.45482,0.01586,-1.19653,0.20843,0.02755,1.31524,1.48157,1.01416,0.97063,0.90436,-0.11253,-0.94483,0.53065,1.97401,0.66527,1.43417,-0.10262,-0.03647,-1.3829,0.12429,0.20414,-0.21121,0.61769,-1.72953,1.79949,1.08702,-0.82019,-0.18319,-1.34666,0.1732,-1.40158,-0.16036,-0.65028,0.244,-0.04553,-0.31439,0.2264,-1.10278,-0.48938,0.76514,1.45215,-0.8918,-1.48134,2.1962,-0.0913,0.11055,-0.13021,-0.46481,1.91883,0.20038,0.6264,1.0089,-0.35108,0.22106,-0.02704,-1.31818,0.78127,0.17576,-0.6998,-1.65125,0.63072,2.15688,-1.63181,-0.1888,-1.40097,-0.0799,-1.3649,0.06232,2.25707,1.08741,1.44952,1.01376,-0.66271,1.1558,-0.69386,0.84478,0.69035,1.65733,-0.17283,-0.34666,-0.37358,-0.36021,0.02262,0.22069,0.45349,1.07352,0
-1.11602,-0.55395,1.43137,1.063,0.03053,0.08589,0.12389,2.16855,-0.43813,-0.6821,-0.78978,-0.4972,1.78905,1.81756,-1.10403,2.00223,-1.54991,0.3326,0.87699,-0.12664,-0.10179,-0.80091,-1.92877,1.50023,-1.69667,0.73932,-0.05536,-2.25918,1.40266,-1.34202,-0.63733,-0.25574,-0.83111,-1.68914,-1.39877,-0.05639,0.80866,0.53065,0.3167,-0.3289,0.1663,-1.74995,-0.0978,1.26272,2.50729,0.39663,-1.24184,-0.20596,-0.9788,-1.31893,-0.12501,0.79382,-2.81139,-0.256,-0.61471,-1.51672,-0.27648,-1.33277,0.15431,0.06,-1.36448,-0.71113,-1.18372,-1.70938,0.43109,0.19,-1.47277,-0.75313,-0.2959,2.24799,1.75389,-0.56065,-1.75425,1.32965,1.61801,0.30331,-1.03258,1.00032,-1.63775,0.20968,-0.84126,1.4005,0.36654,0.55383,-0.00055,0.04914,-0.85871,-0.25516,0.99488,0.69242,-0.60599,1.82056,0.30181,1.94472,-1.36219,1.21781,-0.3322,0.85788,-0.98858,-0.91949,-1.53927,0.47056,0.62104,-0.64568,0.58896,1.84011,1.06066,0.70767,0.65277,-0.17299,1.15416,-0.77796,1.37151,-0.89598,1.25176,-1.01756,1.05839,1.60174,-1.17348,1.62183,-0.39699,-0.66992,0.31951,-1.17471,0.47101,-1.80199,1.12057,1.34028,0.09023,0.59792,-0.75926,-0.31234,1.29689,0.32929,0.25526,-1.7356,1.74389,-1.3515,0.28164,1.85077,0.80992,1.76403,-0.683,0.17283,-0.62265,-1.05986,-0.50872,-0.00733,-0.67228,-0.95262,0.40087,-0.17138,0.64823,-0.2211,-0.68814,-0.42525,-0.58891,-0.13505,1.55369,1.52291,-0.61432,0.89296,1.20315,-0.93317,0.30502,-0.60751,2.15874,-1.29516,-0.36543,-0.2389,-1.25912,-1.44608,0.96814,0.32107,-1.26979,-1.85999,-1.37505,0.98556,-0.80954,0.24789,0
-1.42776,-0.75748,-0.42267,1.95964,-0.15814,-0.51773,-0.43412,-1.39737,-0.32016,0.18029,-1.33908,0.26996,0.33504,-0.46524,-1.36909,-0.66932,0.53801,-0.92931,0.57639,-0.23273,0.19362,-0.00354,0.27837,0.45609,-1.02484,0.27813,-0.41264,-1.07749,0.13049,0.59747,0.55994,1.11769,-2.46691,0.24534,-0.52901,0.52367,2.01292,-0.42592,-0.38375,-0.55687,-1.2152,-0.30276,0.94778,-0.63111,-0.96374,0.39403,0.26676,-0.72644,-0.04385,-0.81134,-1.86935,1.97318,0.00157,0.28527,-0.68053,0.35107,1.02605,-0.19481,1.12969,0.80211,1.70371,-0.43409,-1.91573,-0.11123,-0.23718,-0.89475,-0.24556,-1.41077,0.7699,0.92799,-0.69868,-0.9446,-0.3253,-0.3326,1.95768,-0.13777,-1.21935,0.11003,-0.2155,-1.66856,-1.07419,0.8057,-2.16831,2.05578,-0.59538,-1.49652,0.80995,-0.32897,1.80714,1.02403,0.73193,-0.1596,0.63993,-0.31143,2.20565,-0.01477,0.00054,-0.19847,-1.6957,0.95863,0.57979,-0.23132,-0.64856,-1.26391,1.3286,-0.78496,-0.29108,-0.05656,-0.86975,-0.30554,-2.0353,-0.54272,0.98526,2.00437,-1.08238,1.58868,1.90771,-0.77856,-1.88504,-0.03338,0.24964,0.7775,-0.18614,0.02138,0.92842,1.23428,-0.25205,-0.89512,0.16748,0.27093,-0.1833,1.45694,0.22168,-0.70952,2.96298,0.07836,-0.19265,-1.81811,0.54651,-0.37699,2.14527,-0.40529,1.1427,0.1865,1.13706,0.55306,-0.14802,-1.15684,-0.39378,1.48622,0.00448,-1.01215,1.15842,0.7841,1.35844,0.26639,0.11173,-0.59755,0.69695,-1.43038,-0.09931,-0.17925,-1.07943,-1.09674,-1.58177,0.3505,2.87426,-2.65723,2.94402,-0.46236,0.12738,1.76962,-0.4234,-2.08572,0.73001,0.16417,-0.80173,-0.31691,1.53193,-1.99478,1
1.39603,-0.21377,0.18381,-1.22021,-1.95204,1.72908,1.67081,-0.60428,-0.86208,-0.06709,-1.4044,-0.62147,1.05638,0.62513,-0.53092,0.72734,-0.02579,0.99925,0.67586,-0.57255,-0.0266,-0.41979,0.32718,1.06499,0.52089,-1.11214,-0.60189,0.27974,-0.40817,0.00894,0.32011,1.56983,-0.22561,-0.16636,1.1699,0.00104,-1.02135,-1.0364,1.19014,-0.31819,-0.39679,-0.36385,-0.69776,-0.11102,1.6113,-0.73168,1.06004,-0.88616,1.96892,0.00528,0.94652,0.22855,-0.09955,-0.64389,0.00087,-1.21014,-0.84837,-0.80493,1.51915,0.21771,0.19102,0.76667,1.34753,-1.28296,0.02612,1.64807,-0.19987,2.01364,0.57106,1.49178,1.18289,-0.4474,1.68539,0.81126,1.62461,0.64304,-1.92155,-1.78996,0.15567,0.06557,-0.11849,0.72091,0.60977,1.81101,-1.00778,-1.12285,-1.02469,-0.00342,0.60006,-1.13323,1.28589,-0.06629,1.36843,-0.67431,0.25332,-2.05676,0.47495,-1.56958,0.47862,-0.24209,1.68939,-1.02637,-0.38376,0.32455,1.65987,-0.07251,0.88566,0.21425,0.75023,-0.15783,-0.82513,-0.02152,1.0957,1.33421,-0.11413,-1.23592,0.89782,1.54486,0.46811,-0.12237,-0.02255,0.81426,-1.1143,0.32162,1.2173,-2.06776,1.13689,-0.92461,-0.20394,-0.7634,0.32587,-2.54694,0.9805,1.48269,1.72952,1.40952,0.03126,0.66988,0.09692,-1.07361,0.06839,-0.67661,0.07389,0.94599,-0.12911,0.25983,0.34959,-0.19789,0.55201,0.47091,-0.00604,0.5385,-1.37599,-0.79218,0.80959,-0.21237,0.31119,0.36248,-0.96843,-0.23472,1.4447,-0.83329,2.26424,1.03373,-0.71373,-0.61285,-1.39573,0.04963,-0.23921,0.26341,-0.72073,-0.06677,-0.71888,-1.38859,0.25909,-0.01995,0.43013,-0.55247,-1.16427,-0.53331,0
0.60265,0.48171,-0.72438,-1.11328,0.40962,-0.83408,0.93902,0.885,1.5072,0.5814,-0.44744,-1.20602,-0.48997,1.03683,-0.26521,0.39794,-1.62075,-1.48129,2.20609,0.4805,0.05612,0.69474,0.78875,-0.70327,0.8255,1.62037,-1.44101,-0.74953,-0.82142,-0.06921,0.70018,-1.2771,-0.5507,-1.56733,0.82087,0.02829,-0.21081,0.81398,-0.22499,0.72684,-0.06107,-0.87648,0.79502,-0.66372,3.36641,0.44366,-1.52259,0.49445,-0.17766,-0.21421,0.38252,0.66711,-0.41805,0.13319,1.49752,-0.38793,0.63383,-0.46091,0.75936,1.54612,0.22511,0.57642,-0.19523,0.84434,-2.3172,1.37047,-1.06441,-0.66582,0.04937,0.19304,0.90969,-0.97108,-1.4871,0.60306,-0.38486,-0.9239,-2.07035,1.16779,-0.1669,0.46908,-0.88052,1.851,1.92385,1.32587,-0.04238,0.52508,0.84897,0.40908,-0.0257,-0.49596,-0.19145,-1.75496,-1.13094,-1.1095,-1.41458,-0.76428,1.46729,0.77226,0.45217,0.59269,0.48446,-0.71942,0.09772,-1.2337,2.39531,-0.93569,-1.17666,-0.18429,-0.16526,-0.78963,0.22596,0.23241,-1.37549,1.28786,1.06511,-0.2906,0.75097,-0.99441,1.28061,-1.20965,-0.02523,1.06696,0.56633,-0.56431,-0.00823,-0.45317,-0.37549,0.48068,-0.45024,0.6519,-0.50884,1.26515,0.25299,0.2651,-2.3622,-0.60455,-0.54361,1.23575,-0.2207,1.1404,2.20194,0.64177,-0.34768,0.30836,0.1909,0.04585,1.98185,0.10048,-0.61166,-0.71726,0.79939,0.53571,-0.72326,-0.04774,-0.36609,-0.79866,0.87129,-0.10814,0.97954,-1.13454,0.07739,0.75235,-1.78773,0.39657,1.87135,-0.36165,0.69172,0.34831,0.95396,-0.14139,2.76855,-1.3323,1.1673,-0.01876,0.67575,0.03667,-0.8146,-1.57776,-0.35187,1.74688,0
