v001,v002,v003,v004,v005,v006,v007,v008,v009,v010,v011,v012,v013,v014,v015,v016,v017,v018,v019,v020,v021,v022,v023,v024,v025,v026,v027,v028,v029,v030,v031,v032,v033,v034,v035,v036,v037,v038,v039,v040,v041,v042,v043,v044,v045,v046,v047,v048,v049,v050,v051,v052,v053,v054,v055,v056,v057,v058,v059,v060,v061,v062,v063,v064,v065,v066,v067,v068,v069,v070,v071,v072,v073,v074,v075,v076,v077,v078,v079,v080,v081,v082,v083,v084,v085,v086,v087,v088,v089,v090,v091,v092,v093,v094,v095,v096,v097,v098,v099,v100,v101,v102,v103,v104,v105,v106,v107,v108,v109,v110,v111,v112,v113,v114,v115,v116,v117,v118,v119,v120,v121,v122,v123,v124,v125,v126,v127,v128,v129,v130,v131,v132,v133,v134,v135,v136,v137,v138,v139,v140,v141,v142,v143,v144,v145,v146,v147,v148,v149,v150,v151,v152,v153,v154,v155,v156,v157,v158,v159,v160,v161,v162,v163,v164,v165,v166,v167,v168,v169,v170,v171,v172,v173,v174,v175,v176,v177,v178,v179,v180,alvo
1.49492,-1.15452,-0.38053,-2.25629,0.93671,0.76037,1.99155,0.326,-0.36461,0.78336,0.62499,-0.13027,0.71933,0.14553,0.31361,0.36446,0.4909,-0.53906,-1.30975,-0.44057,1.52424,-1.64807,3.21528,-0.11116,1.5041,-0.01811,-0.89838,0.06772,-0.12179,0.07943,0.23271,1.30998,0.91112,1.88683,0.38681,1.38043,-1.36288,0.93262,0.80574,-0.61245,-0.74467,-0.43707,-0.81712,-0.61349,-0.50055,-0.05131,1.3423,0.83461,0.35124,1.15913,-1.25916,-1.2743,-1.49775,-2.69872,0.58996,-1.18245,0.41442,-0.10323,0.33348,-1.90479,0.84717,-0.73542,0.61685,0.12478,0.58888,0.74903,-1.02281,0.52392,0.76713,0.06097,1.2866,-1.85188,-0.75552,0.43154,-1.61397,-0.76176,-1.67067,0.26616,-1.50113,0.46488,-0.23523,-1.26278,2.13593,0.43365,-1.56232,-0.20635,0.85361,-0.41678,0.10032,0.87762,-1.16864,0.60232,1.52544,0.20348,1.3778,0.99196,0.19975,-1.73612,0.05828,2.45159,0.45815,-0.78467,-1.47318,0.41843,0.78781,1.45387,-0.59327,-0.56861,-0.06227,-0.78472,-0.44783,0.35373,0.21192,0.86628,-0.64561,-1.37581,-0.36241,0.11491,-0.02534,-0.25241,0.75686,1.16753,-0.38993,-0.43792,0.00149,-0.43002,-1.39617,-0.10941,-0.69605,-0.18719,-0.76289,-1.59128,1.27645,-0.67071,1.1961,0.03979,0.34042,0.59908,-0.48242,0.50142,-0.50897,-1.56485,0.86994,1.58715,-0.12824,0.6403,-0.61526,-0.5848,-1.23349,0.67311,1.28155,0.73845,0.56527,-1.16249,1.03327,-1.33149,-0.96391,0.81813,-1.17113,-0.37376,0.2642,-2.58465,1.08149,-0.12834,-2.42093,0.89169,-1.02799,-0.0519,0.13987,-0.24232,1.04238,0.32769,3.22077,2.05037,0.57028,-1.04309,-0.28966,-0.46719,1.39168,-0.62986,1
0.75788,1.46555,-1.61182,-1.39933,2.15718,0.60638,1.21802,1.55614,-1.07461,-2.17838,0.22358,0.2766,2.68316,0.50884,-0.07185,0.47768,-0.33906,0.25397,0.4565,-1.05505,-0.12951,0.94319,-0.19697,-0.0984,0.189,-1.00014,-0.65678,-0.12939,0.60946,0.99519,0.03903,-0.46148,1.08342,-1.3076,0.84149,-1.31346,-1.95573,-1.54125,-0.75662,-0.56473,-0.84932,1.00347,0.00737,-0.42454,-1.22918,-1.09616,-2.16993,-0.32366,0.3199,2.54532,2.14362,-0.19501,-1.11033,-1.2146,1.23587,-0.07913,0.05725,1.98139,0.71277,-0.47273,-1.20591,-0.34931,-0.28962,1.71698,-1.54372,-1.39056,-0.68197,0.61724,0.38056,-0.67716,0.29033,1.18121,-0.28554,0.57551,0.15622,1.55762,0.64762,0.02097,-2.21926,0.2903,0.94567,-0.09483,-0.81714,1.12124,0.76329,0.45524,0.59889,0.77138,-0.04064,-0.51373,-1.36003,-1.83741,-0.6088,0.88041,0.55467,1.86316,-0.01178,0.51751,-0.03269,-0.68761,-0.28747,-0.94854,3.29501,-1.46673,1.2033,-1.04665,0.44091,-1.78621,0.06812,-0.405,0.86234,1.61308,-0.09274,-1.54938,-1.85277,-0.01354,0.67679,0.37465,0.00767,-1.2757,0.07213,1.47574,1.91654,1.0479,0.20635,-0.29138,-0.63625,0.07773,0.12313,-1.92546,1.66179,-0.89917,-0.32409,-2.00775,-0.04682,-0.58673,-0.60134,1.16343,-1.47912,-1.13575,-0.33701,-1.9967,-1.80715,1.85593,-0.68962,0.03171,0.59083,-1.58087,0.84327,0.82886,0.20276,-1.82368,-0.29372,-0.03432,0.89367,-0.6051,1.74065,1.44431,-1.52039,0.06369,0.36436,-0.07001,0.43604,0.26406,-0.58048,-0.08116,1.40204,1.0396,-0.38101,1.07247,0.00855,-0.72262,1.07508,-0.04247,0.42661,-1.10031,1.33959,1.10453,0.31284,-2.17232,1
0.02598,-0.42649,-1.45046,-0.73013,-1.73124,-0.29799,-0.98633,-0.78069,0.00087,0.8271,1.77716,-0.41392,-0.18822,-0.29465,1.17855,-0.57481,0.58534,-0.83622,-0.71231,-0.13385,0.16481,2.34115,-0.81088,-1.83482,-1.55009,-0.5542,-0.71703,-0.28603,-1.00994,1.30259,-0.67391,1.95374,-0.45592,-0.7079,-0.56445,-2.77941,-1.99794,-0.04118,1.05484,-0.31675,0.339,0.95596,-0.43208,-0.00248,-0.20118,-1.51021,-0.24797,-0.44619,-0.24359,-0.35157,-0.34584,0.16369,0.14168,-0.91919,0.41872,1.01203,1.00777,-1.19789,-0.30868,1.75324,0.04432,0.26003,-1.0464,0.71001,0.18429,-0.90682,-0.23844,1.3523,0.58517,2.59807,-1.00755,-1.58493,-0.63868,0.18448,-0.64978,-0.11987,-1.03685,1.71532,0.41904,0.85102,-2.36111,0.70196,1.33846,-0.33433,-0.50717,1.52589,1.32606,0.70049,-2.82307,-0.55029,2.79145,0.72483,-0.78672,-1.27255,0.14297,-0.74911,-0.42901,1.24708,-1.0204,-0.45234,-1.23235,-1.21918,1.39625,1.033,-0.09174,1.99884,-0.15498,-1.17808,-1.75286,0.21082,-0.14525,0.11499,0.18847,-0.49682,0.96839,-0.88271,0.42224,0.69008,2.50489,1.92225,0.53632,-0.29117,-0.84387,-1.5165,-2.02644,1.32177,0.58441,0.98007,-0.15774,0.26245,-0.35978,-1.54966,-0.02641,1.27003,0.13904,0.51114,0.12444,0.16898,-0.86586,-2.06462,0.90906,0.81306,1.72646,0.10327,-0.59773,2.47463,0.46201,-0.2939,-0.69797,0.38452,0.28846,-1.13789,-0.63166,0.81267,1.0066,0.07166,-0.1128,-0.45016,-1.07676,0.15811,-0.06803,-0.41974,1.42006,1.48522,-0.90756,-0.69609,-2.89042,0.49893,1.25762,0.52203,0.47432,-1.73257,-0.57091,0.27217,1.02251,0.29357,0.34903,-1.3298,-1.22837,1.01364,0
0.92261,-0.74949,-1.5271,-0.18906,-0.45037,-0.06196,1.21747,0.8809,-0.32453,0.63235,1.62732,0.92996,0.99643,0.57609,-1.6361,0.51321,1.46153,1.44481,-1.77216,-0.21639,-1.2957,1.68311,0.97206,2.74229,-0.21829,0.69472,0.22108,1.00004,1.02479,-0.89151,0.27354,-1.4769,-1.28954,-0.37919,-0.95642,0.1508,0.25101,-2.03863,-0.9363,0.72107,0.27063,-2.30995,-0.82581,1.10402,0.79185,2.57764,-0.51653,0.61564,-0.88236,0.58612,-1.01632,-0.0529,0.49447,-0.93462,1.1063,-1.21796,-1.37643,1.30586,0.28581,1.25531,0.72491,-0.50815,-2.32627,0.66629,1.25866,-1.29891,-0.18642,-0.19527,2.1554,0.50189,2.38249,0.21986,-0.78078,-2.04883,0.42511,-0.83143,1.35052,-0.83033,0.87421,0.74306,0.56174,-0.79141,0.23278,-0.33283,-0.84771,-0.06319,1.26176,0.38135,0.36805,-0.6779,-0.88738,-0.66374,0.38237,-0.46933,0.11383,0.14302,0.14682,-0.13871,-0.06873,-1.53618,0.86093,0.58385,-0.14226,-1.21228,-0.58016,0.26481,-0.62546,-1.29336,-0.59637,0.56365,-1.23118,-1.18056,-0.41124,1.57137,0.20372,0.0652,0.02425,1.97329,-0.56082,1.29622,0.56823,-0.52062,-0.84046,0.32852,-0.84854,-1.19896,-0.5713,-1.19549,-0.28444,0.61751,1.26919,-0.52326,-0.14134,-0.35332,1.38247,0.76147,0.21934,1.53051,0.41804,-1.03598,-0.50325,1.05609,1.53039,1.9687,0.14314,-0.57979,0.57977,0.07334,0.22542,-0.31529,-1.06468,-0.36296,-0.8108,-0.71595,-2.16634,-1.05281,1.44219,0.17142,0.31946,0.98933,0.37677,-1.65153,-1.53815,-0.67118,-1.50957,0.77468,-0.45189,-1.76572,-0.76287,0.33192,-1.15452,0.69543,-0.12087,-0.13127,0.12012,1.19299,0.26623,-1.52096,0.74262,0.99843,0
-0.55112,-0.8358,-1.49596,1.00006,-0.9876,1.05809,1.67995,-0.59253,0.86243,-0.90452,0.82148,-0.09006,-1.61261,-0.19313,1.13438,-0.25282,-0.79884,-1.01082,-0.53959,-2.25872,-0.32875,0.802,-0.82699,0.67297,-0.34551,-0.26088,0.14511,-1.37105,-1.86752,-1.9927,-0.33879,0.29523,1.09863,-0.49799,2.87032,-0.05306,-0.663,-1.22034,0.29062,-0.62192,-0.94068,0.79063,-0.08837,1.21484,-0.46548,-0.13701,-0.34799,0.08219,-0.0162,0.33597,-1.00866,-0.02167,-0.18644,-0.0728,0.86804,-0.9177,-0.89994,-0.67231,0.05584,0.40175,0.35389,-0.11862,0.69859,-0.47388,1.41263,-0.27319,0.58349,-0.74503,0.68871,0.25748,0.95534,-1.09241,1.57949,0.05759,-2.09953,1.97789,-1.41401,-1.19731,0.29814,1.2781,-0.95042,-0.12907,-0.39047,-1.36873,-0.58607,-0.16716,0.13257,-0.67633,-1.00612,0.99066,-1.08977,-2.52059,-1.55826,0.83596,-1.19623,-0.97518,0.25861,0.29251,-0.02302,-0.69191,1.12763,-0.81201,0.03643,1.38672,-0.52878,1.06036,-0.52802,0.48167,2.40639,1.40694,3.43783,-1.15153,-0.21022,0.01774,0.77886,1.2121,0.82157,0.83183,1.22508,-0.68197,0.78144,0.24351,-0.13792,1.38873,-1.0944,-1.0724,0.50205,1.57016,-0.04683,1.1551,-1.74972,0.27844,0.84545,-0.8106,-0.7459,0.39377,0.32306,0.54726,-0.47885,-0.99678,0.92802,-1.93668,-0.29038,0.56955,-0.12905,0.81602,0.23681,0.75134,1.62341,-0.1444,-0.21898,0.15622,-0.67704,-0.91539,-0.61054,1.86723,0.31258,-0.06301,-0.87047,0.08146,1.99623,1.37715,-1.1413,0.7575,0.54529,-0.08402,2.31534,0.73888,0.15769,0.47378,-1.97615,0.20553,-0.74121,0.35934,0.99356,0.7595,1.02881,1.01638,0.71545,1.42892,1
-0.01402,-1.53413,0.13679,-0.97315,-1.17004,0.19973,0.56469,1.22229,-1.18613,-0.68967,0.5362,-0.36488,-0.49184,1.58885,-0.78061,0.28257,-0.52042,-0.34446,-0.24185,-0.44514,-1.07307,0.01786,0.81229,1.73317,-0.17797,-0.39115,0.70321,-1.09286,-0.43697,-0.59464,-1.35469,-0.72092,1.12506,0.16365,-0.74047,-0.86749,0.39258,1.36911,0.42408,1.1165,-0.25753,-0.45708,-1.90596,-0.67492,0.08128,0.93442,0.98993,0.65842,-1.36582,-1.49545,0.341,0.65688,-1.07532,0.71341,-0.63649,-0.64428,1.16631,0.66524,0.40581,-0.15198,1.45504,-0.66546,-0.17231,0.41511,-1.99021,-1.23648,-0.31525,0.81791,-0.34252,-0.70839,0.90352,1.15498,-0.30297,0.04982,0.16574,1.4,-0.70036,-1.10239,-2.02474,-0.39454,-0.26644,1.34223,-1.26071,-0.19039,1.0062,-0.00737,-1.96891,-0.03618,-1.08099,-0.01226,0.42,-0.74803,-1.30578,-1.83888,-0.21075,0.43619,0.25594,0.12886,-0.98621,-1.2631,0.28933,-1.4519,0.61483,-0.51923,0.20033,0.08374,-0.19217,-1.40979,-0.81826,1.27961,-0.46429,0.93207,0.21389,0.06156,1.42939,1.00471,1.28369,-1.15811,0.33347,1.30081,-1.18467,-0.28096,0.45898,1.2103,0.9305,-2.03504,1.99655,-0.29274,1.16803,-0.62641,0.02342,-0.99531,0.88339,-1.2583,-0.66342,-0.29912,-0.43523,-0.53418,-0.39352,0.10122,0.25384,-1.21544,-0.75384,1.29689,-0.93215,-0.88135,-0.16074,1.02766,-1.05753,0.73839,1.01345,-1.62485,0.46779,-0.58364,-0.78712,-0.30926,0.55012,1.03568,-0.35924,0.16401,-2.43005,-1.04919,-0.62018,0.09828,1.71118,0.28264,0.63902,-0.44837,0.5643,-0.4584,0.40214,0.17916,-2.03785,-0.26141,-0.84793,-0.5126,1.06059,-0.55721,1.26476,0.05051,1
2.76038,-0.68266,0.52937,-0.45947,0.62221,-0.26554,-0.09151,-0.52009,0.96716,-1.7269,0.14188,-0.53097,-0.78936,0.37757,0.20493,0.5272,-0.53623,0.90069,0.65521,-0.52108,0.90591,-0.87855,0.50596,0.47312,0.32878,-0.97469,-1.91296,0.92001,-0.19494,-0.11916,-1.15824,1.46804,-0.7537,-0.28079,-0.66454,-0.16957,-0.59118,-1.2685,0.46365,0.05701,-0.42369,-0.94607,-1.0866,-0.04418,-0.13893,-0.27466,1.20794,2.36445,0.31212,-1.16927,-1.06646,0.90569,-0.2927,0.6484,0.00206,-1.02867,1.25163,-0.55741,1.65071,0.08751,-1.30913,-0.9184,-0.01681,-0.20579,0.12568,1.5355,-0.53901,0.24576,-0.3169,0.98339,0.22664,1.91404,1.24364,0.70716,1.74724,-1.0423,-0.78882,-0.35649,-0.87203,1.48133,-1.41808,-1.526,-0.4878,-0.66924,-0.52129,0.06089,0.45683,0.28982,-1.43484,-1.69414,-0.26023,-0.00891,0.56085,-0.34002,-0.45072,0.8041,-1.29633,0.33569,-0.19653,-2.25716,1.47477,0.06049,-0.53425,-0.1786,0.72465,0.54793,0.44147,-1.11362,1.07303,0.17844,0.06884,0.42566,1.79732,0.70496,-0.6051,0.20964,-2.02334,0.95619,-1.88353,-0.09044,-0.66329,-0.4034,2.05998,-0.92812,-0.52277,-0.03473,-0.29284,-1.55719,-0.8951,0.00579,0.77482,0.763,0.24061,0.7137,-0.13299,0.07346,-0.17091,-1.07811,-0.31032,2.81514,-0.50052,0.00993,0.96937,0.32112,-0.47278,0.63854,0.67866,-0.82528,-0.2289,0.09535,1.27283,-0.94203,1.10129,2.36778,-0.87378,-0.87442,-0.34556,-1.61944,-2.26193,0.48721,1.97927,-0.27689,1.36887,0.57025,-1.44923,0.43148,-1.29202,-0.32356,0.09213,-1.36174,0.4387,0.21516,1.69287,0.39584,-0.2386,2.05175,0.03764,-1.39107,-0.01117,0.82436,1
1.63184,-0.34506,1.87494,-1.0328,-0.00526,0.04709,1.31654,-0.85098,-0.02637,-0.56527,-0.754,1.82502,1.25082,-0.85503,-0.25625,0.28899,-1.33231,-1.97201,1.26749,-0.55542,-1.44432,1.58678,0.90361,-1.13105,0.30515,-1.30346,-2.42141,1.08878,1.25929,0.4034,0.20861,1.1865,-0.09763,1.17785,-0.47864,0.78354,-1.30448,0.42556,-0.32164,1.02735,-0.21737,-0.43846,-0.7745,-1.60547,-0.79376,2.02055,0.01775,0.76779,0.60844,-0.11225,-0.97915,-2.39972,-0.38653,0.70239,-0.44485,-2.43647,-0.11419,-1.03134,-0.68292,0.53581,1.75793,-1.16025,-0.2641,-1.33147,-1.39156,-0.09799,0.25541,-0.51789,-0.05693,-0.14304,0.4766,-0.17103,-0.37695,-0.16087,-1.28373,-1.24521,1.26514,-0.78374,0.7598,0.02904,-0.30219,-0.06159,-0.53423,-0.29867,-0.34232,0.19154,-1.81122,-0.20107,1.29636,-0.72555,1.83769,-0.29097,-0.07726,1.83479,0.22544,-0.81154,-0.55486,0.80772,-0.16827,-2.93467,-0.19905,0.38753,-0.21587,-1.73053,-0.01085,1.18837,0.74077,0.62456,-0.33496,0.26661,-2.12287,-1.14223,-1.66573,-0.07152,0.99536,-0.46375,-0.21276,-0.50385,-0.45125,-1.68995,0.02805,0.41028,-0.31456,-0.0671,-0.51862,1.64416,-0.07174,-0.77517,-0.31285,0.00929,-0.35632,-0.38439,-0.27998,0.58915,-1.00105,0.15248,0.16411,0.58164,-1.72524,-0.1277,0.06189,-0.87079,2.49433,-0.75949,-0.72247,-0.46306,-0.18874,0.10555,0.62016,1.57157,-0.66422,-0.8382,0.71695,1.37729,-0.18916,0.73441,1.31833,-1.05607,-1.0233,-0.80418,0.33244,-1.61032,-0.83313,-0.87545,-1.37357,0.70312,-0.33294,1.23563,0.33564,-1.32089,0.51482,1.90523,2.16366,-0.08021,1.78984,-0.68542,-0.4921,2.24768,1.19433,-0.38511,1
-0.55174,-0.52595,-0.06094,0.20458,-0.11105,0.95568,-0.71691,-0.83552,-3.38466,0.24952,0.46191,-0.24279,0.14531,-0.81,-0.88447,0.96703,-0.79591,1.1115,-0.48532,0.97762,-1.52537,-0.23949,0.09059,-1.44594,-0.46728,-0.62794,0.09931,-1.21494,0.90824,1.16111,-2.06439,-0.17561,0.39775,1.16688,-1.55157,-0.89148,-0.45925,-0.85721,-0.14899,0.29461,-1.43432,0.44283,-0.6876,0.49661,0.35937,1.54471,1.79327,-0.15218,-0.4703,2.31541,1.56313,2.12912,-1.20688,-0.06696,-0.93093,-1.72378,0.05271,-0.09837,-0.51473,-0.026,0.36138,-0.41187,0.83398,-0.23523,1.92061,-0.91903,1.34771,-0.12482,-1.23703,0.79159,-0.7303,-0.17806,-0.72381,-1.38185,-1.35609,0.40202,1.00408,-1.63423,0.27275,-0.33206,0.89745,0.09497,-1.44502,-0.03039,-0.03512,0.33079,2.38871,1.10916,0.11214,1.61206,-0.60339,0.29891,0.90062,0.55349,0.36178,-1.21916,0.24916,1.77233,-1.26121,0.53203,-0.39235,-1.71522,-0.028,0.68909,-1.53591,-0.33095,0.03665,1.03499,0.14183,-0.49671,1.98487,-0.21509,0.50231,2.48881,-0.68946,0.22487,-0.47061,0.76872,0.0907,-0.60128,1.54383,0.77866,0.40093,0.45422,0.38472,0.04867,1.13303,-0.58809,-1.56636,0.82012,-0.01582,-0.37459,0.99291,0.13014,-0.11669,-0.23232,1.51704,0.25959,-0.39859,-0.4152,0.7642,-0.07123,-0.89968,-0.15942,-0.00215,-0.08822,-1.69631,-0.05118,0.11635,-0.5692,1.6086,-3.25483,0.83432,0.24548,-1.02511,1.34869,-0.02164,0.31927,0.13967,1.19141,-0.74935,0.14911,0.50991,2.07159,0.15991,0.31587,-1.45461,0.2289,-0.04069,-0.89882,0.25319,0.60952,0.40579,-1.55732,0.02074,-0.28073,0.06628,-0.01406,-0.00999,2.09869,0
0.85319,0.47418,-0.09364,-0.52692,-0.55923,0.78635,-0.26037,-0.23033,0.5034,-1.13446,0.6221,0.71975,-0.29756,-0.98483,-0.669,-0.08011,-1.31195,-0.41625,-1.74387,-0.16666,0.34753,0.86753,-0.29845,0.93923,1.2768,-0.4881,0.78233,-1.59168,-0.78038,-0.51592,0.38783,-1.10978,-1.81043,-0.60576,1.15039,-0.9798,-1.7926,-0.10616,-0.00711,-0.65055,0.18136,-0.05631,1.77713,-1.00863,-0.13065,0.90927,0.23656,-0.53144,-2.22537,-1.06677,0.05836,1.69233,-0.21313,0.55839,0.41339,0.52191,0.4603,0.9754,-1.59792,-0.80552,0.23478,0.15865,-2.04025,0.36109,-0.83523,0.28019,0.33419,0.87867,-0.19832,0.97549,-0.92272,0.84595,0.3066,0.66879,0.64048,0.33922,-2.44004,2.8782,-0.65578,0.24188,-0.27194,-1.15028,0.21325,1.58113,-0.40114,-0.12693,-0.89398,-1.62039,0.21013,-1.16649,1.27929,1.91571,-1.10705,-0.41862,0.25248,2.1907,-0.38647,0.54127,0.73823,-1.52882,-0.24922,-0.46276,-1.16918,1.00385,-0.95203,0.14307,-0.64158,1.05204,0.5312,-0.61529,0.52105,-0.36082,-1.43046,0.5705,0.94537,0.24376,-0.69708,0.18717,1.17769,-1.62052,0.3291,-1.71411,0.68285,0.25966,1.2856,-1.55934,-0.38937,-0.51813,-2.26262,0.29262,-0.33391,-0.1824,-0.97412,0.65159,-0.55924,2.02508,0.374,1.44913,-0.58861,0.34706,-0.01548,0.04303,0.41148,-0.98885,0.32234,0.57279,-1.17122,-0.4126,0.29833,-0.00177,-0.68252,-0.55163,1.17134,-0.2723,-1.7852,-1.00375,-1.66325,-0.72436,-0.09662,0.65467,-0.69645,-0.28488,-0.86073,-0.67357,1.31443,0.22513,0.80021,-0.97913,-1.04702,0.89843,0.42158,0.38729,0.42086,-0.02425,0.54398,0.17898,1.87736,1.63232,-0.54152,0.1556,1
0.99635,-2.28222,0.23465,-0.66291,-0.50654,0.0,-0.35942,2.96126,1.8158,0.52492,-1.20087,0.43273,-1.00859,0.35299,-1.22101,0.85864,-1.17909,0.20764,-0.81156,0.50984,0.62373,-0.54785,0.98325,-0.27656,0.37097,0.789,0.54395,1.07977,-0.35076,0.00542,-1.14576,0.40855,0.04396,0.67173,-1.82574,-2.30174,-0.1743,-1.13463,-0.57958,-2.02935,-1.65584,-0.54609,0.14222,-2.17971,0.29425,0.63887,-1.30424,1.00303,-0.01574,0.63043,1.07006,-0.90482,1.53806,2.1584,0.35113,-0.03255,-0.15056,1.27732,1.24044,-0.19378,0.99239,-0.32507,-1.57271,0.13066,-0.1028,-0.80896,-1.06598,-0.89771,2.78307,-0.36558,-0.52161,0.87932,1.04359,-1.09066,-1.07734,-0.26837,1.31374,1.17871,0.34377,-0.08192,0.13551,1.14716,0.07158,-0.31166,1.00324,0.50906,0.05599,0.4065,-1.37389,-1.73039,0.49602,0.4906,-0.35405,0.16785,-0.57952,-0.78584,-1.06677,0.29396,2.10718,-0.70868,-0.51539,-1.42262,-0.94737,-0.59288,1.02838,1.94973,-0.16659,-2.20273,1.39023,-0.41559,0.42707,-0.48636,-0.00605,1.05419,-2.04855,0.94508,-0.2765,-1.08778,-0.16151,-0.22562,0.1173,0.39246,0.21159,-0.58958,-1.56211,0.16576,-0.6569,-0.73476,-0.6171,0.55984,0.25522,-0.155,-1.01608,0.34712,-1.47917,-1.49946,1.49747,-0.9568,-1.02034,-0.6783,-0.11702,-0.1859,-0.08004,0.39982,0.65999,0.51387,1.19514,0.91911,-0.65792,0.01296,0.07955,2.03316,-0.34564,-0.40949,1.35772,-0.75185,-0.59169,-0.91194,2.32327,0.42881,-0.65366,-0.10824,1.01652,-0.85058,0.24268,2.45447,0.21032,-0.25692,-1.51879,-0.66788,-0.39415,0.60921,-2.53487,2.07202,-0.83783,-1.12709,0.60515,0.2889,2.17125,1.56538,0
0.843,0.61014,-1.13813,1.32862,-1.02757,-0.18592,0.73538,0.6597,-0.95731,1.33618,-0.07148,1.04636,-0.53414,2.07357,0.49333,-0.92923,0.07537,-1.21823,1.33645,0.54056,-0.37424,-0.61756,-0.3436,0.40664,-1.30287,0.29404,-1.2233,1.13498,0.9686,1.3705,1.39167,-0.51763,-0.24368,0.50622,0.5844,-0.26808,0.64181,0.90621,0.31614,-1.96471,0.21405,-0.86009,1.75014,0.71779,-1.0379,0.01732,-0.09159,1.13342,0.27541,0.91327,-0.99432,-0.44057,0.50356,-0.8039,-1.61203,-0.87204,0.57426,0.09697,-0.53904,-0.01084,0.3619,-1.71292,-0.07549,1.91624,-0.97052,-1.94633,-1.07544,1.59367,-0.42908,-0.82538,0.71426,-0.48704,-0.18597,-1.47926,0.687,-1.86834,1.68102,-0.57799,-0.47062,-0.62243,0.95492,-0.4868,-0.11691,0.86267,0.34264,2.7379,1.51377,-0.37719,-1.38376,-0.70152,-1.10113,-1.0711,0.17167,0.6383,2.06286,-2.31114,-0.34782,0.99974,1.07973,-1.17031,-0.82053,0.49379,-0.91488,2.29056,-1.40045,0.21087,0.69756,-1.25982,0.24586,0.41595,0.29924,0.74811,0.78074,1.69295,-2.00191,-1.77744,-1.75798,1.84993,-1.32503,0.46917,-0.8898,-0.04321,-1.13071,0.71229,-0.9292,1.36087,1.4837,-0.92862,-0.96997,1.20809,0.38222,-1.34753,-0.24053,0.09444,-0.1133,-0.25987,1.39758,-1.6191,0.56711,2.06189,-0.52003,-0.46828,-1.77059,1.77979,0.52813,-1.09542,-0.87225,0.07336,1.66152,1.24106,0.76301,-1.04206,0.11137,0.17605,-1.62346,0.66499,-0.34212,0.61157,0.91266,-0.47099,1.01452,-3.22727,-0.04848,0.48452,2.10669,0.71067,0.9956,-0.47028,0.94072,-0.92002,-0.1746,0.44623,-0.6845,0.42532,0.97843,0.75329,0.40125,0.75074,0.7708,-0.37025,0
0.5669,1.52623,-1.42894,0.94734,0.56978,0.41615,0.53209,0.14673,-0.48174,0.45239,-0.61434,0.04729,-0.31093,0.83039,0.75262,1.51569,-0.1284,-0.09172,-1.33288,0.51569,0.1452,-1.35981,-0.82668,0.94527,1.69182,-0.64647,0.4423,0.28357,-0.21394,0.84115,0.21492,-1.03773,-0.03937,0.8254,0.5021,-0.94752,-0.90186,1.13441,0.28293,0.99091,0.6275,1.05848,-0.15169,0.74493,0.02187,-0.30079,-0.01885,-1.41766,-0.06632,-2.03241,0.07033,-1.37905,-0.26821,0.85174,0.81914,1.04354,0.28496,0.73902,1.65783,-1.47487,-0.50822,-0.70966,-0.30434,-0.53267,-0.14349,-0.72912,0.04448,0.46469,1.00397,-0.29041,-0.42572,0.12499,-1.18307,1.55343,0.39519,1.75996,-0.01091,-1.10146,0.88683,-0.28184,0.21739,-0.43886,1.14614,-0.84785,-0.87206,-1.23928,1.70774,-0.49451,-1.94326,-0.4015,0.65003,-0.11383,0.21816,-0.68657,0.59238,-1.41362,0.91199,-0.7229,-0.19518,-0.9493,-0.34244,-1.0774,2.02924,1.62191,-0.65341,0.63017,-0.40335,0.48023,-0.43447,0.64934,-1.02406,0.23633,1.27606,0.35037,1.76791,0.137,-1.41528,0.20252,1.18338,-0.69973,-0.59841,0.54815,-0.06015,-0.38158,-1.15949,-1.65964,0.64639,0.67373,2.54491,0.1227,0.52773,-1.43056,1.63631,-0.01574,0.35327,2.22115,0.48169,1.12817,0.79471,0.73959,-2.39044,0.86659,-0.44679,-1.59205,-3.1104,0.48779,-0.43738,-0.52431,-0.78439,0.41894,-0.47693,1.59072,1.91199,0.37165,-0.29294,0.28025,3.0589,-0.1184,-1.41191,0.67473,-1.25833,-0.59083,0.04399,-0.80358,-1.38745,-0.75269,-1.02112,0.88007,0.33284,-0.27046,1.88595,-2.35395,-0.20155,1.18355,1.26992,-1.19593,0.14982,-0.44652,0.69155,-1.44336,0
-0.04389,0.49247,-0.45978,0.23514,0.75713,-1.92109,1.0313,0.80234,-0.57399,-0.57284,0.30184,0.01853,0.49974,0.18726,-0.19188,0.22396,1.07366,0.05031,-2.01225,1.98118,-0.99661,0.98015,-0.44571,0.51641,0.65288,-0.85246,0.2525,-0.56521,-0.55141,-0.13387,-0.9837,0.83907,0.60349,-0.55968,-0.74225,-0.54691,-0.94967,-1.50916,-1.58862,-0.00922,1.9811,2.10654,1.00995,0.6329,0.51767,-1.22997,-0.65365,-1.68967,1.11246,-0.94288,-1.35505,0.2223,1.23415,-0.19366,0.17685,0.53506,-0.38612,-1.48586,-0.7765,-1.77209,-0.12744,1.81811,0.02738,0.81369,2.22779,0.04218,1.06826,-0.20947,0.16669,-0.56618,-0.04733,0.81821,-1.77785,-1.9546,-1.23094,0.46871,-1.04701,0.2277,-2.13152,-0.33262,-0.85496,0.18178,1.19425,-0.08595,1.34962,0.88843,-0.27356,0.1232,1.22247,-0.70224,1.0455,-0.53941,1.38044,1.43777,0.36025,-0.60134,0.91455,0.89205,-1.14083,-1.5592,0.7631,0.08355,0.0569,1.46616,1.05766,0.11225,-0.48454,1.39401,0.50157,1.86257,1.44521,0.80742,-0.34416,-0.15474,-0.08323,0.04732,-0.83723,0.13937,-0.05623,0.15208,1.72276,0.8038,-0.53085,-0.15904,-0.69948,1.91071,0.07465,3.58485,0.71973,0.93469,0.41595,-0.45346,1.32561,1.77614,0.30548,0.65928,-0.75693,0.00716,-1.15198,1.32814,-0.62263,1.33801,-0.53546,1.14414,0.3495,0.2805,0.38749,-1.21073,1.26804,1.45521,-0.2905,1.53739,0.16437,0.66187,-0.1923,0.22006,1.92308,0.57411,0.04423,-0.20775,0.70607,-0.40149,0.49529,1.31787,0.24842,0.63406,0.51726,-1.26299,0.09396,-0.24467,1.33757,-1.29847,-0.88038,1.35941,-0.34511,-0.28406,-0.86603,-0.0094,-0.12775,-0.18999,1
1.37908,0.09632,-0.46591,1.0817,0.89632,0.18816,-0.38348,-0.14124,-1.97,0.4253,-0.25267,0.87546,0.1776,0.28228,1.28684,0.97147,0.05401,-0.94019,-1.29505,0.05694,0.37949,-0.75387,-0.70206,-0.36139,0.51838,0.88726,-0.30485,2.30865,0.43605,-2.30674,-1.31831,-0.71268,0.91044,0.971,0.32515,-0.34077,-1.80677,-0.6736,-0.32699,-1.00455,-0.55144,-0.7126,-1.29181,-1.16902,0.07691,0.65701,0.86032,-1.63642,0.17276,-0.7734,-1.12157,0.9988,0.7561,-0.46736,1.93503,0.26481,-1.28903,-0.01164,0.20571,1.30832,-1.09909,-1.83165,0.75633,0.91524,0.59016,0.73445,-1.78034,0.10213,-0.53459,-1.03311,-0.9628,0.11946,0.1485,-1.11073,0.12987,-0.23343,1.25322,-0.55534,0.38729,2.04764,-0.71227,-0.4053,2.75836,0.01618,-1.07917,-0.43292,1.9337,-1.41363,-0.18762,-1.43804,-0.05523,0.72873,-2.22828,-0.56202,1.20923,0.5346,0.02248,0.12742,-0.24708,-1.01113,-0.18104,1.39537,0.59485,-1.22171,1.13513,0.41736,-1.34271,-0.15305,-1.3291,0.10416,1.21247,-0.8382,0.31461,-0.75837,1.14176,0.77219,0.37839,1.37615,-0.37368,-1.16453,-0.27365,-1.38517,1.19276,-2.0055,-0.11723,-0.63116,0.07153,-0.24312,1.60243,0.35097,-1.65369,0.46813,0.56122,-0.75638,-0.67858,1.39839,0.55169,0.4554,-0.30555,-0.04312,-0.10708,1.14876,0.84181,-0.68142,0.27535,-0.43446,1.15744,0.02867,-1.60854,-0.29418,-0.24801,0.52142,-0.36143,-0.69355,-2.44302,0.84434,-0.14526,0.76318,-1.41136,0.60373,0.48116,1.14634,-1.91199,-0.15917,-1.83606,1.39477,-0.24683,-0.39618,1.09257,0.00651,2.55622,-0.18288,1.23037,1.04948,0.85198,-0.32211,-0.45783,-0.56098,-0.06839,1.53975,1
0.33586,-0.00017,2.33741,-0.30136,0.46032,-0.97869,1.975,0.72572,0.7921,0.65979,1.09275,-0.70618,0.6284,0.16467,0.07291,-0.79829,2.34129,-0.42554,0.98321,-1.50581,0.1744,-0.61106,-0.3371,-0.42421,-0.12049,-0.42337,1.4091,-0.61544,0.31939,-0.9622,-0.46124,-1.05565,2.23569,0.48978,1.17673,1.59227,0.64524,0.60291,-1.05527,-0.02175,-1.83484,-0.67688,-0.71922,-1.58955,0.05698,0.56165,-1.11734,-0.87145,1.06789,-0.42215,-0.30273,-0.35343,-0.43825,-0.19321,-1.43824,0.05251,0.89483,-0.02084,-0.98093,-1.28328,0.31426,0.26716,2.01581,-0.73093,-0.78305,-0.96841,-0.48646,-0.00773,0.30372,0.4119,-1.89157,0.4753,-0.37611,0.86586,-1.42813,-1.05717,0.83348,-0.17014,0.74202,2.36295,0.03775,-0.28846,-2.622,0.74761,0.11955,1.43953,0.45968,2.03139,-0.28121,1.23754,0.3873,0.82333,-0.06604,0.25285,0.30432,1.27132,0.26591,1.87134,0.88612,-1.87091,0.15472,-0.82506,0.50756,-0.75342,0.02784,0.71149,-1.92817,-2.36683,-0.01378,-1.33865,-0.0322,-0.4276,-0.15257,0.22659,0.39726,2.20294,-1.55676,-0.83653,-0.44333,-0.33923,0.29942,1.44778,0.33087,1.43109,-1.31387,0.51271,-0.35242,-0.74637,-0.90876,0.66143,-1.73686,1.91383,0.01558,-1.26079,1.76405,-0.0998,-0.90829,1.20666,-0.32556,-0.75399,-0.81914,0.06728,-1.31694,-1.06348,-1.05971,1.14398,-0.7367,0.42048,0.48057,2.12673,0.39844,-1.48848,-0.17178,-0.93922,1.4003,0.89479,-1.9671,-1.98257,-0.13412,-0.15721,0.91896,-1.09661,-0.23784,-0.41252,0.57264,0.68274,-0.2491,1.20582,2.13353,-0.00962,0.20194,-0.29989,-0.08579,-0.67914,1.91009,-0.84452,0.70367,-0.02351,0.47461,-0.54129,0
0.60458,-0.28584,-0.03767,-0.40946,-0.11569,-1.91796,-0.8283,-1.31967,-1.56012,0.92045,0.02681,-1.29967,1.0032,-0.36381,0.78268,0.41982,0.47407,-1.88367,0.14223,0.93269,0.47288,0.27696,-0.49623,0.55786,-1.47481,0.66315,-0.84729,-2.06965,0.50849,-0.53154,0.21241,-1.47836,0.96573,1.36665,-0.85591,-0.50701,1.29995,1.09829,0.41248,1.39216,1.71822,-0.03567,0.45577,0.49046,-0.41539,-0.04645,0.70467,0.01589,-0.71508,0.2483,1.19514,-0.10136,-0.0006,1.21812,-0.0123,-0.51695,-1.1715,0.50837,-0.60797,-0.54594,0.30585,0.92824,1.95667,1.40299,-0.40675,0.0998,0.39671,-0.90412,0.54068,0.86375,1.48679,-2.3215,-1.31484,-1.14704,-0.4393,0.35094,0.48232,-1.37987,-0.25439,-1.12176,0.47654,-0.04342,-0.1562,1.86176,1.06058,0.19565,-1.48327,-0.93419,2.32871,-0.37746,-0.21847,0.8346,0.47917,-0.09397,0.70545,1.00107,-1.01188,0.47165,-1.17104,0.45002,0.82872,-0.18617,1.51816,-0.49101,-2.38109,0.62339,-0.90533,-0.31203,0.54961,0.55709,-0.23739,-0.26473,0.74003,0.26519,0.26339,-0.12685,0.14345,-1.22161,-0.33694,-0.38973,-1.64966,-0.50571,-1.13581,-0.13545,-0.39855,-2.26262,2.04045,-1.98085,1.15711,-0.51582,0.8475,-1.30008,-0.44237,0.56971,0.9709,-1.9108,-0.23858,0.45726,-0.02453,0.33726,-1.40756,-0.51776,0.06853,1.27484,-0.94376,0.12686,-0.97824,-0.09634,-0.7961,-0.29236,-0.34972,0.57088,-0.41282,-0.13559,-0.95609,1.29034,1.56506,1.89707,-1.06016,-0.13112,1.02821,-0.61722,0.34547,0.56028,0.85885,0.10633,0.97502,-0.74522,0.28043,1.5107,-0.08821,0.97121,-0.65362,-0.54079,0.90541,-0.31185,0.08712,0.57925,0.01222,0.91825,0
-0.4132,1.40737,-0.38962,0.95104,-1.90962,-0.87933,1.09456,1.73516,-1.65327,1.44525,-0.93833,1.05263,-0.61143,-0.945,0.75455,-0.08806,-0.34858,-0.293,0.68269,-0.28438,0.81265,-1.16352,0.44767,0.43286,-0.46319,-1.14299,-0.85206,-0.59238,-0.84589,0.11152,-0.92892,-1.50307,-0.97777,0.2307,0.74035,-0.72974,-0.52391,-1.9913,-1.01788,-0.21336,-1.37096,-0.10355,-1.93028,-0.66818,0.24551,0.71561,-1.32546,0.92315,-0.35265,0.32623,0.52718,0.72005,-0.16293,0.69785,-0.69266,1.01754,0.60378,0.71142,-0.86885,0.05589,2.03697,-1.29453,0.65383,-1.24854,0.76207,0.59821,-1.07618,-1.83398,-0.64078,0.34255,0.05904,0.40134,0.53293,-0.78833,0.15515,0.26001,-0.66959,-0.14415,-1.21437,-0.34509,-0.47012,1.13729,-1.12548,-0.57944,1.16078,-0.35629,-1.70305,-0.78913,-0.26766,-0.4024,0.3374,0.20947,-2.10799,-1.69815,-2.78072,1.13928,1.00152,0.87689,0.22653,-1.11636,-0.1757,0.11602,-0.50246,0.80932,-1.30551,-0.93997,0.66834,0.13569,0.76614,0.79209,1.35663,0.2445,0.45881,0.46495,2.29355,0.6497,0.04295,0.64805,-0.48407,0.76998,-0.53555,1.41544,-0.7918,0.57679,-0.33141,1.07711,-0.41866,1.04789,-0.88907,-0.88746,-1.13004,-1.42607,-1.24683,0.66081,0.58603,-0.98882,1.28531,1.37799,-1.31702,-1.72214,0.83026,1.58849,-1.71122,-0.55554,0.70878,0.76543,-0.47186,-0.75987,-0.56853,-0.72783,1.09295,-0.41452,-2.05757,0.41823,0.58249,-0.12302,0.77662,-1.1212,-1.42548,1.21764,-0.582,0.04543,0.61483,-1.41528,0.13406,-0.14722,0.13352,0.10024,-0.57477,-0.64774,0.59824,-0.09821,0.43662,0.36029,-3.25865,-1.27981,-0.16419,-0.29566,0.47857,1.90259,0
2.25741,-0.44352,-1.34857,0.67995,0.23029,-0.32904,1.54125,1.29744,0.70223,0.25187,1.00743,-0.91573,2.00686,-1.44821,0.29048,-0.40616,-1.0952,-0.18128,-0.69408,0.08761,0.93785,1.69615,1.03364,-0.61338,1.25387,0.44345,0.5658,-1.70977,-0.20876,0.1839,-1.64083,-1.46401,-0.32788,1.19126,-1.12039,0.53617,0.07244,0.70283,-0.50954,-0.57764,-2.29669,0.05604,0.66371,-0.77964,1.03377,-0.25862,0.40995,-0.75051,-1.21735,-1.0517,-0.1465,-0.87739,-0.35521,0.79259,0.10119,0.37182,0.25214,-0.10969,0.74689,0.18459,1.10652,-1.1438,1.10346,-1.87439,-0.21779,0.48578,0.43169,-0.45163,0.41233,1.07777,-0.67165,-2.50416,-1.5186,-0.8959,-0.56827,0.33994,0.79502,-1.81048,0.92743,2.00223,0.80277,-0.54982,0.10754,0.34801,-0.96686,-0.5465,1.86735,1.76426,-0.7141,0.05231,-0.65669,-0.66773,0.27779,-0.21492,1.62494,1.4046,-0.2605,0.38269,1.05388,0.65728,1.44213,0.39965,0.10871,1.12037,1.09806,-1.14112,-0.99567,0.23982,0.63448,-0.13883,2.07914,1.54067,-0.25786,-1.8143,0.84433,-0.94651,-0.81014,0.00062,-0.65651,-0.35633,-0.74759,0.01539,-1.58811,-0.27946,0.01915,-0.83981,-0.99121,0.08448,1.2341,-0.5265,-0.571,-0.05036,-0.40646,-1.22183,2.39328,0.59475,0.171,-0.3479,0.3349,0.03501,-0.82685,0.0126,0.16332,-1.1402,1.31581,1.29214,-1.14857,0.97175,0.55627,0.28841,-0.82347,-0.93836,-1.54498,-0.16218,0.22077,-0.05129,1.21177,0.4137,-0.00505,-0.06111,0.51186,1.00689,1.05185,0.78143,1.29157,-0.91537,0.91562,-0.47422,1.27464,-1.01973,-0.165,-1.92971,1.28691,0.58843,0.0258,-2.6666,0.40935,1.19631,1.31211,0.24805,1
2.12887,1.16803,-1.34749,-0.35533,0.06027,0.43233,-1.09612,0.60717,-0.98663,1.51813,-0.00538,0.82564,0.80314,-0.03523,-0.49893,1.30975,-0.38483,-0.7426,-1.64459,-0.38269,-0.7338,0.31011,-0.94965,-1.20209,0.43073,1.26347,-2.78697,-0.55341,-0.76143,0.34351,0.33186,1.58533,-0.61752,1.51174,0.18828,-0.02833,-0.21365,0.20026,0.83503,-0.21093,0.63334,1.48198,-0.66775,-0.70425,-0.59008,1.89312,0.97142,1.13453,0.3704,0.69804,-0.9585,0.94874,0.32974,1.55585,1.71343,0.30764,-0.25204,0.48334,-2.68319,-0.05599,1.92949,0.61284,-0.81162,-0.02612,-0.6185,1.48889,0.27189,-0.19353,-1.37725,0.38301,-1.03969,-0.58102,-1.24489,-1.42601,-0.25414,0.22026,0.96014,-0.80931,0.7757,0.54086,1.00944,0.01427,-0.72093,-0.97962,-2.16939,1.39732,1.20094,0.46462,-0.15176,-0.22371,0.51668,-0.47294,1.68872,-0.15224,-1.15776,1.26843,-1.00742,0.87285,-1.27037,0.04487,-1.60331,-1.07319,-1.36931,0.1488,0.06566,-0.13389,1.8796,-0.23177,0.4542,-0.01218,0.12781,0.60408,0.92042,0.67582,-1.81172,0.38846,0.97516,-0.39211,0.57339,-0.63809,0.56211,1.15123,0.04133,-0.25477,-2.35862,-0.11296,0.59665,-0.3246,-0.70685,1.53412,0.1606,0.31031,-1.24701,1.27706,-0.91648,0.11387,0.6857,0.56754,-0.3767,-0.27804,-0.4938,-0.32226,0.55767,0.11829,0.43996,-0.13881,0.61888,-0.62914,1.20425,-0.63944,0.16114,0.60614,0.87301,1.04653,0.52619,-0.83704,0.84545,0.07743,0.49712,0.21745,0.47827,-0.31463,-0.49164,-0.77276,0.74688,0.06311,-0.67356,-0.57844,-0.67735,-0.13374,0.92362,1.94833,-0.83013,1.4293,-0.12867,-0.49515,0.4034,1.26961,1.39302,0.94764,0
-0.63238,0.97729,-0.58764,0.3192,-1.31556,0.76221,0.90011,1.62118,-2.04653,0.69569,-0.38585,-0.329,0.16721,-0.37323,0.89954,-1.18745,0.59875,1.16552,-0.33874,-0.25544,-0.52384,1.50391,0.84868,-0.98316,0.02447,-1.0364,0.79964,0.17774,-1.94207,0.62747,0.9748,2.44074,0.82405,-0.47334,2.07189,-0.43309,-0.62536,1.78858,1.90773,0.48595,-0.23585,-0.34414,-1.82428,-0.34251,-0.18907,1.71587,0.53419,1.35488,0.52779,0.09355,-1.89106,-0.71926,-1.4441,-1.78685,-1.79583,1.72853,0.74862,-0.09072,0.9718,0.93335,-0.55662,1.67603,0.69784,0.74001,-0.72031,0.24934,-1.1175,-1.18043,-2.13131,0.48783,1.33436,-1.65869,-0.551,-0.86912,0.05711,-0.44351,0.69275,-1.96774,-0.80705,-0.23186,0.79532,0.7998,0.12739,1.19116,-1.53252,-1.49042,-1.90834,0.29646,0.48419,-1.57308,0.77567,-1.33411,-1.3429,-1.00728,0.78602,0.81225,-0.83116,-0.58276,-0.59582,0.40042,0.43183,-0.38689,-1.2247,-1.16502,1.07123,-0.07403,0.12474,-1.52867,-0.16187,-0.827,-0.82432,0.4572,-0.10116,1.77275,-0.21086,0.01218,1.41017,0.25614,-1.35466,-1.45336,-0.33927,-0.01503,-0.71898,1.07371,-1.37863,-0.32308,1.08004,-1.11208,-0.05616,-0.4632,-1.44239,1.99706,-1.4012,0.31502,0.03984,0.60374,-0.44736,0.44795,1.7031,-0.34364,-0.22878,-0.75811,1.21454,-1.02626,-1.28455,0.17902,0.86466,-0.76361,-0.07348,1.79756,0.96797,-0.19537,-0.77013,1.36948,2.21101,-0.43054,-1.01089,0.71686,1.85815,1.53584,0.29446,-0.15514,0.26408,1.36043,-0.01173,0.45133,-0.97809,0.43484,-0.07532,1.50753,0.78676,-1.20061,0.8381,0.66727,-0.29245,-1.39976,1.4498,0.54374,-0.34244,1.33324,1
-1.5615,-0.4991,1.87627,-0.17081,0.34884,-0.35909,-2.8178,-0.87254,-1.07639,-0.08374,0.31591,1.19314,-1.91659,-0.27366,-0.1879,-1.9648,1.16665,0.61064,-0.38917,-0.37417,0.65559,-0.91244,0.47641,1.54135,-0.5387,2.51231,1.51461,-1.70129,-0.36783,-0.68288,1.19106,-0.58747,0.09588,1.22303,0.39292,-1.4437,0.4834,0.25741,-1.14574,1.13133,1.27083,0.05491,-0.74634,0.59414,0.59638,1.74788,-0.77092,0.05221,0.21786,0.63337,1.52127,0.81376,-0.79477,-0.74823,-0.50969,-0.50605,-0.69145,-1.40256,-0.76369,0.77082,0.23583,0.12982,1.01032,-0.77944,0.08673,-0.27559,2.96513,-0.3632,0.6527,0.65835,-0.73603,-0.48904,-1.70837,1.18253,-0.50287,-0.94027,1.83819,0.47912,0.16727,-0.43123,-1.03677,-1.11439,-0.04397,0.31028,1.53145,-1.105,-1.00965,-2.41241,-0.28747,-0.32979,-1.79199,1.12563,-0.64144,0.12047,0.94912,1.43105,0.93869,0.70792,0.38011,-0.68146,0.33174,0.18786,0.60156,1.3473,-0.73675,0.56077,0.1419,-0.85884,1.44473,1.47217,-0.09206,-0.77509,-0.59272,-1.37854,1.0779,-0.66528,0.95432,0.29167,-0.45331,0.97115,0.3073,-0.06517,0.52794,0.23079,0.53132,0.55266,-2.03253,0.17085,1.05198,0.41667,0.33002,-1.98774,0.12218,-0.43082,-1.26921,-1.09043,0.3201,1.16875,0.84919,1.11684,-0.40121,-1.37785,0.2215,0.86616,0.34984,0.78066,-0.36293,-1.09776,0.1969,-1.75842,1.0633,1.55134,-0.54635,-1.05205,-0.65843,-0.21469,1.97062,0.44006,-0.79894,-0.38264,0.08992,0.88797,-1.32824,-1.4111,-0.03365,0.88663,-0.61738,0.40269,-0.46965,-0.24028,0.01313,-1.5849,0.05204,-0.06559,-0.03115,-2.04035,2.0027,-0.65466,-1.29394,0.90729,1
-0.48494,0.84437,-0.07211,1.31606,0.30399,0.81267,-0.27464,1.17389,0.49993,0.70626,1.14692,-0.17783,0.10855,1.51249,0.39837,-1.10697,0.25727,1.52592,1.61969,2.55145,0.73793,-0.11153,-0.64736,0.21915,-0.54173,0.06933,-0.79807,0.7441,-0.04441,-0.00195,-0.17475,1.39202,-0.37451,-0.3006,0.96292,-0.44338,2.20295,-0.87935,0.38007,0.07642,-1.22202,1.13334,1.11777,1.5313,-0.67743,-0.4043,-1.45555,0.64851,0.46983,0.45495,-0.8096,-0.3784,0.23639,1.91253,-0.57676,0.48125,-0.5737,0.08645,-0.91107,-0.33555,0.37859,0.64325,0.41985,-0.20496,-1.64481,0.2764,0.70893,0.85696,-0.1897,-0.73206,1.25943,0.61152,0.15325,0.06993,0.89489,0.8909,-0.43743,-1.12656,-1.86786,-2.23651,1.03705,0.04005,0.07578,0.30448,0.13868,-0.84107,0.08731,-1.48555,0.55282,-0.65949,0.63379,-0.89185,1.55114,-0.14675,1.59222,-0.96917,-0.60488,-0.27802,0.43679,1.52649,-0.78274,-2.26593,-1.67766,1.77297,0.27848,1.06216,1.10813,1.83458,-0.49623,-0.72721,-0.66651,0.23799,-1.02133,0.2102,-1.05391,-0.71992,-0.99265,-2.05089,1.3999,-0.00225,0.97251,-1.65929,-0.3663,1.99872,0.36339,2.28319,-1.15075,-1.92044,0.31732,0.86579,-1.23081,-1.4796,1.04386,-0.50783,-0.99384,-1.09652,0.61655,0.51646,-0.16706,2.18162,0.39045,0.96714,-0.85846,-0.34456,-0.51701,-0.95934,1.22139,-0.46272,-0.24501,0.33236,-0.15966,-0.76418,1.3363,-0.04267,-0.96839,0.77934,-1.92126,1.07026,0.32149,1.40375,-2.22217,-0.44847,0.60795,-0.03467,0.19254,-0.35929,-0.93691,0.26769,0.5781,0.96362,0.51721,0.79632,-0.48063,-0.57598,0.52472,0.82164,-0.34613,0.20862,0.58602,-0.29716,0
3.14348,-0.96528,0.94592,-1.36833,0.13359,-1.26745,-1.07936,0.60236,0.08465,0.34935,0.9633,-0.74758,-0.48768,0.90693,0.20949,-1.20238,-0.47436,1.68234,0.76747,-0.72743,-0.52337,-0.94089,2.06053,-0.85095,0.49348,0.12832,1.75966,-0.53832,-1.40618,2.56822,0.33153,-0.37609,1.32112,-0.66467,0.94126,0.05201,1.663,0.55563,0.11069,0.82262,-1.11815,0.56158,0.51698,-0.12054,0.16764,0.91277,-0.37433,1.7631,-1.02925,-0.53299,0.5161,-1.26154,1.89499,0.82046,0.01909,1.07672,-1.51194,-1.07297,-0.20985,0.27113,0.43247,-0.88787,-1.53564,0.35379,-0.42131,-1.28871,0.71538,0.61775,-0.49895,-0.49754,0.09901,0.62827,-0.54567,-0.41975,-0.17777,-0.54304,1.28065,0.68927,-1.84454,0.74566,1.88252,2.16493,0.12202,0.22576,-0.58401,0.81062,-0.02597,-1.23969,0.26507,1.94394,1.12298,0.50852,0.19686,-0.13403,-1.76979,0.28976,-0.72182,0.03861,0.08396,0.3925,0.04159,-0.45054,-0.57689,0.16183,-1.91739,-1.17335,-0.09103,1.72085,0.35377,1.0628,0.10259,0.8851,0.21139,-0.67556,-1.83435,-0.56537,-0.60084,0.97513,-1.28469,0.08618,1.2423,-0.46509,-0.8445,0.07303,-1.41792,-0.30549,-0.69518,1.36247,-0.18905,0.39534,0.94132,-0.36579,-1.1412,-0.33592,-0.52582,-1.28253,0.38182,-2.14259,-0.22897,0.51235,0.51165,0.51187,-1.24935,-1.5242,0.63526,-1.5788,0.88219,-0.13473,-0.38129,-1.43674,-0.48152,1.41848,0.67802,-1.61652,0.11531,-0.70805,1.49985,-0.91221,-0.5232,-0.50206,-1.00578,-2.65143,0.48222,-0.67324,-0.40098,0.8037,0.66246,-0.60871,0.78345,0.80633,-0.70443,-0.24805,-0.03819,0.20076,-0.21989,-0.37689,-0.16135,-2.03495,-0.02019,0.30169,0
-1.00058,-1.32204,-1.07739,-1.72876,-0.1201,-1.55829,1.22146,-0.8321,0.96075,0.00271,-0.0454,-0.4599,-1.69413,-1.36616,0.52235,0.95267,0.1489,0.99653,0.02263,0.03264,-0.15527,-2.03312,0.77254,0.74733,0.89096,0.6706,0.3976,-0.00549,-1.21479,0.74808,-1.86319,0.53716,-0.74292,-0.42417,0.39649,-0.56819,-0.44211,0.3571,-1.28043,0.3587,-0.39359,0.7783,-0.35991,0.08521,-0.45256,2.88035,1.54831,0.72952,0.96781,-0.48556,0.9226,-1.2513,-0.47417,-0.28337,0.51252,1.09341,-0.60638,-0.05577,-0.09373,0.21596,0.47155,-0.56009,-0.32366,0.58826,-1.17706,1.27752,1.31393,0.06187,1.59641,1.36593,0.23705,0.68269,-0.04663,-0.52134,-0.74617,-1.24767,0.00327,0.34502,-0.61129,0.78527,0.00248,-0.01873,-1.24887,0.78023,1.04362,0.67994,-0.32892,-0.89692,0.48022,-0.77269,-1.10977,1.85154,-0.7885,1.01916,2.73103,0.3535,-1.13182,0.93316,1.79775,0.74651,-0.97211,-1.80894,-0.31908,0.46185,-1.113,0.35004,1.32777,-0.32757,-0.79545,0.63003,0.19196,2.38286,-0.30638,0.81748,-0.2515,-1.26952,2.09241,-0.28363,0.8682,-0.9384,-1.00139,-0.20414,-1.16921,-0.71343,-0.94934,0.46708,-0.35615,-0.74011,-0.90197,-1.45591,1.29471,0.9645,-0.73353,-0.49379,-0.12931,0.63836,-1.50076,-0.19431,-1.47079,-0.24378,-0.94601,-0.23041,-0.96836,0.16121,2.3076,1.29351,-0.45539,1.62184,1.63939,2.09412,-0.22412,0.16734,0.27701,0.21385,0.04248,1.71715,-0.98168,0.72968,-1.67436,0.70082,-0.29778,-0.5044,0.27059,1.13453,-1.15755,0.81269,0.13908,-0.79486,0.56558,-0.09231,1.99311,-0.07952,-0.1273,0.33572,0.04163,-1.1013,0.37138,-1.06254,-0.63882,0.8385,0
-0.20068,1.31325,-0.50087,0.55492,-1.38716,0.5784,-0.32446,-0.92061,-0.10115,0.00384,0.91085,-0.13469,0.33363,0.59931,0.22059,0.05737,-0.81874,1.36585,-0.55673,-0.13,-0.28275,-0.33495,0.41713,-0.18024,1.20256,-0.61334,0.8999,-1.21129,-0.03626,-1.04589,-0.28926,-0.78476,0.46428,0.40042,-2.29553,-1.10402,-0.43775,2.53835,-0.0135,0.85232,0.09909,-0.10188,0.86041,-0.21242,-0.89119,0.46931,0.54013,0.38468,-0.51484,-0.25614,0.83929,-0.41361,0.84876,-1.52345,-3.00458,-0.4359,0.08831,1.49626,1.7033,0.10656,-0.55669,1.14879,0.87835,0.82351,0.33257,1.00313,-0.71699,1.21657,1.61918,-0.30522,-0.34446,0.77604,2.45301,1.38687,-1.05665,-0.81269,-0.09839,-0.04393,0.0908,-0.65045,0.31112,0.55428,1.41044,0.60104,-1.34506,0.5931,1.31773,1.4988,-0.19417,-1.43635,0.79076,0.97054,0.43399,-0.80842,-1.91455,0.54289,-0.52075,-0.00715,1.20334,-2.10723,0.61186,0.00863,0.70145,0.85219,-0.14798,1.75996,-2.49244,-0.51277,0.03286,0.87432,0.46998,-1.88632,0.21257,0.63623,0.25656,-0.91449,-0.44119,-1.17113,1.011,-0.58071,-0.50189,-0.9548,0.32597,-1.03532,0.91147,1.02277,0.93724,-1.21473,1.84082,2.35696,-1.12864,-1.29951,1.34565,1.94865,-0.93165,0.18809,-1.32017,0.0301,0.22205,0.79037,-2.34688,1.05867,-0.90283,-1.12357,0.40568,0.9559,-0.92672,-1.41802,-1.43567,-1.85364,-0.34509,1.87285,-0.73103,-1.69095,1.05767,2.63103,1.4045,0.04747,1.75044,1.1524,-0.11903,-3.48105,0.04592,0.83896,1.90418,-0.67139,-0.06393,1.44401,-2.40609,-0.32531,-1.32964,-0.72002,0.90278,-0.28623,-1.72623,0.30093,-0.93273,2.15637,-0.51472,-0.5596,0
-0.18058,0.26474,-0.72576,-0.86557,0.28911,0.9496,0.0231,1.2439,1.71888,-0.05557,0.14723,0.38375,-1.27223,0.36464,0.68212,0.93688,-0.01462,-1.21929,0.85924,0.97604,-0.65169,0.37322,-0.26725,0.66095,-1.1768,-0.19191,-0.82157,-0.17023,0.85514,-0.50242,-0.14695,0.05228,0.29981,0.00058,0.73014,0.41514,0.49431,-1.07325,-0.35847,-0.86398,-0.96303,-0.63596,-1.59746,-0.72696,0.98028,-0.53783,0.9049,0.36418,1.06525,1.69413,-0.10599,0.13211,0.47021,0.06051,1.43562,-1.25443,-1.49255,1.62137,-1.65344,0.34092,-1.06304,-0.63902,1.6416,0.0446,-0.22525,-0.06536,0.55222,-0.7272,0.43619,0.26303,1.57564,-0.30818,1.14586,-0.04551,1.07459,-0.05257,-0.20068,-0.46625,-1.43114,0.21832,0.86092,-0.82347,0.0501,1.38605,-0.30623,0.20136,-0.44963,0.81653,-2.04385,-0.30833,-1.4913,-0.96518,0.3369,1.58463,1.58374,0.60425,-0.77497,0.09977,1.08524,-1.21336,-0.21332,0.88755,-1.57815,-0.96747,3.13432,-0.36801,-0.62319,0.76232,0.17027,1.04409,0.57501,0.41629,1.684,1.00251,0.84244,-0.04525,-0.91333,1.93963,-0.28847,-0.08656,-1.16158,-1.24937,0.36935,-0.34818,0.06338,0.75164,1.13033,-1.89013,1.35623,0.22762,0.46842,-1.80198,-1.18701,-0.22153,0.08212,-0.12872,-1.06117,0.34533,-0.56811,-1.42473,0.48364,-0.01303,0.67215,0.19257,0.18303,-0.56133,1.67902,0.40633,0.41161,-0.42613,1.24442,-1.47848,-0.1474,-0.5188,0.90883,-0.54955,-0.29609,2.32013,0.55519,0.43989,-0.60906,0.48493,0.72343,0.87461,0.85583,0.5147,-0.68233,0.43725,0.40788,-1.03397,-0.43693,0.4872,1.00914,-0.38491,2.04984,-0.72535,-0.77683,0.59922,0.79786,-0.93703,0
1.40876,-0.07615,1.0947,-0.69915,0.69152,0.43953,-1.27456,0.25253,-0.13393,0.53057,0.99613,-0.14123,-0.0231,0.91162,0.285,-0.51609,-1.84439,0.39923,-0.01195,-1.37651,0.55828,0.11282,-0.11379,-0.34775,-1.20171,-0.55342,0.4543,0.75358,-0.78764,0.46819,0.49097,0.72175,0.0795,-0.59562,-1.45347,0.31637,2.06758,-1.06879,-0.60827,1.01746,-0.03643,0.0428,1.27158,0.18908,-1.3265,-0.4815,-0.37367,-0.12044,-0.38133,-0.33905,-0.69168,1.2038,-0.43352,1.54246,0.07397,-0.78211,-0.65545,-1.74311,-1.64942,1.18995,-0.12743,-0.11212,-0.48322,-0.18793,-0.70899,-0.01777,-1.42642,0.82426,1.654,0.02243,-2.27815,1.13906,0.40979,-0.39185,0.75776,-0.48645,0.18014,-0.4043,0.56801,-0.89847,1.85699,0.38157,0.5919,0.13665,0.20273,-0.07484,1.42993,-1.41775,-1.24438,-0.45699,-0.5105,-0.36619,-0.01687,0.5918,0.1285,0.54562,1.20546,0.12168,1.14786,0.15029,0.07438,1.4337,-0.50182,0.78899,-0.26331,0.08302,0.19017,-0.08209,-2.06617,-0.0394,1.26321,-0.68583,-0.92749,-1.23194,0.17695,0.46986,-1.00166,1.3565,-0.73963,1.42196,0.43953,0.14275,-0.16261,0.36414,-0.09096,0.45171,1.15513,0.45526,-0.14609,-0.58687,0.35606,0.76658,0.23302,-1.52837,-0.29912,-0.10165,0.04416,1.05362,0.1816,-1.19668,-0.88022,-1.37474,-0.31607,0.12133,1.30753,0.08368,-0.3879,-1.19749,-0.13924,-0.79415,1.07771,0.63404,0.67656,1.68822,-1.14436,0.16217,-0.77077,1.66498,2.41157,0.03262,-1.86281,-1.32771,0.94759,-0.13147,0.95016,-1.94779,-0.91882,0.19901,2.03913,-0.97806,-1.04686,1.30654,-1.20365,2.30699,-2.38386,2.02864,-0.03,0.8361,2.31224,-0.70944,0
0.64395,-0.51499,-0.3414,-1.06203,1.22892,-0.4508,0.63526,-0.37618,-0.3,0.46322,0.72551,0.32779,1.955,1.29733,-1.24366,-0.68347,1.62708,0.26624,-0.86525,-0.26911,0.23048,0.03324,-1.1837,-0.80286,0.09875,0.30568,-0.33321,-1.10675,-0.32412,-0.21878,1.09546,0.56165,-0.18687,0.48847,-1.42765,-0.4242,0.61316,-1.12363,0.93619,1.62912,-0.25289,-0.73023,-0.20226,0.09843,0.72689,0.42811,-1.05253,-0.7035,-1.07812,1.07327,1.39107,0.17047,-1.41982,0.36665,-2.03762,-1.68514,0.29303,0.23749,-0.05386,-0.56416,-0.9118,-0.67915,-1.27117,-0.07357,1.56329,-0.06916,1.7119,1.01327,1.00321,1.6638,-0.02378,0.05543,0.04845,-0.16928,1.31891,0.08579,-0.15654,-0.76207,-0.21406,-1.21574,-0.13968,0.8721,0.38434,-1.28134,-0.85516,-1.02481,0.64156,0.32774,1.13614,0.63228,0.46952,-1.52498,0.5105,0.84063,-0.07035,2.29347,0.6637,0.51638,0.58798,-0.66002,0.74419,0.0643,0.53036,0.87891,-0.44481,0.48692,0.88963,-0.65977,0.14063,0.48522,-0.22352,-0.32755,-0.14095,1.55642,1.55752,-0.7253,-1.72542,0.25945,-0.27139,-0.34924,-0.29001,1.22388,0.21007,-0.72724,0.73899,-0.41774,0.24922,1.17183,0.72694,0.3302,0.34981,1.3814,1.19983,-0.52477,-1.80116,0.54676,0.99202,2.15578,-0.69591,0.3635,-0.93348,-0.17084,0.96453,0.26916,-1.06504,-0.28192,1.11972,2.61225,-0.69478,-0.16151,1.75863,-0.99929,1.0218,1.53962,0.79288,0.23773,0.84785,0.14889,-0.35876,-0.59783,-1.55,0.73895,1.35789,2.39952,-0.62601,-0.45736,1.17122,3.43594,-0.00535,-0.65969,-0.28701,-2.39788,1.24402,-0.89475,-1.16387,-0.42777,-0.44574,-0.746,-0.61503,0.29879,0
-0.8829,0.93737,0.5994,0.45326,-0.69944,-0.14597,1.59311,-0.37954,0.8664,0.39886,1.0502,-0.9459,0.66914,1.30592,-1.05263,-0.06724,-0.26742,-1.02814,-1.65942,0.36805,0.42586,-0.19075,1.12358,-0.6722,0.59393,0.39789,-0.44291,0.74994,-0.46901,-1.13411,-0.97782,0.43323,-0.25378,-0.91377,1.2814,-0.18466,-1.77224,0.25508,-0.07249,-0.68819,1.8855,0.10338,0.89873,-0.7229,-1.25554,-1.33413,0.69881,-0.62538,-0.12005,1.33409,-0.57938,-1.14606,1.31159,0.10723,0.11565,0.95763,1.10016,-0.83016,-0.69536,-0.31608,-0.60672,1.24037,-0.99711,0.70349,0.75057,-0.39326,0.41921,-1.57477,0.12671,-0.73474,2.70323,1.78531,1.19623,1.24064,0.21967,2.04431,-0.05686,-1.31359,0.20493,-1.37953,-0.59992,-0.05537,-1.25499,-0.19085,-0.74127,-1.31403,-1.9615,1.84437,0.0487,-0.56331,-0.91749,0.20807,0.56041,-0.93375,0.36134,0.23504,-0.43388,0.66726,1.56868,0.15538,1.00272,-0.95155,1.06241,0.31685,1.73664,-0.93778,0.0372,-0.00861,-0.95162,-1.16934,0.28365,2.02443,-0.42112,-0.16628,-1.27003,0.3385,-0.53168,-1.63366,-0.93004,-0.59758,-1.31891,-0.2026,0.50978,-0.95452,-0.574,-2.59263,-0.09938,-0.07562,0.11373,-1.23299,-1.92236,0.21086,1.64133,0.92066,0.86106,0.99825,0.19283,-1.03861,-0.60026,-0.49383,-1.03857,0.47336,-1.41389,1.39653,1.10885,1.63839,-0.20968,-1.07426,-0.51505,-0.63383,0.20715,-1.23612,-0.4101,-0.19659,0.30009,-0.98662,-1.35909,0.34416,-1.30539,-1.30348,0.57271,0.51611,0.88807,0.28114,-0.03485,-0.77766,0.51417,-0.73543,1.35196,0.4392,2.37229,-0.93886,0.01789,-0.08687,0.48876,1.62656,0.35619,0.80955,0.26698,-1.30411,1
-1.19192,0.64341,1.16193,0.25475,-2.32149,-0.48108,0.23048,1.03141,-0.54602,0.16785,1.66547,1.68311,1.08193,-0.55375,-2.38472,-0.25478,-0.62459,-1.71151,-0.4331,0.84901,-0.16757,0.09011,-0.14882,-0.82846,1.38863,0.26875,-0.46053,0.88892,-0.41736,0.17047,-0.74457,-1.03465,0.00912,1.15303,-0.58436,-1.49827,1.67832,0.37233,-1.13351,-1.64167,-0.60274,0.6134,0.2615,-0.51731,0.2121,-0.50604,1.42551,-2.08426,-0.09087,-1.4497,0.4676,0.22053,-0.4567,0.6597,-1.81485,0.88892,0.56855,-1.60459,0.10325,0.42411,1.85626,0.23964,-0.84558,0.47559,1.1168,-1.93774,0.16049,0.26568,-0.30719,0.09028,-0.83009,-0.47073,0.60025,0.7738,1.57718,-0.90182,-0.26286,1.0666,-0.81589,0.10301,0.47031,-1.96326,-0.64419,0.48435,0.12389,-0.07438,0.02399,-1.39032,0.3551,0.41687,0.65914,1.76747,1.70086,1.5989,1.44117,-2.19369,-1.75249,-0.63747,-2.0311,-0.17388,-0.07695,1.42823,0.20878,0.7778,0.65158,0.12167,0.48131,0.64047,-1.56549,-0.50971,0.67951,-0.411,-0.7888,0.38282,0.27588,1.07905,-0.442,-0.27253,-1.95373,1.03221,0.07212,0.2217,0.71871,-0.87885,0.36045,-0.5183,-1.21243,0.53446,1.1053,-1.17289,0.90353,-1.49182,1.3045,0.75162,0.89269,-0.42344,2.24061,-1.90003,1.0937,0.05233,-2.2401,0.90335,0.66096,1.79395,0.36969,-0.7373,-0.14427,2.36937,1.86736,-0.85189,1.10307,0.90148,0.45596,1.7808,-0.59243,-0.16777,0.88034,0.72474,0.30213,-0.27359,-1.37082,0.57459,-0.21973,-0.19446,2.57951,-1.61631,0.57653,-0.72078,-0.13586,-0.53196,-0.97259,-0.63589,1.57263,2.29579,-1.59137,0.53329,1.46579,-0.57568,0.9381,0.68611,1
-0.67353,-0.52049,0.62162,-0.32134,-1.76194,-0.54285,0.47106,-0.57715,1.45916,-0.14278,1.66414,2.77534,-0.18283,1.13764,3.21376,0.57522,-0.353,1.10753,-1.31547,-0.86324,0.91803,-1.47807,0.43362,-1.15226,-0.10759,1.04127,-1.39228,0.44855,-0.00632,1.46066,0.30666,1.05615,-0.65863,-0.2161,-1.16361,0.75506,-0.14924,0.40531,1.1964,-0.6744,1.73604,-0.01292,-0.0157,0.64952,0.3793,0.1427,0.02813,0.73642,1.18076,-0.32735,-0.71459,1.50737,-0.16071,-0.68944,-1.11964,-0.41814,0.44555,0.92636,0.8517,-0.57359,1.6829,-2.24651,-0.97023,-1.17785,0.60508,-0.54103,0.20767,1.36474,-0.55491,0.98817,0.81336,-1.01154,0.35743,-0.56933,0.45913,0.69092,0.13373,-0.108,0.39158,-0.14984,-0.47648,-0.48408,1.2064,-2.35334,-0.64562,1.45214,1.53881,-0.83095,-0.84512,0.60275,0.49862,0.93213,0.40601,-0.38315,-2.39194,0.18904,0.76915,-0.10897,-0.0382,1.18577,0.23913,-0.21355,-0.36768,0.29406,0.09112,0.2471,1.81804,0.59395,-0.47359,1.14434,-1.10256,-0.00876,1.50596,1.59172,-0.41048,-0.14295,1.13041,0.00016,0.48009,0.75249,-0.52473,-1.13128,0.09812,-0.01988,-0.75054,0.0919,0.35264,0.68953,0.17651,2.16204,0.24325,1.47102,1.36559,-0.03144,0.45599,-0.50149,0.00336,-0.44887,0.21541,-0.39501,1.41482,-1.14139,-0.01057,-0.33571,-0.94083,0.65265,-0.13411,-1.24597,0.8702,0.64466,0.72269,-0.89811,0.54712,-1.29276,-1.32096,0.1722,-0.66452,-0.48171,0.09493,0.54866,-0.06759,-0.90265,0.00475,-0.4724,0.20735,-0.77838,-1.95813,1.94454,-0.37181,0.51636,1.11258,1.03258,-1.56181,-0.84412,-0.85957,2.02893,0.23264,1.8317,-0.26905,-1.2169,1
-0.54196,0.14599,-0.53554,0.59341,1.19576,-1.1572,1.05187,-0.37177,0.87993,0.78531,1.77925,-0.4492,-0.52506,-0.78546,-0.79416,0.07569,-1.96213,-0.82445,-2.13577,1.37821,-0.84949,0.54195,0.38048,1.12606,-0.02071,0.62178,1.0401,0.44107,1.25926,-1.11309,-0.40997,0.13828,-0.7412,0.20766,-1.19576,0.46303,-1.03364,1.06688,-0.454,-0.95187,-0.24632,-0.87811,1.20766,1.03186,-1.36304,1.15826,-0.95843,1.98964,-1.08664,-0.51437,-1.07537,-0.98847,0.22938,0.39243,0.67289,0.04945,-1.63829,-0.27626,2.72964,0.91097,-0.27124,-0.23872,-1.46043,1.58687,1.03247,0.44508,-1.63074,-0.6911,0.92497,-0.17407,0.62566,0.65177,-0.35875,1.39402,-1.44334,1.6467,0.54258,-1.03507,0.45531,0.74757,-2.98169,0.26455,0.99467,-0.57531,0.7016,-1.03862,0.51035,0.3606,0.69381,-0.65665,-0.86078,0.03346,-1.24823,0.0328,1.89093,-0.41018,0.84843,0.1768,1.64492,-0.0403,-1.28913,0.0707,0.993,-0.71545,-0.02205,-0.03452,-0.57499,-0.08938,1.0082,1.25697,-0.22312,0.25968,0.20078,-0.58638,-0.93226,0.03445,-1.0532,-0.16215,-0.08379,-0.71118,2.51811,-0.85676,0.12166,-1.59208,-1.24786,0.84316,0.85054,-0.83979,-0.4103,0.28043,1.47299,-0.48485,0.82203,0.11853,-0.26399,1.68059,-0.87367,1.8645,-0.16158,-0.2126,0.52819,-2.06116,-1.32485,-2.41103,-0.85305,-1.93426,-0.23,-0.72172,-0.66609,1.30553,0.52667,0.18205,1.07902,0.50381,0.41048,0.352,-0.26058,0.60034,-0.13882,-0.68368,-0.00797,1.20845,-0.59914,-0.69041,0.22311,-0.43488,0.31558,0.95822,3.23819,0.03686,2.5998,-1.49203,1.66854,-0.50958,-0.08268,-1.10866,0.3968,-0.51413,-0.33103,2.30773,0
1.12916,0.3759,1.66622,0.26336,0.62977,0.02918,1.85786,1.07484,0.23536,-0.84378,-0.48811,0.09748,-0.96061,-0.9223,0.15437,-0.39688,0.27508,0.40012,0.38606,1.07129,-0.4907,0.0922,-0.20182,1.56857,-1.14406,-2.20416,0.80956,0.08218,0.77161,-1.35207,0.12453,0.28509,0.59381,0.19998,-0.88136,-1.42731,0.03611,-0.58895,-1.7388,1.17146,-0.0157,-1.3387,-1.36216,-0.18032,0.88683,-0.17181,0.65579,1.47159,0.73724,-2.51027,-0.78078,-1.53814,1.30205,0.16223,0.31607,-0.40992,1.58968,-0.18636,-1.15107,0.98763,0.44939,-0.17984,0.36086,-0.31745,0.19293,-1.32146,-0.09273,0.4235,-0.21658,0.29394,0.51407,-0.02403,0.42157,-0.01887,0.58193,-0.19255,-0.54644,-1.3343,-0.3541,1.81107,-0.64026,-0.94151,0.28329,-0.08217,1.3158,0.32947,0.75031,1.71436,-1.3643,-1.11616,-1.98986,1.47284,1.22056,0.43218,0.06096,0.96661,-0.6336,0.71627,-0.59469,0.33572,-0.14616,-1.24694,0.63434,-0.20168,-0.63612,-0.38382,-0.13678,-2.36616,0.03464,0.81988,1.66558,-0.75132,-0.07296,0.09117,2.66388,0.42526,0.28645,1.61542,0.94106,1.09687,0.65661,-0.07056,-0.07162,-0.80518,-0.11761,0.59795,-0.04904,-1.65234,-0.80943,-0.09898,0.0914,-0.24568,0.58876,-0.28283,-1.31404,-0.19641,0.70991,-0.46453,0.72517,-0.1843,0.48157,0.52688,0.40842,1.10354,0.02832,0.43315,-0.2444,0.36169,-0.32601,0.03485,-0.67696,-0.10724,1.45605,-1.29939,-1.79683,-1.51857,0.12847,0.58499,2.44525,-1.00792,0.86548,0.09387,0.11512,0.10415,0.41924,-0.30553,-0.75748,-0.39069,1.64304,0.29839,1.05439,-3.04668,-1.43272,0.41639,1.40992,0.25684,-1.80135,-0.38208,-0.91356,0.22852,1
1.33579,-1.6353,0.74812,-0.12935,1.25353,0.43865,-0.07051,0.03856,-0.03359,0.18675,0.27089,-1.33131,1.36546,0.19742,0.54893,0.28895,0.35795,-0.21326,0.45439,-0.45101,-0.96088,1.10391,-0.08125,1.03817,1.31328,-1.53289,-0.49209,-1.61365,1.26567,-0.17657,-1.18299,0.58828,2.21469,1.84614,1.51986,-0.19893,-2.24878,-0.06195,1.01879,0.52002,0.98912,-0.5459,0.93657,1.15743,0.28076,-0.09857,0.01037,0.51412,-0.04298,-1.35337,0.47957,0.86384,0.28296,-0.83718,-1.529,-0.65502,0.68714,0.74632,-0.59523,-1.53765,0.9952,1.01788,-0.48369,0.10075,-1.43477,0.09125,0.48159,-0.4898,-0.2672,-1.38889,0.77315,-1.4791,0.18459,-0.79444,0.29861,-0.00685,0.0314,0.02852,0.18487,0.05392,0.28342,0.41587,1.62639,-1.40465,-0.65082,-1.9454,0.1924,1.0004,0.60776,-0.93626,-0.54266,-1.18365,-1.31469,0.87697,-0.91656,1.40754,-0.2439,0.25511,1.40744,-0.09144,1.01183,0.55413,-0.47515,0.86755,-0.73914,2.00306,0.39197,-0.77195,-0.71446,0.18176,-0.82814,0.06838,2.09143,-0.51487,0.08267,0.51685,0.33779,-2.04928,-0.17098,-0.92292,1.74169,0.07779,1.09161,0.56957,0.46331,0.8778,0.71018,-0.91464,0.01813,0.40369,0.46809,0.29348,-0.51258,-0.40226,0.7695,1.55688,0.17798,-0.33217,-0.89696,-1.06859,0.9351,0.46686,0.16139,-0.35734,1.89843,1.05124,-0.76437,-1.11667,0.39337,2.83017,-0.6252,0.19802,0.36469,-0.15013,-0.39757,0.92019,-1.54411,-1.63722,-0.07803,-0.17119,-0.09698,0.97448,-1.15804,-0.14326,1.01971,-0.68101,1.75594,0.04402,1.45297,-0.75123,-0.44816,0.71577,-1.99486,0.41217,0.38245,-0.46722,2.40303,0.87764,0.66602,-1.95259,0
-0.0895,0.38794,-0.449,0.73491,0.74373,0.86504,-0.9572,-0.06489,-2.21934,-1.08777,-1.79896,-0.59895,-0.86702,-1.07636,-0.18541,0.61725,-0.99885,0.35668,-1.0028,-1.0053,-1.19566,0.64758,1.42367,-0.59572,1.16908,-0.55424,-0.4821,-1.53681,-1.498,0.10336,-0.54233,1.18119,0.33624,-0.32454,0.04649,0.21355,0.71304,0.6783,0.63561,1.60386,-1.01244,1.09024,0.9985,1.14138,0.01377,0.73909,-0.02763,1.31373,-1.11644,0.01194,-1.03856,-0.55375,-0.39497,-0.01211,1.53486,-0.52594,-0.47328,-0.10731,1.56298,0.09406,-0.43684,0.43543,1.85689,0.48114,1.92016,-0.39599,1.71703,1.26233,0.73632,-0.31201,-1.459,-0.32133,-0.74797,0.79843,-1.56817,0.87405,0.59886,-0.32643,-0.41573,0.49529,-0.70017,0.35192,-1.09861,0.87923,0.63201,-1.0206,-0.1214,1.26945,-0.45789,0.06527,1.46655,0.72834,0.68846,-1.20083,0.32755,-0.13984,1.78943,1.51726,0.38539,0.69822,0.20692,0.95318,0.28111,2.41258,-0.67094,-1.42108,1.07974,0.78229,-0.89871,0.60489,-0.57096,1.87038,0.18799,-2.13595,0.32719,-0.449,0.217,0.83011,-1.35076,0.36053,0.60696,0.14224,0.2907,-1.19886,0.55576,1.44858,-1.13375,-0.79397,0.67333,-1.00621,-0.63711,-0.7689,-0.39961,2.12886,1.5599,0.47934,1.34969,-0.67049,-0.44077,-1.69734,0.48031,0.71376,0.588,-0.53303,1.40606,-1.38313,-0.9877,-0.64647,0.28251,0.06068,0.20481,1.22632,-0.55504,0.16036,-0.42625,-1.31627,0.57523,0.67922,1.64532,0.3919,-0.56169,0.63622,-0.37332,-0.35804,0.07115,1.15215,0.09613,-1.54946,0.18783,-2.29689,0.78494,-0.62805,-0.40833,0.54389,0.37633,1.81605,0.23524,0.62736,0.84377,1.92675,1
0.84258,0.85908,0.23649,-1.02502,1.72336,1.29233,1.44311,-0.68027,2.29177,-1.0724,0.80008,-0.16812,-0.01577,-1.50188,-0.4027,-0.94393,0.88305,-1.12691,0.01136,-0.102,0.90841,2.28133,1.61439,-0.4605,0.1752,-0.8471,1.30873,1.09418,0.95331,0.85979,-0.90678,-0.0252,-0.10701,2.07094,-0.46389,0.4482,0.53995,0.21358,-0.26051,-0.4673,-0.32038,-1.02918,2.49939,0.66169,1.87727,0.16974,1.02736,0.92622,-0.89632,0.07982,0.37918,1.21542,-0.31769,0.09442,1.22434,0.91907,1.68501,0.38201,-1.81989,-0.3465,1.67557,-0.90678,-0.0885,-1.01518,-0.87784,1.259,0.6803,-0.50251,-0.227,0.02303,-1.44661,-1.29024,-0.00676,1.29267,-1.44874,0.17059,-0.60388,-0.91609,-0.81316,-0.19492,-0.33177,1.90888,-0.22439,-1.18235,-1.00611,0.99851,0.77168,-0.4142,1.87374,0.25401,-0.70382,-0.50784,-1.31976,2.5172,0.09318,-0.39428,-0.76888,-0.17541,1.46745,0.51083,-1.92646,0.58045,1.84095,0.40597,0.42877,-1.39159,0.1679,0.45974,-0.06152,-0.85954,0.61936,1.96155,0.52276,0.03001,0.16719,1.24852,-0.0004,0.96868,-0.79785,-1.01813,0.76308,0.5062,-0.30199,-0.00368,-0.29448,-0.69519,-1.35862,0.2991,-1.26154,0.05181,0.68749,0.47406,-0.31167,-1.15787,-0.42877,-0.16366,-1.37217,-0.80866,0.37524,-0.29348,-1.58159,0.21223,-0.91998,-0.47447,0.26896,-0.66364,-0.55609,0.35539,-0.81465,0.12093,0.78432,1.17812,1.56541,0.7422,-0.34968,1.1924,-1.53385,-0.30986,0.95299,0.48384,-0.62247,-1.37931,1.83015,1.10509,-0.95612,-0.8475,0.61373,2.17464,0.26666,0.61979,1.28321,-0.3609,2.11095,0.28198,-0.73852,2.08622,-1.05983,0.75256,1.08467,-1.68485,0
0.63851,0.43157,-0.57703,2.0917,0.09896,-2.12444,0.64795,-0.37283,0.01111,0.19265,-0.579,1.26255,2.02602,-0.98892,0.85496,-1.61912,-0.09816,0.6609,-1.4375,-0.64184,-0.98166,0.06313,-1.45866,-1.73318,0.45333,-0.30454,0.68317,-0.60158,0.10183,-0.6625,-0.4571,1.07973,1.18221,0.36782,-0.09421,0.27124,1.40345,-0.62523,-0.08166,-0.8268,0.80512,1.28348,1.51703,-0.49905,1.98577,0.21493,-0.65915,-0.59913,0.88361,-0.75156,-0.66933,2.02708,-2.94235,0.29941,-0.95865,0.35354,-0.81839,-0.57634,-0.17371,-0.81767,1.05216,0.2149,0.88951,-0.56854,-1.84424,1.24046,-0.63723,-0.07266,-0.74968,-0.43581,-1.93811,-1.46304,-0.85548,0.49914,-0.17863,0.01172,0.13903,1.2106,1.15816,-0.4738,0.61124,0.90646,0.33253,-0.68199,-1.23918,-0.22847,0.15927,-0.48091,-0.82857,-1.70493,0.26677,-1.01865,0.17687,-0.8776,0.89597,-1.54997,-0.82299,0.5187,-0.46625,1.6056,2.1483,-0.4095,-0.68787,-0.91657,1.58148,-0.68622,0.58634,-0.19195,0.44835,-0.58364,-0.4464,0.00164,1.18369,-1.50328,-0.13378,-1.13727,-0.12578,0.18104,1.27141,0.78546,-0.73172,-0.44959,-0.06221,-1.34367,0.84189,-0.23897,-0.85415,-0.14865,0.02352,-0.45897,-1.42884,0.6605,-0.45296,1.5102,-0.84135,0.26415,-0.66391,1.45454,0.48648,-2.78792,1.78343,0.66837,-0.40551,-0.17697,-0.77893,-0.28552,1.05612,-0.27449,-0.21805,1.39643,1.54326,-0.01555,0.87087,1.00375,0.55835,-1.00261,-0.22304,0.11901,0.63287,0.48909,-1.17732,-0.50823,-0.01234,0.86165,0.34046,-0.43208,0.56916,-0.65668,0.82118,-0.60918,-0.55532,-1.90221,0.48308,-0.83313,-0.60451,0.84131,0.64619,0.28246,0.37476,-0.63344,0
0.09822,0.16652,2.28811,-0.43355,0.70665,0.47877,0.31134,-1.48587,2.47297,1.04692,0.66754,0.84257,-0.893,0.17568,-1.65265,-0.74442,-0.40818,-0.36554,-1.6479,-0.63268,-1.69573,-0.36348,-0.89233,1.89127,0.50269,0.48826,0.6631,0.50598,-0.2271,-0.7746,0.00162,-1.02502,-0.11622,0.00203,-0.75382,0.57,0.50411,-1.69978,0.14462,-0.09476,-0.11587,0.27532,-2.04647,-2.0108,1.34758,-0.35661,-1.01658,-0.13448,2.03636,2.10025,0.13957,1.01918,0.98394,-1.33698,-1.73396,0.79019,0.71565,0.37031,-1.74759,0.08972,0.60695,-1.68746,-1.5634,0.01175,0.09803,0.37692,-1.68618,-1.64333,-0.72219,0.41634,-0.45009,2.03771,-0.24892,1.69887,1.10108,1.78173,-0.31065,-0.0444,-1.02765,0.41763,-0.85299,-0.43942,-1.15029,-1.22164,-0.59128,0.7994,2.22311,-1.29555,0.05525,1.21029,0.17407,-0.66135,0.56681,0.47408,0.27371,-0.35909,-1.2157,1.20008,0.45284,1.74485,0.86665,-0.02802,1.14082,0.11302,0.02186,-1.21067,1.89608,-0.89866,-1.11406,-1.24905,-0.29518,-1.47714,1.38365,-0.31728,1.35843,1.55678,-1.72515,1.14499,1.05665,-0.03165,-0.25603,0.43775,-0.04915,2.43537,0.76799,1.54205,0.2019,-0.46201,-0.78703,-0.85486,0.02288,-0.22529,1.19649,0.5161,1.21346,0.01475,-0.68635,-0.24862,0.82208,-1.60404,-0.26164,0.48335,1.26057,-0.29631,0.43732,-0.84367,0.14576,-0.8413,0.69259,-0.59431,-0.67651,-0.56444,0.08549,-0.32583,0.43095,0.62187,2.11605,0.2299,1.55007,0.43622,-0.40384,-1.08187,1.48667,-0.23606,1.71636,1.14358,0.11113,1.10596,-1.42987,1.67446,-0.62412,-3.18596,-0.9157,-1.44042,1.6059,0.96219,0.46085,-0.90446,0.47575,1.93633,1
-0.89744,0.09126,-1.01106,0.29989,-0.2993,-1.19848,-0.29164,0.38624,-0.87918,-0.28998,0.62838,-1.43221,1.07015,0.87046,-0.50393,-1.13481,-2.02553,0.7477,-0.3512,0.32479,-1.87888,0.60042,0.13262,0.24783,2.43902,0.88892,0.80336,-1.21876,-1.05374,-0.49109,0.30672,-0.53911,-1.42361,0.13067,-0.8971,-0.91984,1.49711,0.46328,1.53497,-0.20784,0.88683,0.18724,2.15751,-0.00437,0.25499,0.5087,-0.27639,1.05875,1.09889,0.50447,0.04389,0.04186,-0.00163,0.52077,2.01092,0.40896,0.16497,-0.75885,2.44161,1.24574,-0.25365,0.1507,0.4785,-1.55565,-0.55499,-0.47922,-0.53767,-1.1118,-0.13447,-0.0436,0.80664,-0.11954,-1.05544,-1.54951,-0.37626,-0.11738,-0.31651,-1.01894,-2.20483,-0.95896,0.32226,1.622,0.84014,-0.249,-0.39098,0.6212,-0.79684,-0.01073,-1.19474,0.08928,0.56169,0.18902,-0.51581,-0.06776,0.09115,0.39148,0.66259,0.36541,1.37046,-1.14339,0.97798,0.95007,0.83372,0.99768,1.74449,-1.05536,-0.2306,0.98415,0.45697,1.46853,0.4008,0.52348,-0.1096,1.46025,0.55403,-1.75348,-0.79627,-1.00333,-0.96224,-0.89585,0.23785,0.38849,-0.67025,-0.26931,1.57888,1.23918,-0.19253,-0.94723,0.23119,0.18586,1.187,1.26127,-1.49396,-0.27044,-1.09644,0.93068,1.76747,1.58658,1.36902,1.24291,-0.17162,-0.85917,1.07122,0.75617,1.52956,-0.77332,-1.8168,0.81996,1.07486,2.00752,0.86528,0.83389,-0.21656,-1.96104,-1.20725,-0.05901,-2.33938,1.09083,0.00392,-0.96271,0.94306,1.74243,0.08328,0.91312,-2.16844,1.96271,-1.09686,0.81334,-0.58133,-0.1238,2.4173,-1.08849,0.62213,-0.8476,-0.97764,-0.93324,1.14301,0.42617,1.12971,1.5856,1
-0.61165,-0.4438,-0.99687,0.30447,0.4697,1.06398,-2.44726,0.88805,0.11552,1.93129,0.75578,0.25505,0.90004,-0.57722,0.35506,0.57103,0.54466,-0.71721,-0.11767,-0.33438,0.13694,-1.92147,-1.10104,0.15619,0.62441,-1.35229,-1.77679,0.07172,0.22602,0.8423,0.5683,1.02333,-0.34921,0.691,-1.62635,-0.97722,1.48742,-1.63376,0.91119,0.72473,0.05947,1.71518,-1.82321,0.32868,-0.34556,-0.00287,0.45921,-0.97971,0.33458,0.52798,0.30653,0.88431,0.94011,0.28913,0.28865,0.30998,0.17626,-0.67375,1.4519,-0.34906,1.50973,0.08358,-1.7197,-1.98003,0.14313,0.3304,-0.15841,0.64825,0.49905,0.26901,0.41416,-1.06379,0.51146,-0.11098,0.67406,0.37778,0.91283,-0.07739,-0.93839,-2.14601,1.21987,0.90375,0.99975,-0.86899,1.57036,0.22613,-0.86388,1.26659,1.12936,1.40682,0.4742,0.91973,1.06981,0.31445,0.00785,-0.73882,0.9456,2.53103,-0.03272,0.43017,1.41502,1.96533,0.36543,1.49855,0.95548,-0.97791,0.37107,0.28542,-0.00629,-1.22777,0.80115,0.98255,-2.00283,-0.3758,-0.38659,0.1418,-1.5308,0.26349,0.33655,-0.22954,0.90087,0.19842,-1.50905,-0.01563,-0.19597,1.00329,-0.58353,-1.23818,1.1738,-0.40603,1.34026,-0.56225,-0.76215,1.05567,-0.37154,-0.22837,-1.38518,0.15606,-0.93675,-0.21037,-0.38195,0.61196,0.30516,-1.52948,1.25207,0.90019,-0.27033,0.24616,-0.0187,-0.0263,0.35868,-0.55973,1.10997,0.94262,0.35658,0.89263,0.72348,-0.21484,2.10178,0.43216,-0.33042,2.69649,-0.40022,0.69424,-0.0382,-0.88679,-0.03283,-0.80626,-0.69594,-0.34392,1.01695,0.26117,1.85406,1.22994,-0.40968,1.76765,1.53172,1.15046,0.95,-0.54775,0
0.97101,-0.72448,0.12454,1.07828,0.17187,-1.07818,0.20934,0.11249,1.80513,1.82036,-0.46741,0.37677,-1.51562,-0.51013,0.00685,0.01317,1.19599,1.73992,-0.44884,0.6715,-1.0314,-1.03153,0.50183,1.61222,-0.31419,1.39308,1.32162,-0.45678,1.30102,0.43436,-0.35142,0.62887,-0.22699,-0.06769,-1.95689,-0.28574,-1.12377,-0.05126,0.07723,-0.6244,-2.10666,0.51802,1.55595,0.33076,0.3106,-0.52885,2.02139,-0.63678,-0.05984,0.36125,1.26425,-0.90173,0.18379,-0.00021,1.22733,-2.11088,-0.47,0.40272,0.3835,1.43723,-0.24054,-0.40048,0.08342,0.06039,-0.38266,1.20728,0.09479,-0.13088,1.20361,0.57137,-0.27777,0.18983,1.11009,0.78258,1.72164,-0.78141,0.19463,0.53626,3.04342,0.17813,0.40476,-1.21074,-1.00756,-1.14435,-0.79509,-0.77325,1.51033,0.07756,0.56581,-1.57485,-0.77116,-0.01263,-0.33259,0.55345,-0.18967,-1.0552,-0.0287,-0.72303,-0.04538,0.40703,-0.37268,-0.09784,-1.82415,0.11893,1.28518,-1.13606,-1.5298,1.10416,-0.35658,1.73605,2.07994,-1.74021,1.07094,-1.83052,-0.24235,1.90937,1.1615,1.05444,-1.91452,-1.30277,0.56129,0.68839,-1.39915,-0.00096,-0.58773,1.5148,0.44384,1.58156,0.26175,0.73509,2.84905,-0.67686,-0.51018,0.00639,-1.23842,0.11003,-0.52615,0.36272,-1.14006,0.16493,0.11275,0.17598,0.63388,0.62173,0.6236,0.163,1.11048,0.17012,-0.0182,0.10747,0.29744,0.91977,-0.61799,0.7812,-2.39169,-0.27242,-0.35431,-0.37992,1.04546,-0.37132,-0.78521,-1.38003,-1.01799,-0.60294,1.08457,-0.77416,-0.55878,0.2615,0.10512,1.73234,-2.13121,2.3058,-2.04,-0.54148,-1.57083,-1.34676,0.96589,0.48391,0.73123,-0.73543,1
1.72289,0.08937,-0.54673,-0.17675,0.25182,0.1068,1.21068,0.3469,-0.30514,-0.91048,0.72746,-0.9324,0.41001,0.42712,0.84503,-0.2741,0.10824,-0.7356,-1.34572,-1.182,-0.08945,-0.3614,0.02972,-2.00465,0.16644,-0.2878,1.14944,-1.07942,-1.61966,0.63429,-0.34734,0.85886,1.68646,0.45172,-1.17655,-1.54702,0.25459,0.72876,1.71964,-1.07461,1.7059,-0.8626,0.70029,0.36103,0.26279,1.00102,0.73809,0.39814,1.6727,-0.58474,-0.53153,0.42158,-0.19027,-0.14029,-0.91741,-0.28811,-0.07176,2.15356,0.27705,-0.91555,0.90673,0.35872,0.79813,-0.79074,-0.22429,-0.76574,-1.08492,0.65032,-0.45168,0.65718,0.36301,-0.04421,-0.15999,2.05333,-0.57515,0.74867,1.6772,0.98326,0.44316,2.32855,-1.46103,-0.25483,-0.60164,0.88778,1.8027,0.63648,-0.41511,-0.90665,0.2177,0.70779,0.58484,1.37077,0.57573,-0.38158,-0.27465,-1.03741,-0.78229,0.89655,-0.42393,-0.39597,0.25815,-0.43811,0.55012,1.50393,-0.24714,0.2758,0.05935,-0.15574,1.97534,-0.00597,0.21994,-0.80954,-0.47246,-0.2766,-0.20861,-0.0477,0.51329,-1.05859,0.03943,0.21393,0.40006,-1.96414,1.8276,-0.37768,0.30208,-0.00313,1.2126,-0.54268,-2.34278,0.53483,0.95853,-0.43708,-1.10084,0.07558,-1.62382,-0.06114,-0.12353,2.33349,-0.57382,0.00599,0.47389,-0.98539,0.13604,-0.30264,0.39201,0.88407,-0.11726,-0.14934,-0.42184,-0.54589,-0.27148,-0.60778,0.98811,-1.14381,-0.43636,0.96701,-0.49307,1.85622,1.41292,-0.85902,-1.90818,-0.60985,-0.10763,-1.26038,1.64181,1.14454,-1.0738,-0.09033,1.073,0.56611,0.60531,2.38229,0.28259,-0.497,1.11939,1.52357,-1.08848,1.26491,-0.15609,-1.41154,1
0.32388,-0.36605,-2.12105,-0.79004,-0.25095,-1.01791,0.53035,1.90272,-0.83243,0.51206,-0.0952,0.35816,-0.3431,-0.13275,-0.00264,-2.05054,-2.01087,1.58679,-1.2282,-0.03312,0.44687,0.07924,0.41054,0.81068,-1.47989,1.23977,1.03175,-0.23567,-1.28506,1.93599,0.18905,0.11353,1.13502,0.41697,0.01495,0.64427,-2.37093,1.17589,-0.32877,-0.19736,1.24596,-0.51546,-0.80454,0.63726,1.52173,0.27718,-1.90613,-0.11724,0.33315,0.72547,2.49828,-0.87979,-0.52082,-1.65375,-1.26968,-0.84326,0.9733,0.0782,-0.36409,1.1014,0.09668,-0.27676,0.41606,0.21889,-0.80351,-1.03061,1.49227,-1.30355,-1.76008,0.30226,-1.45964,0.23839,1.12963,-0.58496,-0.15785,-0.21205,-2.26599,-0.41408,-1.56371,1.0332,1.14759,-1.27458,0.25748,-0.47027,0.27578,-0.53984,-0.48951,-1.03598,0.14854,-0.52475,-1.56138,-0.59313,0.56291,-0.60168,1.28391,1.31179,0.28803,0.3788,-1.1343,-0.37952,0.43555,-1.62442,-0.76017,-1.74362,-0.07878,0.65592,-1.15179,-0.39589,0.48839,1.8946,-0.22538,-0.10758,-1.41571,0.27252,1.13355,-0.33229,1.04214,0.21464,-0.21044,-1.0671,-0.08592,0.4926,-0.79829,-1.55646,1.02203,-0.78139,0.48252,-1.21058,0.95841,1.11672,0.65898,0.87426,-0.01624,-0.42437,0.05613,-1.06534,-0.56358,0.02466,0.68487,-0.07368,1.27745,1.66478,1.29699,0.56943,0.86623,-1.26468,0.85306,0.18613,-0.22916,-1.48721,1.46039,1.75383,0.30711,1.91588,0.41948,0.42067,0.35399,-0.26789,1.54745,-0.90103,0.53681,-0.13078,-1.50792,0.86491,-0.04661,0.36919,1.21928,1.58335,-2.0945,-0.43336,-1.59465,-0.44444,0.56969,-1.15953,0.12542,0.27106,0.64571,1.37259,-0.57942,-0.14431,1
0.4454,-0.29875,-0.23652,-1.04881,-1.40172,1.67317,-0.76597,-1.10921,1.36428,-0.59199,-0.4513,1.94638,0.27939,-0.82092,-0.79017,3.08739,0.35856,-0.54037,0.40045,1.01853,0.66305,0.68973,0.55861,0.17588,-0.19763,0.34451,1.21117,0.76048,1.77327,0.73808,-1.13921,-0.05176,-0.3309,-0.81263,-0.70133,-0.06823,-1.52213,0.80938,1.15469,0.67283,-1.04503,-0.25136,-1.68031,0.73945,-0.394,1.3981,1.43305,0.36159,1.5918,0.98433,0.73641,0.90114,-0.08646,-1.42506,0.81875,0.79668,1.63864,1.14236,1.64335,-0.19213,1.49143,1.00424,-0.56868,0.27237,-0.26669,2.49662,0.06953,0.09161,0.30462,0.21365,-1.35728,-0.06112,-0.2574,-0.04518,-0.30069,-2.19054,-0.06909,0.2073,1.0692,1.37746,-0.57618,-0.47217,0.23691,-0.3112,0.21186,0.56951,-0.88712,0.6424,-0.62228,0.03436,-1.61637,-0.44055,-0.67369,-0.85405,-0.06805,0.57469,1.00028,-1.36997,0.19008,0.83664,-0.52016,-0.69258,2.75908,1.91788,-0.16761,1.07069,1.0922,-1.1533,0.51005,-0.45677,-0.03404,1.63637,-0.61967,0.1688,0.1439,0.56171,-0.97819,0.15701,-0.31332,-0.28115,0.95676,-0.62117,-1.54097,-0.50105,0.20697,0.69864,0.93614,-0.89145,0.8213,0.0542,-0.65321,0.02058,0.10141,-1.21297,0.90566,-0.77359,1.6037,0.765,0.86853,1.79575,-0.54653,0.44316,-0.76513,-0.99427,0.50883,-1.77552,0.60242,0.76226,-0.66252,-0.52416,-0.1898,0.0741,0.94537,-0.01148,0.54597,-0.33306,-0.53046,0.19717,1.07677,0.07064,-1.31194,0.14516,0.23695,-0.37258,0.96707,0.03168,-1.18712,-1.67205,-0.2796,-1.09988,-1.15239,1.0984,-1.34414,0.75561,1.12922,0.50491,0.1593,-0.51363,-2.15643,-0.16248,1
0.84236,-1.24515,0.91787,-0.35878,0.12098,1.60412,0.0628,-0.33654,-0.14315,-0.51506,-1.07945,-0.30469,0.43087,-1.61138,-0.18206,0.90446,-1.29625,-1.11195,0.29225,1.04271,-0.97364,-1.84298,-0.20357,-0.34216,-0.16963,-0.42367,-0.23675,-0.44869,1.82198,-0.86943,0.16037,-0.44349,-2.08391,0.91346,0.35907,-0.35802,0.62038,1.69708,0.23867,-0.72113,0.20368,0.72792,0.53514,-0.0011,0.25952,-0.63023,0.96164,0.81326,-0.1055,-0.3152,0.72466,-0.19944,-0.16489,-0.39216,0.15669,-0.01059,-1.03996,-0.49273,-0.72082,-0.80779,-1.38722,-0.14208,0.19571,0.1139,-0.6712,1.81183,0.35409,-0.68244,-1.09608,-0.51003,0.56118,2.00937,-0.37545,2.16015,-1.81573,-0.566,0.39094,0.53637,0.71137,0.59799,-1.16896,-1.19543,-1.80487,-0.86402,-0.64197,-0.95888,0.52987,0.38144,1.91393,1.0623,1.04725,-0.27517,-0.19818,-2.3895,1.39201,0.09409,0.34535,-0.48761,-1.14707,-0.6513,0.26942,-0.99699,-1.06777,-0.19417,1.40129,1.22685,-0.70818,-0.89644,-1.53707,-0.80802,0.82197,0.17647,-0.00439,-0.91764,0.06501,-0.38254,-0.82782,2.45186,-1.20586,-1.44716,-0.96624,0.6295,-1.67248,0.05566,-0.37072,-1.21426,-0.88402,-1.54153,-0.4187,-0.98569,-0.45365,0.38637,-0.18026,0.89935,0.22459,0.55918,0.31539,0.22139,-0.04687,0.98945,0.60247,2.07738,0.51783,-0.63701,0.12429,1.10259,1.48091,0.38243,0.17585,0.11248,-1.00461,0.68175,0.39664,0.77129,0.25,-1.06896,-1.80038,1.63718,2.03817,1.63884,-0.28065,0.82277,0.25703,1.14051,-0.32545,1.2436,-0.17404,-0.46653,-0.46629,-1.02958,-0.26846,2.00367,-0.3279,-1.40256,-0.31019,-0.92649,-0.70465,0.67828,-0.12034,-0.20255,1
0.73407,-1.40131,0.34616,-0.18168,0.22224,-1.92303,1.04461,-0.43036,-0.7129,1.7924,0.28033,-0.11462,-1.36441,-0.08132,-0.60302,0.20642,0.05286,-0.36784,0.30263,2.10808,0.64461,0.77758,-1.23692,-0.42017,-0.62404,1.62576,-0.62457,-1.05304,0.32321,-0.29111,1.5277,-0.69789,-0.47478,-1.67001,0.87833,-0.659,-2.41839,1.50373,-1.07297,-1.56094,-0.10966,0.94079,-0.69708,0.10731,0.74786,-0.5301,-1.20368,0.20719,1.23356,0.70824,0.59997,-0.95303,-0.79594,0.59914,1.06211,-0.7117,0.72479,0.31996,-0.72932,0.65352,0.53774,-0.63963,-0.14144,1.01984,-0.20099,0.38521,-1.19987,-0.00662,-2.15131,0.25523,1.39559,-0.8239,1.19946,-0.65981,0.08553,1.09127,0.76115,1.50336,0.70295,0.32589,1.52044,1.04745,-0.77774,-1.81078,0.03474,0.1071,-0.42147,-1.07797,-0.60313,-0.10711,-1.10184,-0.77435,-0.98673,1.72038,-0.94116,-0.5937,2.07803,-0.13543,-0.59566,1.66695,-0.15372,2.32011,0.53689,-1.00262,0.35839,2.09068,0.59492,-0.43642,-0.69581,0.23134,-0.74375,-2.22908,2.54587,-0.20549,-0.02229,2.39182,1.0328,0.99019,-0.01359,-0.57679,0.10068,1.10177,0.28149,-0.48022,-1.27132,1.22055,2.44621,0.55418,-0.39414,-0.19379,1.33981,-0.51015,1.17021,2.17691,-0.59111,-0.47583,-1.00204,0.86336,0.86059,-2.20876,0.1933,1.89402,-0.49784,0.2435,-0.20274,0.88382,-0.46162,0.23361,1.30915,0.46892,0.91583,0.44838,-0.56731,0.08444,-0.18242,-0.48795,-1.05773,-0.24382,-0.65776,1.24839,0.10368,-1.31967,2.73023,-0.00138,-1.70597,1.02387,-0.31713,1.10975,0.15968,0.28323,1.53857,0.86774,-0.6489,-2.09227,1.14723,1.76436,-0.43338,-0.26604,-0.47555,-0.8698,1
0.98892,-2.25616,-0.1259,0.73984,1.55344,0.68627,0.61126,0.37319,0.47252,0.84826,0.41142,-0.44902,-0.73312,-0.11879,-0.59144,0.49016,-0.25971,0.70983,-0.20449,1.07962,0.44373,1.21105,0.74465,0.26259,0.62225,-0.10965,0.17379,-1.08851,0.22088,0.44969,2.10103,0.98364,0.44746,1.66448,1.1877,0.00035,-0.75922,1.40314,-0.18971,-0.04655,-0.45999,0.47464,-0.26971,-0.72888,1.40352,-0.23838,0.84936,-0.83159,0.25528,-0.19266,0.82981,0.27308,0.20354,-1.44213,0.75812,1.60352,0.28812,0.65262,-1.71868,-0.5448,-1.39018,-0.90712,0.38433,-1.16102,-2.55158,0.09745,1.5699,-0.04105,-1.74306,0.34455,-2.80082,-0.5421,-1.04134,0.40856,-1.32719,-1.01707,0.22433,-0.2793,-0.14981,-1.84985,0.98271,1.21096,0.77332,0.07628,-0.01762,-0.30383,0.54921,0.4804,-1.72139,-1.04045,0.56578,1.36651,0.16982,0.62224,0.71453,0.59036,0.99193,-0.51104,-1.45463,1.83925,-0.74857,-0.13251,0.439,-0.84598,-0.6053,-0.29511,0.81035,-0.78224,2.0898,1.33164,0.23476,1.26561,0.03881,0.92158,0.92821,-0.03871,-0.34689,0.09147,1.4939,-0.38086,1.20389,-2.07277,-0.28175,0.57338,1.53072,0.84768,-1.74871,0.10859,0.94588,-0.671,1.40908,-0.39329,-1.60492,0.20704,0.41241,-0.89272,0.7066,0.18135,-0.93686,0.76087,-0.79793,0.44467,0.36296,-1.36951,-0.76308,-0.22772,-0.50203,-0.6109,1.54298,0.08767,-1.38054,0.10616,-0.19137,0.10448,-1.14177,0.81009,0.92056,0.98651,-0.58748,-0.15093,-1.78024,-0.63979,0.36896,1.22415,-2.34262,-0.57113,0.90908,0.4321,1.79615,-0.11082,-0.63098,-0.47972,-0.58698,0.37027,-0.20656,1.68834,-1.04211,0.05704,-1.142,-0.3476,1
-0.82986,-0.10687,-0.632,-1.9916,-0.69343,-0.61127,0.71942,-0.56837,0.40051,-1.21837,1.60377,-0.55865,-1.44725,-1.24817,0.54359,0.94335,-0.16329,1.06828,0.77402,0.02491,-1.24854,-0.04636,0.91024,-0.55219,-0.46224,0.05951,0.46616,-0.12074,-0.05103,0.2059,0.27498,0.97431,-1.45381,-1.89306,-0.2348,1.64866,0.18579,-0.43699,-0.34948,-2.76124,-0.67696,-0.64057,0.24057,-0.87039,-0.71989,0.83871,-0.11452,0.77121,1.28418,-0.10544,0.26249,1.75471,-0.09224,1.48865,-0.5346,-0.41528,1.33589,-0.62978,0.31315,0.24774,-0.05659,0.43849,1.2474,-0.80967,-1.27807,-0.71792,0.09534,-0.08305,1.21901,-1.69534,0.07487,0.35605,0.21264,-0.29043,-0.4137,-0.86372,1.40497,-1.27552,-0.4293,-1.62166,0.4296,-0.43148,0.32997,0.87402,0.83139,0.50828,-0.24324,-0.24715,0.29822,0.94476,0.12286,-0.36148,0.28105,0.92494,-0.53781,0.17542,-0.3978,-0.49226,-0.69643,-0.56372,-0.22771,-0.97806,-1.09399,0.69821,0.27847,0.60749,-1.19965,-0.61477,-0.5783,1.20882,1.17479,-1.14511,0.61903,0.15234,0.72684,-1.0972,0.25839,1.30123,0.61078,-2.00907,-0.49059,-0.69071,-1.55156,-0.64845,-0.71036,-0.11873,-0.12299,-1.45269,2.40144,-2.13053,-3.19613,0.87365,0.66659,-1.05589,-0.90761,0.00206,-0.28987,-1.53455,1.56939,2.07301,0.05384,3.04633,0.33504,-0.59606,0.35743,0.40139,1.03825,-0.19031,-0.8575,-0.23096,0.09311,1.66651,1.17318,-1.22537,0.28937,-1.06259,0.07836,-0.90907,-0.31273,-0.18422,0.07821,1.00788,-1.34972,-0.1373,-0.89288,0.27898,-0.43225,-0.24156,0.7002,-0.7475,1.49557,-0.14373,1.07636,1.55244,-0.98361,0.91153,0.17635,-1.40431,1.27435,-1.69334,1
1.14753,-0.09219,2.32087,-0.52362,0.12355,-0.7527,-0.54862,-0.30054,-0.8037,-0.23558,-0.04557,-0.25564,-1.74852,-0.30808,-0.38019,0.14611,0.13518,0.68442,0.1756,-0.08757,-0.76643,-0.16472,-0.3579,1.68684,0.72166,-0.27801,-0.34564,-1.04615,-0.04612,0.26625,0.71416,-0.23368,0.48019,1.84687,-1.67661,2.09484,0.3878,0.16956,0.76375,-1.26159,1.0148,-0.64836,1.8631,-0.27338,0.7319,-0.7545,0.06464,-0.51645,-0.73953,-1.14316,-0.27467,-0.11203,-0.76416,-2.39997,1.80046,0.8092,0.14466,-0.97252,1.10427,-0.83715,-0.89563,1.11933,0.40835,-0.21205,-1.05992,-1.32414,-0.63772,0.64053,-0.12685,2.41696,-1.25444,0.80845,1.46324,1.47012,0.82061,-0.42806,-0.01104,1.39188,1.80917,0.24238,-0.81436,-1.66345,0.30429,-0.00352,1.05029,-1.16405,0.4421,-0.43984,0.66996,-2.14938,0.8176,0.13086,1.18716,-0.08734,-0.21246,-1.50633,0.09588,0.82194,0.17552,-0.53251,-1.79941,0.39292,0.41141,0.7744,-0.82801,0.44246,-1.07156,-1.4332,-1.14418,-0.70274,0.92138,-2.34417,0.4465,-0.79401,-1.78604,-1.09123,-0.06389,1.63415,1.19276,0.00574,-1.87739,0.3849,0.74679,0.50619,-0.79174,-0.00742,-0.17606,-0.72148,-0.22293,0.5057,-0.58707,-0.93429,0.31068,0.45417,0.72254,-0.64222,0.27213,0.8511,0.95568,0.49567,-0.19913,0.63722,0.40593,-0.8576,-0.3183,0.05525,0.62113,0.16576,-1.74902,-0.76708,0.4194,0.00435,0.53241,-1.26681,-0.47132,0.42003,0.83898,-0.16732,0.84877,-0.98577,-0.17124,-0.3037,0.14452,-0.0857,0.2056,3.54935,-0.06884,-0.72451,0.86023,-1.04032,1.22241,-0.04925,-0.67907,0.93728,-0.16517,0.82618,-0.75746,-2.26626,-1.03631,1.72075,1
-0.97574,0.12247,0.57128,-0.48048,0.43119,0.97822,0.93795,-1.00758,-1.50462,0.50803,0.29631,1.26995,0.88172,-0.74564,0.12632,-0.99372,-0.89749,-0.56117,1.02668,-0.62899,-0.90726,-0.79872,0.33995,0.02847,-1.80895,0.26236,-0.46046,-0.06758,0.49029,-0.19235,0.61317,-1.12945,2.01011,-0.15745,1.2959,0.2658,-0.00509,-0.61555,-1.02142,0.20045,0.22555,-0.06283,0.12066,0.46908,-0.23715,0.61291,-0.38232,1.57225,-1.25675,0.97905,1.03569,0.75863,-0.06805,-0.95882,1.05031,1.95013,-0.50516,0.8772,-0.90478,1.18856,0.50162,1.59654,1.08652,-0.66763,-0.5496,-0.69811,0.74505,-0.33955,0.01857,0.41746,0.17164,-1.08059,1.98835,1.0067,-2.05511,-1.11327,0.49752,-0.96832,1.19998,0.69704,-0.13012,-0.78327,0.61486,1.34021,-0.11656,0.13708,-1.30127,-0.94753,1.17984,0.44677,0.56422,-1.17853,-1.15095,0.18809,-2.38293,-0.34056,1.30957,-1.39722,1.79391,-2.93255,0.74354,0.98067,-1.00184,0.75442,-0.01451,-0.07534,-1.5109,-0.41587,0.08155,2.57916,0.47248,0.7761,-0.96075,0.90641,0.77826,-0.19171,0.25251,-1.01285,0.49066,0.4115,-1.63872,-0.81216,0.45567,0.74025,-1.52795,-1.36615,2.39977,0.83244,-0.18379,-0.60049,-0.48798,1.06435,-0.20922,0.03775,-0.76795,0.47696,-0.21916,1.24475,-1.1255,-1.96202,-0.45278,-0.57316,-0.72939,1.58317,1.49151,-0.86612,0.98341,0.75532,0.5181,0.36247,0.40308,-0.40225,-1.69308,0.59502,-0.97712,0.43878,0.66238,-0.74488,-0.35357,1.08519,-0.6408,2.72925,0.41999,-0.54482,0.17834,0.35757,0.27552,-0.05056,0.10386,-0.15339,-0.20674,0.33812,0.61883,-1.30685,-0.72069,0.98786,0.76395,-2.05769,1.04809,-0.2184,0
-1.54164,0.61324,-0.27944,0.69367,0.42151,-0.83434,-0.73243,1.81724,0.59096,0.2992,0.18529,-0.5586,-0.53249,-1.45139,0.0645,-1.06005,-0.30671,0.95522,-0.61663,-1.0142,0.10827,1.99194,0.28142,0.27069,0.71445,-0.20479,-0.36132,0.78984,-1.29695,-0.17212,-0.42191,-0.08886,1.19132,-0.40078,-0.57199,1.27681,1.95409,-1.89028,-0.58845,-1.35142,0.09933,0.92859,-0.51969,0.00296,-1.71327,-0.21411,0.10522,0.76289,-1.59659,-0.57465,-0.47617,0.21641,1.10336,-2.31599,0.80326,0.9025,-0.01651,-0.71007,-1.04392,-1.07053,-1.31204,-0.59973,0.19112,2.1376,0.9969,1.78365,0.49561,-1.69893,-0.692,0.18445,-0.01251,-0.51429,0.19216,-0.21486,1.12166,-0.56131,-0.14746,-0.74204,-1.10607,0.68435,-1.92764,-0.21583,-1.04329,0.02712,0.27264,0.08467,0.21011,0.81405,-2.07664,0.37395,-1.88498,2.87787,-0.81842,-0.04359,0.60593,-0.11636,0.40022,0.60429,1.69362,0.17956,-0.05194,-2.6929,-0.10776,0.10229,0.92207,-0.01388,0.58104,1.58416,1.97941,1.3456,0.74378,-0.46098,0.37989,-0.32789,0.57497,-1.32546,0.30059,1.21769,-0.21896,1.27708,1.52911,-1.61956,-0.70566,0.4371,-0.95332,-0.55121,0.05164,0.04305,0.56367,-0.11988,-1.42229,1.18174,-0.24377,1.72988,1.63175,0.3136,1.56228,0.60116,-0.26943,-1.16212,0.47563,-0.04397,-1.79857,1.41499,1.33402,-0.73153,-0.66444,-0.19835,0.05946,-2.15164,-0.28495,0.31159,0.05195,-1.37358,-1.13381,1.68951,-0.89034,-1.159,-2.49749,0.6345,2.01253,-0.91716,-0.24058,1.8512,-0.65293,2.7983,1.20137,-1.66864,-0.92277,0.07817,-1.54498,0.57528,2.28039,1.19778,-0.61956,-1.51522,0.39053,0.39229,-1.23173,0.15453,1
0.08253,-1.44126,1.55842,-1.36958,0.56575,1.22561,-1.97087,-0.29327,-2.40215,-0.64441,-2.09128,-0.6955,0.41331,-0.195,0.77096,1.34097,1.37692,1.59196,0.00422,0.85916,-1.20192,-1.29161,0.9846,0.94741,-2.23037,-0.40269,-0.34902,-0.26841,0.65154,0.56122,0.55217,-1.79019,0.36835,-0.21536,-0.06956,0.30565,-1.46549,-0.52651,0.86298,0.28754,-0.78288,-0.37166,0.13335,-0.35907,1.67787,-0.84054,-1.79764,0.41543,-0.86256,-0.46282,3.15202,1.07841,-0.43929,0.43483,-0.29431,0.58392,-0.11874,-0.40267,-1.40739,1.32174,-0.42302,0.38849,1.14335,-0.86934,1.72406,-0.9198,0.42803,-0.40285,0.88812,-0.71874,-1.24141,-0.88509,0.67662,-0.12359,0.25293,0.25012,2.11275,1.56831,1.61206,0.1482,0.05816,2.08494,-0.2636,-0.51342,-0.59023,0.89718,0.18172,-0.77764,-0.70753,-0.15209,0.16787,1.4261,1.74812,1.02346,3.00013,-0.79422,2.0891,-0.47147,-0.2802,-1.24814,-0.91848,-2.25807,-0.64523,1.35814,1.9439,-0.19321,0.79676,-0.23241,-1.38738,1.04519,0.51088,0.99036,0.89708,-0.01335,-1.31997,-1.94521,-1.69402,-0.59381,-0.66563,-2.4454,-1.64372,0.0021,-0.62976,-0.4501,-0.30467,0.49467,-1.71844,0.32464,0.34578,0.60397,0.01141,-1.72838,-1.03103,-0.58948,-0.28232,-1.34874,1.65336,0.47414,0.18874,-0.4409,0.69478,-0.58998,1.15247,1.99568,-1.32774,3.19404,1.5768,0.82229,-0.23672,-1.33171,0.1585,-0.15406,-0.16357,-0.80424,-0.92071,-0.16794,0.1671,-0.48781,-1.30705,-1.35766,0.01564,0.25185,1.47903,-0.12171,0.50544,0.60987,-0.8067,-0.74565,-2.03734,-0.19001,1.56831,0.13924,0.10953,0.46126,0.72057,-0.16676,-1.05206,-1.77002,0.8071,-0.18533,0
1.27987,-0.31588,-0.26773,0.45221,-0.76189,0.08689,-1.20944,1.266,0.78477,-0.47329,-0.36611,-0.95891,0.49455,0.40919,-1.11962,0.38138,-1.41526,0.35818,-1.22623,0.22773,1.33461,1.18788,2.21611,-1.33235,-0.93945,0.57821,-1.17965,-0.99517,-1.44706,1.38735,-1.66667,-0.23367,-0.17314,0.16621,0.24737,0.28061,-3.15297,1.42488,0.47078,-0.78742,-0.22634,1.75639,-1.53301,2.08581,-1.11782,1.12601,-0.44188,0.2092,0.97537,-0.89379,-0.24328,-0.75456,1.55076,0.99084,-0.59345,-0.01995,2.26572,2.13058,0.94434,-1.18481,1.98017,-1.77091,-1.08373,1.57808,-2.92257,-1.24168,0.28153,1.33927,0.69775,-1.90578,0.37646,0.74149,0.61077,0.11483,0.03272,-1.41473,1.35501,0.9044,-0.62644,-0.2002,0.77134,-1.10926,1.3946,-0.70132,1.01411,0.05881,1.52968,0.80817,-0.17693,0.97989,0.30258,0.49569,-0.55324,0.97313,-0.96582,-2.02081,1.53291,0.55453,-1.36034,0.43942,-0.24928,-1.60322,0.72943,-0.57581,-1.34631,-0.45485,-1.20894,-0.09756,-1.55828,-0.83286,-0.38528,0.4396,-1.65338,1.66606,-0.44625,-0.9384,-2.68409,0.17749,-0.99346,0.33616,-0.03946,1.7613,-0.39495,0.36081,-0.28503,-0.68742,0.79277,1.26574,0.0558,1.11905,0.46475,0.10001,0.08218,0.25915,1.20826,1.75541,0.74086,0.67181,-0.96038,-0.33604,0.66455,1.06294,0.00399,-0.05375,1.10349,0.15061,-1.78727,1.20182,-1.58325,1.51201,-0.36957,0.44997,0.85559,-0.45609,0.09649,-1.36372,0.20111,-0.01117,0.34155,-0.64281,0.36715,0.50805,-0.24401,0.0767,0.70629,-0.96144,0.61746,-0.76439,-0.03333,-0.2431,0.78526,0.20723,0.58137,-0.72331,-0.43111,-0.49546,0.27038,-1.13898,-0.09943,1.0859,0
-0.11547,1.28161,-1.99235,-1.53293,0.79224,-0.45047,-0.58578,-0.53803,0.19529,0.46259,-0.52355,-0.46592,-0.38985,-0.58935,-0.32146,-1.06453,-0.46488,-0.86862,0.87047,1.50305,0.89688,0.59733,-0.29642,-0.96718,-0.69393,-1.16807,0.26321,2.16374,1.27158,-1.40168,-0.46546,0.01161,-0.64202,0.24764,0.82977,0.32754,1.30827,1.84962,-1.43041,0.86059,-0.50368,-0.23524,0.84722,-0.52801,-0.613,0.16554,-0.80227,-0.60194,-0.69703,0.6514,1.79006,1.42118,-0.64007,-0.33584,0.97017,-0.12553,1.92959,1.7717,0.10938,-0.03969,2.20252,0.15571,0.34623,0.77382,-0.35377,0.40994,0.28199,0.40267,-0.214,0.31109,0.55938,-1.65123,0.6917,0.28974,-0.40328,0.47019,0.50105,-0.67676,0.90865,0.00131,0.51694,-0.63776,0.55068,1.66537,-0.86498,-1.67064,0.57637,-0.60961,-0.36641,-1.02156,-1.00998,2.53152,-0.33401,1.1979,0.66414,0.18044,1.94105,0.97293,0.04713,0.20777,-1.78036,-0.28828,0.99202,-0.81968,-0.74049,-0.21779,0.59406,-0.2308,-0.06774,-0.01708,0.06427,0.63235,0.89686,2.34125,-0.32217,-0.24159,0.3722,0.77203,0.45757,1.40004,-1.54566,0.77272,-0.2757,1.33238,1.2073,-0.11919,0.05902,-0.02078,-0.84582,0.22764,-0.49758,-1.05821,-0.23217,-0.38521,0.37559,1.1077,0.6915,0.09249,0.44111,0.38263,-1.05913,1.71708,1.51521,1.04231,1.27264,-1.19618,0.08646,-0.59234,0.1681,0.27257,-0.53051,-0.15776,0.48939,0.92484,-1.71883,-2.57524,-1.42983,-1.62414,1.38667,0.39739,-0.56907,0.88029,1.15079,2.05076,0.45114,1.01216,0.56973,0.15885,-0.18945,0.91796,1.44758,-0.67322,1.66143,-0.17379,-0.51928,-0.44047,0.04936,-2.15587,1.15131,-0.85674,1
-1.23036,-1.06832,0.85983,-2.51625,-1.67685,1.44292,-1.66708,-1.65283,0.50351,0.18565,0.81657,0.1906,-0.53423,-0.86115,0.07369,0.42748,-0.51579,-1.29835,0.77933,-0.96751,-0.64568,-0.34603,-0.40243,0.13733,0.66941,-1.03408,0.10391,0.25165,-1.44496,0.08848,-0.76467,-1.24232,-1.61866,-0.35967,-0.55962,0.27177,0.27361,-0.62863,-1.19043,0.17366,1.52985,-1.29356,-0.59866,-0.03883,-0.2969,-0.00919,0.12519,0.58969,1.82194,0.30731,0.74582,0.58006,-0.99951,-0.08725,1.75128,1.44143,-0.18711,-0.41032,1.16625,0.95531,-1.69973,1.46727,1.64274,-0.68832,0.43943,0.11332,1.22903,0.37765,-1.72408,-1.13291,0.27908,0.46787,-1.74985,1.95056,-1.81342,-0.70047,0.53474,0.58104,0.26546,-0.7183,-2.38205,-0.68152,-1.41361,-0.46463,-1.41572,0.0424,-0.59876,-0.71199,-0.86668,-0.54517,0.89097,1.55514,1.02658,0.96831,-0.50872,-0.26237,0.85815,1.33159,-0.4227,1.78899,-0.99162,-0.30633,0.14138,0.26142,-0.30187,0.41644,-0.39304,0.57343,-0.24218,-0.55262,0.36878,-0.6756,0.02812,-0.41358,0.62837,0.17304,0.81301,1.01256,-0.51718,-1.41688,-0.11677,-0.36541,-2.28223,0.1607,-0.27124,-1.2994,0.36957,0.13059,0.17719,0.51663,-1.3983,-0.59874,1.92785,0.79714,-0.38789,-1.07766,-0.41081,1.52547,0.49024,-1.95582,0.31053,1.098,-2.08783,0.02578,-0.76791,0.38351,0.47093,0.49391,0.74424,1.00309,1.38043,1.06402,2.57038,0.10269,-0.08352,0.79348,0.09765,-0.26638,0.22594,2.02266,-0.5617,-0.66432,-0.32114,0.80406,-0.74967,-0.94873,-0.63532,-0.68804,-0.26923,-0.30776,0.3064,0.76054,-0.21084,-1.24832,-0.32247,-1.50205,-1.78896,-1.3845,1.38624,1.58991,0
1.16077,2.63814,-1.1546,-0.14096,-1.19665,-0.54081,-1.27453,0.21217,1.12478,-0.67724,0.01164,-0.85092,-1.26121,-1.81747,0.74038,-0.62659,-0.7669,0.01576,-2.36008,0.76188,-0.00283,0.74779,-0.82197,-0.6507,0.70709,-0.08114,-0.64539,0.30865,-0.09002,1.74879,2.21755,0.41558,1.1383,0.81467,-0.2298,0.88313,-0.46087,0.39569,-0.22934,1.57915,-0.7072,0.42547,0.31541,0.26974,0.32384,0.05565,1.22436,-1.62751,0.4377,-1.90689,-0.85369,0.60546,0.79732,1.13639,-0.69738,-1.28904,-0.31988,1.04776,-1.56264,0.40491,-2.05851,0.95411,-0.38125,0.76235,-0.36505,0.41423,0.08509,-1.22852,2.8424,-0.54293,1.07152,1.71822,0.55468,0.47057,-0.68649,-0.71497,1.17443,0.05344,0.26443,1.12724,1.26472,-0.25447,0.43461,-1.13642,0.59505,0.43303,-0.99946,0.55746,0.2301,-0.33994,0.13282,-0.08669,-0.92409,0.33312,-0.1453,-0.74121,0.08976,-0.10972,-1.26841,-0.00581,-1.26683,1.08923,-0.96738,-0.69795,2.14488,-0.4464,-0.48308,-0.04659,0.63206,-0.5443,-1.37977,-0.34362,-0.20566,-0.22641,0.44642,1.04775,-0.00033,0.4936,1.30614,-0.1479,-0.69181,-1.52122,0.82378,-0.9503,-0.65024,-1.24711,0.93677,0.63587,-0.13305,-0.17068,0.88397,-0.16144,0.98094,0.1429,1.56906,2.51421,-0.58544,-1.02811,0.46555,-1.54765,-0.52261,-0.66102,-1.63098,-1.07984,-0.58831,-2.83338,-0.00298,0.61743,0.09843,1.28602,1.44664,-1.093,0.04923,-1.02543,1.44878,0.048,-0.24046,1.28133,-2.9634,1.64201,-0.55267,-1.54155,-0.23372,0.39685,-0.66369,-1.5914,-0.63015,-0.36417,-0.40009,1.17927,-0.20445,-0.42207,-0.15286,0.08626,-0.9429,-0.8006,-0.87537,-0.21836,1.30828,0.15284,1
0.6593,-1.64653,0.02558,2.46515,-0.50457,-1.43473,0.12835,-2.09964,-0.52293,-2.02005,0.20254,0.29398,-0.18546,-1.2265,0.66917,-0.10872,-0.48801,0.98412,-1.47777,0.63598,0.78971,-1.74293,-0.15138,-0.31525,-1.35881,-1.36679,-1.11795,-0.33001,-1.52344,-0.43642,0.56581,-1.03331,0.91259,0.39016,-0.59491,-1.0063,-0.15038,0.51494,0.48169,-0.25416,1.55549,-0.80922,0.17997,-0.19065,-0.95263,1.10753,-2.17579,-0.19408,-0.95682,-0.64498,-1.15071,1.3488,1.06218,1.48669,0.51476,-1.3198,0.59903,0.02344,-0.86283,-0.13771,-0.87554,-1.38239,0.21427,0.22315,-0.51656,-0.19562,1.14911,-0.5275,-1.052,0.14534,0.73894,0.4848,-1.23229,0.04386,-0.83756,0.5734,-0.53203,-0.38325,0.0457,-0.30039,-0.32514,-1.25579,-1.66826,-0.44878,0.76365,-0.30345,-0.01602,-0.67901,-0.61921,-0.04478,-0.79205,-0.75617,-0.24016,0.00468,1.72524,-0.65304,-0.06099,-0.95564,-1.04859,0.01226,-0.57105,0.03765,1.06254,-0.29651,1.28081,-0.73479,0.58578,-0.63729,-1.18065,1.02702,-1.19529,0.60808,-1.67494,-1.10866,1.42636,0.28233,-1.20605,-0.67848,1.81655,-1.36504,0.01176,-0.77669,0.4485,-0.79676,-2.53116,0.6169,0.27709,0.76026,0.69163,-0.6322,-2.27994,1.14327,-0.59578,-0.11444,0.36847,1.33294,-0.83539,0.39591,-1.13496,-1.63351,-1.51764,-0.56464,-0.68157,-0.73576,-0.21269,1.03089,1.60267,0.46672,0.70941,2.73431,0.21971,-0.13481,-0.60723,0.0242,-0.13243,-1.26055,-0.73684,0.22316,1.9132,1.6424,-1.26781,-1.07188,-1.63381,-0.7535,0.69247,-0.45862,-0.27388,0.66772,2.35557,0.56508,0.11231,-1.33232,-2.11991,0.04569,0.71203,0.59363,0.52962,1.35076,0.94908,-1.1548,1
-0.38834,-1.00692,0.56316,0.79828,0.13164,-0.04478,0.42869,-0.14667,-0.55722,-0.33245,-0.90324,-0.80385,0.33489,-0.90197,-0.45734,1.43474,0.08176,0.36865,-0.17792,-0.88741,1.81209,-0.20304,-1.21485,0.64572,0.03668,0.74672,0.1546,-0.42828,-1.39173,0.07406,-0.0855,0.82258,1.33699,0.13105,-2.82033,1.86913,-0.27422,1.48072,-1.74881,-0.5757,0.38247,-2.0897,0.84207,-0.6484,0.72116,0.97632,1.03642,0.03159,-0.32905,-1.1513,-1.80324,0.75665,-1.34104,0.14379,-0.34947,-0.00711,-0.89998,-1.73249,-0.54775,-1.27307,-1.93756,1.20793,-0.75132,0.13783,-0.62889,0.67703,1.13068,-0.54461,-0.12821,0.73743,0.43986,-1.03932,0.50308,-0.75857,0.03791,0.35033,0.87846,-0.01154,-0.98937,0.10651,1.39346,0.28103,0.89555,0.34462,0.69052,-0.04555,0.18525,0.52984,-0.99522,-1.19102,-0.95456,0.87765,0.33609,-0.30838,0.12612,-1.02781,-1.83319,0.48989,0.14186,-0.89437,-0.80627,-1.60131,-1.45159,0.75828,-0.41262,0.93458,-0.97731,0.67379,-1.55626,-1.49061,-0.57241,-0.50863,-1.71749,-1.28181,0.07993,0.55074,1.35665,0.00183,-2.17345,-0.06927,0.20935,-0.57189,-0.61209,-1.26649,1.46988,-0.12384,-0.55883,0.86265,-2.27378,2.26688,0.57869,0.2662,1.15896,0.97368,0.26766,0.1225,-0.37662,-1.0126,0.44131,0.13848,-0.13443,0.45152,-1.95345,1.34874,-0.15443,-0.54217,0.57242,-0.80471,-1.174,-1.11501,-1.30888,0.58804,-0.72206,-0.8065,1.06767,-0.49516,0.49139,0.57201,-0.8232,0.3677,0.62065,-0.00412,0.96532,0.10338,0.24167,0.06713,-0.24257,-0.42755,1.63477,1.819,-0.28035,-1.10986,0.21885,-0.72715,0.5058,-1.42286,0.49336,-0.42553,-0.40131,0.57742,0
0.5094,1.13277,-0.75038,0.47006,-1.77044,-0.13165,0.99439,0.90369,0.98539,-0.92422,1.08389,-1.8908,0.84765,0.6223,0.63235,1.02951,-1.40195,-0.0587,1.37408,-0.64501,-0.00842,0.06801,-2.61868,-0.91092,-3.15086,0.34747,0.3591,-0.96494,0.19027,1.8599,1.39451,-2.09824,-0.89796,-0.12971,1.42367,-0.11799,0.27526,0.32233,-2.19039,-0.60411,1.25257,-0.71685,-0.40963,-0.98115,-0.39087,1.03071,-0.26096,0.62714,-1.71228,-0.17168,0.19628,-0.67733,-0.36366,0.79129,-0.36119,0.37875,-0.39078,-0.13646,-0.40677,0.54224,0.31314,-0.84936,-0.68281,1.35976,-0.00194,-0.05278,0.12926,-0.52957,1.46236,-0.64015,0.63834,-0.65935,-0.80305,-0.11342,-0.10512,-0.75067,0.5136,-0.96633,-0.57599,-0.18785,-0.32673,-1.11551,2.85188,2.49922,-0.45778,-0.07304,1.87676,-0.55233,-1.04999,0.38309,-0.85093,-1.55468,0.66464,-0.84262,0.69433,0.20543,1.8159,-0.00381,-1.00594,1.1952,0.9521,0.53201,0.74329,0.87258,0.45262,1.35308,-0.31429,-0.261,0.96877,-0.27228,0.20629,-1.53497,0.28765,1.29691,-0.83237,0.62156,-0.66104,0.28361,0.07528,1.32555,-0.75671,0.34987,-1.26933,-1.89896,0.44337,0.03635,-0.25083,1.23128,0.27355,-0.62854,0.14846,1.48109,0.71174,-1.22696,0.52521,-0.24162,0.72159,1.35986,0.71804,-0.57593,-0.74651,-0.01933,-0.77733,0.15715,-0.03737,0.66718,0.70836,0.15793,-0.42797,-1.07799,-0.3802,0.12068,0.64369,0.73891,-0.37946,-0.88507,0.01618,-0.2321,-1.22935,0.01496,-0.16463,1.66197,-0.04734,-0.20608,0.58237,-0.65923,0.67067,-1.45028,-0.44085,0.3046,-0.93814,-0.44736,-0.40195,-1.23797,-0.36361,-0.3334,-0.63661,1.93523,-0.19154,0.13668,1
-0.68945,-1.34407,-0.86065,-0.04465,-0.19304,-0.88326,-0.0068,1.4881,-1.56831,-0.47211,-1.29936,-0.42268,-0.33077,-1.29985,0.5151,-0.57578,-0.7743,0.40424,0.33599,-1.14101,0.7347,0.79758,-1.02804,-0.64444,0.81118,0.48823,0.7821,2.09416,0.57265,0.10514,-0.0943,-1.11909,-0.20414,0.35858,0.45461,0.29568,-1.61136,-0.22247,-0.15253,0.46245,-1.25698,-0.20763,-1.01515,0.28415,0.04602,0.93529,-0.20279,1.44347,-0.23549,0.04458,-0.46209,-1.22163,1.44165,-0.41145,1.00765,1.48569,0.4678,0.87106,-1.58188,-0.79713,-1.17478,-1.68169,1.76896,-0.12444,-0.70388,0.48677,1.32191,0.09798,0.60422,0.64255,0.84287,-0.92614,-0.38627,-0.9412,-1.34053,-0.32874,0.93698,-0.47496,1.79692,-1.56214,-2.11625,0.8507,-0.87671,1.43467,0.86439,0.72308,0.09916,-0.92634,1.70313,-1.76675,0.04056,0.15412,0.27557,-1.23985,0.25723,-0.69263,0.37885,-0.94583,1.38157,-2.22504,0.86699,-0.11805,0.93221,0.33066,0.75722,-0.86816,-1.0122,2.45123,0.70366,-1.55278,-0.34113,-2.45484,0.72763,-1.8787,-0.88913,0.03379,-1.06186,-3.01402,-0.30383,-0.9181,-1.4017,1.47303,-0.52662,-0.55259,1.02293,0.92712,0.80977,-1.43238,-0.25448,-0.13154,-2.19731,-1.69799,-1.56049,1.8103,0.12331,-0.1836,-0.4512,-0.21995,-0.09326,-0.69744,0.05796,0.05386,0.92726,-2.5202,-0.70638,-1.31359,0.32871,-0.24171,-1.08512,1.48077,-1.17481,1.11619,1.09705,0.17775,-0.55304,-0.72428,2.17721,0.47151,-1.34343,0.18098,1.88718,-0.16166,-1.4663,0.36351,1.18232,0.07729,-0.47081,0.02325,0.68888,0.23108,-1.03476,0.54828,0.2479,-0.84948,-0.71013,0.40446,0.13299,1.09453,-0.73908,-0.02661,0
-0.6908,-0.2631,-0.81306,2.21994,-1.09553,1.39795,1.23983,0.63239,-1.11103,-1.84917,-0.39958,1.71332,-0.25092,-0.76312,-0.02836,0.24443,2.35752,0.61009,-0.88262,-0.75957,-0.33946,0.96227,0.15308,-1.27036,-0.73819,0.28746,0.21277,0.77741,-2.18271,-0.33657,3.848,0.64364,-0.3096,0.04373,-0.41223,-1.31349,2.64466,0.17519,1.3164,-0.7304,-1.4836,-1.42781,-0.1308,-2.36612,-0.08811,-0.61146,-0.37727,-0.02681,0.06183,-0.2343,-1.93836,0.6864,-0.19415,0.36076,-0.07021,-1.4127,0.71398,1.85586,0.07144,0.20678,1.0215,-1.6528,0.10555,-0.8386,-1.01636,1.69257,-0.08886,-0.25943,0.60921,-1.16115,1.42702,-0.51565,-0.70687,-0.2457,-1.4391,0.35848,-0.75665,-1.43656,-0.63962,0.97401,0.2584,0.4099,0.34713,0.29559,2.60041,-1.48377,-0.95945,-0.53307,-0.15395,0.3294,0.21667,-0.31211,1.614,1.93998,-0.47898,-0.10845,-0.24271,0.02559,-0.58807,0.36991,-1.47373,-0.61538,-2.35733,0.83876,-0.44997,-1.7951,0.2245,0.21775,-2.18837,-2.51954,0.1839,1.39437,-0.38684,-0.02007,-1.42579,-0.30992,-1.67833,0.5163,0.15546,-0.07927,-0.79003,0.22752,1.03649,1.24834,-1.25074,-0.98357,-0.20536,-0.95788,-0.38604,0.84747,-1.75403,-1.9139,0.2927,-0.21969,1.79687,-0.22388,-0.78845,-0.00071,-0.74906,0.14882,-0.04124,-0.91581,-0.02951,-1.14809,0.76318,-0.13095,0.77323,-0.30666,-0.23803,0.79256,0.51696,0.4628,0.04849,0.64955,1.49321,-1.02844,0.52652,-0.21718,1.32358,0.61307,0.91188,-0.15289,0.38939,1.57267,0.01409,-0.29743,-1.01874,-0.46225,-0.57587,0.19103,-0.35937,0.40427,0.32139,-0.51364,1.28489,-0.69745,-1.49374,-1.4525,0.60958,-0.42983,0
-0.46644,2.49034,-1.24771,0.92825,0.55555,-1.0881,-0.63969,0.04276,0.44845,0.0493,0.25805,0.59907,-1.04167,1.1505,0.70848,-0.6936,-1.05844,-2.47221,-0.75384,-0.13324,-1.13388,0.09406,0.65188,0.16821,-1.06024,0.52853,-0.21671,-0.65192,0.552,-0.79619,1.96546,-0.26186,1.32859,0.11875,-0.3937,-1.47101,0.91596,-0.86074,-0.27131,-1.17117,-1.24479,-1.87095,1.11974,0.05902,-0.82052,-1.04152,1.32248,-0.07255,1.27875,0.67398,0.58872,0.69958,0.09118,0.10666,2.82588,1.56211,1.07007,-0.30882,0.16716,1.13463,2.08478,0.11752,0.59166,0.18267,-0.38351,1.73759,-0.85602,0.44203,1.72635,0.74238,-1.25833,-1.55176,-0.92849,0.12648,-1.19415,-1.79679,-2.22859,-0.41634,-0.11468,0.25464,-1.11361,0.04879,-0.82977,-0.15022,-0.42409,0.59496,-1.76433,-0.5361,-1.5157,1.03705,2.38159,1.58242,0.78372,-1.56241,-0.1135,0.02948,-0.18283,-1.07638,-0.55345,-0.36698,0.38338,0.66811,1.06348,1.26032,-0.63884,-0.01853,-0.98753,2.03475,-0.91553,-1.62846,0.13533,-0.75621,1.42955,-2.94487,-0.40664,-0.40683,0.06541,0.01155,0.42728,1.10164,0.13808,0.05073,0.90674,-1.57296,1.20188,-0.70341,-1.64076,-0.7328,-1.12325,0.3455,-0.19251,1.11063,-0.90559,-0.92625,0.19891,-2.73646,-0.09879,-0.23315,-2.01938,0.58972,-2.15261,-0.31307,2.29739,-0.50001,-1.17566,-0.40182,-0.37044,0.45538,-1.1984,0.07398,-0.00702,-1.70337,0.27893,-2.21302,0.88912,-0.56198,-0.76567,-1.59051,-0.85717,0.26152,0.43663,0.2599,0.09704,-0.30639,-0.79478,-1.75576,-0.59373,-0.08623,1.35471,0.73702,2.15742,1.61853,-0.74046,-1.04828,0.29109,0.4558,-0.54715,-0.75734,-0.10377,1.8936,0
0.28881,-0.55029,0.38091,-0.11428,-0.7965,-0.46707,-0.44289,0.36427,-1.15718,-1.27993,0.28727,-0.12682,-1.15615,0.97817,-0.17499,0.17585,-1.31995,-1.09358,0.41143,-0.40705,0.81168,0.313,-1.00642,1.30899,0.24897,-0.95515,-0.48872,0.20216,0.30099,0.9074,0.09136,0.87423,1.40278,0.68534,-0.18304,-0.47275,1.25413,-1.45444,-1.32471,-0.95814,0.57505,1.23922,0.46393,-0.09513,0.13686,0.46321,0.60822,-1.2791,1.45366,0.74748,-0.22971,0.30186,-0.82857,-1.02405,0.32867,0.12802,0.04422,-0.86572,-0.09319,1.64296,-1.19779,1.40179,2.03768,-0.67994,-2.35928,-0.41378,-0.52223,-0.22181,0.31785,1.74587,0.13137,0.14836,0.26284,-0.90685,-0.82148,-0.02993,-0.14573,-0.98261,-0.88192,-1.00127,-0.93642,-0.87787,0.72424,0.44789,-0.87598,-0.34924,2.12722,-0.82633,1.56421,-0.62769,-0.68769,-1.29643,-0.53869,-0.68946,-2.62268,-0.08466,-0.57156,-0.3125,-0.94768,0.20426,1.18609,-0.09115,0.57539,-0.80515,-0.87107,-1.28288,1.73012,0.64491,-0.24735,-0.23457,0.97281,-0.72095,1.04448,-0.65696,-0.31192,1.33127,1.08688,0.47901,0.37426,-0.79,0.89515,-1.46268,-0.40511,-0.70801,1.83649,-0.36559,-1.51773,-0.66283,0.16699,0.83631,0.24806,-1.97411,-0.41317,-1.48543,0.45615,1.99855,-0.49165,-0.32364,0.03819,-0.19994,0.52913,2.41942,0.4267,-0.16095,-0.88556,-0.11089,-0.68335,0.25589,0.82128,-1.22501,0.35612,-0.92158,0.23262,0.22118,-0.87237,0.15056,0.11345,0.76685,2.05681,-0.87731,-0.6961,-0.70708,-0.49247,-1.30776,-1.56524,-0.01407,-0.68972,1.74681,2.95991,-0.46356,-2.30233,0.15308,0.71954,1.43825,-1.29687,0.08297,-0.70178,0.20558,0.07467,0.1867,0
-0.80116,1.44595,-0.31329,1.24181,0.09661,-0.15063,-1.11353,1.03254,-1.00367,-1.33079,-3.05379,1.01555,-0.6545,1.33178,1.15259,0.05803,-0.46926,-0.70264,-0.00793,0.42958,-0.91388,-1.13586,0.61631,-0.08391,-0.81454,-0.88188,0.37818,-1.1643,-1.19078,0.96072,0.26772,0.46125,-2.24926,-0.12673,0.22646,-1.55149,-0.66681,0.04227,0.93951,2.09916,-0.34087,-2.48475,0.60447,0.34234,1.44156,0.48162,1.98627,-1.15171,-0.32913,0.59861,-0.00331,-0.10535,-0.29813,0.45954,-0.02598,-0.92499,0.42181,0.34325,2.55284,-0.57118,0.08615,-0.48305,1.79596,-1.31393,-0.79475,-0.64531,-0.78387,0.4423,0.30401,1.26864,1.02245,-0.07393,0.59203,0.35017,0.3039,-0.68817,-0.50052,-1.1628,-1.24344,0.51017,-0.49963,-0.38104,0.75585,0.10653,0.19448,-0.60458,0.5028,0.22251,0.34388,-1.85608,2.06319,-0.49918,-0.47123,1.45984,-1.14838,0.6173,1.5965,-1.10262,0.55228,-1.39826,-1.02,-1.70165,-1.63738,0.20762,-1.80112,0.32002,1.07447,1.08811,-0.09455,1.56077,1.17523,-0.80595,-0.36011,0.35711,-1.64855,1.22126,-0.08289,1.24348,-0.43606,-0.07418,0.88958,0.67792,-0.07515,-1.79434,-0.11559,0.93213,-0.74041,-1.68968,-2.55037,0.68592,-0.80455,1.01969,1.1712,0.43094,-0.75915,-1.62977,1.0649,1.26379,0.78389,0.75305,-0.66595,-0.12932,-2.11601,-0.67315,-0.31757,-0.38473,0.11507,0.78475,-0.33829,-0.42116,-0.2681,-0.11228,0.81115,0.51337,1.5945,-0.4522,-0.63703,1.08649,-1.05762,0.78201,-0.90987,-1.58653,-1.22601,-0.34271,0.65766,0.71642,0.48788,0.01293,0.09216,0.33636,-0.3274,0.95952,0.32036,0.17318,1.23138,-0.57216,-1.03033,-0.60035,-1.1109,-0.19858,1
1.4331,-0.47082,-2.34103,-0.30154,1.39914,0.17516,0.30687,0.34865,0.2378,-2.33218,-0.60813,0.53445,-0.19461,-0.36709,1.3561,-0.20576,0.33326,0.26207,-0.15131,-0.7654,0.36997,0.86841,0.12871,-0.36,2.05672,2.17198,-1.25748,0.18079,-0.27424,0.19497,-0.15192,-0.4877,-0.96779,-0.78637,0.14173,0.31915,-0.67771,-0.77,-0.99549,-1.08371,0.66356,-1.42733,-0.27138,-1.64402,-0.36623,0.86258,0.8838,0.72345,-0.83152,0.4119,-0.8651,0.67713,-0.8894,0.10373,1.55956,1.85926,1.62571,-1.01764,0.51651,-1.52516,-0.70604,0.6077,0.4318,-0.98298,-0.54293,0.12648,1.36713,-1.43225,-0.82001,-0.99698,-0.44104,-0.05334,-1.0767,0.06554,0.62576,-0.17162,1.03347,-1.16386,-0.69536,0.85437,0.65013,-0.14097,1.20718,-0.62381,-2.23365,0.39478,0.19357,0.79885,-0.10387,-0.51472,1.29783,0.0296,0.18753,-0.75503,-1.17393,0.92365,-0.01726,0.06392,-0.12884,-1.30443,-1.43192,1.22704,-1.32379,-1.73017,1.02394,-0.79716,0.66945,-0.26083,0.01855,-0.10222,1.42765,1.23513,-0.18123,-1.5503,0.64303,-0.09354,-0.24925,0.82782,-1.60455,-0.5463,0.36528,0.08853,-0.71564,0.55992,-0.17722,-0.63989,-0.55242,0.17127,-0.54056,-0.0069,1.5522,-1.04285,-0.47584,0.00607,-0.30162,0.66094,-0.45885,-0.72491,3.05787,0.38617,-0.24519,-0.60825,0.11405,-0.71976,1.42481,0.70029,-2.63983,0.13708,0.6314,-0.42856,1.31494,0.26956,-1.73172,0.49502,-0.0192,-1.01245,-0.34421,0.94357,-0.34912,1.41512,-0.97873,0.34708,0.45508,0.8185,0.92861,0.42797,1.49381,0.66025,-1.27437,-0.31684,0.23054,-0.84122,-0.47769,0.55494,-1.26677,1.78328,0.78213,-0.33111,-2.01703,-1.05489,0
0.83675,0.45759,0.55708,0.66804,0.67069,-0.77577,-0.15646,0.51635,0.6544,-1.95551,-0.27933,-0.136,-0.99035,1.40699,0.60881,-0.28791,-0.70196,-0.19524,-0.42151,0.81997,-0.69163,0.7185,0.51538,-0.51866,-0.45249,-0.45188,-0.5824,0.34862,-0.51765,-0.90961,1.68358,-2.92938,1.54551,0.37166,-1.05164,0.38765,0.39722,-0.80349,-0.96072,-0.03204,0.50166,0.30821,-0.37301,-0.51474,0.1192,-0.05732,-1.34356,-0.67676,-1.8156,-0.43412,-0.38989,-1.03014,0.34638,1.09524,0.39074,1.49032,-0.72297,-0.70777,-0.7508,-1.74818,-0.77457,1.14805,-0.47813,-1.25719,1.41379,0.44372,-1.91237,0.10712,-0.54563,0.85469,1.28274,-0.12068,-0.55383,0.74159,-0.83146,0.0376,-0.96956,-2.76172,-0.76111,-0.99511,1.43918,0.39831,0.12481,0.92875,-0.0766,-0.22348,-0.83286,-0.4454,0.07094,0.64789,1.70043,0.93996,2.18675,-1.11447,1.85938,0.55701,0.89912,-0.90087,-0.82903,0.60239,1.78265,-1.81806,-0.98608,-0.61124,0.90806,0.33028,0.11942,1.08274,-1.81784,1.23596,-0.74679,0.20658,1.1433,0.60003,0.62759,0.53997,-0.21297,1.12968,0.05876,-0.77069,-1.36757,1.17345,-0.54909,0.6286,0.61424,-1.28356,1.39586,0.12287,-1.32154,0.52767,-1.17433,1.3766,0.98797,0.30038,-0.73428,2.1579,-0.41849,2.5728,1.20568,-1.03089,-0.01557,0.1451,0.32302,0.50185,1.51398,-0.82061,0.77334,-2.06681,0.47754,-0.20484,1.32702,0.51644,0.14859,2.00726,1.383,-1.22719,1.58243,0.77437,0.38218,0.39072,0.73009,1.09774,-0.292,0.19539,0.10293,0.82294,-0.80699,0.24065,0.28679,-1.47885,-1.83956,-0.86704,-0.24507,1.23555,0.91112,1.30802,-0.54543,0.34332,1.21196,-0.30662,1
-0.37592,-1.49131,-0.80044,-2.43191,0.08501,-1.19142,2.63239,2.10293,-1.23242,-1.26835,-0.21007,0.53239,-0.6121,-1.14123,-0.62963,-0.28102,-0.7996,-1.424,-1.2478,-1.82086,-1.12222,-0.67229,0.99974,-1.06073,-0.22813,-1.0652,-0.05202,1.20343,0.26755,1.43795,-1.41942,-1.52237,-1.21538,0.32423,1.50143,0.54029,-0.46625,0.88885,1.05296,-1.16368,0.02671,-0.58373,-0.78715,0.93396,-0.00581,-0.2725,-0.13884,-0.47968,-0.19471,0.46579,-1.51088,-0.30467,0.13536,-1.03652,-0.3293,0.44213,0.78724,-0.86216,0.27015,-0.42668,-2.35323,0.09453,-1.14877,0.49509,-0.82717,0.4725,0.59563,0.3361,1.12113,-0.86199,-1.40047,-0.7235,-1.27661,0.78171,-0.93928,2.0609,-1.40853,0.57625,-0.49653,0.08933,-0.92709,-0.60869,-0.10883,0.53121,0.64526,-0.49556,-0.57099,1.07698,2.72281,-0.25144,0.24587,-1.22101,0.01839,-0.39882,0.0485,-1.16219,-0.90867,1.45362,0.61125,0.50339,1.91806,0.27515,0.38048,0.7482,1.84994,0.07965,-0.26241,-0.44334,-1.04799,0.69732,0.81415,-1.0017,0.68437,0.45087,0.96602,0.2598,-0.21128,-1.88922,-0.39406,0.86462,0.65652,1.15474,0.42973,0.64875,1.25791,0.78288,2.73837,-0.33999,0.14818,0.77319,1.05006,1.00657,2.20784,0.80065,-0.61327,0.31283,1.20926,-0.53282,1.13732,0.07445,-1.85252,0.28342,0.9162,0.22485,-0.57762,0.78209,-0.7389,-0.52009,-0.96529,1.0229,-0.2525,0.26571,1.36275,0.84366,-0.10709,0.42851,-1.77393,-1.15412,-0.83337,0.41416,-0.80635,-0.57857,0.83205,0.38774,0.54381,0.88406,1.29154,0.11773,0.96768,-0.90453,0.35034,1.02388,1.12292,-1.2585,-0.04551,-0.61642,0.25365,-0.94114,0.73773,0.1638,0
1.46761,-0.15126,-0.05236,-1.00351,-0.74583,1.45418,-0.28111,-0.31782,-0.73829,0.00712,0.8916,0.23876,0.19014,-1.60756,1.99585,0.57125,-0.17534,-1.00242,-0.43934,0.88395,-0.00257,-1.47283,0.08756,0.38784,0.85012,-1.46135,0.98628,1.20663,0.53493,-1.28091,0.68992,1.04346,-0.66213,-0.77926,0.30041,0.24265,-0.67726,-0.29725,-1.75051,-1.21015,1.05223,0.30358,0.77895,-0.25121,1.32189,-2.12163,-0.12251,-0.62146,-0.38387,0.86199,0.69415,-1.28403,1.29356,1.08408,0.12534,1.33381,2.03028,1.82831,0.2921,0.36026,-0.4639,-0.69184,-2.7377,-0.10635,0.88664,0.73439,-0.94961,-0.89621,0.96016,1.27151,2.83407,0.00239,-1.16059,-0.39157,-0.01425,1.78931,0.42113,-1.38641,-0.91413,-0.89624,-0.44987,-0.27337,-1.15301,0.68232,2.25737,0.6511,-0.15469,-1.83739,1.36798,-1.66543,-1.06223,0.05432,0.05698,-0.07514,0.94516,1.09521,2.2577,0.33165,-1.84291,0.41977,1.44747,0.58209,-1.65279,-1.43545,-1.4004,0.3379,-1.65631,-1.53322,1.01759,-0.87212,-0.62759,0.08782,-0.61396,0.3228,1.66447,1.58052,1.72526,0.52247,2.64384,0.71869,0.89284,-0.01381,-0.64335,0.51073,-0.73032,1.26559,-0.89808,-0.15381,-0.5048,0.4618,-0.32151,-0.8714,-1.14876,-0.3549,-0.28885,-0.15972,-0.86709,-0.46884,-1.58121,-2.24602,0.13629,0.74965,-0.58008,-0.61362,-0.43097,-1.51529,-1.18132,0.52067,-1.04328,0.57108,-0.20175,-0.56089,0.96784,0.24156,0.03097,-0.57705,-0.52426,-0.10737,-0.26758,0.20123,0.92005,0.72656,0.80731,-1.88181,-0.38609,-0.29945,0.04929,-0.73099,0.75286,-1.11172,0.98435,-1.22908,-0.13071,-1.2424,0.08921,0.45824,0.70948,0.62306,-0.84961,-0.6355,1
-0.06643,-1.39113,-0.40201,-1.70392,-1.47505,2.27998,0.50366,0.06154,-0.92412,2.09496,1.44427,-0.46653,-1.34029,1.6674,0.30711,-0.41861,0.80034,-0.46194,-0.34391,0.54784,-0.07025,-0.07633,0.00102,0.61449,-0.55092,-0.08735,-1.30052,-0.58794,-0.75316,-0.1076,-0.22464,-0.41051,-1.77617,-1.16851,1.29016,-0.3475,0.72012,1.32167,-1.81716,2.27443,-0.85582,-0.9597,2.42123,0.52268,1.71677,0.39072,0.25435,-2.03127,-0.82357,1.11662,0.9958,-1.6349,0.60351,-0.72768,0.36469,-1.29576,0.51204,0.13105,-0.96819,0.10805,0.04298,-1.30658,0.52773,-0.11274,-0.27382,0.23591,-1.06254,0.99083,-0.98918,0.29905,-1.52918,-0.74474,0.19865,-1.04842,-0.54082,-1.75216,0.38129,0.07111,2.87446,-0.37228,-0.07642,0.33085,1.97161,-0.05666,1.94412,1.3035,1.03656,2.04448,-0.99929,1.32261,0.80686,-1.564,-0.84861,-1.04171,-0.62602,0.9512,-0.06763,0.33226,0.81203,-1.4699,-0.88761,2.50492,-0.17258,0.84179,0.25118,0.10144,-1.05006,-2.49458,1.03448,-0.93422,-0.26349,0.56172,-2.03131,-0.12444,-1.44751,-1.47542,0.18414,1.16226,0.33886,0.3892,1.11513,-0.66764,-1.06653,0.53101,-0.37779,0.63781,0.62103,0.0599,0.17583,0.56861,1.11098,-0.71554,-0.55058,-0.34574,-0.9053,0.69638,1.05418,-0.73244,0.13006,1.10738,1.51354,0.16371,-0.44053,-0.08895,-0.52078,-0.07579,1.37493,-0.09644,1.5129,-1.21571,0.18611,-1.26533,0.05608,-1.20416,-1.63161,-0.69136,-1.57282,0.03238,-1.01433,0.74903,-1.28154,1.30647,0.71781,-1.44016,0.12313,-0.46259,-0.20604,-1.97744,0.13048,1.66143,-1.13275,-0.86564,-0.24229,0.6148,-1.38979,-0.7218,1.59075,0.86658,0.67586,-0.82268,1
-1.24765,0.05294,0.63134,1.49526,0.26285,0.18696,-1.05675,2.30774,0.9128,0.02174,-0.27132,0.16384,0.14771,-0.19586,-1.4645,-0.00545,0.69656,-0.30314,-0.01006,1.81233,-0.20982,1.54631,-0.97256,-1.08935,0.6559,-0.00269,-1.20296,-1.54336,-0.76416,0.22009,0.58181,0.44872,0.39113,0.80576,-0.50671,-1.04348,-0.00778,-0.72252,-0.61874,0.06545,-1.42563,-0.39264,0.44982,0.42276,2.83748,-0.26216,-1.18785,-0.29971,1.51712,-1.20041,-0.11031,-0.85517,0.41781,1.89449,0.38912,0.32279,-2.3801,0.33331,0.30123,1.75125,-0.40876,0.23511,0.33479,-0.6493,-0.09161,0.97148,0.75573,1.37281,1.5676,0.62637,0.34619,0.54223,1.04922,2.48212,0.21881,0.65057,1.23581,-1.4408,-0.14299,0.40519,1.10603,-0.25064,-0.06072,-0.31155,-0.64366,-0.04961,-0.10687,-0.50672,-0.63707,0.53273,-0.6537,1.67317,2.22542,0.5239,0.48536,0.93199,0.42563,-0.40056,0.93913,-0.20741,-1.27314,0.17444,0.92022,0.60626,-2.87646,-2.43054,-0.03439,1.22819,1.80026,-0.03218,1.00082,1.35197,0.19111,0.67876,-0.15236,0.24324,0.48948,0.00832,-1.35432,-0.68871,-0.38707,-1.72313,-0.12159,0.77283,0.90282,-0.23338,0.76077,0.31883,1.39509,-0.59019,-0.48019,-0.43882,-0.5347,-0.69204,1.63046,-0.74784,-0.60175,-1.25471,-0.42706,0.98267,1.173,-0.07859,0.08525,1.3235,-1.10733,-0.97599,1.00343,0.68973,-2.4095,0.74393,1.60676,0.84175,-0.5771,0.27699,1.34335,0.61671,0.70697,-2.04624,0.45012,0.29731,-0.7795,1.13126,0.26195,1.14461,0.37961,0.44694,0.0782,1.62086,0.05844,0.18281,1.04374,1.57798,1.03848,-0.02604,-0.16869,-0.31868,0.80221,0.74568,-1.02322,-0.71815,0
-0.0218,-0.07036,0.50007,-1.29722,-0.19152,0.89069,-0.48269,-1.1169,-0.33774,-1.8209,1.63832,0.60025,1.03689,-1.26649,-0.03417,-1.83468,0.70594,-0.05097,1.25226,0.44561,0.01971,-0.23233,-0.01079,0.4067,0.71665,-0.26115,-0.52256,1.4712,-0.53922,1.07793,-1.31295,-0.47917,-1.05364,-0.49147,1.0787,1.00794,1.07538,0.02898,0.34141,1.73573,0.90026,-3.28607,0.94464,-1.28025,-0.42008,-0.37606,-0.18145,-0.19428,-0.14732,0.65648,0.50541,0.53248,-0.59344,-0.55396,2.08482,-0.66691,2.30782,1.0617,0.4957,0.7352,-0.26708,-1.7465,0.56027,-0.56668,1.09295,0.74677,0.07461,-0.12444,0.28852,-0.03448,0.06238,1.43805,-0.74929,0.65239,-1.27274,-1.0605,0.50934,-1.23232,-0.14653,-1.06743,0.22387,1.26649,0.12701,0.28487,0.78604,0.92499,1.28052,-0.59533,-0.65676,1.11837,-1.41595,-0.86468,0.89993,-1.61759,0.82872,-1.58463,-0.67219,-0.87463,-1.46493,0.36754,0.0479,-0.41664,1.86016,0.8283,-0.54668,-0.22499,-0.12209,0.30257,2.30391,1.34376,-1.05022,0.46818,0.80815,-0.70123,0.39748,-1.69786,1.9596,0.5297,2.04997,-2.40575,-0.54851,0.38372,0.1112,-0.24936,1.26074,-0.15505,0.38856,1.0651,0.67299,0.18217,-0.6765,-0.30667,1.2393,1.59469,1.46644,-0.37368,0.44444,-0.2975,-1.73443,-0.17358,-0.19451,-0.50903,-1.39988,1.24813,-0.61667,-0.85327,0.56332,0.1525,0.36504,0.43516,0.28169,0.88601,0.9563,1.3184,-0.55297,-1.41307,-0.19511,0.45866,-0.20328,0.37376,0.5725,-0.62876,0.42828,1.37543,2.07688,0.78559,0.17451,0.15589,-0.68088,-2.40552,-0.97226,-0.53018,0.59518,-0.3195,-0.50251,0.35085,0.4952,-0.48632,0.01203,0.1605,1
1.50931,0.52716,-0.54675,-2.34,-1.04916,0.30905,0.16078,0.0467,1.42222,1.45459,0.57886,-1.76503,-0.47521,-0.25301,1.73801,-0.1579,0.81491,-0.59699,-0.04537,0.91352,-0.22104,-0.15533,-1.04977,0.00218,-1.55036,0.90899,0.4917,-0.99994,0.83539,-1.94711,-0.79207,0.37943,1.35896,-0.49413,-0.77668,-1.44024,0.70156,0.38064,-0.47463,-0.38206,-0.85431,-0.5708,-0.70231,1.043,1.40187,0.27891,-1.1726,-0.41323,-0.42607,-0.17814,-1.46387,-0.10994,-0.19408,0.95496,-1.122,0.55453,-2.03505,0.81136,-1.49541,-1.33047,-1.37272,-0.47329,-0.8833,-0.97771,-0.38407,-0.60345,-0.06545,-0.86642,0.31658,-0.26806,-0.11485,-0.19268,1.35582,-1.91693,-0.1903,-0.43889,-1.03459,1.01788,1.12065,-0.42016,-1.13484,0.29119,0.57815,0.78386,0.1391,-0.45139,0.74909,0.28694,2.09905,1.06114,-0.5727,-1.59941,-0.33464,0.6778,0.04826,1.64399,-2.43361,-1.4343,-0.94198,-0.4564,-0.03196,-1.24626,-0.46734,0.86669,-0.09258,0.2886,1.24733,1.40468,1.54511,2.45107,0.84703,0.83113,-1.82591,-1.29404,1.13055,0.59992,-0.52346,0.22009,-1.42998,-0.84576,-1.6089,-0.3045,0.94663,1.55735,-0.05278,0.95638,0.39522,-1.15887,0.00363,-0.29698,-0.33796,-0.0112,-0.58156,0.85704,-0.27088,-1.21269,-0.54321,-0.4604,-0.20883,-1.42846,2.10245,1.23437,-0.09287,-0.46208,-0.56881,-1.21842,-0.36482,0.16572,-0.57758,-0.80901,-1.07442,0.50238,0.95886,-0.99456,-0.1713,1.06215,-0.77366,0.27305,-2.63493,1.41049,-1.07358,0.54583,-0.83604,0.48684,0.05214,1.23924,-0.08407,0.14101,0.33092,0.23513,-1.30648,-1.17795,-0.71838,-0.68649,-0.94394,-0.55482,0.51251,-0.11607,-0.99938,-0.90705,1
0.7981,-0.83627,0.1904,-1.18807,-1.41992,0.85773,0.25375,1.00979,-1.1996,0.97024,0.04891,-0.40358,-0.75797,0.20492,-0.85596,-1.27618,-0.49996,-0.59697,-0.60854,-0.41721,1.18633,1.10774,0.19418,-0.21739,-0.90662,1.54585,0.17592,-0.56069,-0.14177,-0.61827,-0.06047,0.62283,0.30669,0.00859,0.39166,-0.30711,0.19094,0.5203,0.22195,-1.07676,0.21438,0.82267,0.13661,-0.77903,1.87558,-0.53386,0.25631,-0.62342,-0.90673,-1.62331,0.07883,0.29396,0.77806,-0.48187,0.1804,-1.17889,2.24157,-1.7006,-0.83728,-0.33232,-0.94276,1.51529,0.07139,0.11257,-0.18947,1.54038,-1.19954,1.47044,-0.61148,0.66491,1.60661,-0.10887,0.07398,-1.15708,-0.26454,-0.87443,1.70227,-0.01503,-0.43337,0.43489,0.33175,0.39969,1.27056,-1.83555,-0.46652,-0.10022,-0.98804,1.33007,0.32858,0.25972,0.94979,-0.38102,-0.41378,1.24417,0.55994,0.19801,1.1196,0.70889,-0.09946,-0.59336,-1.33212,-0.56171,-1.59421,-0.5711,0.69067,-1.8609,-0.97821,2.39162,-0.07489,-0.58067,-0.06184,0.78442,-0.38045,-0.99191,0.63273,0.10762,-1.10105,-0.48967,0.13337,0.39152,1.09737,0.56111,-1.69558,1.15633,0.25602,-0.46307,-1.66714,-0.62852,-0.28352,0.5299,0.56664,-0.15052,1.26533,-0.34427,-1.05331,0.51497,0.96401,-0.48094,0.24112,-0.07472,1.30974,-1.3056,-0.93659,-0.23552,0.26557,-0.1899,-2.15988,1.46949,-1.17392,-0.40727,-1.7557,-0.21163,1.61016,0.02221,-0.06065,-0.56899,0.60828,-1.08324,1.03878,0.65398,1.4627,-0.94217,1.15359,-0.35118,0.09112,0.17661,0.50577,-0.5466,-1.18153,0.39144,3.41821,-0.38346,-1.61689,-1.43346,0.65314,1.24289,-0.28346,0.64394,-0.81156,-2.05327,0
-0.94514,0.7068,-0.35042,0.03466,-1.17307,-0.31342,0.29839,-0.02241,-0.88091,1.37968,0.89188,-1.08534,1.50166,-0.8709,0.35034,0.94693,-0.52243,0.30244,0.88629,-0.70017,-1.25415,-0.38628,-1.25545,1.46358,-0.48404,1.43942,0.77016,-0.35194,1.18852,0.43685,-1.15116,0.78618,1.55053,0.52508,-1.90354,0.44009,0.54387,1.76156,-0.7686,-0.42397,0.47883,-1.11679,-0.97541,-0.32441,0.4465,-0.4355,1.09875,-0.94124,0.14639,1.50315,-1.19753,1.86256,0.70144,1.97347,-0.97261,-1.07004,0.04942,-0.6635,-0.69266,0.52412,0.47379,-0.46297,-1.83541,0.03478,-1.7515,0.12448,0.54765,-1.49957,0.31979,0.18396,-0.79289,-1.21892,-0.17971,1.36421,-2.84871,0.83543,-0.55903,-0.76532,1.7534,0.23761,0.30212,-0.04523,-3.07783,1.63401,-0.0754,1.51069,0.8104,0.008,-0.55531,0.65269,1.88827,0.4177,1.14642,-0.64526,1.21844,-0.34691,0.67518,-0.63142,0.93528,-0.18255,0.56976,-0.79205,-0.66131,0.13053,1.05102,0.28517,-0.01845,0.49573,-0.0667,0.16661,-0.89023,0.66122,0.06875,-1.41874,1.78046,-0.0189,-0.53617,-1.1389,0.03215,-1.42294,1.59066,-0.40126,-0.41399,1.11893,1.23654,-0.14901,-0.92957,-1.18693,-0.01278,0.81546,0.90046,1.02785,1.76666,-1.71709,-0.08244,0.19325,0.85193,-1.11926,-0.856,-0.03549,-0.7543,-0.74276,0.22264,-0.26769,-0.74423,-0.68092,0.32144,0.88356,0.14854,0.41183,-1.67537,-0.91895,-0.7208,0.10737,-0.08459,-0.99102,0.96657,0.48957,2.62535,-1.20667,-0.58227,-0.49557,0.07001,0.21669,1.52475,-0.29,0.96373,0.12961,-0.03039,0.60237,0.73731,-1.12938,1.17468,1.72373,2.50229,0.63924,1.87171,1.24394,1.28199,-0.79509,1
-0.45928,-0.92296,-0.0313,0.81556,-0.74976,-0.8721,-0.0782,0.98229,-0.64675,0.84119,0.65103,0.26214,-1.13187,-0.6591,0.43993,-0.44419,-0.43484,0.39625,-0.38045,0.12873,-0.05535,-0.35411,-1.17191,-0.60661,0.14713,-0.5503,0.5629,1.90129,-1.61382,0.93731,0.55916,0.06824,-0.96684,-0.3018,-1.07019,1.32428,0.48164,-1.01909,0.77561,1.48585,-0.03454,-0.9006,0.27128,-0.35049,0.16971,-0.1487,0.44471,-0.26976,1.14923,-0.43154,-1.43934,0.26039,0.24758,1.68197,0.31515,-1.17989,-0.15666,-0.22592,0.25096,0.0757,1.21517,0.6609,1.51936,0.61758,-0.8794,-0.07573,-0.53027,0.14905,-0.10325,-1.21192,2.81115,-0.32852,0.39641,-0.30813,0.14414,-0.51791,1.46568,-0.52821,-0.22203,1.14629,2.33109,-0.9322,0.81939,-0.44196,-0.18206,0.35177,-0.33745,0.59091,2.43877,0.53366,0.51682,-0.99384,-0.18713,0.57157,0.39484,-0.707,-0.43714,-1.21944,0.10499,-0.35422,-2.76348,-0.35973,1.16441,-0.14158,-1.28729,-1.53172,-0.74061,-0.06902,-0.08327,-0.56671,1.94943,0.70004,0.49344,-0.25422,-0.58593,-0.92778,0.48592,0.23145,-0.90496,2.11877,0.67662,-1.38551,-0.66681,0.53245,0.31397,0.23793,-0.68239,0.56897,0.65288,-0.05683,0.42052,0.66848,-0.15975,-0.35472,-0.77109,0.31447,1.36605,0.15443,1.64082,0.19625,-0.45593,0.5562,-0.62708,1.28473,-0.2112,0.92799,0.13274,-1.11646,1.84666,0.62958,0.16372,0.89153,1.27622,0.8904,-0.09365,-0.54553,-0.39718,-0.1837,-0.59608,0.31312,0.88254,-0.68045,1.83226,-0.28913,0.85393,-0.99648,-0.82349,1.14178,-0.82485,1.41069,-0.61338,0.63437,1.11578,0.21321,-0.45375,-1.5291,-0.98037,0.1128,-0.31104,1.47601,1
0.22592,-0.85627,1.61873,0.48303,-1.30904,0.72364,0.90161,0.1289,0.15082,0.19545,2.35874,0.25246,-0.38418,-0.99903,1.71354,-1.20559,1.52894,-0.96581,0.30322,-0.25493,0.17614,1.01438,-0.44027,0.62545,-0.41308,-1.72139,0.46336,-0.07238,0.58386,-0.05472,-1.71888,1.16115,0.48303,0.2811,-1.25501,1.70701,0.15924,0.11551,-0.52596,-1.1359,-1.84331,-0.07482,1.066,-2.53931,-0.41474,-1.6552,-0.53294,0.56834,1.56452,0.3502,-0.875,0.33764,-0.75041,0.11807,0.14209,0.12692,0.43453,-0.4268,-0.04622,-0.80939,-1.09308,0.78819,0.42041,1.04387,0.13478,0.27423,0.72823,0.14012,-1.38222,0.45855,-0.7325,0.95018,-0.31397,-1.25919,0.52408,-1.18813,0.38833,-1.62652,-0.67666,-0.06039,-0.99472,-1.31371,-0.3619,-2.42112,1.59442,0.25724,-0.75834,-0.02396,-0.20006,-0.80038,-1.71044,-0.02626,0.77568,0.93386,2.81675,1.00715,-0.48743,0.71844,1.19463,-0.06966,-2.53342,1.41107,-0.1743,1.71143,-2.52952,1.45084,0.50547,0.17613,1.36817,0.04875,-0.11676,0.39577,-0.79892,0.57013,0.64978,0.07668,0.01455,-0.26541,-0.66352,-0.66736,2.00651,0.46559,-0.40954,0.04836,1.98941,-0.16483,0.21184,0.45879,0.36795,-0.04603,0.35462,-0.7254,-0.58613,0.09059,0.46391,0.71567,-0.59041,-0.1254,0.59581,1.14632,-2.3492,0.71149,-0.16465,-2.22965,0.3263,2.27143,0.65231,-1.33681,-0.56564,-1.91232,-0.49347,-0.28339,0.7201,-1.52014,1.08447,0.80438,0.36059,1.06796,-0.00801,-1.58052,-1.16988,-0.22039,-0.48455,0.30611,-0.9354,1.34368,1.51269,2.70552,-1.26252,1.99872,-1.5177,0.80397,-0.72331,0.94371,1.67329,0.2288,0.85916,-1.46419,-0.8277,-0.65202,1
0.06092,0.60434,-0.81613,0.64453,1.71471,-0.77535,1.42447,0.31058,1.10187,-0.82247,-0.27682,0.07952,0.06693,-0.68021,0.19411,0.59609,0.44875,0.12101,1.03934,-1.85526,0.39827,-0.28872,1.21319,-1.07171,-0.26346,1.97273,0.57686,-0.24706,-1.1122,-0.12524,-0.80089,-0.61747,1.54045,-1.61941,0.33063,-0.7897,-0.1485,-0.34582,0.05627,0.26632,-0.87916,0.78475,0.96323,0.09263,-2.51102,-0.91731,-0.70314,-0.0087,0.37159,1.42329,-1.88036,-0.83546,-0.37378,-0.06771,-0.15075,0.71419,1.1301,-0.25257,-0.91999,1.25522,0.458,0.99618,0.50504,-1.08112,0.32436,-1.65629,-0.33849,-0.71074,0.01614,-0.74167,0.35431,0.10155,-1.2692,0.49312,0.57984,0.64844,0.27608,0.36064,0.0685,0.75187,-0.30834,1.27637,-0.26819,1.01724,1.11397,1.87472,-2.40207,1.3836,-0.72062,-0.84969,0.45285,-0.23013,0.10065,-0.07921,1.18208,-1.41659,-0.41061,1.51152,-0.48344,0.15833,-1.28052,-0.6158,0.94822,-1.12608,0.93434,0.06365,0.53788,-1.60931,1.33671,0.17733,-0.11723,1.3263,-0.92381,-1.45882,0.67859,-0.83077,-1.48143,1.14924,0.6277,-2.32071,-1.16326,-0.13816,-0.797,-1.40135,0.4536,-0.21423,0.44524,0.90393,0.56323,-0.13817,1.30295,-0.97881,1.29626,0.77282,0.58369,-0.15828,-1.1382,0.61439,0.80638,1.04067,1.62413,-0.26503,-0.58816,1.2543,1.34546,1.81843,-0.29758,1.36337,0.25584,0.69898,0.86334,1.99133,-0.51642,0.41949,-1.3219,-0.60605,0.67499,0.65167,0.04202,-0.50905,-1.65345,1.80963,-0.14697,0.70772,0.27047,-1.25827,-0.52851,0.29347,-1.71808,1.04017,1.10511,0.54566,0.7585,1.01383,0.18632,0.15246,1.09765,0.21255,-0.55061,0.00863,1
-0.10986,-0.25249,0.68547,-0.64548,-0.46835,0.836,-0.23606,-1.27773,-0.37447,-0.44996,-1.50463,1.04467,-1.58589,1.35067,0.07415,0.82486,-0.03222,1.56945,-0.00959,-0.3093,1.02596,-1.81421,-0.04767,-0.16448,-0.68241,-0.78235,-2.03097,-1.87713,0.80235,0.7925,0.12298,0.50907,1.84975,1.32238,0.61565,1.80183,2.27507,1.38328,0.84476,1.5957,1.1737,0.66381,0.86063,-0.74778,1.11964,-1.67318,-1.17903,2.44705,-0.5087,-0.46681,0.73291,-0.23793,0.28932,-1.71545,0.37737,-1.32807,-2.4316,-0.47461,0.80667,-0.53845,-1.26799,2.53447,-0.09298,-0.43508,1.1201,0.02254,0.64749,0.72313,0.11632,1.01144,0.36117,0.84985,-0.76776,0.024,0.0137,0.26048,0.22992,-0.28827,0.9127,0.87935,-1.86283,-1.48736,-0.60926,-1.60761,-1.70145,-1.3798,-0.61561,-1.80435,-0.17805,-1.17733,-1.25643,0.02325,-0.27647,-0.42185,1.57252,1.09143,-0.81797,-2.5609,-0.0443,0.3129,-1.59685,0.22622,1.50005,1.65293,1.46046,-0.50371,-0.52185,1.67498,0.2477,-0.27123,-1.10748,0.82616,1.38717,-0.91785,1.66624,-0.26976,-0.0301,0.02367,-0.26027,-1.54261,0.13605,1.50765,0.93451,0.04214,-0.38902,0.21535,-0.45492,0.19801,-0.56463,0.81094,0.54796,-0.34866,-1.59783,0.49221,0.45401,1.18368,-0.51855,0.86433,2.07595,1.0407,-1.73715,0.22118,-0.1643,2.39021,-1.91608,0.16776,-1.353,-0.7189,0.20666,-1.59874,0.07311,0.17113,1.74481,-0.2947,0.44627,-1.07527,-0.64871,-1.06892,0.8923,-1.74841,0.2578,0.87252,0.89515,-0.10937,0.21079,-0.95507,-0.33735,0.85405,0.31245,-0.42344,2.0447,1.08666,0.42494,-0.26155,0.52748,0.38026,-0.52052,-0.06756,-1.8629,0.4933,0
0.50955,0.36209,1.34893,-0.76009,0.07659,-1.16705,0.01176,0.5494,0.62453,0.99966,0.60172,-0.7176,-0.2072,-0.24398,1.58487,0.80262,0.44024,0.98285,-1.42418,-0.20551,-1.37792,0.50707,1.39224,0.35792,-0.80503,0.31007,-0.18542,0.9695,-0.30559,-0.48915,2.46664,-1.76103,0.25214,-2.1914,1.31613,0.68047,0.32137,-0.3643,0.58848,1.03777,1.18916,0.43973,-0.04587,-0.68675,-0.44205,0.82997,1.36044,-1.22084,-0.01192,0.68954,-0.25064,1.76775,-2.51244,-0.5364,1.04734,-0.92041,-0.43732,-1.84335,-1.24132,0.82755,-0.05169,1.39717,-0.3262,0.22425,-0.9109,-2.61502,-0.21636,1.96342,0.70766,0.66649,-0.73264,0.015,-0.57505,-0.17384,0.86592,0.93846,0.61574,-0.0844,0.50455,0.85359,-1.41335,1.26624,-0.77381,0.22303,0.89945,-0.00637,-0.6611,0.18013,-0.96049,0.29377,0.57467,-0.49419,0.55086,1.13157,-1.71579,0.17391,1.48317,1.53098,1.27209,0.38297,-0.94912,-1.51037,-0.85843,-0.64031,-1.18423,-0.548,-1.13864,-0.95137,0.97741,1.05738,0.60791,-0.38585,-0.76335,-0.57564,-1.12958,0.46244,0.53293,-0.24126,0.43792,-0.92593,1.34333,-0.4468,-1.64221,0.3285,0.18283,-0.07144,0.35535,-0.00465,-0.68338,-3.08571,-0.61354,-2.65809,0.36285,-1.51991,0.3223,-0.83363,-1.04297,0.22435,-1.70848,1.49917,-0.22812,-1.36441,-0.57269,2.17607,2.22586,0.65527,0.84526,-0.80416,-0.73,0.44792,0.98962,1.09999,0.17896,-1.48594,-1.42889,0.04594,-0.7356,2.91548,-0.12854,0.21738,-0.23557,-0.70996,-0.16655,0.32312,-0.36213,0.33709,-0.56371,0.12334,0.29535,-0.03713,0.68038,0.0044,0.55628,2.00044,0.02076,-0.47577,0.66778,1.0881,1.59613,-0.14696,1
2.21679,-1.30018,-0.15003,-1.08352,0.28998,-0.53928,-0.22237,-0.6186,-0.38768,-0.24042,0.64265,-0.42486,-1.02155,-0.06622,-0.8742,2.68336,-0.41395,-0.10598,-0.44168,2.57182,-1.08666,0.36175,1.67842,0.01341,-0.78282,0.60182,0.48187,0.07017,-0.82324,1.74275,-1.15892,-1.82285,0.65818,-1.27614,0.92561,-0.58775,2.01424,-0.55924,-0.77407,-1.6066,1.0783,-0.90606,0.21719,-0.46388,-1.13921,0.51505,-1.00676,-0.04709,-0.08874,0.16974,0.07264,-1.30754,1.64134,-0.16072,1.17202,-1.21306,1.00413,-1.83307,-0.84398,-0.22241,0.74249,-2.35944,1.185,-0.59101,-0.16891,1.06088,0.65953,0.82534,-0.34161,-0.79386,2.78856,0.84942,0.20948,1.32811,-0.16394,0.69551,0.86281,1.2107,0.26051,1.29483,0.82648,1.06115,-0.07906,-0.29656,0.17745,-1.0456,0.1962,-0.49499,-0.04586,0.29025,-0.24381,-0.69833,-0.68921,-1.21097,0.44804,-1.36531,0.57296,-1.38307,-0.45889,0.36478,0.39268,-2.02565,-1.17206,-1.47483,1.18259,-0.78865,-1.06398,1.51325,-0.0393,-1.45997,-1.08021,-0.7551,0.9356,1.78021,-0.19026,0.52078,1.53632,0.29974,0.54562,-1.80913,0.6059,0.05699,0.25006,0.30751,-0.33539,0.48911,0.64872,-0.39763,0.15798,-1.26338,0.73127,-1.40038,0.70552,-0.64383,-0.41562,1.21777,-1.61986,0.06901,-0.53602,-0.77145,0.50248,0.79126,0.07451,-0.38793,-0.61279,-0.60681,-0.65328,2.23328,0.48717,1.82717,-0.27673,-1.21323,2.03213,1.11054,-0.44256,-0.26837,0.27584,0.55327,0.51306,1.56167,2.20783,-0.0371,-1.27673,-0.13258,0.09898,0.33619,-1.64604,-0.15228,-0.94768,-0.02753,0.28751,1.25454,-0.76277,-1.60667,-0.40846,-1.69337,-0.28603,-1.31697,-0.12655,1.30735,1
-0.49208,-2.055,0.45776,-1.19899,0.1999,0.79836,-0.06067,0.85718,-0.26414,-0.63293,0.94927,0.98393,0.89722,0.59047,0.05506,0.27981,-0.2086,1.17131,0.52855,0.47614,0.49725,-1.59281,0.98139,-0.04564,0.8881,-1.34345,0.26476,0.24439,-1.93684,-0.03541,-1.04612,-0.31099,0.78486,-1.33198,0.41538,-0.44718,0.15337,-0.2778,1.24955,-0.72468,0.55091,0.02031,-2.62256,0.58451,0.12327,1.58091,0.61071,-0.17565,0.1101,1.14388,-0.08507,1.18739,1.17871,-2.4727,-1.64994,-1.01374,-0.57948,0.01907,1.25947,0.52354,-0.95787,-0.96001,-0.8069,-0.18484,0.19329,0.56186,0.29627,-0.21644,0.0588,-0.51389,0.66658,-0.75932,0.08143,0.84595,-0.66943,0.0367,0.00868,-0.53817,0.17274,-2.44364,-0.23776,1.49672,-0.89924,2.12924,-0.21146,-0.95636,1.94196,0.78759,0.87367,0.33997,0.01865,-1.58102,0.19178,0.45051,1.74106,1.69277,-0.88456,0.12794,-0.16065,-1.00576,0.14751,-1.05158,0.52557,-0.18305,0.73239,1.19877,0.33983,-1.49333,1.35926,-1.76608,-0.4272,-0.35475,0.5733,0.83485,-0.25103,0.3794,0.23519,-1.65498,0.18147,-0.6767,-1.25076,-0.1377,1.13755,1.42772,-2.00542,0.32341,0.04722,-2.59417,-0.06873,-0.00771,0.47475,0.11832,-0.10622,-1.98942,-3.46229,-0.57092,0.73941,-1.42709,0.54659,0.53267,-0.20651,1.19123,-0.3924,-0.01275,0.58087,0.05715,1.21473,1.03573,1.93056,0.38525,-0.92607,-1.98029,-1.08841,0.65058,1.38232,0.48113,0.97878,0.56863,-0.57363,-0.05895,0.6525,-0.23892,-0.00874,-0.34546,-0.13684,0.71297,-0.04078,0.00492,-1.89717,0.82235,-0.89488,-1.30008,1.17339,0.00217,0.0903,0.73267,1.42627,0.05722,0.74014,-0.20888,0
-2.29719,2.34439,-1.19569,-1.30175,-0.18204,-1.60385,0.23483,-0.22643,0.85785,0.78097,-0.12535,1.05832,-0.80795,0.31241,0.66408,0.59124,0.43434,0.41891,-1.86688,-0.35802,1.19853,1.26204,-1.3305,-0.14202,0.61196,0.36778,2.33173,0.3013,0.53089,0.06219,-1.45368,2.05,-0.02259,1.43439,-0.97687,-0.36732,0.13683,-0.30184,-0.52788,-0.41991,-1.06064,-0.6776,1.21637,-0.49197,-0.10936,2.02835,0.78544,-0.09697,-1.38815,1.87727,-0.91645,-1.24602,0.84648,0.78885,1.53915,-0.79029,0.85029,0.07716,1.17737,-1.07913,-1.64732,-1.86887,0.02678,-1.57231,0.66231,0.54233,-0.97538,0.64725,1.32909,-1.62145,0.3205,0.24906,-0.17931,-0.46608,3.2332,0.71494,0.36378,-0.78946,1.25654,0.68146,-0.64453,-0.18822,-0.2621,1.81425,1.17112,-0.42045,0.5576,-0.25044,-0.10038,2.03355,-0.33069,-0.81949,-1.82775,-0.12369,0.68875,-1.0767,-0.62986,-1.65182,0.99571,-0.79348,-0.50685,0.80537,-0.83964,0.07882,1.23172,0.22691,-0.68845,-1.89806,0.4861,0.69939,0.06312,0.62424,-0.29188,0.33172,-0.43173,-0.11485,0.30441,-0.7825,-0.09519,0.48078,0.28512,0.44378,-0.50757,0.06631,-0.13125,0.93525,0.94364,-1.31421,-0.21209,-0.50267,0.22649,-0.33308,-0.38159,1.52481,0.42999,0.9529,-1.29653,0.05151,0.7575,-0.37258,-0.4873,-0.01125,0.82544,-0.99698,1.18795,-0.08411,-1.25166,1.16603,-0.55882,-1.62236,-0.97164,0.9119,-0.53271,0.47195,0.67896,0.07394,-0.38751,-1.03818,1.57618,0.94677,-0.61888,0.17506,-0.24046,-1.15849,-0.41523,0.73283,-2.00767,2.54016,0.27357,0.2228,1.2062,-0.59623,0.63974,-1.08851,-0.21573,-0.67373,-0.36727,-0.9559,-0.34098,-0.4678,1
-0.32526,0.56277,0.27197,-0.85811,0.36108,0.80315,-0.36003,-0.00223,-0.41442,-0.17318,-0.21541,0.34375,0.06552,-0.75015,-0.84518,0.48214,0.14426,-1.52586,-1.36849,0.03446,-0.1522,-1.15365,0.32951,0.01488,-1.8348,1.57016,-0.37701,-0.31376,-0.2194,-0.03135,-1.14719,-1.27236,-2.37888,0.78931,0.08339,-0.0374,0.48144,2.28253,-0.06689,0.91751,1.46967,0.8303,0.23106,0.99337,-0.8676,-1.04178,0.61155,1.909,1.0667,0.43429,2.96952,-0.6157,0.58733,-0.88925,-1.78728,-0.55788,1.40238,2.27364,1.418,0.08017,-0.89545,-0.31561,0.89014,-0.63637,1.80172,-0.44507,-0.96421,-0.72409,0.36663,1.09225,1.31761,-1.58805,-0.675,1.48221,-0.16086,-0.71386,-0.70614,-0.31309,0.23959,-0.268,-1.42077,0.33704,0.1768,0.67275,-0.05648,-1.21214,-0.89038,0.95627,-0.38167,0.55044,-0.68078,-0.47954,-0.2165,0.95765,-0.82848,1.73689,-0.21325,-0.5698,-0.12283,0.18644,-0.69241,1.50997,1.31107,-2.06081,0.7257,-1.46984,1.75688,-0.7072,-0.03003,0.41217,-0.11513,-2.1017,1.40205,-0.44209,1.67328,1.69343,0.72265,-0.43859,-0.59688,1.68991,-0.59828,0.45595,0.14974,1.05912,-0.53872,-0.67295,-0.03537,2.45202,-0.62318,-0.99674,0.60245,0.25713,0.13762,-0.23548,-0.8837,0.58037,1.52597,-1.04402,-0.79238,0.55495,0.43935,0.40614,-1.30952,-0.06305,0.64502,0.31891,-0.23946,1.10016,1.14563,0.31862,-0.33686,-0.47865,2.12161,0.92379,-0.50165,0.7804,3.43611,-1.58374,0.13161,0.93416,-1.04677,0.81689,0.22753,0.39024,-0.90158,0.92253,-0.0804,0.45715,0.66225,-1.08201,-1.20418,0.0341,0.51088,-0.34219,2.83969,-0.14012,-0.22721,-0.19209,-0.27921,-1.77933,0
-1.20116,0.59947,-0.43002,-1.22082,-0.78407,-0.62188,1.42579,-1.03,-1.26744,-1.16915,-0.65204,0.40392,0.38983,-0.39179,-1.0411,-0.53531,0.68312,1.15363,0.39421,-1.70598,0.09404,1.38963,-0.3776,-1.38577,-0.8777,-1.23153,2.49249,-1.09731,0.60901,1.72341,0.31982,-0.46887,0.89881,-2.1839,-0.72938,0.78839,-0.19895,0.36771,0.04464,0.25607,0.48056,2.6006,0.78649,-0.01192,-2.32852,0.01577,1.81333,-0.90515,-1.15778,1.56758,-0.63952,-1.13299,1.55523,1.88895,-1.69091,-0.30662,-0.85889,0.98801,-2.36692,-0.30638,0.9499,0.83687,-0.81777,0.14933,0.09881,1.91577,0.68743,0.30076,0.44103,-0.04891,1.0475,-0.12359,0.5095,0.80479,2.14367,-1.32725,0.51646,0.69833,-1.25112,0.02353,0.73861,-0.02079,1.11621,-0.43983,-0.35436,-0.20283,1.07957,-1.11045,0.45034,1.49017,1.14873,-0.16934,0.69749,0.35498,0.4139,0.19737,-0.02679,-0.34276,2.54361,-0.68793,-0.81501,1.71121,-0.1809,0.7032,-1.08255,0.44301,-1.34849,0.43642,1.3258,1.85159,0.60972,-1.39436,-0.6593,0.00437,0.65861,0.07066,-0.01323,0.59392,0.03412,-1.06731,1.86092,2.0546,-0.56454,-1.26462,0.10842,-0.37764,-0.38034,-0.40656,-1.48523,-0.09604,-0.51398,-0.68324,-0.03359,0.89239,0.38565,0.08574,-0.48974,-0.0028,-1.45549,-0.20994,-0.61818,-0.94455,-0.80428,-1.86552,-0.67758,-1.48873,3.04868,-0.81084,0.493,0.73979,-0.54065,0.27729,-0.71703,-1.60582,2.17689,0.76045,0.23435,0.41232,-1.96742,0.49293,-0.13276,-0.91682,-0.31977,0.10367,0.76961,-0.01655,-0.78275,0.21494,-1.33491,0.43243,1.39668,-1.55695,-0.9405,-0.86313,1.31466,-0.60531,1.7174,0.15411,0.06819,-0.80314,0
0.96804,0.02113,-1.25549,-0.04922,0.30787,-1.17292,0.59189,-0.11316,0.58768,0.20155,-0.26514,-0.41027,-0.83483,1.21364,0.35556,0.51463,1.4457,1.01669,1.51119,0.04328,-0.78424,0.44558,2.29166,-0.85066,0.4073,-0.78483,0.11203,0.9921,-1.81873,0.65313,0.79456,0.20615,1.02085,-0.14243,-0.19225,-1.60017,-0.92316,-0.37725,-0.77043,0.34454,2.05739,0.37265,0.79135,-0.51755,-0.28087,1.39249,-0.7993,-0.24187,-0.08318,0.9873,-0.50769,-0.04424,0.61071,-0.75006,-0.31966,-0.58737,1.17422,0.50069,-2.73721,0.7709,1.24858,-0.45721,2.73616,0.46092,1.01043,-0.41557,0.05568,2.59263,-0.02737,-0.27951,0.08268,-0.76051,0.45747,1.57961,1.23772,-0.90636,0.17759,1.21963,-0.37896,-0.9507,1.29763,1.47419,0.82825,1.63148,0.24386,-0.00127,1.40587,0.10693,0.5026,-0.2913,-0.24578,-0.55769,1.63294,0.45486,0.19379,-0.16211,-0.71909,1.85731,0.09117,1.31778,1.55453,1.38003,-0.70156,-1.56121,-0.17326,0.06747,0.74246,0.1624,2.19725,-1.37521,0.23391,1.02145,-0.75326,-0.92267,-0.58448,0.12508,-1.0406,0.06427,-0.37295,-0.11608,1.64372,0.62871,-1.16078,-0.13254,-1.98696,-1.98683,0.76759,1.44734,-0.30859,-1.43519,0.38589,0.59264,0.60173,0.668,0.41364,-0.05166,2.15539,0.4483,-0.02648,0.72418,-1.54881,-0.40784,0.00482,0.59647,2.70007,-1.11647,0.07988,-1.7863,0.7067,-0.60029,-2.02176,0.15129,0.95689,-0.14646,-0.46275,1.87029,-0.90631,-1.15403,-0.32399,-0.2766,-0.73015,-1.58003,0.04011,0.42308,-2.00384,-0.38973,-2.0878,1.19674,-0.51435,-0.3953,-0.40017,0.6724,2.01747,0.48014,0.16657,0.35084,0.21218,2.20877,2.11356,-1.73636,0
1.03795,0.3292,-0.29054,0.79565,-0.48342,0.11155,-0.0866,1.74428,-0.13836,0.54319,-1.21418,-0.58195,0.31386,-0.19485,-1.90926,0.25638,1.08278,-0.89332,1.60025,-0.60556,-1.29457,-1.4559,-0.23737,-1.04209,0.79632,0.2326,-1.17401,1.49907,0.1733,-1.40012,-0.28586,0.28941,-0.7725,-0.40938,1.69386,0.40222,-0.2275,0.94018,-0.09913,0.78624,-0.34003,-0.58791,0.53672,0.01689,1.42038,-0.19852,1.20709,1.74903,0.82513,0.63644,1.44258,-0.24712,-0.888,-0.64669,-0.86104,-1.05231,0.69154,0.6793,-0.47933,-1.64129,-1.2699,-0.11692,0.1575,0.78091,-0.1721,0.40534,0.05769,-1.19845,-0.42145,-1.32158,0.83203,0.09385,1.01134,0.36649,-0.68843,0.34321,0.28801,-0.71635,1.39792,-1.40191,0.47835,-0.59308,2.83087,0.13182,-0.45403,1.31918,0.42775,-0.2194,-0.15777,-0.68892,0.12042,0.53813,-1.48928,-0.46032,0.09761,0.31945,-2.02973,1.91079,0.2862,0.8969,0.10008,1.28912,-1.05554,1.55716,-2.09119,0.49914,0.53478,-1.33263,-0.77382,-0.6653,0.53288,0.64581,-0.05307,-0.41382,0.35825,-1.18931,0.60687,-0.51933,-0.20258,-0.62717,0.29726,-0.29799,-0.58033,-0.45352,0.64186,-1.3017,-0.36381,0.29279,-0.79437,1.15923,-1.13825,1.81172,1.67099,1.3683,0.68608,-0.5536,0.48287,-1.77699,1.72452,-0.15969,0.11064,1.36691,0.56976,-0.66243,-0.78812,-1.99815,0.16695,-0.20995,1.03102,-0.47074,1.74298,0.15732,0.52483,0.12065,-1.69531,0.36944,0.00613,0.28734,0.41311,-1.45449,0.12195,0.35572,0.70848,0.97771,1.44447,1.23755,0.60604,-0.69414,-0.75607,0.92789,1.14497,-0.23495,-0.41637,-0.52632,-1.14965,0.19051,0.02356,-0.83651,-1.2259,-0.58427,0
-0.91521,0.00909,0.66269,0.31388,-0.02575,0.69887,0.25115,-0.52594,-0.25982,2.34505,0.14813,-0.99157,0.34711,-1.04943,0.9077,1.46108,-0.71605,-0.28117,0.99103,-1.18586,0.68941,-0.29012,-0.14112,-1.21992,-0.97318,-0.772,-1.26303,-0.0224,1.80322,0.55599,0.41753,-1.40442,-0.36931,0.04361,-0.78797,0.56591,1.26449,-0.82621,-2.61616,1.83477,-0.05013,0.48994,0.43916,-2.10175,0.98571,1.25171,-0.07455,1.37462,0.41455,0.97056,-0.61475,-1.52525,-0.08047,0.14539,0.42493,-0.54944,-0.67048,1.48795,0.66852,0.21175,0.92404,0.29727,-0.20899,0.4658,-0.89473,-0.15107,-1.1693,-1.25373,1.47627,-0.36292,0.51185,1.14128,-0.75078,-0.28268,1.26814,1.35982,-0.94796,-0.38443,-0.53715,-1.4664,0.41389,0.97923,0.9817,-1.14038,1.24498,0.49837,-0.76847,0.93362,0.34125,-0.75184,0.08031,-1.93967,-1.08134,-1.5812,-0.67422,1.75377,0.03205,1.04396,0.22235,0.10453,-0.01958,-0.60426,-0.67697,0.10499,-0.30075,-1.9824,0.0399,-0.46786,-0.07688,-0.05974,-0.70053,0.3266,0.15568,0.26793,-0.16511,0.09869,-0.04708,1.37367,-2.05992,-1.35407,0.05292,1.25282,0.36005,0.96767,-2.04209,0.60838,0.74361,-0.32521,-0.62533,1.84402,2.22847,-1.0147,0.00158,0.33142,-0.38718,-1.27691,-0.30032,0.28228,-0.26816,0.37296,-0.74932,-0.27611,-0.5605,0.41512,0.26798,0.2998,1.58218,-1.24752,-1.0179,1.75563,1.05003,1.11873,-0.89427,1.18512,-1.20442,0.64508,0.97706,0.37202,1.15267,1.75418,0.31665,0.95204,0.30005,1.22627,-0.00802,0.05403,1.34357,-0.44815,1.88828,1.7014,-0.44539,-0.11459,0.90996,-0.20478,-1.28499,-0.4677,-0.64648,-0.74272,-0.71913,-0.02508,0
0.79804,0.38781,0.55826,-0.21485,-0.8134,1.00261,-0.50685,-0.5781,-0.94009,-0.24257,0.24409,-0.32857,-0.80842,-1.41702,0.32443,0.82086,-0.64984,-0.3812,0.41948,0.12917,-1.02094,0.01271,1.59898,-1.40839,0.66019,-0.49287,1.25749,0.86472,0.01874,0.67844,-1.77459,-0.53359,-0.99335,-0.71719,-1.4106,1.1281,0.08146,0.61822,-2.00148,-0.30118,-0.88969,-2.43329,1.26041,1.11648,-0.46515,0.0237,-0.70569,0.58311,0.93813,0.69929,-0.38377,1.27807,0.8154,1.42208,0.66774,1.55615,0.86465,-1.12422,0.05293,-0.26759,-0.54606,0.04621,0.66019,1.03262,0.2348,1.19362,0.34216,-1.63455,1.70554,0.148,1.31031,-0.27395,-0.94115,-1.46717,0.91151,1.0443,0.07737,1.65997,0.55903,-0.65808,-0.8362,1.17392,-0.54083,0.40194,-0.34961,0.42642,1.10874,-1.98088,0.93124,-0.17978,-0.37386,-0.25458,-0.38049,1.77216,1.21199,1.44993,0.64885,-0.23388,-0.59243,-1.5743,-1.02711,0.6319,-0.12738,-0.47287,-0.59151,-1.0575,-0.74694,2.06088,0.00665,0.49558,-0.79169,-2.38011,-0.09625,1.78592,1.70926,0.11196,0.39116,-1.03619,2.23739,-0.64883,-0.40004,1.19702,0.41119,-0.00261,1.17669,-0.56406,-2.07148,1.88307,1.56961,-0.73343,1.51769,-0.74151,0.28128,0.25653,1.8075,0.47995,-0.0127,-1.74665,-0.36978,0.233,1.27,-0.74995,-0.21198,1.44222,-0.4194,0.69225,-0.7688,-0.77244,2.07188,-2.03117,-0.8198,1.12469,0.13556,-0.34958,1.97966,-0.17943,-0.59953,0.53254,-0.15832,2.31112,1.25938,0.89819,-0.11962,-0.95138,-0.58517,0.72342,-0.65316,-0.45189,0.95694,-1.81886,1.49283,0.25679,0.63755,-0.96796,0.38124,-0.9002,0.16967,1.43225,0.59448,-0.20456,0
0.31983,0.78831,0.61923,-0.77082,-2.57527,2.52071,-0.12491,0.0145,0.20414,-0.74291,-1.3527,0.02729,-0.81623,0.78492,1.37407,-0.74676,-0.45685,-0.51563,-0.14535,0.04155,2.17048,-1.60511,-0.29095,0.1358,0.44829,-2.33157,-0.96086,0.14765,-0.04522,1.14826,0.66902,-0.00206,-1.22979,0.58863,0.37261,-1.15671,2.32017,1.78896,0.22759,0.74328,-0.63433,0.52339,-0.65646,-1.89402,-1.87687,0.86445,-1.71644,-1.30554,-0.45233,-0.27104,0.97897,1.17799,-3.20526,0.70392,-0.38864,0.62082,0.20556,1.90225,-0.90799,-0.88419,-1.79911,0.26075,1.67754,-0.52644,-1.68398,1.07378,-1.44526,0.79855,-0.74656,0.60756,-0.22237,-1.08402,1.04115,0.68033,1.71812,-0.62118,1.26258,0.05038,1.10448,-0.87256,1.38465,1.05659,0.54817,0.60729,0.41538,0.6774,-0.87155,1.15493,-0.78622,-1.79512,0.49722,-0.09375,-2.25579,-0.26715,-1.44554,0.33387,-0.75923,-0.35343,-1.07966,-1.36323,-0.29451,0.06317,0.30635,-0.14163,-0.42344,-0.90858,-0.24524,2.93593,0.14301,-1.828,1.42878,0.76721,0.25181,-0.51457,-0.77612,0.23518,-1.34861,-0.42944,1.46285,0.41957,0.62283,0.11122,-0.92638,0.34495,-1.52906,0.31867,1.01742,0.70951,-0.92032,-0.49493,-1.33214,-0.45455,-0.08731,0.24452,2.47961,-0.07414,0.10202,2.1659,-1.03314,-1.82467,-0.65637,0.14277,0.65787,-1.70462,1.68253,-0.90447,-1.01615,1.59974,-0.55629,-0.71997,0.43911,-0.84601,-1.84996,0.03014,1.34413,0.56225,0.25186,0.97984,0.54234,-1.42076,1.51422,0.26631,0.17522,0.01392,0.2035,-0.6311,0.29347,0.18767,-0.50499,-1.29264,1.76303,0.1484,0.13886,-0.10952,-0.55218,-0.78546,-1.28502,-0.54251,-0.35881,0.49011,0
-1.69471,1.59445,0.12346,-0.06318,1.95379,-0.92789,-0.26913,-0.42585,0.97585,-0.04916,-0.73242,0.03366,0.34315,-0.89986,-0.20539,-0.81566,0.7596,0.39995,-0.15378,-0.41513,-0.89356,0.65771,-0.88648,-0.10173,-0.59321,0.29397,0.30854,0.5681,-1.84626,0.56405,-0.01159,-1.06354,-1.08108,-0.93829,1.87064,-0.23674,-0.25493,1.63148,-0.97349,-0.02067,0.1882,0.41544,-0.52348,0.82937,-0.01041,2.2864,-0.56078,1.06326,0.30744,0.26941,-0.55263,2.51257,1.08754,1.05399,0.35076,-1.25182,0.53773,-0.18074,0.00685,-0.65412,1.69846,0.14672,1.24079,-1.35599,-0.30829,-0.3277,0.92901,1.58983,-1.28444,2.03297,-0.24068,1.89013,-0.85344,-0.8172,-1.11648,1.07284,1.14594,-1.00202,-0.8342,1.04413,-1.50988,-0.74186,0.40184,-1.23056,-0.00139,0.98129,-0.15869,-1.11085,1.0115,0.62861,0.05024,1.00269,0.8842,1.33785,0.66213,-0.86425,-0.0198,2.24187,-0.31976,0.43008,0.94045,0.0965,0.45543,-0.28695,-0.79737,0.99655,1.64317,-0.97713,1.28066,1.497,-1.66216,0.02973,0.67832,0.88687,-0.09021,-0.59462,1.05683,0.60689,0.38874,-0.94444,0.07299,1.69184,1.53209,1.28181,-0.5068,0.03461,-0.97994,1.26104,-1.49612,0.90154,1.20004,0.5835,-1.11038,0.378,-1.23672,0.1577,-0.13518,-1.60158,0.44782,0.43408,0.28415,0.27879,-0.69207,-0.6334,0.24372,1.4516,-0.23724,-0.27203,0.69519,0.35931,0.15706,1.23796,0.6148,1.29547,-0.78458,0.17191,1.46569,-1.18567,1.5847,0.03201,-0.33845,1.19603,-0.55225,1.03687,-0.88644,-0.2444,1.23656,1.25507,0.70785,-0.63146,2.05565,0.94573,-0.79836,-2.34254,0.24902,0.02894,0.56674,0.51126,1.49869,1.24059,0
-0.93509,-1.63486,0.76801,-0.40242,-1.0408,0.31937,-2.00693,0.79512,-1.6605,0.52969,-0.79846,0.58136,-0.53894,-2.11384,1.0044,1.03232,1.44232,-0.47408,-0.85798,0.00373,-0.36812,-1.87147,-0.641,1.90303,0.32205,1.00008,0.28809,0.05166,0.66594,0.07048,-0.65339,-0.07801,-1.55595,1.0168,0.96343,0.53316,0.55291,-1.50238,1.42853,0.79562,-0.29143,-0.1522,1.25816,-0.43113,-2.14721,1.28907,-0.44151,1.3908,0.46655,-0.46012,1.61079,-0.51939,-0.08763,0.30535,-0.44353,-0.81928,-0.67757,-0.88291,0.19269,-2.09277,-2.48563,-1.71368,-0.30741,0.85699,-1.11076,0.75879,1.58306,1.20281,1.28719,1.21534,-1.15271,-0.84617,2.04877,1.46246,-0.05251,0.40881,-0.06454,0.2355,0.4243,-0.01432,2.55276,-0.12062,-1.11008,1.38476,0.37557,-0.37541,-1.93531,-0.38253,0.55895,-0.6868,-1.1449,0.32404,0.39992,1.35935,-0.71684,0.31373,0.98913,-0.79685,-0.32266,0.32433,0.90012,-0.07925,0.98514,0.33427,1.43581,-1.6114,-2.30857,-0.14295,-1.38281,1.4186,1.34181,-1.0962,-0.67081,-1.7445,0.03748,-0.26127,-0.20545,-0.01061,-0.3426,-1.19441,-1.72718,-0.81922,0.02349,0.56327,-0.74331,0.13247,2.02703,0.33961,-0.39785,1.51878,0.86069,-1.72756,-1.1294,-0.31307,-0.57605,-0.21637,-0.93602,0.70774,0.76348,0.17859,0.15406,-0.54377,-1.9325,-1.19226,-0.75846,-0.20782,-0.5741,-0.35685,1.59865,-0.42169,-0.20958,0.12722,-1.34005,-0.3723,-1.35422,0.24932,-0.687,1.31742,0.39281,-0.76386,1.73189,-0.51292,-1.0485,1.4122,-1.10128,1.31352,-0.16137,0.58587,-1.29158,-0.39737,1.34432,-0.24635,0.7798,0.01742,0.79739,-1.64218,-0.70048,0.75229,0.24256,-0.27307,1
-0.35286,-0.15449,0.86143,1.69974,-0.76456,0.13537,-0.01861,0.81597,-2.49749,1.65535,0.7701,1.07194,-0.1871,-1.37798,-0.62222,1.05803,-0.35318,-1.72801,0.58872,-0.71839,-0.60605,1.98516,0.35077,-0.76742,-0.80895,0.45643,1.18389,-0.25572,-1.74037,-0.046,1.43338,-1.15752,0.4162,0.56807,1.03232,1.07708,0.6432,0.07041,-1.71687,-0.03073,1.18862,-1.75801,0.69236,1.14716,-0.0722,0.67922,-0.94671,-0.491,0.73538,1.09043,1.06616,0.90428,-0.76161,-0.01493,-0.92765,-0.61799,0.57965,0.72007,-0.8083,0.42589,0.00203,0.24962,-0.17985,0.80999,-1.32033,-0.0865,1.5105,1.35391,0.15591,-0.47773,1.20414,0.49018,0.25262,-0.87716,0.54155,-0.3998,-0.04066,1.10535,0.08708,-2.88251,1.26479,0.33289,0.16413,1.76301,-0.09111,-0.60171,-0.16302,0.85429,1.27108,-1.14504,1.30255,0.46979,-0.04816,1.23499,2.93203,0.40438,0.71077,-0.50689,-1.18994,1.29843,-0.46041,-1.40013,1.25859,-0.04611,-0.09533,-0.29258,-0.58798,0.28097,-1.70483,0.43419,-1.0741,1.25538,0.43136,-0.62109,1.30961,0.7119,-0.68853,0.94907,-0.41893,-0.7159,-0.04841,-1.02947,0.28891,-0.03885,-0.33438,-0.7509,0.33265,-0.62972,1.94406,-0.55281,2.0122,-0.33955,-1.52831,1.60193,1.52585,-0.0357,-0.57884,1.55795,0.73268,0.67117,0.67433,0.61337,-0.87914,-0.68874,0.50151,-0.65463,-0.81641,-0.58043,0.65026,0.63875,0.40282,-0.64157,-0.27525,1.36139,0.09055,0.34766,-0.25156,0.26397,1.08449,-0.53794,0.37198,0.45087,0.11914,-0.95046,0.77928,-0.52721,-0.66969,0.00749,1.20498,-0.06613,-0.13868,-0.28756,0.69692,-0.14753,-0.66048,-0.01509,0.58633,0.34306,0.69628,-1.11764,1
1.4893,0.41063,0.72792,0.05358,0.44874,0.39504,-1.30853,1.44616,0.65103,0.88168,0.82857,1.09725,0.62701,-0.15232,0.69478,-0.7766,-0.10524,0.80565,-1.09906,-1.38726,-0.75725,0.836,1.71785,-0.9228,-0.13726,1.1329,0.22512,1.37681,-0.05524,-0.48248,-0.08954,1.74558,2.6919,-0.61031,-1.49496,-0.75092,-0.65457,1.31688,-0.75997,-2.18775,-0.5208,-0.21924,0.69893,2.75681,0.14674,1.5825,-0.49268,-0.1508,0.38879,-1.11769,0.40827,-0.19351,-0.9881,1.73543,1.04852,0.53988,-0.37951,-0.92976,-0.37095,0.99793,-0.71675,-1.14875,0.45555,1.14464,0.87112,-0.39999,-0.11532,-0.79883,-0.64442,0.6851,-0.09462,-0.06487,-1.05322,-0.20795,-0.51964,1.12025,-1.84196,0.0453,-0.71334,0.52428,-0.12922,-1.08862,0.09189,0.26371,-0.00387,-0.1726,0.6139,0.54073,-0.94261,-0.68432,-1.77125,0.84398,-0.47493,0.0344,0.24428,-1.31525,-0.36203,0.72759,-0.27997,-1.24342,0.99055,0.38075,0.65706,-1.3749,-0.38239,0.93252,0.67608,-1.2135,0.53718,0.2517,-0.06035,-1.16789,0.84355,-0.61195,1.38197,0.83769,-0.61623,-1.29963,-1.21294,0.89575,-1.14481,1.53062,-1.41497,-1.71562,0.89097,0.81676,-0.73239,-0.68148,0.42088,0.14174,-0.32387,-1.19914,-0.13281,0.17249,-0.42218,-1.65526,0.42042,0.07728,-0.64951,0.48466,-0.9948,-0.16964,0.33805,-0.01411,-1.54633,-0.69881,-1.19404,-1.05348,-1.02788,-1.02738,-0.66905,-1.71672,-0.85986,1.45001,-0.11807,0.67782,0.24651,1.80065,0.63057,1.63816,-0.40848,-2.17893,0.30226,0.31689,0.99288,0.1301,-0.1514,1.15187,1.2546,1.04899,-0.01867,0.76436,-0.25339,0.83882,-0.69569,-1.4624,0.97487,0.03361,0.50442,-0.86181,0
0.33225,-1.16177,-0.95156,0.87485,1.70103,0.74479,-0.5529,-0.37904,2.63626,1.10608,0.68533,-0.61614,-1.29354,1.40359,0.36492,3.05217,-0.56844,0.44503,-1.61445,-1.72315,-0.18606,0.0788,-0.63954,0.63939,-1.47017,0.89146,1.45441,0.91247,-1.18665,-0.42206,-0.99651,1.24804,-1.09635,-0.23922,-0.87174,-0.63021,-1.01707,-0.5648,-2.3716,0.38817,-0.16389,-0.90394,1.90251,-1.08871,-0.72258,0.01108,0.45069,-1.01768,1.31935,-0.62312,0.81922,-0.2298,-0.27151,0.30552,-0.98126,0.25304,-0.27466,-0.18956,0.35681,0.47087,0.75033,-0.49928,1.12681,1.66192,-0.25794,-0.33566,1.32712,-2.90114,1.18308,-0.07776,-1.52541,1.11133,-2.35307,1.34568,0.12681,-1.42084,0.34072,0.86075,0.76132,-0.41912,-0.18686,-1.36211,-1.3193,-0.69434,0.06892,-1.45129,0.67092,-2.27619,-0.10137,-1.45869,1.64168,-0.20713,-0.44733,0.32524,0.72863,-1.31275,0.84358,0.42947,-0.43948,-1.14212,-0.99839,0.15201,1.40396,-0.62849,-0.05022,0.28105,-0.61272,0.39686,-0.46324,-0.88997,0.71455,-0.25394,-0.1928,0.77833,-0.67641,0.05669,1.18991,0.45294,1.62437,-1.09681,-1.52637,-0.24888,-1.30596,0.66946,-0.05992,-1.5055,2.0534,0.15494,-0.02369,0.02513,-0.0261,0.02318,-0.89051,1.00424,0.96066,-0.76823,0.67954,-0.32426,-0.27578,0.12191,0.55936,-0.09584,0.32937,1.06221,-0.04706,1.20726,0.09334,-1.85891,-0.33415,-2.13745,-0.82769,1.06429,-0.62836,-1.15635,-1.231,0.45969,-0.13343,0.82472,-0.29942,1.15094,-0.14789,-2.3152,-0.26544,0.3588,-0.95258,0.99986,-0.31605,-0.37909,-1.90389,-1.18519,1.72358,-0.05867,0.84578,-0.99045,0.37493,0.42536,1.08347,1.82223,0.87282,-1.29552,0
-1.09357,-0.37666,1.70503,0.44184,-0.77622,-1.47958,-0.29462,-0.16094,-0.35303,-1.5692,1.21046,1.43963,-0.12222,0.56909,-0.3369,1.74019,-0.7907,-0.65623,0.18217,-0.4233,-1.12068,-1.92869,-0.49351,-0.70832,1.38446,-1.47657,0.12276,0.46261,0.87706,0.96639,0.81659,-0.71785,0.75084,-1.13992,1.61974,0.09015,-0.29125,-1.51196,0.96057,0.24812,0.23299,0.08374,0.36047,-0.06377,0.69853,0.12549,-1.50713,0.45319,-1.4484,0.26613,-0.015,-0.46027,1.28592,-0.24151,-0.21886,-2.63259,0.10017,-0.30898,-0.6371,-0.15319,0.26624,-1.49942,-0.81781,0.17519,-1.58928,-0.42795,-0.68647,0.3781,1.35027,0.14451,-0.89795,-0.57738,-0.11827,-0.28899,1.95506,-0.21848,-0.56817,0.83218,-0.47874,0.40607,-1.1045,0.88691,0.29988,-1.47106,-1.92095,0.17094,0.17726,-0.9082,-0.29454,0.8548,-1.18136,0.68789,-0.16222,0.40465,0.92994,-0.45123,0.7268,-0.46025,-0.4562,-1.26597,3.08452,1.10739,-1.46107,-1.81595,1.49321,-0.83823,-0.75648,3.11479,-0.44199,0.0706,0.3488,-2.75144,0.4007,-0.30624,-0.48572,-1.42016,-0.38834,-1.19361,0.34934,1.20564,-0.42485,2.37843,-1.61621,-0.52505,-0.18675,-1.07956,0.05894,-1.18342,-0.17936,0.32006,-0.26826,0.49504,0.18337,0.05208,0.11604,1.43931,0.829,0.48732,1.25233,0.51591,1.33401,0.33122,-0.17981,-0.03247,0.08885,1.70746,0.68486,0.9095,0.01359,1.20915,0.81957,0.70805,0.22452,1.68513,0.43561,1.68838,0.87722,0.89532,-0.83376,1.22085,1.35848,1.06543,0.45431,-0.22506,0.52309,-0.97967,0.36567,-0.43291,0.48089,-0.0166,-0.48453,1.57802,0.77195,0.05655,0.67758,-0.37021,-0.15201,-1.05822,-0.30856,-1.31853,1
-0.14615,-0.65565,0.67383,-0.35259,0.83934,-0.21968,0.78283,0.43253,-0.04457,1.69119,0.88892,0.75024,0.13704,-0.91086,-0.76563,-0.21264,0.26321,0.96863,0.04922,-0.24852,0.43928,-1.06238,-0.54902,-1.46957,1.52334,0.22736,0.0549,-1.57471,0.61988,-0.21861,-1.02511,2.58254,0.79751,1.18693,1.00819,0.90158,-0.87602,0.47275,-0.70228,0.59343,-1.07088,1.91386,0.28278,0.56571,1.0966,-0.07162,-1.0621,-1.27844,-0.22575,0.04843,-1.03268,-2.20001,-0.90602,-0.45323,0.44084,-0.42034,-0.85199,0.55958,-0.40758,-2.61064,-0.59196,1.11168,-1.05601,1.06872,0.21836,0.16591,-0.77724,0.5638,-3.13714,-0.59253,2.58793,0.80532,-0.07914,-1.46942,1.45126,-1.60805,-0.06835,-0.59798,0.33652,0.28515,1.41498,-0.20655,0.19841,-1.19465,-1.62772,0.30374,0.11139,0.27023,0.4844,0.79892,-0.42213,-0.33242,-0.07921,0.80505,1.12291,-0.76173,-0.0267,0.24179,0.80482,1.35894,0.72925,-0.81784,0.58981,-1.05635,1.29929,-0.36196,-1.40846,-0.04154,-1.37513,-1.16469,0.75943,-0.51522,0.30072,1.14154,0.23858,-0.65571,-0.84037,-0.91042,-1.56279,1.85762,-0.93635,0.45769,-0.02902,0.84568,-0.64176,-0.94177,0.09988,-0.3083,-0.8874,-0.37245,0.7624,0.96555,-0.36557,1.52626,0.09657,-0.7693,0.27341,0.68679,-0.70875,0.80594,-0.00149,0.20684,0.94403,-0.97572,0.22695,2.00825,1.49909,0.39275,0.26043,1.21972,1.02877,1.74348,0.5534,-0.43631,-0.26182,0.04949,0.187,0.30994,0.88631,1.53668,1.01617,2.18138,-0.27301,-0.21064,0.48152,-1.07742,-0.36072,0.95035,-0.63036,0.58785,-0.81781,-2.00099,0.8148,-1.28666,0.88282,1.60297,0.47933,-0.84891,-2.7676,1.36142,0
-0.44921,0.07593,-1.23689,-0.68803,0.21361,-0.67066,-0.36682,-1.05383,0.25136,-0.9054,0.39132,-0.97978,-1.19839,1.87382,0.80807,0.57331,1.94844,0.54914,0.45672,0.00257,0.36469,-0.38644,0.86824,0.16155,-0.69752,-1.0475,1.85529,-0.26351,-0.17501,1.17516,1.31735,0.34962,0.44672,-0.82358,-1.23006,0.45018,-0.54403,-0.14742,0.42704,-0.71092,-0.76402,0.63227,-0.30854,-0.31843,0.22476,1.14411,0.34244,0.72806,-0.04392,-0.48852,-0.4314,1.14077,0.28505,-1.49049,-0.78432,-0.42183,0.5188,-0.31746,-0.35453,0.25342,-3.06001,-1.31392,0.01467,-0.07609,0.95607,-1.60933,-0.46393,-0.4535,-0.50546,-0.91368,0.51901,-0.25273,-0.25955,-2.2359,-0.95879,-0.10227,-0.94363,-1.44328,-0.25847,-0.29735,-0.36485,1.23559,1.37504,0.17704,1.03912,3.06234,-1.63178,0.95757,0.7971,-1.33455,0.11369,-1.53759,1.78544,0.21525,-1.29724,-0.68298,0.64887,0.23428,0.31339,-0.27589,0.23125,0.05793,0.29141,1.92045,-1.49517,-0.40026,-0.17159,-0.26468,-0.55628,2.27007,0.79179,1.46126,0.94662,-0.15702,1.23307,-1.35071,0.42177,-0.72668,0.71173,0.87538,0.51405,0.87611,1.93321,1.04255,-1.18834,0.05776,-0.09856,0.27338,1.08382,0.77673,0.8315,-0.55519,-1.38623,2.23617,-0.61361,-0.03496,0.23032,-0.05499,0.53935,0.79592,1.59476,-0.44657,0.67003,-0.62246,-0.86106,-0.64357,-0.56978,0.71299,0.51975,-0.02918,-0.93653,0.85808,0.05191,-0.90193,0.52576,-0.94861,0.41604,-0.34935,0.58988,-1.78247,-1.0074,1.4675,-0.07566,-1.17698,0.92791,-0.59167,0.69336,-1.23074,-0.29728,0.96507,-0.67018,0.30086,-1.25549,-0.65094,0.14068,-0.5377,0.40783,1.20862,-0.23578,1.06168,1
-0.8519,-1.03369,-1.18052,0.37931,0.77877,-1.38105,0.255,-0.30591,0.18856,-2.3103,-1.42604,0.75364,0.38171,-0.55414,-0.22531,-1.79286,-2.60251,0.35676,0.76776,0.77042,-0.8878,1.2436,0.06225,-0.03593,0.18338,0.26109,-1.26651,0.05381,1.92051,0.45593,0.18,0.51222,-1.12172,0.76539,1.67909,1.30836,-0.24446,-0.07723,-1.54213,0.49292,-1.90049,-0.7255,-2.27054,-1.05322,1.40358,-1.53247,0.18146,2.16839,-0.898,0.38416,-0.89897,0.12931,-1.89703,-1.22301,0.26809,-0.43611,0.90324,-1.94507,0.58681,2.01613,-0.33272,0.14546,0.2534,-1.30735,-1.26402,-1.71607,0.88986,-0.194,1.56253,-1.83382,0.61566,0.14747,1.38786,-0.2464,1.55812,0.34686,-0.28886,-1.21753,0.16227,0.39978,0.36435,-0.86,-0.27412,0.1026,1.48255,0.65099,0.41466,0.7656,-1.25849,-0.69837,-0.98515,1.52497,0.58968,0.26431,1.89688,1.90284,-0.15239,-0.34135,-0.92425,-0.32718,-0.06821,0.96705,0.08538,1.18682,-0.66061,0.62469,0.51407,0.17389,0.17855,-0.13325,1.6883,-0.20188,-0.35204,0.63158,0.06288,-0.14455,-0.83165,1.29688,1.17255,0.32073,1.73457,-0.22914,0.15146,-0.6239,0.36505,1.25005,-1.62024,-0.55243,0.69085,-0.56212,0.75029,0.71823,-2.25841,-0.99303,-2.24234,0.37203,-0.98049,0.08976,-1.49441,0.53861,-0.10926,0.55297,-1.5668,0.22945,-0.6703,-0.8781,1.5462,0.71026,0.37244,-0.28009,-0.97015,0.20626,-0.84224,-0.9985,0.30689,-1.58919,-0.66305,-0.38083,0.41093,0.11553,-0.09448,0.34052,-0.01672,0.68524,0.14194,-0.17467,-0.97288,-0.31925,-1.60266,1.5981,0.10445,1.4685,-1.77006,0.47627,-0.73852,-0.85695,0.88261,-0.64072,0.18538,0.18555,1
1.16854,2.28418,1.55222,-0.13952,2.09588,1.73069,0.63436,0.27809,0.09191,1.07187,0.42804,0.73426,-0.1851,-0.96815,-0.4504,-0.77747,1.44859,0.43992,-1.92059,-0.90704,-0.64584,-1.19195,-0.26187,-0.19559,0.30023,0.2804,-1.46416,0.43349,0.30047,-1.37806,0.11627,-0.13236,-0.65968,-0.12754,-0.06864,-0.26649,0.45946,0.36553,0.65201,0.25777,0.38264,-0.88798,0.31215,0.42817,1.4395,-0.58921,1.50134,-1.81546,-0.71517,-0.94576,0.86996,0.73925,-0.01594,0.68771,0.79771,0.25989,1.75543,-0.15928,-1.81336,-1.36148,-0.22958,1.30356,-0.1864,1.18981,-1.34095,1.64392,-0.93977,-0.09329,0.57641,-0.8762,-2.06075,-0.30645,0.80012,0.91688,0.60776,0.04022,-0.30703,-0.3569,-0.33657,-1.68166,-1.74372,0.68428,-0.57741,-0.75978,-0.50386,0.89748,0.26367,-0.22669,0.14439,-0.46854,1.55286,-0.38877,0.20627,-1.04905,0.64077,-0.70738,-0.20435,-0.16889,-0.72592,1.02826,0.49907,0.02191,-0.19114,1.02566,0.84221,-0.34428,0.35105,0.39478,0.40717,-0.17991,1.05461,0.30226,0.3862,0.47464,-0.72069,0.87269,-1.32764,1.59977,-0.20669,0.56607,-1.76054,0.14921,-0.73194,-1.56271,-0.67491,1.46045,-1.8983,-0.28144,-0.63933,1.30102,-1.50962,-0.29893,-0.16163,0.8299,-0.32833,0.00133,0.11076,-0.12928,0.79764,0.9029,0.35267,1.19836,0.04797,-2.16148,0.06909,0.23133,-0.50656,-1.36168,-1.54976,0.99349,0.07311,-0.67423,0.05838,-0.99707,-2.11183,-0.62598,-1.37977,2.11682,-1.57967,1.11278,0.83008,-2.28174,-0.31557,0.1454,-0.68803,-2.09814,-1.37469,1.61704,-1.33456,-0.80683,-0.35778,0.57302,-1.19624,0.31565,-0.34727,0.91815,0.79197,-0.92118,-0.28577,-0.1857,0
-0.8772,-0.03225,-0.19419,0.84582,-1.72909,-0.8823,1.30852,-1.72555,0.14982,0.15559,0.6972,0.14892,1.27023,-1.75547,-1.69302,1.78249,1.47444,0.32845,0.30602,0.74093,-0.46198,-0.98251,-0.00709,0.11829,-0.35457,-1.19281,1.20298,-0.07263,0.44427,0.24338,-0.15718,1.1428,-1.16067,-0.05799,0.46063,0.67483,0.28239,0.9886,0.37446,-0.93713,0.89896,-0.68996,-0.62438,-0.04946,0.60287,-1.24479,0.11843,-0.32011,0.23996,0.72456,1.22058,0.77333,-1.6477,-0.09571,-0.07647,-1.56151,-0.50298,-1.69036,-0.0791,0.61099,-0.20839,-1.68021,-1.5749,0.30044,1.56931,1.20665,1.46292,1.49941,1.74077,-0.54384,0.9985,0.53088,0.16166,1.17997,0.13015,-1.26701,1.19066,0.34101,0.05834,-0.32064,0.96791,-0.04822,-0.88422,1.00589,-0.34871,0.50714,0.28407,2.92397,1.42761,-1.62314,0.21197,-0.04639,0.32616,-0.34643,1.08729,0.44941,-0.40135,1.24728,-1.3171,-1.09739,1.46484,1.22377,-0.68243,-1.33987,0.25657,1.11888,-0.07141,0.2408,0.9941,-0.85644,0.69893,-0.42963,-0.04492,0.34509,-0.44514,0.29304,-1.14219,-1.08665,0.78703,-0.8441,-1.72118,-0.51145,-1.89142,-0.50945,0.75372,-1.35684,-0.60307,-0.3086,-0.2552,-0.30856,-1.00778,0.38999,-0.53098,-0.23858,1.0494,0.26886,-2.23143,0.11894,0.16207,-0.24083,-0.26054,0.42665,-0.27523,-0.13931,0.98817,0.72784,0.08462,-1.24074,0.36049,0.20623,-1.74152,0.291,-0.91842,0.10507,-2.19978,1.62586,0.61957,-0.07921,0.30668,1.1577,-0.85059,-0.63951,-0.10719,1.0428,0.7864,-0.07287,1.92719,-0.53278,0.75693,-0.10112,-2.02714,0.08823,1.85514,-0.47957,-1.6612,-0.64209,0.53839,-0.97775,0.54319,-0.6313,1
-1.00374,0.27022,-0.14151,-2.03413,-0.72898,0.48745,-1.28444,2.4242,-1.36567,0.55268,-0.36269,-0.29252,0.90918,-0.96204,1.23706,1.09421,-0.924,0.04664,1.39662,-0.2982,0.35639,-0.53324,-0.81735,0.64015,0.99166,1.09219,1.96024,1.22494,-0.57477,-1.82117,0.94747,-1.30521,0.62152,0.30156,-1.64531,-0.79727,-0.00073,-0.24687,-1.04246,0.47352,0.17241,0.37688,0.40549,-0.11783,0.22945,2.26718,1.55508,-0.04154,-1.14119,-0.81084,-0.6483,0.43951,-0.7822,-0.26098,0.29488,-0.92265,0.74207,-0.05092,0.04806,1.56008,-0.30458,1.32198,0.16683,1.16435,2.30139,-0.21148,-0.2687,-2.43077,1.36199,0.08724,0.37994,-2.09666,1.16583,1.6179,-0.16196,-2.35748,1.89441,1.42475,-0.53195,0.44227,-0.07408,-0.12154,-0.25279,0.2766,0.00575,0.30375,1.76535,-2.57256,-1.29995,-0.28238,1.63722,0.88449,-1.81568,0.31719,-0.01837,-1.15186,0.32909,0.54681,-0.43174,0.87344,-0.81948,0.74214,0.42787,0.4734,0.10489,0.16611,1.45936,-0.9641,-1.3419,-0.27221,0.48893,0.92405,0.94785,-0.50502,-0.55427,0.01191,-0.46526,-0.03967,-2.33169,0.05173,0.27749,0.50775,0.59268,-0.85566,-0.51134,0.81423,-1.03214,0.35144,1.59135,-1.03785,1.37242,-0.8097,-1.04302,-0.43219,-0.00039,0.49619,0.29188,0.72266,-0.6401,0.72217,0.3662,0.26889,0.11729,1.78805,-0.52216,0.80404,0.05047,-0.18561,0.41885,-0.80232,0.08571,-1.21544,0.67605,0.72418,0.26824,0.23688,-1.25492,-0.57915,-1.16831,0.79299,-1.26957,1.03198,-1.50887,-0.6785,-0.21896,0.34091,0.43126,-1.05458,0.16395,-1.14778,-0.46198,0.14145,-0.37528,-0.28146,0.97423,-0.83012,-1.05117,-1.10489,0.66022,0.43205,1
-0.72001,0.92117,1.0815,1.42455,-0.20631,-2.00148,-0.58305,-0.56537,-0.65323,-0.3833,0.67677,0.12811,-1.54045,0.66056,0.63843,-0.76319,-1.46299,-1.60148,0.77682,-0.24677,-0.6006,0.83546,-1.6195,-0.89929,-0.38174,0.16331,0.29066,2.8966,0.75946,-0.7964,2.02975,-0.27489,-0.74318,-0.01015,-0.26996,0.62991,-0.5514,-1.51825,-0.10526,1.42549,-0.53889,0.14809,-0.93624,0.9742,1.4897,-0.36894,1.11566,0.87441,0.95795,0.36141,0.23872,-0.8186,0.59378,0.73829,0.57599,-0.35328,-2.02809,-0.71231,-0.8394,-0.63594,-0.34986,0.25504,0.21882,1.71528,-0.10872,-1.6881,1.56218,1.96179,-0.02165,0.43284,0.6681,0.3451,0.97453,0.73665,0.34565,1.90666,1.23715,0.93414,-0.06764,0.17341,-1.4766,-2.13704,0.1236,-1.70435,-1.15001,-0.38559,-1.12315,0.96095,-1.33252,-0.00672,0.71347,1.29133,-0.8309,0.41122,0.98109,0.42883,-1.6401,-0.76478,-0.15072,-0.19689,1.15868,-0.59637,-1.35713,0.5895,0.82598,-0.49596,-1.16377,0.49902,1.68861,-0.03095,-0.51783,1.8319,0.75877,-0.91528,0.12773,0.04289,0.43671,1.00882,-1.63147,0.02521,1.26243,-1.30953,-1.23916,1.4907,1.94802,1.69682,0.80216,-1.56888,1.12365,0.33692,3.21883,-0.63665,-0.19266,-1.55721,-0.8983,0.18907,-0.54861,0.3703,0.02966,-1.02008,0.85923,0.74957,1.0386,2.03403,0.77299,0.949,-1.49823,0.9818,-0.70012,-0.66983,-0.57637,0.10779,-1.19032,-0.43992,-0.69646,-0.9184,0.55433,0.27439,-1.9305,-0.31639,0.08402,0.1111,1.93878,0.71885,0.15844,-1.93367,-0.3866,-0.82575,-0.20833,-1.41729,0.0052,0.97823,-1.47198,-0.0413,-0.48159,-1.68241,0.10177,0.35065,-0.97765,1.22443,0
-0.26849,-0.34467,0.87677,0.55616,1.91311,0.0335,-0.07217,2.13163,-0.4512,0.52983,-1.9171,0.18637,-0.30808,-1.03019,1.31573,-0.5296,0.8884,-1.73853,0.08405,0.83534,0.03673,0.88983,-1.21171,-2.069,0.34026,0.79795,-0.5135,0.97053,-1.68794,-0.41088,-0.25646,-1.41491,-0.11033,-0.82187,0.7664,-0.50472,-1.15013,-0.22897,-1.12162,-1.12358,-0.24872,-0.89324,-1.10098,-1.67691,1.38301,0.50135,1.35503,2.65635,-0.86302,1.07369,-0.58082,-0.3918,1.14874,0.22611,-0.00941,0.08771,-0.47068,-1.1342,-0.6941,1.40156,-0.74762,1.15083,0.09028,-0.49648,-0.29983,0.19936,1.91658,-0.23457,0.10236,0.89063,1.3305,-0.00838,0.44965,-1.6785,1.2236,-0.07957,0.11087,2.17767,-0.59386,0.77081,0.61478,-0.17681,0.16041,-0.14804,-0.11774,-0.79606,-1.44052,0.78015,0.72013,2.05341,0.8809,-0.02612,1.3008,0.7696,-3.00127,0.53462,1.62879,0.09693,1.68992,0.62059,0.12804,-0.65411,-1.18587,-0.0618,-0.43943,0.21878,-0.10012,1.59494,-1.97566,-1.10415,-1.48828,-0.05066,-1.11596,-0.1424,0.95829,-1.32887,0.65505,1.62377,-0.47129,2.36059,-1.77578,-0.59342,0.30008,0.80419,0.80132,-0.72699,-0.25381,0.36828,0.82385,-0.02878,0.19862,0.68464,-1.42633,0.57835,0.78767,-0.79138,-0.03387,-1.04869,-1.26009,-1.53783,-0.67259,-0.40762,1.02028,-0.23868,-0.87654,-0.49016,0.40674,2.58208,2.88957,0.09317,-1.14783,1.01667,1.01604,1.14547,1.89807,1.47784,1.229,-0.43194,-0.20138,-0.30282,-0.54039,0.30994,-0.03289,-0.65613,-2.05034,-0.80099,0.14702,-1.08223,1.85808,1.23894,1.21776,0.1804,-0.04809,1.0233,-0.69541,2.56336,-1.18735,0.92248,-0.1476,-0.91405,1
-0.13543,-0.11806,-2.1506,0.83649,1.17428,0.21914,-1.65168,0.3033,-0.12825,-0.76467,-0.03037,-1.3074,-1.49403,0.53574,-0.21417,-0.62329,-0.2835,0.6204,-0.86724,1.37447,2.35209,-0.32483,-0.78621,-0.92467,-0.96298,1.65541,-1.65608,-0.86957,-2.21716,-1.7827,-0.02463,-1.63452,1.05877,-1.00923,0.13303,1.32737,-2.01302,-0.36701,-0.4432,0.28115,1.89863,-0.21527,1.19125,-1.62051,1.08706,0.21133,-1.66448,1.27792,-2.22541,-0.73945,0.45479,0.22423,-0.44782,0.74568,-1.91533,-1.03713,0.30894,0.30559,0.17807,-0.57443,0.46402,0.01138,0.08007,-0.38684,-0.62415,-0.47688,1.87864,1.60914,-0.71547,-1.23727,0.36795,1.4877,0.31023,0.07912,-0.2577,1.24976,0.5619,-0.50793,0.22768,-0.96962,0.73894,-0.28734,-0.34773,-1.05515,-1.3453,-1.65432,-0.57797,1.34919,-0.32194,-1.44958,-0.96311,0.41325,0.68313,-1.92764,-1.32277,0.6051,-1.70537,2.92607,1.43116,-0.97021,-0.03601,-0.80129,0.24946,-1.48252,1.85282,-0.43181,1.16894,1.3805,-0.40063,-0.27272,0.29493,-1.49076,-1.55203,-0.00706,-1.81432,0.4323,1.27971,-0.36195,0.30479,0.1997,-0.5928,-0.46998,-1.87377,0.30725,1.29937,0.34065,1.14419,-0.21619,-0.31938,0.34952,-0.42697,-0.98272,-0.3876,-0.33151,-0.33297,-1.91132,0.8723,-2.22674,-0.68976,-0.39612,0.40613,0.03023,0.93894,-3.00194,-0.49339,1.04764,0.22556,1.48363,0.94855,1.83827,-2.06347,0.53669,-0.36271,-0.85113,1.47423,-0.82489,-1.2948,1.69703,-0.05208,-0.70128,0.24891,-1.00223,-1.12296,-0.45466,0.22241,0.6852,-0.04085,0.0966,0.30255,-0.28312,0.95544,0.25541,-1.19456,0.81394,0.95896,-0.59495,1.05384,1.54499,-1.18538,-1.1533,0
-0.20257,1.98442,-1.14207,0.32285,-0.14661,0.39923,-1.53824,-0.19433,-0.55429,0.50922,-0.89263,1.33071,1.93318,0.61877,-0.31186,-1.37821,0.83731,-1.91996,-0.99664,-1.11428,1.14103,-0.11254,-0.36886,-0.14824,2.20562,-0.41692,-1.27695,-0.73661,1.25652,-0.06537,2.67233,-0.41193,-0.70368,-0.66046,-0.19867,-0.89325,-1.47198,0.31894,-1.30491,0.87579,-1.73042,-0.73437,0.36345,0.93652,-1.09831,-0.44695,1.55493,-0.17417,0.92729,-0.89826,0.07215,0.58144,-1.9663,0.92371,-0.51424,0.00436,-1.89337,0.81774,0.65238,0.26011,1.29496,0.91544,-2.26309,-0.38268,0.24291,0.80529,-0.40313,-1.7771,1.14474,0.99816,1.77479,-0.22445,-1.14356,-1.32494,2.0849,-0.45091,1.32407,-0.52955,0.48468,-0.74589,-1.15369,-0.48741,-0.42233,0.31057,-0.56093,-0.00641,0.58902,-0.56024,-0.31154,-0.00297,-0.31384,0.53855,0.5061,-2.26487,0.02497,-0.75607,-0.10998,0.65366,-0.38897,-0.65083,-0.47112,-0.94833,0.66081,-0.33566,-0.82494,0.84964,-0.97278,0.77845,-1.89749,1.81494,-0.15922,-0.22922,-1.23769,-1.69266,0.29581,1.83454,-0.95274,-0.68631,0.16379,0.09757,-0.82085,-0.52676,0.26524,0.64621,0.01148,-2.17633,1.35283,-0.6932,-1.09336,1.70448,-0.1901,-0.67866,-0.38054,1.40947,-1.74526,-0.35337,1.62092,-1.82603,0.60642,-0.54206,-1.73326,-0.63225,-1.237,0.82377,-0.35247,-0.08951,-0.30711,-0.88609,2.08961,-1.8844,-0.19241,0.25262,0.95379,0.53574,-0.69088,-0.9658,-0.13862,0.36791,-0.15752,-1.41831,0.64415,-0.90525,-0.29574,-0.59014,0.35359,0.96064,0.31583,-1.32766,-0.48239,0.25947,0.73578,1.48381,0.39459,-0.33083,-0.14279,-0.69482,1.05772,-0.46399,-0.1013,0.55784,0
-1.19374,-0.50878,1.18952,0.37539,-0.32319,-0.51207,-0.94392,1.24222,-0.65934,0.15093,-0.2441,0.73036,-0.25082,-1.01576,0.1266,-0.17044,0.59478,1.60403,0.69285,-0.25043,0.44454,0.19528,-0.69056,-1.36295,0.8866,0.66743,0.57253,0.65071,0.38096,-0.54076,-0.05626,0.19413,-1.46168,-0.12673,-0.08346,1.28914,-0.13112,-1.32646,-3.01379,0.6208,-0.46652,0.19298,1.05268,2.4424,0.03133,-1.83263,1.54506,0.5269,2.02863,-0.37981,1.81405,1.08084,1.71651,1.31473,0.53047,-0.18718,0.06158,0.32554,0.57131,1.05379,-0.5857,-1.5039,-0.50445,0.74431,-1.10304,-0.93901,-0.41994,0.38251,-0.56234,-1.75175,-1.2937,0.12538,0.1578,0.7392,0.90336,1.36654,0.56662,0.05588,-1.87734,-0.00216,-0.03044,-0.26401,0.07736,0.87566,-1.70163,1.11064,-0.39973,-0.06088,0.68478,-0.48574,-1.24614,-0.24752,-0.00469,-0.86271,1.21638,0.29077,-0.1387,-0.46678,0.87108,-0.05386,0.6381,-0.67967,-0.08499,0.56093,1.53966,-0.4465,-0.19882,0.32613,-1.62112,-0.09785,0.95095,-0.3146,1.05406,0.53559,0.42524,-0.94875,0.60628,1.09201,0.81822,0.44071,-0.19833,0.9988,0.02154,-1.95196,1.21445,0.16829,1.69299,0.56638,-0.64703,0.59246,-0.69481,-1.11299,-2.01775,1.68859,-0.37546,-0.3479,0.24638,0.72414,-1.32064,0.69903,-2.64497,0.36267,0.78557,0.98733,-0.27311,0.04831,-0.31701,1.28567,0.83855,1.42364,-0.19445,-1.11121,-1.58916,-0.23714,-2.35856,-0.82122,1.04089,-0.75013,0.86097,-0.46518,2.48889,-0.48166,0.7021,-0.37084,-0.19758,-0.13331,0.32921,-1.21406,0.45187,1.57229,0.3894,0.46253,-0.19619,-0.74521,-0.35332,1.49782,0.58202,1.54247,0.73176,1.60926,1
-0.1743,-0.97744,1.80944,0.72498,1.24055,-1.23211,0.16235,-0.5758,0.33767,0.87548,0.24366,0.40635,-0.62639,1.48913,0.0373,-0.90585,-0.7406,-0.21923,-0.03374,-1.68267,0.64846,1.14854,0.89635,-0.82317,-0.4556,1.42896,-0.5267,-1.17339,0.84528,-1.39527,-0.12906,0.51018,2.64354,-0.83657,-0.45777,0.25327,2.43464,-0.29729,-0.93775,-0.84791,1.47564,2.0728,0.56912,0.35757,-0.04841,0.96532,-0.40132,-0.63231,0.35847,-1.25816,-0.64565,1.66961,2.82791,1.07717,-0.78277,0.71135,0.61077,-0.47504,-0.07551,1.39575,-0.31729,-1.74725,-2.12425,-1.68742,-0.47453,-0.90237,-0.49368,-0.42686,1.38424,-1.24971,1.35068,-0.23319,-0.26473,-0.47165,-0.969,-2.10542,0.28185,-0.0208,-0.38138,-0.07769,0.46783,2.24154,0.39457,-2.30242,1.50492,-0.28776,-1.87631,0.41957,0.88178,0.35773,0.40874,0.70483,0.87164,-0.2243,-1.24356,0.71794,1.22418,1.32938,-1.15315,-0.33535,-1.2625,-0.12368,-0.4948,0.50739,-0.77388,-0.28253,1.69797,0.7245,-0.39792,2.00562,-1.01808,0.96093,0.77574,-0.71343,-0.452,-1.13874,0.92557,-0.00205,-1.1035,1.24895,0.60988,3.07612,-1.71537,-1.09946,-0.32576,-1.16165,0.71942,0.34081,0.56346,-0.44941,-1.88428,-0.52718,1.08229,-0.44557,-0.94646,0.95121,-0.14953,-1.18415,-1.5489,-0.92975,-0.66324,0.38199,0.58476,0.00645,0.92085,1.31491,0.15717,0.42896,-0.35499,0.46795,2.18697,-0.31209,0.68793,-1.07963,0.42792,-2.02819,-1.80084,0.21583,-0.55914,-1.05838,-1.16348,-0.73262,0.88685,0.24807,0.93019,1.37202,-0.33958,-0.24923,-0.40801,-1.0403,0.62286,0.48965,0.85002,0.15445,2.37983,0.85287,1.2743,-0.85084,0.15771,-1.85025,1
2.26055,-0.99573,0.41957,0.10239,0.51924,-0.91796,-0.25761,1.22074,-0.51754,1.70492,-0.7913,-0.63702,0.60111,-0.707,-0.28392,-2.00255,-1.17561,0.66846,-1.35943,0.9326,0.92182,1.15133,1.22575,-0.24514,0.65086,1.31949,2.25793,2.10125,1.93731,0.2373,0.2007,-0.1598,0.6861,-0.59558,0.04076,-0.22807,0.41318,-0.48965,0.02133,-0.21286,-0.63452,0.51501,1.54845,-2.35338,0.62444,0.46848,-0.80879,-0.64761,0.72012,-0.21209,0.147,0.4738,1.6003,0.65842,-0.41834,-0.68512,0.68101,-0.92611,-0.18941,0.07013,-0.48835,0.15906,-0.09416,1.4239,0.30284,-0.78423,-1.34992,0.18951,0.08759,-0.52601,0.54218,1.35739,-0.08751,1.10304,0.95807,-0.29167,-0.05679,0.57849,-1.24111,-0.04639,1.02798,0.98536,0.70523,0.62369,-1.34909,-0.23896,1.07197,0.19995,0.80968,0.49147,-0.69531,1.27128,0.46031,-0.37007,0.62667,1.08386,-0.18849,-0.86924,-2.24499,0.69168,0.26368,-0.7437,0.9198,0.23281,-0.47639,-0.67345,-0.4076,0.52071,-1.50144,-0.6797,0.66699,0.62673,1.29463,0.76597,-0.28833,-0.72775,-0.26848,-0.34647,-0.40881,0.54893,0.46897,-1.29081,0.77479,1.19902,-1.27283,-1.04962,-0.22341,1.74736,0.19235,0.085,0.06322,0.60833,-0.38104,-0.03701,-0.76965,-0.42763,2.62394,0.49626,-2.08664,0.56893,0.02786,-0.2591,1.70166,-0.12071,0.10364,-1.52174,0.53421,-0.47235,0.06564,0.43381,0.8405,-0.31511,-0.05458,1.45456,-1.25909,1.81231,-1.62231,0.17668,1.62562,-0.87826,-0.01711,-0.5457,-1.42764,1.73792,-0.29989,-0.79323,-1.13565,-1.17428,-1.61166,0.67759,-0.609,-0.14942,-1.80748,-0.27841,-1.53415,0.82672,-0.25614,-1.33025,-0.20798,0.98847,1
0.29966,-0.36356,1.01843,-0.39878,1.66014,0.02353,1.87598,1.91977,0.99774,0.06155,-0.93053,0.05065,-0.88225,0.02993,-0.51562,-0.72212,-1.16918,2.86638,-0.66862,-1.78641,1.28403,-1.74517,-0.58271,0.46968,-0.86092,0.51005,0.66417,-0.45751,1.18955,-0.57591,-0.01459,1.37619,1.23041,-0.35414,-0.91412,-1.99298,0.7361,-0.85727,0.43058,0.43594,0.59147,-0.72916,1.04953,-0.61149,0.22504,-0.93657,-1.47447,0.88095,-1.06473,0.61034,-1.20757,1.80056,0.24328,1.02765,-0.4627,0.79061,-0.1539,0.94274,0.56041,0.35499,0.07483,-0.85623,-0.85823,0.50808,-0.18331,2.42019,-1.29831,-1.88604,-2.33616,1.19969,1.51876,1.7405,1.38414,0.73127,-0.66182,-1.629,-0.70168,0.34887,1.07881,-0.04694,-0.7415,0.33037,0.07628,-2.45563,1.39594,1.22835,0.10409,-0.03312,-1.33348,1.00759,-1.32364,-1.20812,-1.371,0.49993,0.58899,0.78153,1.67257,1.01094,0.49472,-0.57861,-1.58398,0.36519,-1.06361,-1.39681,1.10389,-0.07747,-1.50372,1.28232,0.24473,0.03796,-0.35559,-1.18744,-0.26351,1.52067,0.07434,-0.67726,1.57095,-1.10084,0.10129,0.43268,0.13891,0.33936,0.22773,-0.35923,0.84683,-0.16443,0.20287,-0.81619,0.59479,1.12901,-0.15196,-0.14037,-0.23223,0.70299,1.29969,-0.62497,0.11887,-1.61793,-1.42303,1.27504,-0.2027,0.11207,-0.19401,-0.55149,1.67046,2.04888,-1.35888,1.82715,-0.31739,-0.56921,-1.73953,1.17103,-0.16593,-2.33579,0.10495,-0.45718,0.61203,0.3717,0.25223,0.2989,-0.6224,-1.32517,-1.36192,0.15995,-1.41732,-0.36799,-0.24097,-1.25064,0.28627,0.21252,-0.72601,0.63821,1.36774,0.77343,-1.657,1.18923,-1.13356,-0.74897,-0.38939,-0.71686,0
-0.41475,0.43075,0.37908,1.24414,-1.10134,-2.11999,-0.65572,1.57793,-0.43608,0.70022,-0.70841,-0.51955,-0.49082,-1.06528,1.22008,0.53293,0.00331,-0.39339,0.08438,-0.02725,0.60855,-0.48405,-0.33201,-0.06308,-0.48055,-1.00482,-0.16048,-1.15634,-0.68006,1.89641,-0.59048,1.5757,1.2394,2.17643,-0.41042,0.17733,-0.64112,-2.43,-0.04903,-0.31313,-0.54651,1.86568,0.4034,-0.62215,0.04235,1.46121,-0.48999,-1.69319,0.30209,2.44013,1.697,-0.19903,1.36908,0.30105,0.32069,-0.2035,-0.06321,1.22839,-0.00544,-0.89339,-0.91414,0.39342,0.39124,0.25174,0.07191,-0.95917,0.1374,2.13813,-0.8626,0.23202,0.02404,1.2353,-0.56143,-0.73782,0.24586,-0.65323,-1.74874,3.46088,-0.53613,-0.97722,0.32374,-0.63948,-0.25979,-0.38738,0.71388,-2.09969,0.02348,-0.76837,-0.39515,-0.39147,1.0626,-0.35731,0.68926,0.8462,-2.33969,-0.24039,0.85547,-0.10123,0.6935,-0.72155,1.30304,0.21125,0.96824,-0.63871,0.77034,-0.49241,0.20796,0.7809,0.28224,-0.61806,0.17067,0.82331,0.24323,-1.01655,-0.05371,-0.46426,-0.02054,0.6462,0.38876,-0.08092,-0.52035,0.09415,0.01102,-0.91968,0.32489,-1.01281,0.41048,0.34773,2.36055,2.83905,0.14208,1.10142,1.18665,0.63427,0.43379,1.96742,1.21117,-0.99962,0.11799,-0.04969,0.29565,-0.27986,-0.30191,0.33263,0.38771,-2.30929,0.38156,1.2977,1.2414,0.67255,0.4197,-1.03612,-0.15305,0.58397,-0.22215,0.33187,1.6118,-0.37138,-0.80616,-0.94288,0.11548,-0.58193,0.72849,0.84038,0.09129,-1.46743,0.32252,2.33385,0.65382,-0.55238,-0.7427,-0.33752,0.55171,0.61314,1.30194,-0.19142,-0.2035,1.52149,0.35262,1.41911,0
-0.93689,0.88129,-0.53323,0.40265,-2.42967,-0.87438,-0.50007,0.01932,-0.11622,-1.9402,0.37792,-0.26891,1.05389,0.47461,-0.22979,-0.03026,-0.53828,0.52616,0.4817,-1.28804,0.06199,-1.05613,1.40871,-0.54366,-0.71305,0.25853,-0.74225,0.39001,-2.35397,-0.97074,-1.37234,-1.32759,-1.18002,-2.42405,1.96078,0.70637,0.15858,-0.13464,0.08755,0.05851,-1.61312,0.69562,0.17343,-1.57338,-0.1244,-0.25949,-0.76861,0.23185,-1.13922,-0.47813,-0.51692,-0.98331,1.05212,1.33113,0.01224,-2.04352,0.10065,-2.38526,-0.00288,-0.91123,1.93734,0.15707,-0.75948,-0.8297,-0.01695,-0.91954,2.81228,-0.0575,-0.27582,1.08826,0.33959,-1.72067,0.8138,-1.48014,-0.57995,0.45766,0.78755,1.71938,0.50491,0.89319,-0.68202,-0.31537,1.76455,-0.73891,-1.89586,-1.51488,0.26959,0.4102,1.07628,0.34266,-0.2205,-1.86638,-0.32714,-0.18693,-0.8334,0.52064,-0.28087,-1.52623,0.13023,-0.81487,-1.76619,0.13283,-0.73416,1.47795,-0.29304,-1.10861,-0.12212,-0.0333,0.37404,-1.02643,-0.66532,-0.71674,0.39917,-0.62591,0.26555,0.56759,0.06607,0.30982,-1.27313,0.51226,0.49298,-0.7596,-0.71285,0.22866,0.04455,0.03289,-1.32005,0.11869,-0.11531,0.41643,-0.5751,-0.45021,-1.18654,-0.54437,-0.07858,1.22178,-1.88594,1.15093,-0.12247,-0.67863,-0.57687,-1.15037,0.84324,-1.12822,-1.33575,-0.30046,0.08726,-1.46135,0.57823,1.11335,1.86998,-0.88242,0.01308,0.90053,-0.33457,-0.56725,0.81095,-0.99862,-1.25004,1.77796,0.67347,-0.85765,0.7382,0.10888,-0.1758,1.14806,-0.48691,-0.43607,-1.4946,0.78771,1.75049,0.25006,0.84933,-0.03434,0.38015,0.62928,-0.89044,-1.71752,0.46091,0.75064,0
-1.1741,-0.7206,-0.42748,-0.11383,-0.92762,-0.98833,-0.56328,0.09801,0.94944,1.4631,-1.15471,-0.06797,-0.2469,0.58302,0.41688,-1.02522,-1.00754,1.07958,1.45605,-0.69653,1.42055,-0.20542,1.24894,-0.17824,0.71849,-0.91803,1.36631,0.12276,0.08067,-0.95545,-0.81535,-1.94562,0.42018,-0.18159,-0.0417,-0.02343,-0.83145,-0.0882,0.01239,-2.26217,-0.24342,0.4751,0.3182,0.08964,0.68217,0.17438,-1.26754,1.58375,-0.86322,0.15913,-1.65292,-0.59754,0.99817,1.12686,-0.58137,0.42235,0.5608,-0.54898,0.17411,1.27775,-0.38028,-1.64965,-0.43731,0.34941,1.14026,-1.69105,-0.00564,-0.18679,0.16308,0.3497,-0.50008,0.12632,-1.32423,1.69735,0.39639,2.29588,1.21812,-0.83045,-1.56358,-0.76295,-0.976,-0.59149,0.09192,0.1137,-0.16694,-2.25192,1.38404,-0.09181,1.01223,0.03551,0.25144,-0.84589,-0.38118,-1.05531,-0.50917,0.53058,1.28458,-0.46823,1.44632,0.53277,-0.56665,0.65501,-0.21976,-0.08213,-0.10598,-1.73543,0.78241,-1.63889,0.22444,-1.30448,1.30631,0.04134,0.11487,2.75892,0.18421,0.18823,0.32067,1.20633,-1.79547,-0.64473,-0.6605,-0.48387,1.24054,0.06957,-0.79918,1.72141,-1.41503,-0.58628,0.01089,-0.66441,0.45771,-1.11098,0.30386,-0.67233,1.01135,-0.41809,-0.30779,-0.51707,-0.06595,-0.29332,-0.01352,0.00158,-0.43877,-1.1583,-1.50242,-1.11862,0.02285,0.68473,0.29659,-0.41477,-2.01726,-1.73701,-0.8518,-1.28686,-0.30955,2.03747,0.98207,1.63457,1.22642,-0.87635,0.08481,1.88922,-1.78861,1.79298,0.10519,0.43034,2.00085,-1.88775,1.25479,-0.09041,0.15855,1.12738,-0.19055,0.85123,-0.75984,-1.47718,-0.76258,-1.25537,0.05202,0.17773,1
0.90642,0.86743,0.6552,1.26552,1.28094,0.99841,1.90994,-1.21991,-1.71476,0.92731,-1.93682,1.26382,0.02064,-1.43284,-1.67148,1.04851,0.29958,0.48905,-0.55678,1.59526,-0.09123,0.21833,-0.97692,-0.26621,0.83996,-0.96862,0.15687,-1.41361,1.15432,0.0045,-0.8027,-1.03766,0.48539,0.52129,-1.98317,1.16943,0.18077,-0.87934,0.0239,0.09866,-1.8416,0.30542,0.37528,0.32383,0.76415,-0.02587,-0.92728,0.23231,-0.44647,0.52104,0.8339,-0.30058,1.32297,2.0865,0.71857,1.58203,-0.84417,1.1384,0.25393,-1.08079,0.55516,-1.45351,1.50298,1.43769,0.36146,0.92046,-1.58338,0.40996,3.2386,0.65097,-0.72166,0.10228,0.80673,0.77512,2.56309,-1.34958,0.44887,-1.54911,-0.16711,0.01629,-0.8866,0.02285,-2.31586,1.46498,-0.29709,-1.38291,-0.20862,0.82458,1.90955,2.09111,-1.46989,0.17266,1.44717,-0.39248,0.39379,-0.2117,0.37264,-0.35805,-1.27504,-0.44484,0.66407,-2.23151,0.20593,-1.02436,1.41367,0.708,1.1651,-0.01357,-1.47518,1.29022,0.50422,-0.30551,1.83834,0.25169,1.72076,0.90582,-0.47363,-0.1936,1.61724,1.14594,0.47423,-0.19079,0.25228,1.14353,1.3765,1.18874,-0.86875,-0.89405,-0.73973,0.25513,0.78061,0.07344,0.27902,-1.0281,0.40736,1.05896,0.2912,-0.60743,-0.42574,-1.17933,1.88494,-1.43511,-1.90248,1.83851,-0.7544,-0.55153,-0.11621,0.34858,0.06679,0.80443,0.07855,1.385,0.11466,1.50504,-0.33159,0.48861,0.18768,-0.58845,1.3512,-1.02259,0.29751,-0.48069,-0.2717,-0.30186,-0.52562,1.12356,0.67945,0.12925,0.73484,-0.4729,-1.85077,-0.897,0.66169,-0.84308,0.22306,0.22946,1.27459,0.47731,-0.36622,1.00079,1
-0.472,0.81375,-0.12058,-0.25346,0.11165,0.16368,0.30448,-0.56964,0.68624,-1.45909,0.44377,-0.4289,-0.74684,-0.73394,1.4569,0.06043,0.25912,-1.39997,-2.16966,-0.36587,0.47848,0.06354,0.98868,-1.8803,-1.83146,-0.24082,0.0977,-0.39256,-0.44567,1.96164,0.21195,0.09458,1.02687,-1.16199,1.06395,-0.25787,-0.37783,-0.07522,0.61121,-0.39355,0.43408,-1.1351,0.52289,0.55113,0.55967,0.03509,-0.16035,0.69032,-1.52939,-0.2816,0.45428,-0.39279,0.39133,0.02765,-0.88787,1.16009,0.7736,0.43018,-0.37528,0.75131,0.58567,0.69089,-0.77173,1.15833,-1.18558,-0.45006,-0.25633,-0.92439,1.9636,1.3987,1.75267,1.30977,-0.8221,0.32251,0.02531,0.08337,-1.23248,-1.7269,-0.32794,-0.20714,0.17457,0.40929,1.19369,-0.49406,-0.45846,1.12187,-0.73931,1.72805,-1.44275,0.44789,-1.39367,0.87781,0.06751,-1.48708,-1.79799,1.76408,-0.75362,0.43876,0.41167,-0.83294,0.45484,0.16833,1.68088,0.27351,-0.63128,0.99063,-0.55581,-0.83202,0.82952,-0.34398,-1.03381,-0.14629,1.341,-1.23833,-1.18408,-0.92467,0.06307,-0.97418,1.67411,1.63739,-0.85933,1.15707,0.87038,0.00295,0.13381,0.01913,0.30522,-2.25549,1.85111,-1.00475,-0.97876,0.48172,0.09693,2.13353,1.40368,-1.0381,-1.01966,-0.52853,-0.38699,-0.26534,-0.46514,-0.11346,1.01849,1.19611,0.34464,0.78666,-0.85997,0.64556,0.01188,-0.80265,0.09196,-0.42535,0.47362,1.04455,-1.24072,-1.45594,0.6078,0.39544,1.44511,0.93168,-1.45756,1.8919,1.08832,0.89311,0.34954,-0.89375,0.17913,-1.92057,0.22828,0.76485,0.00403,-1.34329,0.59393,0.51613,1.3584,-0.13941,1.42893,1.0388,-0.00731,-0.6876,1
-0.30476,0.04409,0.03605,-0.54654,2.20436,1.52177,-0.03498,0.71558,-0.45817,-0.33948,-0.09295,0.26931,-0.43108,1.7833,0.54004,0.25137,0.41287,-0.61536,-1.01244,-1.50272,0.27774,0.50769,1.23586,-1.65516,0.03591,0.39089,1.20189,-0.4741,1.12233,-1.00821,-0.33228,0.04826,-1.35155,0.60017,0.37475,1.20758,0.34881,0.31835,-1.25597,0.24333,-1.59155,-0.04266,-0.06471,1.34525,-0.06165,0.49453,1.40685,-0.65212,0.00196,-0.26779,-0.21701,0.06047,-0.3378,-0.64093,-0.64884,1.30972,-1.76832,-0.47795,2.2038,-0.32151,1.2926,0.20802,-0.28754,-0.28821,0.84297,0.80116,-0.07039,0.9058,1.56686,0.24387,-0.31447,0.14671,0.9888,-1.18668,-0.08824,-0.67668,-1.42029,-1.01836,1.6103,-0.88863,-0.97563,1.50493,-1.42713,-1.65524,-0.21964,-0.11324,0.35878,-1.07186,-1.233,-1.11547,-0.81485,0.41048,-2.73994,-2.5347,0.64135,1.04146,-0.53841,0.70418,0.06603,-0.59747,2.80569,-0.12022,0.70462,2.00206,0.07752,0.45013,0.53445,-0.5902,-0.00984,0.44873,-1.19694,0.82017,2.1219,0.95171,-0.92264,-2.20179,1.48247,0.40781,1.15194,-0.34374,0.75666,-0.70107,1.32163,0.4953,0.75955,0.2155,1.49842,1.9244,-2.52378,0.16796,-1.11425,-0.99129,0.12888,0.86063,-0.1224,-1.29202,-0.01097,-0.73802,1.03928,-0.89528,-0.03214,-0.38672,1.27042,-1.77147,-0.03095,-1.28674,-0.70664,0.52768,1.12572,0.45906,0.82797,-0.34732,0.86181,-0.28772,-1.39632,0.25808,-0.43009,1.00203,-2.04977,-0.54002,-0.79706,1.17347,1.49669,0.94932,0.59545,-1.44735,0.06668,0.24393,-1.26967,-0.17209,0.08794,-1.63498,-0.63931,0.08359,0.62382,-1.91185,0.99901,-0.7688,-1.59718,-0.72981,1
0.9254,-0.92024,0.27421,1.0389,-0.42927,-1.16494,-1.97972,-2.03613,1.00548,0.89742,0.02332,1.09504,0.04204,-0.08151,-0.18319,-0.10836,-0.8087,1.25548,-0.4239,-0.69787,0.51683,-0.73487,-0.73521,-1.66067,1.65879,0.85256,-0.23341,1.19417,-1.20594,-0.05282,-0.0253,0.96141,-0.37643,-0.66137,-0.93092,0.24707,-1.40002,-0.17887,-1.56134,-0.07938,0.25595,0.42265,1.708,0.97589,-2.24265,-0.21565,0.21116,-0.4751,-1.16997,-1.11984,-0.06148,-1.02466,-1.61853,-0.26892,0.05096,1.60956,-1.13165,1.43919,0.24154,0.54827,-1.15617,-0.2468,-0.45742,0.65873,0.36417,-0.53886,0.43224,-0.69252,1.31101,2.13179,2.08799,0.49378,0.99361,0.69328,0.04416,0.16282,1.18976,0.14995,-1.75856,0.49857,1.37404,0.78326,-0.74028,1.74885,0.25497,2.17182,0.43525,0.92472,-1.28226,-1.17888,1.59461,0.46515,0.39417,0.52241,0.10953,1.68042,0.35914,0.8224,-0.48862,0.88244,0.03311,-1.26112,-0.79591,0.94161,0.31092,0.49619,-0.41625,-0.12986,0.86266,0.20823,-0.50233,0.07909,1.3218,-0.45269,0.49983,1.01266,-0.19691,-0.47233,1.85556,-0.39753,0.84418,-1.16306,2.75226,-1.275,-0.26202,-0.54535,1.25379,-0.31917,-0.3702,1.58025,0.29635,0.37205,2.20103,-1.37991,0.48838,-1.56448,-0.87212,0.66726,0.41097,1.73148,0.91541,1.5504,1.00194,0.02773,1.16124,-0.83132,0.90933,-0.31928,-1.58505,0.91579,-0.02183,-1.03086,-0.83291,-0.43343,-0.21252,1.28713,1.12729,0.26758,-1.07547,0.2946,-2.31244,-0.54404,0.27709,-0.16609,0.32225,-0.76464,0.69047,-1.90998,1.58336,-0.27429,0.23826,-0.00826,1.83546,1.46351,-0.48588,-1.26231,-2.02146,-0.35581,0.63954,1.48884,0
0.18263,-1.31195,-0.39412,-0.83386,0.04531,-0.22965,-0.80244,-1.4041,-0.26846,-0.85055,-0.50778,-0.36626,0.86255,3.279,0.87983,0.56299,-0.38022,-2.92978,2.13312,-1.74196,-1.39876,0.11296,1.9639,-0.77973,0.96411,0.9781,-0.28292,-0.18179,1.29141,-1.84912,-0.78932,0.26863,-2.19007,1.21983,1.46321,-1.45941,0.65448,0.08177,-1.12743,0.60208,-0.69472,-0.07028,0.85626,0.44701,-0.34078,1.32452,0.42741,-1.20732,1.52243,1.60802,-0.36584,-1.874,-1.09347,-1.21107,0.45477,-0.17592,0.24033,0.65196,0.73674,-0.40188,-2.16869,0.66115,-0.20308,0.13613,-0.29897,0.03942,0.45603,-0.15464,-0.72073,-0.04725,0.78048,0.46872,0.91353,-1.9793,0.20861,-0.59461,0.70596,-0.77732,-1.52899,-0.46965,-1.12857,0.52698,-0.53253,1.68026,0.21072,-1.18511,1.23182,0.29503,0.25343,-0.16947,-1.25895,-1.32907,-0.53935,0.64574,0.73516,-0.98695,-0.41119,1.28889,-0.7035,0.26028,-1.12466,0.27492,0.61824,-0.25445,-0.196,-2.47439,-1.44409,-0.0358,-1.15776,-0.49127,-1.102,0.64263,2.00838,-0.03306,-0.77272,0.11441,-0.86188,0.41698,-1.43396,0.17416,-0.10012,0.15177,0.00094,-0.85384,0.49942,0.32668,-0.67237,1.05142,-0.59888,0.54769,2.0692,-1.95623,-0.01951,-1.69151,0.46483,0.07451,1.09173,-0.69268,-0.65171,0.80195,0.74755,0.69877,0.2343,-0.7986,-0.88119,-0.62933,-0.66688,0.97523,-0.35994,3.70829,0.36409,0.83157,-0.48418,-0.50455,-0.85241,0.28286,0.91541,-0.71842,-0.76023,0.86225,0.40078,0.9408,-1.30837,0.29244,0.58948,-0.43615,-1.03929,1.62137,1.06786,-1.97723,-1.0339,-0.59673,0.16061,0.29126,-2.10721,0.87598,-1.7604,-0.42339,0.82571,-0.69078,1
0.86661,0.92938,1.33555,-0.33534,-1.20309,-0.00235,0.64639,1.1649,-2.36906,-0.10154,1.08931,-0.96822,-1.48472,-0.56329,0.06502,0.52423,-0.05459,1.55059,1.86218,1.12792,-1.7424,0.72135,0.67741,0.78071,-0.65224,0.79018,-0.57768,-0.35786,0.75244,0.87353,0.04996,-1.18742,-1.18584,0.68834,-1.16575,0.67585,0.25305,0.80532,1.23786,0.81062,-0.0812,-0.86566,1.36583,0.62253,-0.2081,-1.24746,0.13481,-0.02136,-0.38415,-0.42086,1.021,0.29708,-1.21573,0.32648,2.44818,1.0418,-0.09396,0.1514,-0.70673,0.52615,0.02745,0.06823,2.56827,1.51555,-2.21949,-0.6257,0.60693,0.75821,0.73639,0.11274,0.55434,0.45998,1.12619,2.35075,-0.25924,-0.63703,1.37939,-1.50033,-0.09847,-0.29218,-1.7084,0.86324,-1.46772,-0.3649,1.29289,1.46345,-0.06894,-1.30237,0.86487,-1.96252,-0.17566,-0.51441,1.22412,1.37977,0.7588,-0.04601,-1.29774,-0.11847,0.52908,1.46065,0.11772,-0.89177,1.6836,-0.83354,-0.60084,0.54348,-1.19218,-1.71738,1.65477,-0.9396,0.49543,-1.3311,0.63356,-0.50838,-0.88376,0.63845,-1.12073,-0.9989,1.07168,-0.23447,2.1076,0.19416,-1.28465,-0.94156,-0.17819,1.96135,0.85856,0.79118,0.04802,-0.56141,1.3933,1.786,1.15579,1.78006,-1.82713,-0.581,-0.43881,-0.31571,-0.96683,1.9939,-0.67041,-0.5965,-0.8729,-0.21791,-0.37359,-0.4807,-0.22353,-1.12447,0.9632,2.00309,0.10743,0.07872,-0.48565,3.085,-0.32823,-0.84277,0.76655,-1.2689,-0.09224,1.45138,0.40187,-0.49641,-1.00624,-1.81837,1.22998,1.34753,-0.912,0.37638,-1.7779,0.31788,0.99223,-1.06957,0.81625,0.04754,0.34104,-0.53585,0.85426,1.39191,0.28412,-0.25689,1
1.76056,-0.87364,-0.15339,0.64959,1.12786,-0.46474,1.85461,-0.20804,-0.14064,0.48608,-0.92396,0.52942,0.70469,0.729,0.98953,0.81473,0.36286,0.64361,-0.14498,-0.56185,0.76771,-0.22653,-1.01769,-1.45523,-1.18029,0.17339,-0.46615,0.1145,-0.96857,1.06316,-0.59303,-0.65674,-0.34746,-0.54306,-0.60639,1.11921,0.69372,-0.18665,0.8577,-0.62082,1.66721,0.34581,0.12685,0.5343,1.9617,-0.31045,-0.7064,1.25021,-0.3372,0.84565,0.68207,0.23514,-1.93062,0.53468,-0.33315,0.998,-0.11024,0.00977,1.11702,0.65679,-1.934,-0.66549,0.80961,1.6712,-0.39556,-0.14977,-0.37832,-0.09799,0.73613,0.43599,-0.50878,0.72227,-0.07605,0.69252,-0.07401,-0.07295,-1.38876,0.276,0.3826,0.33424,-1.2692,-0.42297,-0.65673,-2.4621,0.28372,-1.09338,1.00388,0.83248,-0.21296,-0.07939,-0.84316,0.09007,-0.364,-0.54213,0.21366,-1.32379,-0.22755,-0.34673,1.08657,1.38011,0.74928,-0.45045,0.71865,-1.88938,0.03936,1.36461,-0.74211,-0.54785,-0.61529,-0.21987,0.30869,0.34867,0.61975,-1.77668,-0.28516,2.10282,-1.65438,-0.22996,0.31623,-0.03549,-0.13027,-0.03344,0.79852,-0.37183,0.35218,-0.42552,0.44515,0.45469,0.51952,1.75753,-0.73148,-0.81537,-0.59633,1.9712,-1.74425,-0.25754,1.06188,-1.23397,0.16885,0.78956,-1.3118,2.35537,-0.95825,0.80716,-0.11111,0.78206,-0.33744,-0.45322,-0.81291,0.485,-0.29015,-0.3514,-1.46924,-0.14814,-1.33035,-0.24472,1.59594,-0.57335,0.53988,1.26447,-1.9478,1.15574,-0.67246,1.56335,0.54652,0.5521,0.48969,-0.50182,-0.4284,0.69089,-0.00985,-0.35712,1.82753,0.16506,-1.30305,0.44466,-0.02154,1.31533,-0.51178,0.54646,0
