v001,v002,v003,v004,v005,v006,v007,v008,v009,v010,v011,v012,v013,v014,v015,v016,v017,v018,v019,v020,v021,v022,v023,v024,v025,v026,v027,v028,v029,v030,v031,v032,v033,v034,v035,v036,v037,v038,v039,v040,v041,v042,v043,v044,v045,v046,v047,v048,v049,v050,v051,v052,v053,v054,v055,v056,v057,v058,v059,v060,v061,v062,v063,v064,v065,v066,v067,v068,v069,v070,v071,v072,v073,v074,v075,v076,v077,v078,v079,v080,v081,v082,v083,v084,v085,v086,v087,v088,v089,v090,v091,v092,v093,v094,v095,v096,v097,v098,v099,v100,v101,v102,v103,v104,v105,v106,v107,v108,v109,v110,v111,v112,v113,v114,v115,v116,v117,v118,v119,v120,v121,v122,v123,v124,v125,v126,v127,v128,v129,v130,v131,v132,v133,v134,v135,v136,v137,v138,v139,v140,v141,v142,v143,v144,v145,v146,v147,v148,v149,v150,v151,v152,v153,v154,v155,v156,v157,v158,v159,v160,v161,v162,v163,v164,v165,v166,v167,v168,v169,v170,v171,v172,v173,v174,v175,v176,v177,v178,v179,v180,alvo
2.39577,0.15339,-0.50168,2.0609,0.34821,-1.59922,0.00861,-2.11377,-0.28191,1.56323,0.75049,0.09464,0.29761,-0.08127,0.85145,-0.90621,0.8506,-0.19903,-0.46045,0.72243,0.05591,-0.37563,-0.09615,-1.04038,0.1264,0.45422,0.77866,-0.80769,-1.28133,-0.52871,0.4196,-1.36192,0.80915,2.25929,-1.20444,-0.77522,-0.22073,-0.23305,-1.268,-1.64355,0.37767,0.05671,1.05788,-1.02209,2.51641,-0.81748,-1.25219,1.05789,0.39461,1.93252,0.30287,0.52652,-0.15768,1.08313,-1.92189,-0.09429,1.21617,-2.29524,0.52351,-0.50588,0.62562,-0.79781,-0.33131,0.17796,1.41174,-0.05461,-0.51163,-0.04755,0.43754,-1.03568,-0.20019,-0.87168,0.90309,-0.5629,0.9204,0.79297,0.37793,-0.21435,-1.4226,0.05284,-0.11491,-0.03545,0.46028,0.44245,-0.78915,0.90921,-0.31626,-1.32699,1.8547,0.19268,0.79548,0.90059,0.34946,-0.30921,-0.57033,-0.80411,-0.15308,-0.92984,0.1646,0.69729,-0.14924,0.68066,0.01997,0.06645,0.69336,-0.22112,0.76627,0.04333,0.42303,0.72789,-0.48066,1.37024,-0.82663,0.2151,-0.84436,-0.28733,-0.10195,-0.71643,0.12533,0.36021,0.3393,-0.27139,0.4313,0.77845,0.5347,0.86793,-0.67254,-0.35306,-0.01293,-0.17784,1.4363,-1.69159,0.00738,-0.38437,-0.73199,-1.08699,0.34772,-0.5559,0.03561,1.22481,-1.43981,-0.98286,0.61621,-0.5572,0.76169,0.69235,0.56252,-1.22048,-0.79244,-0.13348,0.01977,0.05693,-0.24368,-0.13473,-0.33796,0.14627,0.43293,0.23915,0.10075,1.909,-0.63307,0.4436,-0.01918,1.90812,-0.87284,-1.09246,-0.46286,0.04645,-0.53403,-1.17269,-0.24911,0.2823,0.26347,-0.13607,0.07561,1.01799,0.34878,1.60612,0.03623,-0.45014,1
0.05757,-0.75871,-0.45604,3.14244,-1.386,-0.98223,1.15909,0.58204,0.41139,-1.11283,-0.61093,-0.77378,0.51887,0.68734,2.08174,-0.45807,-0.27361,0.39611,1.30554,-0.15407,-1.19469,-0.09869,0.02716,0.37674,-0.15313,0.49068,-0.22974,0.45587,0.66979,-0.22981,0.59778,0.84159,0.96825,-0.45523,0.69808,-0.05122,0.15767,0.25518,0.76564,-0.33685,-0.0276,-1.39709,0.2855,0.31887,-1.13856,0.23737,-2.1886,-0.79109,-1.81827,-0.04209,0.07502,0.43202,-1.36395,0.31844,-0.38619,0.07675,-0.34916,-0.5482,-0.28786,0.06262,0.4533,2.52382,0.908,1.4822,-1.17482,-0.53273,-1.05803,-1.66858,0.69396,0.12117,0.27656,-0.69353,-0.28134,-0.61964,1.16862,1.86949,-2.23817,0.23861,0.01062,-0.70666,0.24777,-0.33601,-1.05912,-0.12903,0.70829,-0.33687,0.28969,1.74613,-1.22013,-0.0319,-0.29311,-1.53402,0.23737,-1.34696,-1.30797,-1.20969,-1.40415,0.15802,-2.30733,1.52564,-1.752,0.65985,0.06973,0.07807,1.36766,1.45095,0.65779,-1.98304,0.70297,-1.40693,-0.67901,0.60884,-0.46217,1.45374,-1.56744,-1.22104,-1.24428,0.11566,0.30598,-0.31789,0.6993,-0.28271,-0.5673,0.40751,-1.16524,-1.31991,-0.32361,-0.69213,0.83905,1.43001,-1.05381,0.45254,-0.33285,-0.16714,-3.15165,0.00334,-0.18193,-0.44771,1.09964,0.437,1.31693,1.06862,-0.04549,1.50547,0.05424,0.33355,0.82708,-0.41336,1.0112,0.93108,0.63745,0.36641,-0.28955,0.2026,-0.17266,-0.8162,0.01303,-0.42336,-0.64625,-0.03439,-0.6438,-1.21464,0.77122,-1.84544,-0.45334,-0.1712,1.30369,-0.76056,-0.36134,-0.14442,0.35319,-0.65692,-1.84731,-0.54503,1.48525,0.78154,-0.81576,-0.12484,0.46636,0.8578,1
-0.56388,0.07296,0.8455,0.27348,-0.19486,0.77727,-0.38242,0.8838,-0.56457,0.5739,-0.9746,-1.06944,-1.17247,1.37346,0.42844,0.77699,-1.29685,0.81543,-0.0309,0.84513,0.13786,0.49249,1.51851,-1.03985,1.19469,0.2247,-1.40552,1.43872,0.41345,-0.0306,-0.80736,-0.41455,-1.03577,-1.69205,-1.38223,-0.50109,0.62357,-0.67322,-0.26634,-0.7566,0.68842,-1.53042,-0.2769,-1.74703,1.22685,0.33747,0.60593,-2.09554,0.75934,-1.84709,0.45544,-0.02128,0.64485,-1.59272,0.18216,0.19778,1.50716,-1.31196,-0.80402,0.34034,1.41626,0.85351,-0.61464,0.37688,-0.38455,0.19285,1.30942,-1.17813,-0.04537,-0.58129,-1.29321,-0.20209,1.21163,-0.56831,0.10373,-1.12369,-1.30049,-1.42443,-0.8691,-1.82055,0.15736,1.0267,0.17842,-0.0867,-1.29207,0.43687,0.65114,-0.66373,0.89205,0.31438,-1.58104,-1.33122,-1.39569,-0.36197,-0.19893,-0.93326,0.47276,-2.08109,0.5852,-0.33717,1.7354,-0.2391,-1.04757,0.68581,-1.24293,2.24149,-0.68039,-0.39023,-2.41658,0.19648,0.12976,-0.1014,-1.20467,-1.23666,0.75886,-0.88226,0.44405,0.96484,0.66423,-0.97248,1.7949,-0.27841,-2.08735,-0.16468,2.77107,1.43159,-0.00771,-0.48183,0.91898,-0.05555,-1.02306,-0.54126,-1.53447,2.04236,0.86512,0.62864,-1.27369,-0.22823,0.4079,0.38205,0.08175,0.58082,1.15252,-0.08281,-0.94941,-0.35045,0.07109,0.81105,-0.15591,-0.8805,-0.69271,1.02238,-0.68371,0.42003,-0.00371,0.08468,-1.54351,0.6714,-0.51269,-0.5025,0.88276,0.36888,-0.64915,-1.00017,0.89235,0.35006,0.08705,0.16277,-0.35149,-0.41121,2.00939,1.1821,-1.25398,0.71126,-0.29307,0.09045,1.52019,-0.6409,-0.10209,-0.00603,1
0.56049,-0.40188,0.11968,0.15317,-1.19036,0.27668,-0.40994,-0.79977,1.78294,0.27864,0.96867,-0.69092,1.44523,-0.75921,0.39817,-0.78167,0.66055,0.35358,-0.18892,0.10461,0.00713,0.10707,0.36017,0.3159,-0.83406,0.19666,-0.47188,-1.23483,0.13275,-0.09059,-0.16863,-1.38218,-0.25911,-0.98396,-0.74225,0.58842,-1.49783,-2.08945,0.32391,-0.30721,0.92605,-0.46919,-0.47751,0.23009,-0.44755,-1.31606,-0.08459,0.81139,-0.44973,-0.44921,1.46498,0.71339,-0.48023,-0.13157,0.70819,-1.03609,0.4941,-0.66576,1.48015,-1.00522,0.92021,0.57105,-0.19678,-1.21621,0.95586,0.09953,0.56926,-0.85276,-0.08127,0.10753,-0.8408,0.4283,0.23462,-0.36096,-1.23499,0.60069,-1.56273,0.21452,-0.25961,0.56876,0.70055,-0.87175,1.97992,-0.21441,-0.28228,0.50377,-1.77003,2.22731,-0.5105,1.44754,1.24511,1.47582,0.54126,-2.09634,-1.39098,-0.40878,-0.63587,-0.3719,0.21899,0.63317,0.20198,1.23402,-0.40375,-1.31614,0.12168,1.55866,0.51958,0.2617,0.44012,-0.51793,-0.27378,-0.71264,-2.0633,0.11235,-0.41871,-0.16128,0.0669,-0.57963,-0.44603,1.63492,0.5049,0.57105,-0.44152,-1.13028,-0.60231,1.5679,0.25115,-1.68608,0.56178,-2.74142,0.64655,-2.01465,0.7187,-0.08675,-1.34995,0.31642,-1.77745,1.32125,1.20939,-0.58936,-0.86583,0.4212,0.99695,-1.4836,0.57203,0.65094,-0.26758,0.79006,1.04663,-0.72108,0.87633,-0.87867,1.18631,1.79588,-0.76377,0.08401,-2.65509,-0.49187,0.41426,-0.32694,-0.18571,-1.35366,-0.85884,-0.92693,-0.07857,0.20795,-1.54045,-0.9231,1.40943,0.32139,0.97537,0.27204,-0.7272,0.33253,-0.43431,-0.51321,1.28144,-0.69555,1.26439,-0.12664,0
0.55707,0.46556,-0.00739,0.62261,-0.12569,-0.81381,-0.00563,-0.86631,1.90524,-1.22017,-1.93966,-0.46051,-0.37974,-1.06322,-0.44543,-0.94614,-0.81596,-0.3934,-1.56776,1.52565,0.12865,-1.58885,0.1236,0.26147,1.67683,1.26962,2.08768,0.26681,-0.79503,-0.48624,-1.07477,-0.13854,-0.25346,-1.398,0.23238,-0.94259,0.72393,-2.34967,0.01274,0.22266,2.05911,0.44385,-0.47991,0.74429,0.36487,-1.38088,-0.33154,3.05547,1.87568,0.80308,-1.15124,0.39736,-0.62312,0.55482,-0.91788,-0.2868,1.5742,-0.24246,-0.56236,-0.29685,-0.16461,1.05325,-0.36226,-0.00328,0.29169,-1.28136,-0.09913,-0.67512,0.19012,0.66573,1.52762,2.31888,0.99393,-0.32542,0.55514,-0.57846,0.58456,-2.0781,0.84078,-1.18721,0.29078,0.15426,-0.74496,1.63027,0.00786,-1.3308,-0.23592,-0.2128,-1.18299,2.1456,-0.14459,1.21333,-0.56611,-2.61961,1.23236,0.69489,0.06528,1.22502,-1.41235,0.85088,-0.55604,0.18289,-1.50414,1.29064,-0.82333,-0.4102,1.08593,-0.15162,-0.35103,-0.50028,-0.4121,-2.7841,-0.26572,-0.70023,-0.42918,-1.92492,-1.6946,0.09494,1.8616,0.12832,-0.47996,1.06506,2.59595,1.39035,1.02329,-1.40883,0.08801,0.23013,0.73813,1.91311,0.29702,0.37813,-0.35713,-0.01275,0.50026,-0.40259,-0.27161,0.64371,0.62833,0.50861,-1.15951,0.55159,1.04419,0.6701,0.99831,-0.47234,-0.41462,-1.58689,1.67192,0.71886,1.75876,-0.28789,0.13667,-0.14762,-1.19175,-0.4892,-0.50294,-1.78609,-0.64796,0.90837,-0.06991,3.09774,1.47338,0.85408,-0.10078,0.69549,-1.07942,0.10827,0.60843,1.0877,-0.47633,-1.55573,-0.54349,-0.20355,1.11704,0.49189,-0.56111,1.05135,1.163,-0.76291,0
0.75031,0.09611,-0.45441,0.67567,-0.77494,0.73679,-0.5819,1.386,0.71598,-0.07554,-0.83742,0.14266,-0.33646,-0.46091,0.15851,-0.35505,0.57817,1.24993,1.05489,-0.11007,1.46557,0.21522,-0.91547,1.15519,-0.48002,-0.68706,-0.08501,-0.67807,1.66139,0.53523,0.40094,-0.4503,0.11515,0.24177,1.55038,1.92408,-0.93309,-0.05759,0.15249,-0.2291,-1.83874,0.77026,-0.40205,-0.19472,-0.62672,-1.53575,1.48036,-0.93087,2.27532,0.03896,-1.21442,-0.26902,0.25521,1.745,-0.12211,-0.10091,0.55733,1.08711,0.63793,-0.00482,0.17396,0.66245,0.01247,0.25032,0.55341,-0.45224,-0.0436,-0.42754,0.87986,-0.76756,-1.34491,-0.15092,-1.62299,-0.75619,0.83497,1.28692,1.20348,1.12717,0.86644,-0.134,0.49952,0.08475,0.65324,-0.72594,0.36694,0.20758,0.34493,-1.6221,0.08374,0.37415,0.87528,-0.11627,0.10102,-1.07092,0.90292,-0.07283,-0.32119,-0.61187,0.97629,-0.55894,1.85192,0.37623,-0.80516,-0.45385,-0.47639,0.34918,-2.0727,1.71128,-0.71273,-1.6322,-1.14486,-0.61216,0.38087,-0.71661,0.6743,1.24559,-1.23221,-0.29102,1.20178,-1.18881,-0.20603,0.36273,0.54199,-0.08875,0.30453,0.23461,-1.46135,-0.15883,1.00036,-0.72861,0.35669,2.09516,0.55234,0.7046,0.14282,0.16425,0.27753,-0.11475,-0.31624,0.12403,1.14872,2.47554,0.78331,0.64973,0.19915,0.72863,1.59241,-0.21884,0.08947,-0.57957,-0.60514,-1.75236,1.47016,-0.29007,-2.35394,-0.31522,0.90411,-0.71697,-0.42266,-0.68594,-0.14411,0.17471,-0.66238,-0.02663,-0.6998,0.49377,-1.50744,-0.95209,-1.05848,-1.00471,-0.31376,-0.31189,-0.50859,0.0557,1.3085,0.36819,-0.94157,-0.47557,0.14705,0.09318,0
2.10934,-0.70686,1.31118,0.01124,1.12584,1.08197,-1.22721,0.14823,-0.30455,-0.51042,-0.17937,0.00328,0.80264,-2.67869,0.47102,-0.60034,1.63457,0.36081,1.11888,0.50175,0.04762,0.50087,-1.58422,-1.05189,1.12848,-0.21357,0.72587,0.97274,1.69657,0.79161,0.21939,0.74422,1.11016,-0.76091,-1.05921,1.29535,-0.51686,1.10228,-2.05325,-0.92278,0.27646,-1.74286,-1.51434,-0.89604,-1.40857,-2.39989,-0.81061,-1.07864,-0.76066,-0.62986,0.41299,-1.88135,0.74476,-0.53948,-0.40143,0.22058,-0.72922,0.59337,-0.12489,0.48328,0.56945,1.77982,-0.52558,0.11671,0.30581,-0.27287,-0.31006,-0.94953,-1.27791,-2.34809,-0.26579,1.5071,-0.8767,-1.61574,-0.89795,1.03874,-1.02156,0.4071,0.24092,0.37362,2.0738,0.76713,1.4653,-0.86128,-1.68335,0.75509,1.3997,2.35877,0.38368,-0.35955,0.14574,0.16174,-0.09176,0.66329,1.18107,0.93668,-0.8639,0.73048,0.12386,1.63546,-0.20008,-0.1108,1.59833,0.29571,1.04344,0.68953,0.59597,0.58056,-1.04553,0.01569,-2.60141,0.28179,0.63678,0.08152,0.5438,1.03541,-0.77964,0.38569,0.47628,-1.06373,0.0641,-0.36366,-0.6118,0.23009,-0.10737,0.36289,-0.57284,-0.30154,-0.56075,0.68187,1.01486,-0.45705,0.29471,-1.13768,-1.35899,-1.6471,0.25462,-0.75591,1.10187,0.44392,0.64184,-0.20792,0.68435,-0.21711,2.01488,-1.17359,-0.82794,1.99744,1.50955,1.42164,0.73457,0.55147,-1.38402,0.9931,-0.53891,0.25965,0.75569,-0.34226,-0.74253,0.99751,-1.50368,-0.6141,0.6513,0.3787,-0.15594,-0.23038,-0.01568,-0.58753,-0.79598,-0.49391,-2.19168,-0.01661,0.50821,0.45473,-0.68584,1.06496,-2.74544,1.77597,0.67628,-1.01681,0
-1.77678,0.34964,1.32334,0.19785,-0.60347,-1.06233,-1.95236,-1.00131,-3.06397,-0.09163,-1.61925,0.51755,0.70477,-1.60914,0.57151,-0.10992,-0.05558,0.18134,-0.60685,-1.6188,0.71141,0.54562,-0.90636,-0.6192,1.16579,-0.05419,0.06051,-0.53223,0.73146,0.43026,-0.33164,1.46185,-0.61775,0.20936,1.04877,-0.58767,-0.23755,-1.71719,0.21487,-0.3266,-2.87507,-1.26548,-0.60909,-0.57562,-0.32379,-0.67969,-0.01265,0.18473,1.10051,0.68232,-1.78919,-1.53175,-0.3113,1.08963,-0.03801,1.40228,0.1285,-0.68102,-0.96813,-0.16299,-0.78267,-1.36744,0.74716,-1.29065,0.17645,-0.9957,-0.87273,0.33368,-0.40569,-2.04142,0.14785,-0.10983,0.7163,0.74377,0.00071,3.1183,0.91354,1.16519,1.71863,0.69249,0.3245,-0.17694,0.54578,-0.20414,-0.27244,1.25629,-0.18854,1.3416,1.13019,-1.7666,-0.49299,-0.395,1.48361,-0.34506,1.04248,-0.60679,1.45933,-2.16729,-0.48596,-0.02817,1.98857,-0.41531,-0.80722,0.84435,1.98619,1.08434,1.61865,-0.89434,-1.44001,0.76844,-2.00995,0.12834,0.75937,-0.65414,-0.00722,-0.41317,0.81619,-0.87204,-0.70124,0.89386,0.62939,0.07887,0.29579,0.42029,-1.17718,-0.78189,0.17026,-0.20836,-0.80644,-1.88586,-0.41251,2.06176,0.84143,-0.4575,-1.20225,-0.57153,-0.05817,0.66514,-1.00553,0.98935,0.52269,0.9411,-1.26778,0.33256,1.31763,0.81393,-0.65213,-0.63337,1.07279,1.15843,1.38274,0.44977,-1.62991,0.32128,-0.02073,-0.7949,1.55447,-1.36213,-1.90782,0.23115,0.13521,-1.02591,-0.78521,-0.02881,-0.55058,-1.35197,-1.61623,-1.32584,0.63176,0.25562,0.0253,0.03612,0.28633,-0.76778,1.21262,0.27453,0.28436,-0.18088,0.37459,-0.66651,1
-0.6447,0.0833,0.60459,0.46282,1.03975,1.07324,-0.43369,-1.08034,0.17653,0.34398,-2.4753,0.04606,-0.4306,-1.56044,-0.73205,0.01772,-1.01365,1.24645,0.45567,0.11385,-1.47784,1.04062,-0.6523,-0.59893,-0.60072,-0.39143,-0.54837,-0.92158,-1.89129,-2.61696,-0.71595,-0.83197,2.16992,-0.09232,0.208,1.12743,-0.12249,-0.23624,-0.74875,-1.33969,-2.57137,0.21187,-0.95693,-0.23761,0.73926,0.17797,-0.07909,0.46331,-0.90683,-0.91594,-0.97631,0.34363,1.36422,-0.84402,-1.83341,1.05969,-1.62752,-0.73445,-0.52834,0.11807,-0.39097,-0.02751,-0.99621,-1.12654,-0.057,-0.69627,-0.44637,1.23277,1.05483,0.49423,-0.83412,1.21922,0.76796,-2.62347,0.41848,0.95943,-1.20445,-1.09753,0.41827,0.58154,-0.28812,0.89734,0.82184,-0.63462,1.86468,0.71732,-1.241,-0.57511,-0.66659,1.00078,-0.71554,-0.70846,-1.75942,0.36061,-0.13874,0.30264,-1.05735,0.70224,1.6303,-1.06363,-0.28381,-1.70992,0.2779,1.27288,0.40202,0.35888,-0.40535,0.15011,1.67088,-1.56786,-2.04793,-1.51303,-1.6437,1.9366,2.38905,-1.5907,0.45468,0.38663,-1.97771,1.81434,0.41494,0.05425,-0.13873,-2.13718,-1.25155,-0.54435,1.34245,1.87099,1.82752,-0.6746,-0.16586,-0.29489,1.3094,-1.14933,-0.32853,0.8699,-1.30562,0.85552,0.00126,-0.05371,0.26764,0.79332,0.14849,-0.11798,-0.63771,0.75893,1.89904,-1.57098,-0.48162,0.57449,0.28371,-0.3761,-2.37218,-0.62774,0.45935,1.49098,-1.33184,-0.43405,0.06077,-0.33637,0.4231,0.23029,-0.82592,1.03654,0.68778,-0.23865,0.54172,-1.26471,0.01059,0.67128,-0.74963,-0.26335,-0.06332,-0.4179,0.16249,-0.80101,0.15371,0.18974,1.09691,-1.1331,1
-1.27814,1.57388,-0.40353,0.80008,0.32497,-3.30352,-1.09887,0.52206,1.88526,0.31141,0.68514,0.22654,0.97331,0.26443,0.48386,0.79129,1.37015,1.40845,-0.47944,-0.32283,-1.92036,-1.55309,0.18429,-0.39591,-1.22677,0.78849,1.58338,0.54791,-1.21301,0.3346,-0.7163,1.74718,-0.26154,-2.34772,-1.54482,-2.04915,1.96397,0.8101,-1.36902,-0.18224,-0.01107,-0.9398,0.63548,1.20062,-0.9941,1.06002,0.36252,0.94819,0.06114,-0.67722,-0.1919,-1.85946,-0.10214,-0.91184,-1.00327,1.17165,2.08137,-0.41969,-0.92252,-0.50315,1.91414,1.20563,0.36653,-0.03456,0.24564,0.20817,0.24469,-0.23207,-1.5905,-0.23295,-0.31599,0.18495,-0.19926,1.41124,-0.80154,0.20888,-0.36062,0.00025,0.37372,0.52714,0.53402,0.32008,-1.31833,-0.08476,0.38767,0.39448,-0.35687,-0.12995,1.53234,1.19179,-1.75638,0.83287,0.19539,0.27646,-2.22768,-0.07858,0.62974,0.52933,0.26018,0.26858,0.30118,0.37259,-0.33905,-1.17598,-1.26211,0.81,0.08741,-0.02555,-0.70705,-1.09037,-1.15539,1.95464,0.24974,1.47329,-0.21603,0.31353,0.65377,0.74871,0.58162,-0.5774,0.57476,-1.85774,-0.48873,3.09873,0.02587,-0.29036,0.80242,-0.58894,1.26173,0.23387,2.17756,0.56223,1.65694,1.04798,1.22996,0.49617,-0.11971,0.67796,-1.90371,-1.23181,0.90477,0.23988,-0.44243,-1.42046,-0.94998,0.74096,-0.45172,-0.04157,0.56317,-2.1544,-0.30153,0.68121,0.70259,-0.59118,-1.65255,1.39238,-1.2044,-0.0847,-1.06715,-0.24419,1.31928,0.66525,-0.54196,0.75161,2.20082,0.20953,-1.20646,-1.6345,-1.92084,-1.29236,2.18577,-0.25097,-0.35737,-0.1836,1.51768,0.77941,-0.47085,-0.54863,0.36196,-0.48086,1
-0.12497,-0.81483,0.93886,0.04356,-1.23763,0.20907,-0.2157,1.85627,-1.02724,-0.89114,1.32667,-0.75524,1.40942,-2.28395,0.95575,-0.35095,-0.65411,0.03911,1.36319,-1.2313,0.27616,0.84419,-0.69607,-2.36961,0.8939,-0.21589,-0.65862,1.08937,-0.4038,0.92833,0.29934,-2.28945,0.86763,-1.07768,-0.24956,0.73897,1.45977,1.3268,0.36955,-0.03483,-0.27784,-0.75461,-1.29507,1.107,1.01921,-2.89301,1.12616,-0.59118,-1.71376,-0.24751,-1.15208,-1.17879,-0.95518,-0.72061,-0.01526,1.37675,-0.15248,-0.68593,1.52268,-1.29783,1.14381,0.08473,0.67556,-1.157,0.86092,-0.95146,0.19744,-0.35511,0.49703,-0.09451,-1.75302,0.20718,-0.5339,-0.49653,-1.81119,-0.75458,-1.44609,-2.72631,-0.08205,-1.50398,0.14613,0.45645,-0.68371,1.75004,1.12479,1.05918,1.18056,-1.66467,-0.98162,1.26959,-0.95102,1.15291,-0.4712,-0.05123,-0.80234,1.50182,-0.61327,-0.61227,-0.67987,-1.2033,0.38076,-1.34502,0.1988,-0.63093,-0.05627,-0.78401,0.2681,-0.89602,-1.92108,-1.80249,0.22212,0.18704,0.47947,0.30524,0.50664,2.31629,0.20693,-1.01937,-0.41452,-0.72585,-0.34996,-0.03667,0.35903,0.74648,1.85286,1.39116,0.51536,-0.46718,0.00929,-1.46811,-1.02862,-0.0014,-2.69158,0.58786,0.37817,-0.7047,0.13761,-0.56504,-0.01403,-0.23073,1.06342,-0.41762,-0.11773,-0.83232,0.31297,-1.13336,0.79034,0.0072,0.93075,0.19308,1.01339,-1.8992,0.04481,-0.08201,-0.32697,1.27912,0.54439,0.45167,0.65723,-0.61036,-0.86565,-0.56598,-1.55166,0.55077,0.11239,-0.84006,0.37383,-1.32183,0.93701,0.18692,0.31441,0.20596,-0.64529,0.52042,-0.11989,1.95316,1.06795,-0.75461,-0.93732,0.2469,0
0.12152,-0.0662,0.27937,0.44773,0.236,0.29698,1.2761,-0.27478,-0.25954,0.58896,0.92924,-1.37024,-0.09032,-0.89693,-1.18524,0.56379,-0.77887,1.41105,1.25639,-0.45419,0.85866,1.40408,0.96017,-0.80922,0.69731,0.21721,0.76247,-2.46157,1.29536,-2.73482,-0.06664,2.11963,0.26849,0.26396,0.72296,-0.23882,-1.49203,1.2115,-1.11786,-0.79296,-0.25359,-1.33005,0.28516,-0.65159,-0.79658,1.21841,-0.8467,0.73852,0.35186,-1.08101,-0.16351,-0.54574,-0.3538,-0.86124,0.71115,-0.12825,1.41281,-0.8113,0.16031,0.65563,-0.07374,0.53937,-1.2605,1.6086,-0.52937,-1.25065,-1.64586,0.42389,-0.66971,-0.42554,0.09064,-2.1026,0.23726,-0.01596,-0.17134,-1.23614,0.36889,-1.40218,-1.31766,0.06244,-2.01517,0.67105,0.12669,0.18013,-0.00502,2.4064,0.34415,-0.13036,-1.37124,1.052,-0.06215,1.06768,-0.37492,-0.18108,-0.98602,0.02358,0.02326,-1.51673,0.18417,-2.73786,1.78879,0.77237,-1.17322,0.87637,0.54688,0.29183,-2.03823,-2.22614,-1.48141,-0.05026,0.34541,-0.24134,0.95567,2.27106,-0.59294,0.13939,0.84449,0.77517,0.81957,1.18373,-0.77948,-0.60041,1.43548,1.16705,0.27285,0.13135,-0.16167,-1.42147,0.34763,0.2893,1.41347,0.15226,-1.58304,0.95781,1.25682,-1.40976,0.05911,1.58747,1.18209,0.67442,0.90573,0.34484,-0.09645,0.64149,0.1687,-1.2927,-0.18164,0.03825,0.38648,-0.20674,0.37322,0.54947,1.52685,-1.43186,1.15804,-0.76255,1.75304,-0.02212,0.45573,0.15731,-1.51131,-0.7406,0.35761,-0.70349,-0.92167,1.17503,1.48405,-0.04842,-0.31813,1.56726,-0.63899,-1.098,-0.15198,-0.26222,-0.07623,0.15353,-0.68148,-1.78277,-0.69656,-1.84126,1
-0.94875,-1.45929,0.2375,-0.7823,-0.84466,1.14452,1.86246,0.98697,0.00562,0.23917,0.37773,-0.46473,-1.30477,0.98833,0.96269,0.30308,0.17462,4.03072,0.3872,-1.87298,0.01733,-1.10821,0.48105,-1.99181,0.03397,-0.9814,-1.41013,-0.1903,0.72256,0.07272,-1.82832,1.19505,0.95492,1.0635,0.03438,0.29479,2.54503,0.39231,0.51952,1.44434,-1.04065,-0.06988,0.22132,-1.46842,-0.33308,1.05353,-0.25894,-1.75969,-1.01163,0.55794,0.20529,1.03885,1.35769,0.3992,-0.41417,-1.54965,0.25337,-0.75031,-0.25335,-1.44614,-0.60828,-1.93552,2.2709,-1.26838,1.07157,1.24879,-2.08922,0.37571,0.24644,0.26231,-0.3114,0.27997,-0.13903,1.6564,-0.58733,-1.36031,0.72081,1.07533,0.46293,-0.56726,0.07618,0.81926,-2.03246,-0.06603,-0.01402,1.54435,-0.78765,0.81964,-1.41972,0.38559,-0.45777,-1.06528,-0.97767,0.92327,-0.48915,-2.04855,1.81057,-1.36193,-1.3785,0.78105,0.89102,1.37753,-0.70934,-0.1826,0.59772,0.56692,-0.46595,0.48121,0.15797,-0.38485,0.74708,0.40325,-0.49079,0.94924,-0.39756,0.19935,0.14014,-2.31032,1.07856,-0.62779,-0.31381,-0.33783,1.04552,0.22202,0.82046,0.17173,0.8898,1.28517,-2.29167,-0.02105,1.94144,-0.98296,-2.35299,-0.62825,0.48212,0.37279,0.67305,-0.83418,1.56401,-1.11931,0.07154,-0.38843,0.08859,-0.65672,0.20298,0.89004,-0.73253,0.12077,0.33527,-1.48233,-1.47636,-0.41264,0.77956,-0.70474,-0.44748,0.60863,1.01288,-0.76274,-0.01899,0.50223,1.03517,-0.44712,-1.86436,-0.31681,0.09345,-0.99505,-0.26755,1.01267,1.19194,-1.04909,-0.52169,-0.37194,-0.80671,-1.42215,1.64834,-0.52343,-0.4818,-2.14991,-0.67452,0.68023,0
-1.63547,0.8859,-0.87136,-0.22503,2.2057,0.19465,0.42627,1.37569,0.40063,-0.55114,-1.25749,-1.40357,-0.16153,1.52574,0.44478,-0.25578,1.66439,1.8258,0.26852,1.22581,-1.65248,-0.36007,0.79501,1.44865,0.38821,0.37359,0.40615,-1.0091,0.0049,-0.96373,0.0251,-0.70234,0.07576,0.01528,-1.36441,0.37519,0.54332,0.13179,2.29611,-0.91497,-0.91879,0.53842,-0.66155,-0.10791,-1.04174,-0.04157,-0.35823,-0.08614,1.18583,0.88374,-0.34009,-0.41144,0.65981,-0.67502,0.40128,0.23412,1.08493,-0.81643,-1.11138,1.33535,-0.68871,0.7069,-0.70744,1.45042,-0.84093,0.76897,0.99649,-0.92256,0.78548,0.30453,0.86766,0.75791,-0.53889,-1.08665,1.08168,-0.74564,-0.43929,0.36651,0.88887,-0.30657,0.5058,0.86278,1.21973,-0.28325,-1.56796,-2.83061,-1.76229,-1.14984,-0.16375,-0.78738,-1.18509,0.67452,-0.53877,-0.29,-0.78512,-0.03373,-1.97564,0.53462,-0.33754,-0.20237,-0.98847,0.28694,-1.00432,-1.32637,-1.27391,0.77574,0.5938,0.14996,1.43162,-0.85929,-0.02157,-0.403,-0.14451,0.8576,-1.05804,-1.32355,2.76621,0.09114,0.1437,-0.55186,-0.17954,0.05985,0.71401,-0.10359,-0.01334,-0.36925,-2.38063,0.59027,0.31673,0.67136,1.58703,-1.13821,-0.14588,-0.36818,-1.2777,0.3863,-0.5178,-0.13513,-0.50308,-1.70395,-0.69741,-2.01293,-1.14431,0.61348,-1.72399,-1.24033,0.65892,-0.14454,-0.71485,0.07148,-0.10948,-1.0504,1.31168,-0.49798,0.27217,0.81198,-1.04028,-1.71189,-0.50208,-0.85789,0.49487,0.52751,0.1235,-0.05348,-0.59199,1.63478,-0.82587,-0.01667,-1.03656,-0.79599,0.44688,0.42195,-0.01298,-0.86564,-0.7248,1.44451,-0.83988,1.08257,-1.475,-0.93495,1
1.21087,-1.49598,-0.54281,-0.33872,0.3689,-1.17577,-0.4749,-2.00849,-0.45773,0.65411,0.64994,0.7621,-0.48791,0.26369,-1.33555,1.50413,-0.81039,-0.09186,1.04304,-2.46347,-0.63199,-1.49496,0.43151,1.59188,0.1712,1.21724,1.93707,0.39265,0.80054,1.69406,-1.38168,-0.04766,-0.78498,-0.06205,0.0519,0.5826,-1.3973,0.45771,0.98869,0.16181,-1.11009,1.61445,-0.42101,0.81365,0.4756,1.05647,-1.54693,1.23043,-1.30173,-1.08814,-1.25943,-1.43777,0.92151,-0.6782,-0.54224,-0.74997,-0.81915,-2.02006,-0.80634,0.2658,0.27003,0.53201,0.42208,-2.3912,-0.13853,0.28732,1.88678,-0.40707,-0.39503,2.28021,0.52318,0.89389,-0.28725,-0.76423,2.71561,-1.21131,1.42055,2.19607,0.58095,0.68606,-2.33031,1.23173,0.05899,0.7567,1.14309,-0.48153,-0.18284,0.92014,-0.18535,-0.47466,-0.39875,0.58892,0.18902,0.63884,0.52147,-0.86506,-1.05468,-0.1708,-0.96784,0.05105,0.66702,0.96769,0.70769,0.33185,0.81334,0.60881,0.17656,0.43492,-0.19189,-0.05535,0.70059,1.59949,-0.50751,0.85597,-0.02017,-0.79229,-0.57926,0.01716,-0.01904,-0.55087,0.07056,-0.1126,0.05857,0.80525,-0.09828,-0.8635,-2.25593,-1.74092,3.28957,-0.07043,-0.7741,-0.99859,-2.22891,1.96433,-0.30238,1.85981,0.89584,-0.15883,1.36282,1.12482,0.78152,1.10618,1.16171,0.27877,-1.0255,0.19479,0.25109,-0.47852,0.77096,-3.00217,0.09751,0.81091,-0.45502,1.12624,1.13035,0.35609,0.82723,-2.4193,-0.93909,-0.55649,0.40804,0.44194,-0.24302,1.5607,1.0731,0.15731,-2.44523,0.11329,0.8337,-0.32401,-0.98935,0.07727,0.24658,-0.27532,-1.48942,-0.30585,0.39605,0.03311,-0.23691,0.66368,0
-0.03865,1.23203,1.0865,-0.36738,-0.53578,0.10637,-0.03712,0.77242,-0.38765,1.09339,1.42159,0.56136,-1.07579,1.57408,1.49927,-1.1734,-1.3911,-1.11588,-0.63584,-1.35923,1.15261,0.74727,0.81838,-1.06847,-0.54542,0.75951,-1.5162,1.79628,-0.92234,-0.10279,-0.49294,1.18137,0.24129,-1.17719,0.83874,-0.35395,-0.51858,-0.58994,-0.73661,-0.76111,-0.25511,-0.91867,-1.60156,-0.75545,-1.17203,-0.48479,0.41233,-1.56763,0.5484,0.74941,1.42478,-0.28165,-1.07782,-1.00249,0.37771,-0.47521,0.39788,1.78751,0.22287,-1.15232,-0.59983,1.48477,-0.46117,-0.27161,0.46599,-0.82263,-1.61121,1.07005,-0.92729,-0.44832,-0.78054,0.02471,0.61301,-0.20132,-0.50078,0.08142,1.54417,0.982,-0.09836,-0.44475,-0.84615,-0.44778,0.2494,0.20826,0.02302,-1.43098,-1.46919,1.93673,1.77197,1.18224,-0.11188,0.95749,0.34865,1.11057,-0.38015,0.61124,0.49018,-0.41053,0.75134,0.58565,-0.01998,0.93715,-0.63821,-1.58362,0.07233,0.03922,-0.98889,-0.25235,-0.46552,0.43327,0.54219,-1.44674,-1.40707,-0.38235,-0.05743,-0.03148,0.87708,0.42506,-0.75751,-0.17011,-0.19851,0.44274,0.65659,-1.14739,-1.58606,-1.46577,1.00044,-0.48171,0.70587,1.87942,0.1178,1.1704,0.38345,-1.44246,-0.27179,0.76705,-0.64483,-0.63345,-0.46904,-0.47045,0.33465,0.59103,-1.25675,-0.18559,-0.76743,1.20692,1.1087,0.01599,1.16129,0.31228,0.24059,-1.99697,0.49535,1.07936,0.10903,-0.92086,-0.14523,-1.4981,0.17217,1.40502,-0.31919,-1.42256,-1.40822,-1.5402,0.12401,0.3629,-1.58346,-0.60675,1.45905,2.98759,-0.97919,-0.96142,0.86873,-0.06521,-0.40944,-1.08557,-0.57177,0.31899,-0.18274,-0.6303,1
1.56577,0.80918,-1.09484,0.62487,-0.45247,0.61148,0.85006,0.02201,0.14584,0.37356,0.60468,0.32574,-0.15939,-0.24041,-1.2316,0.59117,0.23118,0.81933,-1.32738,1.07872,-0.49502,-1.01887,-1.4387,0.122,-0.36864,-0.52477,-0.36472,-0.2478,0.28327,-2.11563,0.92334,1.20564,-0.68189,0.27293,1.30899,-0.73511,1.39804,0.13082,1.65954,-0.22491,-1.1272,0.4505,-0.69567,2.05068,1.08601,-1.65588,-2.08558,-0.00524,-0.09732,-0.32298,-1.05924,0.78583,-1.65312,1.77039,0.94604,0.31992,1.03262,1.13481,-1.57872,0.80727,-0.36944,2.21684,-0.78107,0.39678,0.14469,-1.18978,-1.91017,0.38936,0.36133,0.56734,2.17121,-0.15732,0.5546,1.95735,-2.12148,-0.95373,-1.20115,0.40067,0.41407,0.10307,-0.14236,0.3678,0.37945,0.31932,1.26265,-0.58896,0.9504,1.55145,-1.15291,0.42063,1.32216,-0.75717,-0.36185,0.85239,0.47282,-1.85904,-0.75834,-0.36958,0.92162,0.55304,0.7068,0.39668,-2.361,0.20382,-0.09839,-1.45555,1.1295,0.95082,-1.84945,-0.27583,0.06828,-0.48771,1.0025,-1.51874,-2.18821,-0.06155,0.11894,0.77473,-1.2014,1.01966,1.30671,0.04692,0.29867,-0.306,0.8111,-0.41507,-0.34192,1.04967,0.79456,-0.70747,-1.08507,-1.3964,-0.69191,0.48332,-0.86541,0.69978,-0.87914,0.441,-0.06182,-0.71153,-0.35778,0.16716,1.91523,1.92384,0.49719,0.81221,0.90819,-1.60153,1.23704,1.55298,1.22108,-0.56533,-1.36122,0.7338,0.00842,-0.31157,-0.95431,-0.41606,-0.71681,-0.92438,-0.8031,-0.29335,-0.4635,0.40592,-0.34895,-0.06472,2.58841,0.58397,0.02766,-0.02079,-0.39129,-0.41916,0.15161,-1.42514,1.68039,-0.60118,1.42224,0.93162,-2.27534,0.62183,1
-0.40177,-0.34698,1.28751,0.58717,-0.24273,0.56395,0.35295,-0.47452,1.50242,-1.27171,0.27189,-0.72007,-0.03554,-1.83255,1.35582,-1.32571,-0.62498,1.13682,1.16491,-1.56543,-0.50405,-0.56789,-0.99402,1.31713,0.54933,-0.07328,-0.00172,-0.61062,0.58447,0.4456,0.38391,-0.7844,-0.54993,0.1758,1.01253,-0.48059,-0.72442,-0.71476,-0.2707,-1.04729,0.12571,0.14381,-1.6097,-1.76352,0.8208,-1.05642,0.94935,0.51601,1.66838,0.67019,1.18033,-1.50857,0.15975,1.31596,-0.30435,1.29075,1.33961,0.28759,-0.2257,1.04027,0.71248,-2.1742,0.21465,-0.80234,-0.0447,0.23683,0.54507,1.96691,1.31908,-0.15213,-0.85296,-0.15161,-0.83196,-1.60702,-0.66914,1.09151,0.83486,1.36592,0.2673,1.91475,-0.07172,-0.7897,-0.8645,-0.73509,-0.13245,0.43992,-0.45304,-1.19483,-0.52594,0.12346,0.62718,-0.68023,0.73342,0.87339,1.11634,-0.60546,-0.56071,0.40665,-1.01032,-1.2798,-0.73431,1.32256,-1.19151,0.34803,0.02877,-0.04272,1.07761,0.54528,-0.64169,1.99158,-1.42814,1.48216,0.22042,0.25468,-1.74369,-0.26516,-0.01609,-0.58554,-0.04143,-0.47238,0.61781,-0.81165,-1.32781,2.4684,0.04691,1.19688,0.13826,1.19003,1.15284,0.02328,1.07129,1.43409,-0.90386,0.87891,0.68888,0.36675,-1.40111,-1.44124,-0.6317,0.37939,-2.5296,-0.08113,-1.39679,-0.56856,0.27892,-0.35778,0.05545,-0.33956,-0.605,1.01235,0.17028,-1.03786,2.18017,0.47026,1.83323,-0.06365,-0.9323,-0.77424,0.41863,-0.06546,0.30426,-0.37485,0.20129,0.56184,-1.03367,0.38266,-0.41163,2.2798,-1.4382,-2.1695,-0.56287,1.37132,0.61763,0.42391,0.41181,-0.5479,0.60286,-0.48259,-0.05733,0.43393,0
1.79348,1.31025,0.04976,-0.89176,-0.46812,-0.49445,0.85851,-0.99752,-2.26041,-0.72345,0.30074,-1.00528,-0.19035,-0.44141,-0.40971,-0.20316,0.33375,-0.4908,-0.52206,0.62846,-1.88821,-1.26892,1.18145,-1.00942,0.71128,-1.02478,-0.35366,-1.94919,0.04135,0.39136,0.56435,-0.33049,-1.43865,-0.41932,-0.04899,0.00988,-0.33091,0.05509,0.0696,-0.15662,-1.86376,-0.76714,0.4897,0.06688,-1.39306,-0.3346,0.39809,-0.93974,0.43761,0.57409,-0.18822,-0.07872,-1.31337,-0.77873,1.29953,-0.02116,-1.63822,1.61176,-0.87971,1.70483,2.14893,1.40989,1.41383,0.87696,-0.97277,0.37203,-0.63654,-0.79477,-0.2714,-0.4429,-1.44965,0.07353,-0.15503,-2.00499,-1.0975,0.56637,-0.17697,-1.5272,1.04127,1.0253,-1.03622,0.51103,1.20114,-0.57547,-0.61299,1.2237,-0.86294,-0.33028,-0.16543,1.41661,-1.19786,0.33976,1.68118,-0.93528,1.4643,1.12778,-0.26201,0.96421,0.16818,-1.01812,-0.81407,1.22504,0.68408,-1.15689,-0.72724,0.40067,-0.60817,-0.12426,0.05164,0.26909,0.41733,0.96014,0.07947,-0.72152,0.96733,-2.19518,0.03065,0.43123,-0.16441,-0.74573,1.36342,-1.01217,0.71524,0.27932,1.53052,1.08275,0.48276,0.26748,-0.96352,-0.67157,0.01917,-1.20491,0.96409,-0.0736,-0.21697,0.43493,-0.14734,-0.62583,0.4899,0.25477,1.49631,-0.35151,-0.80459,-0.5938,0.41757,-0.55412,-0.26924,-0.09392,0.9812,-1.53192,-0.04169,0.04611,-1.20973,-0.2862,-0.57472,0.79772,-2.35547,-1.05988,1.21305,0.29456,1.62744,-0.71779,0.75737,0.70281,-0.51107,-2.13557,-0.86145,0.31626,-1.10863,-0.54513,-0.70259,2.06598,0.09534,-0.55068,-0.0543,0.56143,-0.33068,-0.32885,0.09813,-0.33894,0
0.28334,0.73598,0.28916,2.33198,1.16015,0.64115,-1.22993,-1.18583,-0.77025,-0.19356,-1.14324,0.1111,-2.31853,0.23609,1.07366,-2.15379,-0.7967,-0.65113,-0.75018,-0.32218,-1.18295,0.21982,-0.52609,-0.25691,-1.37037,-1.29999,-0.90393,0.40494,-0.49675,-1.644,-0.13595,1.42448,0.82013,-1.71473,1.13875,-0.10096,2.3478,0.2909,0.30498,-0.79529,1.2144,1.07385,-0.17003,0.0275,-0.36832,-0.88941,1.40289,0.55877,-0.44012,-0.96418,0.12854,-1.37516,-0.44711,0.20832,1.51902,0.60557,0.18702,1.60426,-0.47525,0.13137,0.60418,-0.85897,0.19423,1.32934,-0.13986,1.30097,-0.20259,0.77474,1.90664,-0.10249,-0.22303,1.00222,-0.34304,0.29912,1.3321,-1.27747,-0.29933,-1.35623,-0.11712,0.46294,-1.82215,0.66923,1.11451,0.206,0.19252,1.67303,-1.0088,0.28473,-1.07004,1.67405,-0.34826,2.25609,-0.32868,-0.92532,-3.15181,-1.15568,0.25249,2.49944,0.31206,-0.68273,2.29933,0.63185,-1.27305,-0.52202,1.08106,-1.20513,-0.37282,0.41893,-0.07154,-0.08763,0.2177,0.35445,-0.30268,-0.59164,-0.41395,0.91565,-0.65266,-0.06228,1.95811,0.89376,-0.73162,0.75955,0.03859,0.59039,-0.81868,2.31295,0.95515,1.66957,-0.14204,-0.96811,0.35979,0.67613,-0.4634,-0.72447,-0.87474,0.31835,0.23329,0.30737,-0.13924,-0.27272,-0.69259,0.46748,-0.11516,-0.52525,0.57275,1.25899,-0.81953,0.75265,-0.00573,-1.29132,-0.81304,1.28481,-0.39855,-0.17397,0.22045,-0.33259,0.05727,-0.40228,-0.42736,-2.02996,-1.31211,-1.67814,2.05652,-0.16238,1.50051,-0.83456,0.54438,-1.08487,0.19625,-1.25786,0.78677,0.95445,0.26113,-0.70398,-1.58761,0.31593,-0.65053,-0.47222,1.11875,-0.73318,1
-1.23628,1.29834,1.27718,1.12641,-2.13304,0.71161,-0.55563,1.81858,-0.09804,0.07361,0.4257,1.17613,0.68121,0.723,0.2539,0.4846,-0.7566,1.92861,0.41931,-1.76094,0.53112,-0.08125,0.74605,1.66283,0.42518,1.68545,-1.26085,-0.0549,0.71947,-0.41351,1.42904,0.19495,-0.46689,-0.48474,0.00912,-0.50859,0.35467,-0.60695,-0.34457,-0.03691,-0.7318,0.76448,-0.33409,-0.46038,-0.17038,0.3357,1.59115,0.06144,-1.16388,0.79976,1.4685,-0.00545,0.21019,-0.68522,1.43461,-1.26641,-1.33017,0.57448,-0.18314,0.53584,0.02217,1.48437,1.15876,0.36829,1.5019,-0.89428,0.37482,0.53162,1.07368,2.28852,-1.69609,1.95101,-1.0438,0.90712,-2.02215,-1.17225,-0.11091,0.81917,0.771,-0.6038,0.23996,-0.37904,-1.21671,0.65936,-1.16703,1.1211,-1.6356,-1.38673,0.67838,0.56846,-0.29152,0.47975,-0.63687,0.78456,-0.58173,-0.12452,0.3089,0.97746,-0.00161,-0.9904,0.06461,1.25026,0.44711,-1.62467,-1.35293,-0.4001,0.00169,0.43565,-1.30575,0.0825,0.55123,-0.03934,-0.58603,-0.89935,0.33508,-1.03083,2.4486,-0.83317,1.02409,0.09918,-1.19645,0.43624,0.8684,1.30046,-0.64969,1.39082,0.88131,1.63837,0.55175,0.3143,-0.32403,-0.81759,-0.31348,0.25625,0.58276,-0.0796,0.33057,-0.78446,-0.42098,0.85732,-2.45865,1.67448,1.41171,-0.80919,-0.44907,-2.29178,0.19427,2.02199,-0.07987,2.41091,1.42612,-0.34266,0.0624,-0.8456,-0.55544,-0.84244,-0.70887,-0.65733,2.33415,0.59495,0.50302,-0.42412,-0.21772,-1.91377,-1.29251,-1.51944,-0.66908,0.95609,0.58676,0.60176,0.37924,2.43005,0.01322,-0.48508,-1.20262,1.1629,-0.43011,-1.14903,-0.75927,0.66442,0
-0.99826,0.54487,0.34831,-0.75692,0.30109,-0.11502,-1.22931,0.37354,0.76702,-1.72839,-0.28829,1.65346,0.42377,-0.55233,-0.54863,-1.92746,0.37984,1.19896,-0.80729,0.54365,0.47935,-0.76362,-0.35772,-1.29109,0.92668,1.23657,0.55982,-0.76829,0.5643,-1.9219,-0.42209,-1.08303,-1.93406,0.141,-0.26081,-0.28657,-1.30186,-0.05353,1.19733,-0.00297,0.7767,-0.13963,1.36934,-0.86521,-0.17205,1.67094,0.17751,-0.35817,1.11196,1.02823,0.77545,1.00241,-1.17736,-0.31596,1.47974,-0.05143,0.50614,-1.23326,0.5999,-1.37592,-1.87077,1.1052,0.45337,1.5512,1.2517,1.09767,-0.88354,-0.74878,2.48902,0.58194,-0.97078,-0.83828,-2.43178,0.85442,0.78801,-0.76153,-0.18417,0.54486,0.24168,-0.76059,1.0884,-1.08171,-0.41906,0.11494,0.39595,-0.87322,-0.74015,0.3122,0.75236,0.81011,-0.48127,0.46515,0.10136,-1.17473,-0.30402,-0.80209,1.10538,0.85399,0.73679,-0.81234,-0.36251,-1.61087,-0.40071,0.11282,-0.30155,-0.31739,-1.70703,-1.73645,-0.02266,0.13876,0.40784,0.47446,0.18689,-1.31981,1.35378,-0.41359,-3.01233,0.17222,0.37004,0.29951,0.40452,-0.61888,-0.71288,0.60945,0.07299,0.49436,1.11498,0.50165,-0.62079,-0.28111,1.22415,-1.48835,1.38607,0.20137,0.571,0.02391,-1.38467,-1.52596,0.00514,1.32331,-1.14581,-0.61015,1.96981,0.50635,1.36163,1.42222,1.95589,-0.67936,-1.91004,-1.22054,-0.74152,-1.52662,-0.43797,-0.18438,-1.68162,-1.12316,0.39567,0.05294,-1.98411,0.14928,-1.41115,-0.11567,-0.0502,-0.63096,0.06289,0.39235,-1.23803,1.61966,-0.84452,1.88768,-0.10296,-0.93674,0.21227,-0.82538,-1.64591,-0.24995,0.04769,-0.44531,0.53715,0.11785,1
-0.00406,-0.45786,-0.51589,1.2346,-0.69594,-0.39324,0.23497,0.14864,0.72592,0.77019,-0.14494,1.09461,0.40932,-0.58049,-1.48783,0.53259,0.63593,0.27549,0.65095,-1.75403,0.80484,0.03788,1.29036,-0.96577,-0.22096,-0.41072,0.7068,-1.03481,0.08465,-0.44621,0.04357,-0.5205,-0.0368,-1.46543,0.39246,0.44999,-0.70486,-0.35825,0.32191,0.21217,-0.35006,-0.46313,-0.96666,-1.22024,0.26902,-0.31324,-0.21579,0.87316,0.93234,0.7522,0.52614,1.6036,3.03371,0.00399,-0.07747,-0.9469,-1.73415,-0.6347,-0.78539,-0.60851,1.88473,1.46927,1.59499,-0.14361,-2.20367,-1.57238,1.201,0.08908,-2.09909,-0.79529,1.25762,-1.27706,0.16263,-1.48168,-2.77954,-1.55584,-0.06998,-1.16663,-1.05951,-0.17903,-0.67634,2.45182,-1.63013,-0.09736,-0.31381,-0.22661,-2.22191,1.13016,0.40373,0.52366,2.13887,0.99761,1.60347,-1.26915,-2.98476,0.34135,2.16853,-0.83389,-0.61037,0.59147,-0.3001,0.84607,-0.36904,2.06237,-1.39455,-0.37188,-0.52623,-0.80671,0.98035,-1.79173,0.71438,-0.10884,0.28761,0.36188,-1.70909,-1.08245,1.45868,1.16056,-0.98326,1.522,0.20859,0.53887,-1.88456,-0.26024,-0.69165,-0.46609,0.47193,0.54235,0.99841,0.23954,-0.53051,0.79455,-1.12571,-0.66333,-0.55118,1.75468,-2.27661,-1.65011,-0.20687,-0.66184,-0.17277,-1.01965,-0.39815,0.97671,0.88694,-1.19316,0.88777,-0.13745,-0.05029,0.12487,0.99452,-0.14804,0.32654,0.86846,0.7556,-0.67647,-0.59315,-0.1798,0.22496,-1.16598,0.86797,-0.1539,1.05031,0.40154,0.43334,-1.26345,-0.91381,0.33134,-0.29415,-0.8641,-0.20059,-0.17335,-1.84477,-1.11818,-0.79124,-0.95043,1.82413,-1.02201,-2.13735,-1.19558,0
-0.07753,-0.16969,0.25083,-1.00666,-0.52602,-2.53248,-0.42279,0.38439,-0.60338,0.7917,1.23905,0.04213,-0.88388,-1.13809,-0.15967,-0.67642,1.22408,-2.34984,0.54894,-0.70273,-1.60271,-1.39644,-1.70121,0.16133,-0.43974,0.32446,-0.3562,0.54522,0.35967,-1.11577,0.52361,2.36946,0.26525,-0.2757,-0.68388,0.28904,0.79009,1.08284,-0.95037,-1.23199,0.4481,1.24268,0.01764,0.10237,-2.11035,1.24927,0.30749,0.80082,0.35401,0.12917,-0.76934,0.09409,0.04788,0.35913,0.92218,0.72279,0.19234,2.16133,0.44401,-0.34545,0.19898,-0.70353,-0.32649,-1.22637,-1.69688,0.63778,-0.40671,0.71758,-0.41969,-0.20344,-1.79811,-0.60469,0.32145,-1.39724,-0.64763,-0.01333,-0.129,-0.40311,0.03493,-0.24268,-0.55406,-1.44096,-0.33683,-1.93944,0.93331,-0.92116,1.30025,-0.74076,1.26133,-0.05849,0.95519,0.76405,-1.60535,0.22616,1.02398,0.10441,1.91945,-0.43972,0.35726,-0.07676,0.55176,0.84171,0.10754,-0.77776,0.86066,-0.21081,0.95096,0.65883,1.59557,0.74442,-0.65378,-0.05696,0.17492,1.33343,0.80993,1.15221,-0.90599,1.4339,0.81345,1.25995,-0.73839,-0.36533,-0.78883,0.90359,0.67642,0.77224,0.12363,-1.02324,-1.33672,-0.63284,-1.21667,0.32106,0.82421,0.99584,-2.19194,-0.01059,0.49517,-0.95604,-0.21073,-0.37578,-1.57767,0.98729,0.17815,-0.30147,2.08499,-1.75453,1.8468,-0.03117,-0.51579,0.07993,-0.69814,-0.19391,-1.83849,-0.34266,-1.05166,0.03627,0.09661,0.06794,-1.07459,-0.18382,0.02584,-1.50278,-3.01031,0.16557,0.38496,-2.10306,-0.30387,-0.86218,-1.06964,-0.48892,0.84146,-1.51264,-0.60349,-0.11381,0.28794,0.3925,-0.06833,1.61009,-0.89682,-3.5797,1
1.31795,-0.17945,0.21788,-1.26836,-1.5939,1.26594,-1.5398,1.39547,-0.51109,0.32462,1.11521,0.60869,-3.23706,-0.08716,1.00327,-0.96117,-0.45053,0.47804,-0.79697,-2.84409,-0.20981,-0.75371,0.72172,0.59903,0.49313,-1.0769,-0.77051,1.20086,0.00345,0.39232,1.02376,-0.87314,-0.39734,1.34383,0.83266,1.09961,-0.81783,0.45081,0.51567,-0.0705,-0.72938,-0.17756,-1.8629,0.73797,0.20532,-1.53062,0.56098,-1.31368,-0.13231,-0.90219,-1.08755,0.86499,-0.03512,-0.27982,-1.38382,0.92411,1.45974,0.22542,-1.46828,-1.08084,1.19838,-0.71298,0.37511,-1.23985,-0.31052,-0.49668,-2.30733,1.52168,0.62856,-0.45133,2.07834,-0.10155,-1.74262,0.39352,0.89149,0.4997,0.53433,-1.04182,-0.69856,0.07722,-0.43562,-0.79114,-0.04475,0.87215,-0.29073,-0.12425,-1.36082,-1.07991,0.67329,1.93241,-0.72393,-0.22448,-0.36577,-0.26957,1.15629,-1.25874,-1.00478,-0.05715,1.04017,0.86093,0.50246,0.32695,-0.16534,-0.98505,0.6369,-0.60682,0.10273,-1.1139,-0.09976,0.90851,1.47747,0.09515,0.12249,0.47406,0.5326,0.97682,-0.8619,0.10038,-0.17654,0.14361,-0.12147,1.65476,-0.80288,1.83274,-0.10275,2.8018,0.94107,-0.59089,-1.32582,-1.18161,-0.05693,0.54476,-1.82393,0.80712,0.98445,-1.7444,-0.07112,0.2241,1.96897,1.29024,-1.48583,-0.30459,0.35004,-1.29431,-0.72673,-0.16996,0.23981,-1.58604,0.31722,1.34968,-1.81227,-1.16041,0.48016,0.41442,-1.46037,0.77963,-0.34126,1.03398,1.26025,-0.50989,0.64457,-1.33297,0.06603,-0.36288,1.51504,-0.47258,-0.45589,0.35662,0.59168,0.56096,0.36103,-1.23267,-0.35904,-0.93456,-1.22669,-0.83008,-0.01025,0.08207,1.15869,-1.69569,0
-1.18407,0.76881,0.97764,-0.55849,1.59103,-1.52132,-0.09827,-0.94481,0.97392,-0.04112,1.29812,0.83311,-1.21753,0.42933,-1.99107,0.51515,-1.25711,-0.38437,1.24825,0.98288,-1.40664,0.79268,-1.07114,1.26137,-0.58022,-0.62879,0.05371,-1.19755,-0.55138,0.09546,0.82148,-0.91858,0.3961,-0.78519,-1.15771,1.37787,1.85851,-0.52892,-1.04553,-1.79914,-1.5771,0.59756,0.48788,-0.69353,0.73687,-0.81435,0.60621,0.11735,-0.66434,-0.95425,-0.27622,1.3325,-0.19518,0.70819,0.63564,0.41213,1.87006,-0.32449,-0.27016,-1.15567,0.32814,0.15743,0.54989,0.05177,-0.0972,-2.03926,0.19056,-0.00248,-0.70479,0.08172,-0.69758,-0.31519,0.58286,-1.38437,0.2538,-0.84317,-0.38226,-0.41438,0.31604,-1.2653,-0.84962,0.18414,-0.15595,-0.7872,1.67553,1.35586,0.20611,1.70626,0.63554,1.73073,0.60931,-1.15082,-0.15994,-0.32375,-0.06625,-0.5282,-0.46449,-0.10587,0.37889,-0.3758,-1.27949,0.30347,-0.84506,0.12234,-0.24829,0.58103,-1.08521,0.67361,-0.23879,0.94461,0.80924,2.12139,0.85096,-0.51736,-0.38605,1.61142,-1.7894,-0.47627,0.49899,-0.94914,-0.91125,-1.37337,0.56411,-0.25575,0.68019,-1.54555,-1.00385,-0.11151,-1.80884,0.10015,1.55035,0.60069,-1.38324,1.89108,0.95968,-0.58555,1.86661,0.01086,0.33788,0.64593,-0.9377,-0.7651,0.84619,0.14224,-1.53518,-0.68428,2.57318,-0.9459,0.44606,-0.78726,0.40325,-1.52771,0.30115,-0.81349,-0.28647,0.81542,-0.95693,-1.0084,0.13792,0.6507,0.7861,1.12154,0.69941,-0.74075,-0.36329,-0.5839,0.45414,-0.88416,-0.79143,1.03992,0.296,-0.89855,1.28851,0.15364,1.02,-0.35385,-0.40183,-0.27602,1.55952,-0.10783,0
0.7776,-0.22617,0.32954,-0.60229,0.90653,0.49919,-1.2828,0.37625,0.58226,-0.20303,0.28389,0.2559,-0.29439,-0.24725,1.67993,-0.18859,-0.74293,-1.54171,-1.00172,0.1966,0.25777,0.23386,1.48748,-0.77673,0.67603,2.03706,0.72558,-0.37015,-1.55658,-0.1152,0.29328,0.27172,-0.54259,1.20867,-0.37654,2.18605,-1.09511,0.22185,0.71139,0.10989,-0.01255,-0.87899,1.74777,-0.18634,0.00408,-1.22506,0.80921,0.20933,-1.42125,0.05686,-1.34786,-0.79679,-0.51891,0.07803,-1.25812,0.67486,0.55578,-0.86516,-0.45727,0.46085,-0.19084,-0.37761,-0.66509,-0.44323,1.4282,-3.14299,0.33644,-0.2552,-1.62188,-0.53251,-1.16584,0.09477,-0.33364,-1.03956,-1.91909,-0.07377,-1.77101,0.49647,-1.80236,1.40399,1.12135,0.1489,0.30106,-0.21472,1.51861,-0.96907,-0.01381,-0.05895,0.05032,0.889,-0.77107,0.66777,-0.86908,1.25916,0.22642,1.00092,-1.00525,0.24785,-1.71077,0.3246,0.88787,0.08117,0.20042,0.59679,0.24856,0.82524,0.34608,-0.25728,0.25815,-0.41385,0.2094,-0.51312,1.2731,-1.15758,0.52169,-1.83433,-1.61541,-0.26928,-0.50329,0.2305,-0.20829,0.15315,0.48325,-0.01984,0.1093,-0.62783,0.70274,0.41525,-0.73661,-0.68027,1.57147,1.10196,0.36445,0.71116,1.06104,-0.31153,-0.2906,-0.80012,-1.60503,0.45934,0.51929,-0.22778,0.58134,1.60078,-0.3511,-0.46148,0.40246,-0.27785,-1.04856,0.27827,-1.13528,0.05368,-0.17229,-1.24275,-0.6074,0.74382,0.99925,-0.31312,-0.45882,1.07587,0.39847,0.70037,-0.37797,-0.11669,1.35228,-0.08474,0.3831,-0.40487,0.24571,0.19547,-1.2579,0.28354,1.05406,-0.16177,0.49205,-0.25072,-1.03191,1.72142,0.44547,-0.47082,1
-0.53467,0.60625,-1.02511,0.22617,-2.02222,-0.14179,-0.22027,-0.09439,1.58843,-0.10961,0.47555,-0.93667,1.63994,-1.09604,-1.92965,0.06504,0.15738,-0.28884,0.01244,-0.16022,0.22562,-0.53758,-1.42971,-0.45545,-0.53667,0.08842,1.8814,-0.00181,0.16957,1.46571,-0.4027,0.35888,-0.45835,0.27881,0.86732,-0.3777,-0.58201,-1.44011,0.61183,0.91198,1.19022,-1.00044,0.39638,1.49353,-0.62077,-0.99808,1.07611,-0.72942,-0.13328,0.30254,-0.46364,-0.05312,2.25573,-0.81164,-0.52854,-0.72003,1.10211,-0.74251,-0.87414,0.50546,0.43989,-0.78723,-1.13025,-1.36008,0.52012,-0.18086,0.19543,-0.57601,1.1831,1.85401,-0.2537,0.20725,0.61746,-1.8223,0.47303,-0.0253,1.34747,0.65477,-1.21254,0.76714,0.09545,-0.24283,-0.73882,-0.78185,1.8429,-0.46946,0.4558,-1.40381,-0.61599,0.6168,0.76473,0.18183,1.04022,-0.41028,-0.41497,-1.4487,-0.06941,1.06223,1.84677,-0.90228,-2.52401,-1.27944,0.58922,-0.56582,-1.42553,0.67592,-0.27447,-0.19828,0.93087,-0.14336,0.01351,-0.81232,-1.52247,-0.1611,-1.43368,-0.89999,1.1801,0.85354,0.16207,0.3205,0.38019,0.19402,1.23074,-2.20073,2.20679,0.41233,0.57438,-0.46633,-0.39822,-1.34879,0.15833,-0.83533,0.5068,-0.71696,0.47958,-0.16193,-0.40419,1.47264,-0.5276,1.4369,0.61764,-0.53066,-0.0056,-0.20818,-2.09846,2.07413,-1.1484,1.17632,-0.39947,-1.29832,-0.87232,-0.83607,-0.22017,1.79253,0.66929,-0.95088,0.09594,0.24389,0.23741,-0.22134,-0.59892,-0.45584,0.05869,1.44448,-0.27069,-1.29379,1.18874,-0.24825,0.26151,-0.80999,-1.18706,-0.21006,0.09012,1.02831,0.75046,-0.47614,0.52949,-1.21942,0.92405,0.4367,1
0.60891,0.8759,-0.78298,0.99284,0.66306,-0.07497,-0.10525,-1.58765,-0.0033,0.97748,-1.00836,1.28166,-1.05036,0.67163,-0.52878,-1.00006,-0.07465,-1.44674,-0.68129,0.80167,2.15368,0.91603,0.25478,-1.50748,0.30666,-0.09241,0.50183,-0.20579,-0.33831,0.53886,-0.85384,-1.17204,-0.93886,-2.41113,-1.49503,-0.10502,-0.34474,0.49698,-0.11476,-0.55625,1.34514,-0.56106,-1.11898,-0.69421,-1.01738,-1.4824,-0.63002,-0.04708,-1.2388,-0.76905,-0.85917,0.82579,-1.59342,1.95528,0.50888,0.32614,0.08928,1.13043,-0.55578,0.20795,0.67363,-0.21904,-0.43684,1.35971,-1.53734,0.09161,0.78653,0.84063,-1.52474,0.81774,-1.47075,-0.58209,-2.12245,0.95381,0.24778,-0.83223,-1.21402,0.18699,-1.00569,1.09273,0.76574,-0.09991,-0.93651,0.5104,2.14133,-0.84591,-1.01353,-0.81444,0.15651,0.66927,0.86699,-1.3624,0.22057,0.67635,0.41075,0.45818,0.71595,0.33815,-2.05431,-0.30526,0.81452,1.80766,-0.01898,1.07457,0.92553,0.81356,0.33299,-1.33963,-0.31649,2.0781,-0.35723,-1.03115,-0.37453,0.01253,-0.93368,-2.13917,2.0598,-0.04389,0.35068,-0.80635,0.46244,2.57085,0.65715,-0.74616,0.99431,-0.05004,-2.1,0.54718,0.21956,2.32688,-0.30599,-0.44162,-1.03309,-1.25232,1.32522,-0.13378,-0.14664,1.19674,0.06161,-0.48093,-2.73195,-0.12612,-0.31846,-1.05561,1.07689,-0.79254,1.05015,-0.54343,1.20124,1.26793,1.10865,0.39189,0.06684,0.50271,0.71138,-0.22644,-0.37423,-1.72935,-0.99101,0.94619,0.0455,-0.0864,0.04167,0.08609,1.60408,0.30401,-0.83353,-0.62044,-0.19183,-0.65616,-1.0017,-0.04511,-2.14623,-0.86757,1.65161,0.80739,0.55322,-0.8664,-1.20233,-0.56614,1
0.16609,-0.67349,1.3699,1.50646,0.42193,0.42296,1.56644,0.64865,-1.39842,-0.07846,-1.79213,-1.70651,1.5983,-0.38779,0.06095,0.80864,0.26274,0.49534,0.59744,-0.1448,1.99045,1.16333,-0.0931,0.18953,-3.08069,-0.50142,1.4358,0.93696,1.12425,1.75274,-0.06505,1.72212,2.7751,-1.37701,-0.06604,0.00797,1.36236,2.26152,0.88411,-0.34738,1.42786,-0.3547,0.33561,0.38037,0.51022,-0.76763,-0.75974,-1.31791,-1.42981,-1.36728,0.02734,1.20941,0.63796,-0.0406,-0.03578,-0.52936,1.60303,-1.03335,-1.16958,0.48099,-1.59113,-0.91746,-0.65287,-0.10101,-0.12159,0.65467,-0.81683,1.18196,0.80514,-0.14603,-0.27122,-0.24804,-0.75017,0.033,-0.36688,-0.09394,-0.34311,-0.29931,0.3822,-0.23097,0.276,1.59127,-0.07894,0.09458,1.63932,0.47196,1.18847,-0.36333,1.79922,-0.38365,0.73071,-0.58936,1.46451,-1.69343,-0.98976,0.34241,0.05779,1.04196,2.10676,0.43846,0.05724,-1.26281,0.73813,0.18773,0.5556,-0.36684,1.58954,2.16636,0.3041,0.04655,-0.7838,-1.12066,0.42728,-0.29218,1.12762,-0.41119,0.64835,0.04858,-0.75681,0.31859,0.17708,0.31547,-0.81626,-0.4225,0.17282,-0.17258,2.41678,0.64049,0.69538,1.26871,-0.52354,-1.13596,1.31378,0.39088,-0.92933,0.36457,-0.31978,-0.56235,-0.10991,-0.24177,-0.65852,-0.64286,-0.13065,1.85608,-2.23638,-1.13075,-0.25469,1.15533,2.17889,-1.4195,-0.14897,0.40199,-0.99328,-1.01388,-0.37268,0.06154,-0.51833,0.08377,0.91971,-1.90911,-1.04662,-0.23887,-0.5123,-1.02437,0.94272,0.18236,-0.87824,0.66774,-0.67128,-0.04249,-0.58013,0.31084,0.12038,0.39085,1.30951,-0.78143,2.43789,1.14729,0.03486,0.69702,0
-0.15559,-1.11815,-1.99032,-1.85728,-0.80102,1.41301,0.68382,0.03056,-0.56394,0.80104,-0.59082,-0.47808,0.32279,0.74018,0.74832,1.93229,1.42461,0.25638,-0.48478,0.92064,-0.81681,-1.42555,0.25428,0.82979,0.83497,0.87399,-0.4634,-0.71883,1.7411,-0.74298,0.60448,1.21487,0.22899,-0.44889,1.21313,0.92875,-1.51728,-1.26044,1.07083,1.0755,0.38459,-1.27216,-0.94804,0.55905,1.98762,-0.81166,1.15869,1.1488,1.54645,-0.7599,0.87746,2.29558,0.28043,-0.31347,0.21825,1.49138,-1.11076,0.59795,0.34892,-1.59421,-1.03445,0.05985,-0.55637,-0.48549,-0.69268,0.40933,0.36486,1.48307,1.77526,-1.16229,-1.33346,0.15115,0.04602,2.32107,0.15735,-0.31723,-2.28953,0.06802,0.9012,-0.87039,0.72048,2.92462,-0.13753,0.95934,-0.05066,0.93843,0.53366,0.53212,-0.86778,-0.04743,0.05344,0.48446,1.09598,1.6239,0.34574,-0.88876,0.81365,-1.32501,-0.97668,1.59252,0.33846,2.33813,-1.42484,-1.18875,-0.1126,0.80041,-0.68441,0.46372,0.10258,1.04288,-0.89287,0.18321,0.72081,-2.07753,0.6859,-0.33128,0.0044,0.16147,-0.80575,-0.10136,2.04929,-0.48665,0.49927,1.47814,0.31904,-1.0837,-1.26233,0.94098,-0.85006,-0.13742,0.18827,-0.0131,-0.0546,0.52988,-0.69198,-1.42219,1.17591,-0.36359,-0.48103,-1.29379,-1.30893,-0.53992,-0.33949,0.71993,-2.00177,0.37404,-0.22419,1.55083,0.76366,-0.53888,-1.95329,0.35469,0.82737,0.2218,-0.7721,1.98602,-0.20589,-0.8295,-0.47453,-0.71201,-0.01366,-0.96433,-0.51482,0.36842,-0.96792,1.34738,0.68749,-1.20926,-0.00959,0.41799,-1.14766,-0.70641,0.07537,1.23257,0.78952,-1.89226,0.52805,0.12042,-0.10627,-0.46963,0
1.5708,-0.34308,-1.04311,1.46392,0.01335,-1.85405,0.65262,-1.11785,0.43258,-0.9448,-0.75608,-1.67487,-0.97083,1.15068,0.14342,-0.83377,0.59127,-1.08265,0.13622,0.90743,-0.45292,0.93759,0.13025,0.02258,0.14332,0.95178,1.41815,0.83561,-0.06194,-0.77846,0.37735,-1.2178,-0.09035,-1.75981,0.90632,0.19993,-0.63848,-0.51094,1.1393,0.71906,0.27069,-0.19336,-0.58158,-0.87477,-0.35598,2.40027,-0.50174,1.50927,0.65664,-1.08679,-0.05631,0.46461,-0.25431,0.61157,-0.62205,1.93304,1.45004,0.55352,1.28889,-0.73167,0.86846,1.46674,0.44174,-0.39103,-0.74426,-1.68354,1.50704,-0.30047,-0.94178,-1.04375,1.10198,-0.14672,-1.80364,-0.47446,-0.63132,1.14656,0.61959,0.27701,-0.29482,1.12907,0.737,0.94428,-0.9369,1.23615,1.33217,-0.33559,-1.33744,-0.65218,0.03943,0.55978,-0.67856,0.21822,-1.46709,2.37591,-0.07465,0.56611,1.17984,0.83734,-2.10226,1.01156,-0.09771,0.058,0.28333,0.75899,-1.12395,0.01383,-0.96382,-0.20646,-1.27317,0.09376,-0.16406,-0.46769,0.0657,0.31101,0.19632,-1.08469,-1.41527,-1.37552,1.26919,0.22754,2.42777,-1.77607,0.43248,1.2111,-0.45389,-0.72834,-0.30992,-0.8125,1.43628,-0.60018,0.41468,0.57688,-1.25667,0.27193,0.85486,-1.07108,-0.01277,-0.67857,-1.33201,-0.17448,-0.70642,-1.28163,0.17868,0.06084,-1.79447,-1.46672,1.37707,0.21675,0.81246,-1.27636,-0.31563,1.32623,-2.20049,-0.17969,-0.46804,1.21778,-0.20598,-1.1005,0.28294,-0.61584,0.45553,0.23411,0.43009,0.15488,-0.36778,0.46123,-1.24994,0.12094,0.94519,0.22677,-0.41085,-0.51743,-0.05655,0.6714,-0.65778,-0.26107,0.91877,0.4309,-0.14658,0.35092,1
0.01082,0.99883,1.22713,-0.447,0.323,-0.15497,0.02591,0.77879,-0.2222,0.4678,0.15616,0.29574,-1.74183,0.08534,-0.81722,-0.09344,0.74412,0.92966,-1.72032,-0.25357,0.3728,-1.67508,0.69964,1.15464,0.1461,0.30383,0.47827,0.20822,-0.20527,-1.63553,-1.11127,-0.05334,-1.33565,0.93382,0.38671,0.91534,0.57592,1.05065,1.19017,-0.59527,-2.18203,0.52764,-1.28542,0.31055,1.21193,1.19847,-1.09181,-1.7301,0.24778,-1.64095,1.9985,2.89492,0.62138,0.30832,0.68145,-0.58086,1.94332,0.13332,1.27977,-0.53344,1.73448,-2.04624,-0.51941,0.52222,-0.11124,0.80188,0.8448,-0.41754,-1.0676,-1.06934,1.05318,2.14409,0.46474,0.01024,1.16805,1.15169,-0.11213,0.69148,1.67348,0.75986,0.39905,-0.85199,1.82822,-0.83083,0.39306,1.01595,0.71821,-0.7003,0.59833,-0.36071,-0.04823,0.19947,-0.58306,-1.07369,-0.59125,0.14195,-0.53872,1.14009,0.3763,0.1132,1.31659,-1.28811,-1.073,1.53047,-0.54297,-0.61809,-0.37901,-1.38571,0.10984,0.30433,0.64057,-0.18431,0.23934,0.81553,-1.00748,0.26725,1.2865,2.02056,0.219,-0.21128,-1.43921,0.21657,3.00817,0.27929,-1.10294,1.57673,0.38039,-1.06054,-1.34665,0.64931,1.9221,-2.00454,0.7368,-0.10374,-1.29621,0.20486,1.63785,-0.26132,0.81712,0.60976,0.76764,0.52234,1.78878,1.23728,0.84678,1.33822,1.99001,0.47785,0.94695,0.21406,-1.62856,0.71916,0.11364,-2.01009,-0.0005,1.18177,0.76652,-0.90615,-1.9567,1.11254,1.18273,-1.27172,0.81558,-2.11852,0.22203,1.13566,0.55205,0.10719,1.01038,0.1591,-0.06949,1.3283,0.18621,0.18949,0.43322,-1.01321,0.86469,0.61669,0.3318,-1.41607,0
0.29861,-0.79433,-1.11487,-0.00351,-0.20631,0.77038,0.62059,0.10956,2.63896,0.82868,-0.24302,-2.14232,0.30746,1.135,-0.16826,-0.75244,0.28346,-0.69626,1.95545,0.93331,0.88231,0.72789,-1.25374,0.47576,-0.01446,1.13144,1.16509,-1.74743,-0.35747,0.28881,0.36446,0.21573,2.07827,0.14006,0.66434,-0.7324,-0.32535,-1.58408,-0.50191,0.79365,-0.42606,-0.42467,-0.83045,0.31382,-0.26695,0.23498,-1.41333,1.46853,-1.07846,0.23227,1.05518,-0.07504,-1.82094,0.59699,-1.41069,1.67137,-0.33422,-0.34285,-0.3003,-0.04387,0.54984,8e-05,0.79903,-0.17651,0.05038,-0.37371,0.6785,-0.68972,-0.70677,0.09557,-0.95123,-0.12776,-0.12103,-0.97947,-0.49231,-0.01278,1.30326,-0.65592,-0.82965,-1.90319,-0.93041,0.32116,0.73279,0.48229,-0.31138,0.79243,1.5013,-2.20243,-2.39623,0.88207,-1.50095,-1.65562,-1.34873,0.73948,0.95387,1.25093,-0.48454,-0.50867,0.04526,0.92304,0.26974,0.72991,-0.41558,-0.00823,-0.64952,-0.66104,-0.92992,-0.25635,1.39251,-0.34842,1.73845,-0.75158,-0.05617,0.15402,1.25473,-0.17176,0.22469,-0.58281,-0.39828,-0.24393,0.47364,0.04413,0.21157,-0.87607,-0.26855,0.55116,2.12405,0.96104,-0.06059,-0.43186,0.08181,0.45216,-1.09141,-0.60159,-0.13895,-1.47685,0.82065,-0.12608,0.12722,0.51073,-0.53649,-0.59783,-1.23722,1.24617,-0.35046,0.41173,0.01641,-1.09013,-0.18969,-0.66799,-0.79947,0.13677,3.04564,-1.90246,2.41536,-1.13632,-0.63151,-0.23412,1.91854,1.4694,0.39034,-0.03508,0.39339,-0.38119,-1.11354,0.27495,-0.866,0.24144,-0.01595,0.19101,0.43484,-1.16918,0.33193,0.12367,-2.70623,0.5201,-0.2977,2.14716,-1.70207,-1.03131,1
-1.48148,0.79395,0.95874,0.4495,-1.06075,0.94927,0.31504,0.73585,0.35571,-0.56603,-0.22216,0.41899,-0.64766,0.48071,-1.01649,-1.13581,-0.35876,-0.58483,0.06462,-0.38817,0.19091,-0.36262,-0.12913,0.54561,0.01323,0.86358,-0.15595,-0.27698,-0.93412,-0.02722,-0.30665,2.11769,-0.37735,0.30019,2.26784,-0.43212,0.06554,-0.66511,0.49494,-0.42945,0.02829,0.23764,-0.69403,-0.08859,-0.76082,-0.58842,-1.43904,0.80615,1.30304,1.52914,-1.4211,0.35164,0.17838,1.00314,0.39272,-0.52449,0.4751,1.54357,-2.5794,-1.07716,1.14892,-1.45964,0.6367,0.63714,-0.83546,1.4037,-0.90507,-0.05764,-0.61536,-0.7385,1.90997,-0.78749,-1.03687,-1.22771,0.17451,-0.591,0.19318,-0.20776,-1.2252,1.11751,0.28258,-0.1761,-0.74788,0.6059,-0.07295,0.21655,-0.38482,-0.40219,0.71773,-0.99403,0.45745,-2.46394,0.45079,0.59061,2.34836,-0.51082,-1.2709,-0.22066,0.0591,-0.19082,-0.3473,-1.53346,0.00296,0.3657,0.6697,-0.98068,-1.2037,0.3414,0.27809,0.03549,0.6655,1.10899,0.95031,1.04991,-1.55682,0.11023,-0.11431,-0.24414,0.66541,0.04903,-0.17033,0.02704,-0.30954,0.77702,0.4951,-0.83109,1.39825,0.17121,-0.42448,-0.98604,-0.30942,0.7299,-1.82517,0.2392,-2.23406,-1.23783,2.18857,-0.66749,-0.35165,-0.57098,-0.3934,0.91718,-1.96585,-0.41975,0.28801,-1.3906,0.59117,-1.94309,1.96663,-2.76428,-0.32115,1.18954,1.58295,-0.4494,-1.58351,-0.12034,-0.57376,-1.00394,2.55768,-0.32908,0.70807,1.21775,1.05265,-1.70317,0.5484,-0.44851,-0.48183,1.40322,0.72212,-1.13122,-0.24458,0.31065,-0.58175,-0.09165,0.96258,1.32998,-0.09436,-1.20822,-0.51902,-0.06008,0
-0.98317,-0.00449,0.37427,-0.66102,-0.89237,0.88287,0.27254,-0.55075,-0.83862,0.99186,0.54504,2.15813,0.95866,-2.44023,1.55856,0.04897,1.24943,1.34803,-1.51037,0.59966,1.09124,0.35101,-0.69871,0.15683,1.63868,0.87156,-0.42521,0.305,0.59041,0.71884,-1.40344,0.34616,0.88205,0.17502,-0.7845,-0.06865,-1.18273,0.10071,-0.4907,0.02162,-2.37382,1.35644,-0.4866,1.47973,0.72328,1.84579,0.65883,-0.25851,-0.5036,-0.16966,1.35799,0.11151,-1.06373,-0.80666,-1.89978,-0.52014,0.3913,1.52334,-0.08598,-0.17364,1.42094,-0.33769,0.06824,0.62975,0.39516,0.8472,0.76639,-0.87053,-0.9953,0.12441,0.12221,-1.85326,-0.46287,-0.1873,-0.78077,1.09834,0.22223,-1.13261,0.75291,-1.86942,2.29768,-1.68316,-0.0242,-0.60354,0.26184,-0.48067,-0.61833,-0.29071,-0.85292,0.39087,0.20698,-0.00363,-0.8993,1.52341,-1.12884,-0.21816,-1.78495,-2.29642,-1.10986,-0.77311,-0.41632,-1.90084,-1.20763,-1.12373,-0.19335,-0.40149,1.53097,0.53291,-0.20274,2.09092,-0.45158,0.16868,-0.08592,0.06089,-0.90169,0.76686,0.61548,-1.64482,-0.33071,1.6208,1.06959,0.93884,0.83019,0.17861,0.98239,1.05325,-0.29402,1.11788,0.10143,-1.03811,2.03325,0.20421,0.34029,-1.29726,1.48603,0.18702,0.08265,0.45933,1.14981,0.66149,-0.20893,-0.11747,-0.73288,-0.64458,-0.78556,-0.62959,0.60273,-0.64085,0.24587,0.19569,-0.44024,-0.27676,0.43834,0.32142,-1.06026,-0.46847,-1.42957,-0.19563,-0.75086,0.2264,0.97412,-1.36608,0.60141,-0.46535,-0.75358,0.50492,1.55332,0.49082,1.44647,-1.27648,2.93077,-2.33949,-0.62706,-1.0417,-0.15951,-1.09232,0.05711,1.41466,0.42679,0.50571,0
-0.25383,0.63109,1.45582,0.40854,0.498,-1.96503,0.29157,1.38001,-0.22688,-0.70103,-0.57958,-1.1489,0.14735,-0.50167,0.39147,0.00684,-0.88082,0.74948,0.33385,0.20158,-1.36857,0.44823,1.60683,0.59252,-0.11137,-0.56499,0.2358,-0.06406,-0.83233,1.22164,-1.12384,-0.92638,1.33884,0.66215,1.14361,-0.77625,-0.90134,1.29919,-0.7686,0.29506,0.20438,0.67384,1.22901,-1.13144,0.3684,-0.8523,0.82339,-1.27656,-0.40522,1.05362,-0.10384,0.08179,2.65948,-0.30129,-1.79073,-0.1567,-1.19705,-1.29793,-0.06337,1.50183,1.84018,1.02212,-1.26168,-0.61045,1.4824,-1.76727,-0.4085,1.9559,-0.04736,1.10247,0.47657,0.68631,-2.53305,-0.75446,0.04849,0.38981,1.39062,0.62302,1.00672,-0.55667,-0.54019,0.38372,-1.26675,1.59062,-0.28176,-0.77062,-1.45164,-0.42003,0.57451,-1.50258,-0.2173,0.28965,-1.17429,-0.53863,-0.12398,-0.32583,0.55559,1.66096,-0.92378,0.86063,0.34733,1.24287,-0.4416,1.69348,-0.15432,0.9742,0.30292,0.15783,1.25339,-0.27355,-1.08318,-1.46557,-0.89144,-0.8563,0.54187,-0.01788,-1.15293,0.80394,1.14213,0.52902,0.65287,0.78323,-0.21106,0.09273,1.00578,-1.07419,-0.90069,-0.8695,0.77682,0.33319,1.0144,0.76845,0.81637,0.24411,1.09683,0.05527,-0.30587,0.56126,-0.395,1.28887,0.56325,-1.17565,-1.28182,0.08112,0.27989,-1.83158,0.19894,-0.1144,-0.14909,0.88162,-1.61628,-0.02334,-0.84553,1.52644,-0.19989,-0.48473,0.78873,-0.61634,2.19781,0.27335,0.23505,0.41639,0.73544,-0.6068,1.21339,0.20286,0.37921,0.58966,0.74143,-0.25119,-0.31154,-2.20301,0.40671,-0.34238,0.05761,-0.09054,0.16241,-1.29696,1.43525,0.26849,0
0.77535,-0.22733,-0.2311,-0.20558,0.73438,0.77587,-1.05743,-0.75598,0.98898,1.78859,1.37463,-0.16594,-1.3767,0.99753,1.00957,-0.79418,-0.45058,-0.41626,0.59981,1.00905,-1.12312,-0.42905,-0.90317,-0.42371,0.27589,0.45499,-0.17467,0.30864,0.10239,0.22181,-0.38426,-0.13825,-2.69297,-0.29118,-0.16489,-0.65138,0.07387,-0.45808,1.60488,-0.24017,0.27199,-0.57985,0.11809,-0.72283,-1.81284,0.07635,-0.29157,1.15771,-1.33036,0.09502,-0.97181,1.37287,-0.24139,0.25492,-0.49727,-1.42739,1.29197,1.63362,-0.21074,0.29624,2.42046,1.29643,-0.37599,-0.44048,0.63391,0.28729,0.11245,-0.87308,0.3973,-0.17059,-0.23044,0.0088,0.71074,1.39717,-0.36107,1.00317,0.05194,-0.61399,1.15739,0.28075,-0.98634,0.45639,-0.87036,0.128,1.14132,-0.81411,-0.2013,-0.73669,-0.35852,-0.77662,0.87787,-0.94766,-0.57918,0.87283,0.28422,0.78675,-0.67656,0.18056,-0.92324,0.26173,-0.11282,-0.41592,-1.03888,-0.48397,-0.18914,-0.26443,-2.01199,0.43069,1.21831,-1.62601,1.69548,0.86914,-0.63105,-0.7317,0.40486,-0.56402,-0.58035,-0.24656,-0.83856,-0.49301,-0.08519,0.74074,1.24707,0.74748,0.33108,1.60721,-0.55446,-0.02202,0.31099,-0.23147,-0.81314,-1.34926,-2.50305,1.3046,-0.07457,0.25121,-0.68372,1.52074,0.48894,-1.70822,2.83835,-0.24319,0.41216,0.13873,-0.4072,0.98547,1.86334,0.57235,-1.2177,-1.204,-0.74533,0.41731,-1.31974,-1.50098,0.28338,-0.99745,-1.55189,-1.08106,1.32538,0.58648,-0.57823,-1.09192,1.26957,-0.0582,-0.58981,0.31832,0.29911,-0.29032,-0.15251,-0.17493,0.17165,1.55701,0.24645,-0.72158,1.56447,0.22107,0.55009,0.97669,-0.90251,-0.95743,1
0.24393,0.06724,-1.61721,0.15517,1.04341,-0.32255,-1.19656,0.10627,-0.4058,-2.39781,-0.02732,-0.15709,0.14635,1.22649,0.03856,0.26846,0.5626,-1.04533,-0.10617,0.09853,0.84149,1.25213,-0.27774,1.82298,-0.31514,-0.23672,0.94542,-0.36188,-0.37603,1.56715,2.46825,-2.06471,-0.6926,-0.10295,0.17399,-1.61562,0.23985,-0.51722,-2.48758,-0.25187,1.59456,-0.94458,-1.47387,-0.20298,0.82491,0.181,-0.64055,0.40703,-0.26159,-0.28294,-0.50471,-0.94899,1.33702,-1.63885,-0.25645,0.20974,0.42685,0.38356,-0.87648,-0.15538,-0.27493,-1.49656,-0.41523,-0.13055,-2.06994,-0.84,0.19623,-1.0262,-1.11795,-1.48534,0.8722,2.50549,0.48754,0.46666,-0.15959,-0.30411,0.79121,-0.1317,0.2802,0.91928,-0.0174,0.69414,1.20652,-0.40244,0.20608,1.57137,-0.51662,0.24248,-0.13586,-0.28932,-0.50929,-0.00233,0.29108,-0.9333,-0.6326,0.93368,0.58702,1.54542,0.2882,0.60933,0.94459,-0.55044,-0.43012,0.56108,-0.29167,-0.46267,0.4909,-0.77,1.00574,0.38425,0.44551,-0.59245,0.58524,0.98977,0.44397,0.80284,2.26077,1.09582,0.76071,0.78179,0.1072,-0.06477,1.84329,-0.68987,-0.38377,0.65054,-0.54499,-0.10966,-0.88002,0.94645,-0.25813,1.65201,1.0251,0.5499,-0.16645,-0.14687,-0.19643,0.24992,-1.59571,0.84736,-1.17595,0.16946,-0.76141,-0.47498,0.52738,0.97329,-0.39738,0.60507,0.6511,-0.42431,0.12925,-0.19129,0.95842,-0.76792,-0.55434,-0.08523,1.39022,-0.2549,1.03652,0.84382,-0.00723,-0.93522,-0.3427,0.9562,0.25516,-0.21808,1.08661,0.04086,0.75281,-1.72042,-1.89777,0.41664,0.46565,1.06972,0.86218,1.17597,1.18462,-1.41284,0.23108,-0.92432,1
1.49735,-1.54397,0.13139,-0.31338,0.27039,0.601,-0.65236,-1.11346,0.0921,0.1429,-1.46655,1.75279,-0.27086,-0.82647,0.63444,-1.29686,-0.79558,-0.93364,-0.14685,0.07998,-1.75613,0.15933,0.78707,-0.55957,0.38067,-0.64744,0.12805,0.19961,1.14745,0.90076,-0.39188,0.09813,-0.24581,-0.32747,-1.00214,1.66035,-3.10638,0.86321,0.49656,0.89127,-2.27132,-1.05622,0.99759,-0.3246,1.85168,-0.57383,0.1559,0.76079,-2.06976,-1.50494,-0.6765,0.92791,-0.51531,-0.71699,-1.00045,-1.47852,0.08932,1.00561,-0.71497,-0.01469,-0.97663,-0.86127,1.30373,1.50177,0.92232,0.82904,1.24817,1.25962,0.08654,0.9907,-1.59614,2.44974,-1.09721,-1.93008,-0.78145,0.10221,-1.09409,-0.26813,-1.28079,-1.38422,-0.05104,-0.24931,-0.92982,-0.02798,0.25572,-0.58177,1.11765,-0.47576,-0.9347,1.72044,1.00504,-0.14268,0.04733,-1.03774,0.42404,0.52193,0.21713,-1.03007,-0.99811,-0.18113,-0.44841,1.23909,0.15826,-0.79512,0.0773,-1.09123,1.68176,-0.59279,-0.11182,-0.43215,-0.00988,0.42166,-0.42428,1.32693,0.36615,-0.50515,-0.31661,-1.48313,1.14119,-1.55346,0.35964,-1.68711,-1.2777,-1.23842,-0.2863,0.59927,1.68861,0.93539,-0.44086,-0.48282,3.08178,1.05085,-3.01322,0.42912,-2.45905,1.95172,-0.73539,0.67062,-1.20088,-0.68078,-0.39984,-0.61232,0.48564,0.10372,-0.84622,-0.0759,1.49322,1.20516,0.00211,0.62905,-1.74671,-0.65271,-0.5222,0.11215,-0.60042,0.1522,0.76921,0.88304,1.26852,-0.70883,-2.2916,1.03442,-0.23832,1.0264,0.2087,-0.00994,-1.24327,0.78603,-1.64681,1.9812,0.47677,-0.48096,-0.734,0.27825,0.72211,0.72061,-0.28606,0.65346,-1.2009,-1.00318,1
0.17445,1.44531,0.34864,0.76308,-0.26798,0.06145,0.26848,-0.85086,-1.10042,-1.09464,0.9681,0.65765,-0.06411,1.59912,-0.8051,0.55394,2.36152,-0.57606,-0.62901,0.36168,0.18329,1.13322,1.44048,0.2994,0.47708,0.40346,-1.67134,1.51745,0.72402,-0.45985,-0.95037,-2.02054,0.644,-1.53831,-1.20306,0.1319,-0.88265,1.17964,1.10537,0.46795,1.71463,0.62022,-1.64096,1.06016,-0.54261,0.97106,0.78605,-0.92187,0.17865,0.85989,-0.06908,-0.56335,1.62335,1.59098,1.0819,-0.78614,1.5311,1.67324,0.31959,-0.2926,0.25101,0.25922,1.47527,1.57263,-0.32526,-0.94396,2.11117,-0.61987,0.37778,-0.14538,0.0224,2.22953,0.13736,0.69135,0.87203,0.81374,-0.25014,-0.3442,0.04808,-0.95759,0.07428,-1.4925,-0.05736,0.83348,0.31056,-0.18577,1.01692,-0.44237,0.20031,-1.02531,-0.87704,1.20179,-0.89929,-0.88979,-0.16346,0.33467,0.12292,-0.97183,-2.15722,-0.23756,-1.19416,0.44005,1.2803,0.02094,-1.79439,-0.14936,1.21362,-1.23926,0.63502,-0.75725,0.86831,-0.76622,-0.41793,1.38268,-0.4698,0.23893,-0.00247,1.39423,-2.00545,1.31581,-1.02484,0.85046,0.51725,0.29545,0.86063,1.609,0.09504,1.16015,1.17771,1.1664,2.00452,-0.19599,-0.755,0.73279,-2.3262,-1.73501,-0.89576,0.21852,-0.59648,-0.48015,0.03113,0.46206,-0.55816,-1.06131,0.90189,-1.47333,0.3906,0.2422,0.02089,0.85452,-0.14086,-0.50431,0.73366,-1.45681,1.85265,0.64747,0.31329,0.95302,1.09883,0.49365,-0.46927,-0.45992,1.21139,-0.24198,0.27613,0.47242,-0.80396,-0.53443,1.92863,-2.12553,-0.6867,0.11283,0.39382,-2.74547,-0.32782,-0.97637,0.99403,-1.73647,-0.68896,0.29667,1
-2.03962,-1.43704,1.86134,-0.22747,-0.33448,-1.10947,-0.91799,-0.7526,0.96125,-1.21839,-2.74273,1.42386,1.13174,0.04985,-0.32633,-1.59338,0.60603,-1.07948,1.53339,1.01054,0.26252,0.24948,1.76869,3.94372,0.01063,0.72715,0.31259,0.62762,1.48802,0.373,0.4777,-0.21772,0.54918,-0.27181,1.54951,-0.8676,0.67902,-1.19972,-0.39922,0.05944,0.17812,0.68976,-0.23897,-1.09655,0.54577,-0.82818,-0.24456,0.71334,-0.07105,0.82912,-1.54769,-0.46351,-1.53532,-0.96498,1.16907,0.05635,0.53595,0.26508,0.88177,1.52268,-1.26156,1.81126,0.53785,0.52775,1.23387,0.3764,-0.72317,-0.70394,0.60431,-1.79619,-1.33194,0.03608,-0.11713,-0.46457,0.0796,0.68347,-0.73399,-0.68121,0.65596,-1.00957,0.06704,0.15465,2.11425,-0.41581,-1.3464,0.91989,0.21052,-1.30294,0.96483,-0.94191,1.0427,1.35068,-1.17347,0.35346,0.08037,-0.91104,-0.83852,0.32358,0.4372,1.17483,-0.10764,-0.51814,0.53227,0.39427,-1.27139,0.04323,-0.33918,-0.47372,-0.9421,-1.13642,-0.1296,1.78263,1.54516,-1.66303,-1.2002,0.74537,-2.00246,-0.28041,-1.31079,1.27273,-0.7078,0.37606,-0.65654,2.01462,0.65391,0.38675,0.96118,-0.42164,1.87221,-0.2682,0.33674,-1.26448,1.12636,-0.91974,-0.1775,-0.04019,0.13684,1.04275,0.54876,0.89149,-0.70083,-0.46926,-0.0248,0.89959,1.322,1.90531,0.81958,-1.58031,1.29983,-0.06697,-0.99739,1.42923,-0.12279,0.02208,0.20059,-0.46441,-1.05878,-1.08361,0.70366,-0.89714,-0.60449,-0.54617,-0.02649,-0.52538,-0.35414,1.13766,1.39903,-0.28912,-0.08176,-0.50563,-0.53687,-1.2599,-1.74435,-0.46854,-0.42611,0.17649,0.40009,-0.49393,0.54898,-1.45796,1
1.30136,-1.5929,1.21859,-0.76941,0.36429,-1.24453,-0.54019,1.46238,-0.29811,-0.7514,0.43825,-0.36889,-0.37771,-0.78715,0.69237,1.02965,0.35263,-0.60713,-0.84948,-0.84678,-0.04105,-1.55826,0.04383,-0.58917,-1.63753,-0.48232,0.31515,1.19549,0.90115,0.39103,1.03145,0.3674,0.52301,0.36277,1.5433,0.21612,-1.02022,-0.30341,0.94831,0.48175,2.35819,-1.14723,0.00595,0.28597,-0.46107,-0.2589,-1.26743,0.59719,0.92167,1.21828,-0.1817,0.4605,1.39655,0.30233,0.52279,0.98085,0.76976,0.72625,-0.12104,-0.1308,-1.25772,-1.55553,0.38187,0.3018,1.85701,-0.73364,2.07188,-0.08752,1.17623,-0.44883,0.03838,-1.40674,-0.53063,1.34767,-0.92759,-0.44581,-0.02942,-1.19274,1.05242,0.31179,-0.5372,-0.96076,-0.67561,-2.75186,-0.63421,-0.90628,-1.50022,1.133,-0.27229,-1.96576,0.09665,0.45748,-1.64714,-0.82271,0.10023,0.19077,-0.00452,0.85445,0.63638,0.27706,-0.14692,0.12895,1.71343,0.78544,1.38905,0.42104,-0.37813,-1.03178,0.53552,-1.35509,-1.19817,0.0588,0.54353,-0.29698,-0.3562,0.28893,-0.19306,-0.20481,-0.91693,0.12394,1.14192,1.02873,0.92235,0.43615,0.90791,-0.47095,0.56462,1.38448,-1.93906,2.20043,1.08308,1.68227,-1.08012,0.50223,0.17051,1.30759,-1.294,-0.82735,0.89936,0.36225,0.20524,0.58652,-1.18027,0.11583,0.35452,1.19491,-0.59128,1.21755,0.17986,0.25181,0.1667,-0.15697,0.62807,1.02772,0.79329,-0.51475,-1.30575,-1.19942,0.27043,0.96235,0.34529,1.7969,-0.0721,0.31026,0.90156,0.031,0.74532,-1.99975,-0.13328,0.03383,-2.23848,0.59591,-2.68977,0.44427,-0.19529,-1.23795,-1.03682,-1.51525,-0.04043,-0.19144,0
0.70796,0.17043,0.69277,1.53859,2.06749,0.39265,-1.01759,0.08427,1.0709,-0.83131,-0.86607,-1.12997,-0.31183,-0.02233,-0.06066,0.68554,1.42381,-0.54154,-0.68745,-0.07714,-2.03711,-0.82126,-0.31142,-0.85652,-0.40711,-0.71777,0.89507,-0.66527,-0.94617,1.45562,-1.87758,1.0537,-0.84151,-1.33058,-0.39277,-0.73999,0.10801,-0.53647,-1.9645,0.74523,0.36916,0.09345,-0.98145,-1.28578,-0.57338,0.43386,0.64531,1.57045,-0.12378,1.89151,-0.69625,-0.84455,0.97804,1.06918,0.26863,1.63816,-0.676,-0.18074,-1.05749,-1.21832,-0.06839,0.0839,-0.24337,-0.80148,1.85736,0.04067,-2.01985,-0.44688,-0.15053,0.4287,0.06131,0.16131,-0.78635,-2.32577,-2.79766,-1.13601,1.32678,1.1154,1.84218,-0.9064,-0.45985,0.1369,-0.83216,-0.22282,-0.09744,-0.73759,-0.5413,-0.10701,-0.57155,-0.22175,-0.11786,0.40486,-0.50012,-1.13741,1.02633,2.88107,-0.19064,-0.80627,0.72388,0.84691,-0.38486,0.1192,0.44551,1.29475,-0.48393,-0.45997,0.48012,1.97769,-1.21316,0.19048,-0.92965,-0.6576,0.84963,-0.42993,-0.30407,-0.54453,-0.62428,-0.53694,-0.75358,0.4008,0.71996,0.02579,0.41876,-0.32157,-0.58597,0.18348,-0.22794,0.91938,-1.79729,-0.26464,0.42917,1.06684,-0.96054,0.2533,1.1184,1.01718,0.53144,0.39667,0.15465,-1.07639,-0.01556,0.34425,0.75428,-1.66852,1.47851,-0.64129,-0.94466,-0.80969,-0.62691,-0.88408,2.0809,-1.60309,-0.07905,-0.89823,-0.68341,0.23666,0.4741,0.29056,1.85274,0.89784,0.91312,-1.64585,-0.82274,0.74126,0.60099,0.13969,0.43759,0.06828,0.09567,1.71431,0.24571,0.37426,-0.28841,0.58948,-1.1182,1.06184,0.80056,0.50572,-0.15707,1.44885,1
-0.60306,-0.30767,0.67648,-0.38041,-0.39829,-1.46179,0.06156,-0.96174,0.66012,-0.25831,0.51241,0.81984,0.35726,0.83529,0.22343,0.0758,1.22538,-1.40753,0.65353,-1.48848,0.18178,-1.84629,1.36137,0.27461,-2.06271,-1.69732,-1.17624,-0.24791,0.80334,0.23863,1.12991,-1.71609,-0.18423,0.42657,0.0421,0.78463,0.80168,0.79445,0.65447,-0.89388,-1.37092,0.23763,-0.46513,-1.56242,0.60738,1.03207,0.03887,0.7183,1.72797,0.68869,-0.73098,-0.12936,-1.12441,0.95945,1.14066,0.43979,-0.91403,2.13728,-0.04405,-0.61966,-2.582,-0.49886,-0.26919,-0.89154,0.14308,-2.07676,0.4649,-2.12929,0.19992,1.67642,-0.47715,0.98922,0.10889,1.32152,-0.34211,1.28958,-1.06773,-1.33822,-0.49874,-0.73814,-0.4274,1.36438,0.01157,-0.16909,0.9926,-0.63575,0.03628,1.3291,-0.07131,0.02966,-1.80428,-0.48275,-0.35564,-0.52206,-0.22687,-0.88817,1.08155,0.15315,0.64365,1.15196,1.63792,-0.86931,0.46199,-1.77539,-0.83137,0.43713,-0.11806,1.42903,-0.23489,0.42799,0.56145,-0.19389,-0.15104,-1.12854,-1.11445,1.01403,0.69414,-0.31582,-0.01415,0.71125,-1.04595,1.34646,-0.31316,-0.16363,-0.39251,1.30277,-0.36497,0.6438,-1.65431,0.53038,-0.41224,-1.10621,-0.584,-0.30289,-0.27839,-0.59888,2.00387,0.45587,0.58714,-0.71588,-0.61834,0.54623,0.85259,-1.3715,-0.09311,1.72625,0.66789,0.03342,0.43684,0.23595,-1.21156,0.19442,-0.94903,0.26578,-1.25602,0.8649,-0.38009,0.29645,-0.5898,0.37323,0.67819,-0.02346,0.01624,1.07507,-0.93113,0.11583,2.39451,0.45854,-0.21749,-0.38339,0.83053,-1.22906,-0.53453,1.58572,0.16979,0.05573,0.13125,1.84318,1.51948,0.1311,0
0.54332,-0.13681,-0.36899,0.3109,0.30473,0.39466,-2.39429,0.60447,-0.34619,0.93275,-0.84992,0.96308,2.78071,0.07662,0.78241,0.80793,1.5608,-0.84391,1.29324,0.75929,-1.20736,0.4481,-2.54562,0.48083,-0.47885,-0.55372,-1.23724,0.28217,1.04493,0.87577,-0.22038,-0.26836,-0.2409,0.86176,-0.18089,-0.67922,-1.11592,0.52531,1.02588,0.41609,0.81266,-1.14885,-0.87858,-0.95432,0.21086,-0.05534,-1.06914,-1.6305,-0.83514,0.90434,-0.97982,-0.34398,1.36733,-1.85648,1.86216,0.61,0.11777,-1.32746,-1.6641,-0.12243,-0.43058,0.01281,-0.52494,1.41556,-1.10348,0.1724,-0.79725,-0.1325,0.23375,0.98388,0.94887,-0.16806,0.97395,0.64706,0.58054,-0.8758,1.09139,0.45876,0.77295,0.45066,0.89361,-0.9204,0.1348,-1.36451,0.15676,-0.51763,-0.69926,0.89652,-0.27792,-1.37585,0.45882,-2.58407,0.26776,-3.57759,1.12828,-2.14459,-0.91285,0.23549,-2.1275,1.24721,1.12608,-0.92932,-3.0202,-0.5326,1.09597,0.36271,-0.22102,0.79078,-0.82766,-1.9781,0.5873,0.53704,-0.03311,0.38494,0.38447,-0.14199,0.98548,-0.85804,1.52851,2.02257,0.51962,-1.12507,0.17901,0.56721,0.3526,-1.07412,-1.07019,-0.40826,1.10742,-0.661,0.41691,-0.79234,-1.91323,0.24935,0.76879,1.08888,-0.185,0.08781,-0.99272,-0.5895,-0.34074,0.65935,0.12421,-2.00039,-0.62116,-1.64299,-2.79454,2.88165,-0.99303,0.51452,-0.59209,0.1546,1.02644,0.48085,-0.51829,1.082,0.62499,-0.64754,-1.10852,-1.7845,-2.41588,-0.05709,1.07105,-0.13435,1.34249,0.82211,-1.60012,-1.20509,0.89167,-1.07019,-1.02755,0.20919,-0.13609,-0.37907,-0.86599,-0.08814,0.41702,-0.47949,-1.16863,-0.70096,0
0.56287,0.73052,2.07511,-0.08572,-1.52435,1.32981,0.0588,-1.19756,-0.2115,0.27089,-0.18278,0.76865,0.50461,1.44872,0.82079,-1.5065,-1.38073,0.18768,0.67537,0.78388,1.75631,0.79592,1.66667,-0.87959,2.1516,0.59044,-0.04358,-0.95852,-2.10129,-0.17718,-0.26272,-0.2153,1.32219,0.25368,0.31401,1.8756,-0.891,1.3282,-0.76938,-1.34341,0.61351,0.4824,-0.50916,-0.21627,-0.53925,-0.7001,-0.89008,0.47746,-1.44692,0.34469,1.29274,-0.13052,-1.88475,-1.39893,-0.20201,1.58617,-1.24931,-0.2242,-2.55837,1.24829,-0.49386,0.44186,2.10776,0.96285,-1.52462,-0.23986,-1.18692,-0.84228,-0.9358,0.48759,0.05001,0.71156,0.78304,-0.12195,0.34435,0.65208,-1.30941,0.2092,0.27387,-0.25329,-0.43425,0.6961,-0.61998,-0.88342,-2.84469,-0.00275,0.50578,-0.27304,-0.51824,0.64266,1.74783,-0.92493,0.40596,-1.51278,-0.17474,-0.45756,-0.07327,1.79773,1.16919,-1.20395,-0.91752,-0.66797,1.93466,0.26608,-0.11394,-0.43448,-1.39043,1.46198,0.38742,-1.61061,0.48554,1.4354,1.12268,0.69809,-1.89539,-0.16883,-0.1485,-0.58025,0.72843,-0.20945,0.19807,-0.25363,0.58956,-1.7054,0.64696,1.41181,-0.99215,0.55615,0.80752,1.2509,2.83041,-0.07063,-0.05248,1.4713,-0.66285,0.68603,1.31103,-1.60313,0.06623,0.45814,-0.01736,-1.19098,-0.31348,0.17655,0.83666,1.00139,0.12152,-1.20548,1.90317,-2.1697,0.29235,-0.11663,0.26234,-0.97351,0.12201,0.93032,-0.38514,-1.40489,-0.10826,-0.14022,-0.59547,0.06822,-0.20267,-1.20203,0.84221,-1.50565,1.42843,-0.90903,0.37363,0.1351,0.87183,-0.71037,0.60512,-0.91478,-0.22108,1.05401,-0.57323,-1.37838,-0.97483,-1.25502,1
2.24255,0.45926,1.63988,-0.15004,-0.88309,1.1637,0.02366,1.04039,-0.04055,-1.34509,1.9012,0.90008,1.17497,-0.9656,0.98751,1.10045,0.42826,-0.29286,-1.11456,0.4375,-0.77147,1.08161,0.01656,0.62386,-1.13637,-0.27357,-1.27182,-0.90835,-0.81864,0.41899,-1.12947,-0.45315,-0.23083,0.60657,0.08606,-0.22705,0.38199,0.222,0.84252,0.78932,0.14913,-0.68301,-0.52972,1.13969,0.15135,-1.16414,-2.13934,-1.41966,0.13513,0.82262,2.19603,-0.2054,-1.59344,-1.40993,0.32706,-0.47343,1.16141,-0.11218,1.70449,1.52048,0.79234,-0.17369,-0.68195,-0.49174,-2.06878,1.27534,-0.1449,-0.91698,-1.53113,2.5428,-0.12498,-0.94575,1.66603,0.03688,0.7786,0.56083,0.24824,0.70772,0.62134,2.65001,-0.68173,0.13715,1.00143,0.0126,0.55345,0.84877,-0.47314,-0.00432,-0.86776,0.33711,-1.87915,-0.27168,0.98609,-0.46779,-0.0626,0.11336,0.49339,-0.37451,-0.70751,-0.22798,-0.03443,0.19503,0.27979,-0.75889,0.25957,0.78451,1.07705,0.20847,1.08048,0.18748,-0.0612,-0.23596,-1.17452,-0.7033,1.11062,1.07208,-0.71772,-0.64244,-1.40949,-0.42528,-1.39478,-1.39845,0.23703,-0.29817,0.73793,0.66564,-0.9576,2.38988,-1.44597,-1.16021,0.13687,-0.81184,0.94517,-1.22703,0.76134,-0.52472,0.65357,-1.00553,-1.25417,0.99504,0.55229,1.88264,-0.29966,-1.98378,-0.9344,0.08813,0.11601,-0.65278,1.89665,0.47927,0.43049,-1.13054,-0.6521,-0.46567,-1.41053,-0.13768,0.33891,-0.25339,1.09773,-0.64513,0.31123,-0.8865,-0.011,-1.09511,0.91302,0.54803,1.06045,0.36309,1.2526,0.56623,-1.01445,0.23856,-2.76117,-1.78084,-0.0796,0.91106,1.71398,1.06768,-0.59992,1.15022,1
-2.1875,1.19356,-0.84683,1.24032,0.68541,-0.79645,0.85116,-0.98831,-0.94847,0.08347,-0.77283,-1.03621,0.37279,-0.0595,-1.36317,0.98491,-1.87409,0.50958,0.07423,0.34922,-2.47304,-0.63095,-0.00638,-0.95497,-0.04074,-0.2996,-0.27746,-0.3483,-1.7116,-0.93508,-1.63973,0.24846,-0.74362,0.28193,0.24315,1.59276,0.30609,-0.94009,1.24305,-1.2301,-0.72627,0.1471,-0.53826,-0.56734,-0.56548,0.73468,1.48627,0.0464,0.26298,-0.28306,-0.77027,-1.11182,0.29555,-1.08678,-0.00966,-0.30532,0.0852,-1.1778,-1.83254,-0.94059,1.49684,0.00173,0.14149,-1.19941,0.67904,0.40018,1.60214,-0.64189,0.84954,1.52659,0.99311,0.49328,-1.52186,-0.21602,-0.11036,-0.59782,-1.28977,-0.28462,1.68127,-0.44437,-0.76784,0.29121,-0.46579,-0.66021,0.73166,1.62078,-0.66399,-0.91528,-0.77836,-0.26256,0.49363,0.75193,1.53936,0.06637,-0.9678,0.51031,1.11727,-0.47038,1.04982,0.11653,3.46811,-0.29302,-0.55139,-1.55447,0.10359,-1.07463,0.92667,-0.91316,0.48789,-0.12562,0.88394,-0.56077,-0.9218,-1.10281,0.13641,-0.22304,1.13175,-0.19469,0.4844,0.20171,-0.37643,0.31335,0.02441,-0.60149,-1.70618,0.26382,1.24226,-1.33904,1.02475,0.47972,-0.198,2.01284,-0.44033,1.0097,-0.5416,0.9612,0.21711,2.87032,0.21328,1.04418,-0.24994,1.95767,0.11483,0.38006,-1.29826,-1.049,0.97728,0.77733,-0.20491,0.44855,-1.3001,-0.67252,0.21136,-0.86235,-0.76675,0.28169,0.86653,0.8613,-0.71734,0.0671,1.59722,0.01168,2.92688,0.28127,0.46569,0.56349,-0.75117,-0.91478,0.63041,1.60262,-0.18448,1.83512,-0.50259,1.84614,-0.59532,0.40739,1.74197,-0.13062,-2.36351,0.09012,0
1.84808,0.25239,0.94818,0.58371,1.3004,1.09207,-0.93355,-0.34049,-1.9543,0.42235,0.3086,0.78183,1.74165,1.04675,2.05363,-2.05536,1.03074,-0.86563,-0.58084,0.94243,0.88019,-0.56226,0.61908,1.41343,1.39812,0.92109,0.85169,-1.15223,-0.81636,-1.63994,1.14831,0.77936,0.24477,0.0698,-0.40665,0.90928,-0.02105,-0.53402,0.33136,-0.9795,0.12965,1.65827,-1.7621,-1.39079,-1.11045,1.58408,2.21078,-0.67072,0.74594,0.95216,1.84415,-1.09171,0.50353,0.84789,1.13615,0.14542,0.51777,-0.76411,0.62052,0.33293,-0.18838,1.16682,-0.43024,-0.86885,0.21526,1.34723,1.95607,-2.21222,-0.90347,-1.84035,0.54565,0.41448,0.88336,-0.48994,0.91943,-0.19956,0.25199,-1.21104,1.12852,-0.16096,-0.01048,-0.77273,0.86373,-1.1894,0.49729,-1.16555,0.31513,0.91481,-0.37645,1.23171,1.06017,-1.42702,0.80778,-0.18188,-1.33262,-0.61517,0.81286,0.67664,-0.36472,-1.11576,-0.90674,-1.27683,-0.6288,-0.99684,1.69738,0.7687,0.95647,-0.2297,-0.94322,0.86321,-0.18777,0.60479,0.7368,0.28198,-0.85762,-0.30156,-0.4266,-0.4298,-0.68523,0.28284,-0.66016,-1.11623,-0.46609,-0.10477,-1.02216,-0.99989,-0.12816,0.22124,0.93975,-0.90548,-0.12703,0.97897,0.00243,-0.43524,0.19924,-1.62838,0.06091,-1.50829,-1.13942,2.17941,-0.98426,0.56135,0.43246,0.83481,-0.05567,-1.03678,1.09531,-0.18216,-1.53458,-0.67214,1.17249,-0.55073,-0.48721,-0.41824,0.61368,-0.81548,-0.99106,-1.34631,-1.44771,3.19346,-0.01933,-2.81352,0.23879,-0.83326,1.24617,-2.17189,-0.41641,0.27114,0.67623,-1.32613,1.45557,-0.65581,0.46919,1.1638,0.9013,1.4865,0.31825,-1.19557,-0.0006,-0.54311,1
-1.42625,0.31824,-2.25571,1.70664,0.28276,-0.02137,1.079,-1.07293,0.94955,0.23925,-0.75669,-0.20937,0.75551,0.5811,0.00062,-0.73338,-1.75094,0.95237,0.68126,0.55681,-0.42037,0.72604,-0.09487,0.0324,-3.25481,-0.74786,-0.08201,-1.15572,-0.32292,0.64166,0.45512,2.1447,-1.09833,1.27858,0.64394,0.56252,0.95744,-0.25916,-0.10246,0.46273,0.51804,-0.79571,-0.32604,2.22982,0.70184,-0.71779,-1.37314,-2.0596,0.85769,1.10749,-0.745,0.74747,1.39118,0.07939,0.21531,-0.28168,-0.51521,-1.46958,-0.16869,0.04207,-0.10642,-0.49864,-0.5679,0.16414,-0.39123,0.57828,-0.49136,-0.37803,0.96355,-0.15804,0.23892,0.71353,0.24388,-0.46317,1.20547,2.39769,0.30858,-0.47595,0.57798,-1.63764,-0.75296,-1.33966,-0.51951,-1.54998,-0.05819,-0.29401,-0.02868,-1.43818,1.66681,-0.44437,-0.60224,-0.60838,-0.75928,0.66722,-0.287,-0.99478,-0.47283,-1.70274,-1.42074,-1.47351,0.45266,-0.51931,-0.88207,0.04563,1.06584,-0.02372,-0.45327,-0.36258,-0.02191,0.57699,-0.02221,0.30319,1.10246,-0.06905,-0.09393,-0.9767,-1.35261,-0.64485,-0.4736,0.35521,1.40059,-0.23231,-0.05909,1.21348,0.2575,-0.29402,0.96643,-1.07524,0.723,-0.83558,-2.01881,-0.33464,0.75276,-0.46506,-0.78192,0.63514,0.37857,-1.01722,0.77736,0.68565,1.42503,-1.07979,-0.02581,1.40444,-0.2349,-0.17234,0.1931,1.56491,1.04158,1.65497,0.0908,-0.19334,-0.35565,-0.90566,-1.23821,2.04464,-0.99749,0.0136,0.51516,1.2796,1.52066,1.65172,1.20509,0.65322,0.67014,-0.87171,0.63163,-0.74338,-1.23341,0.77919,0.2311,1.45449,0.57971,-0.81548,0.07335,-0.16219,1.12037,0.42164,0.79505,-0.46796,1
0.5985,-0.79829,0.76692,-0.06065,0.18718,-0.82564,-1.92744,-1.29699,0.5399,0.26982,0.06501,-1.65356,-1.38918,-0.57122,-0.89275,0.75049,1.08577,-0.63894,0.32012,-0.96696,-0.68871,-0.21096,2.18862,-0.00173,0.93258,3.07031,-0.26087,-0.19672,0.08472,0.26524,0.92381,-0.221,-0.3009,0.07456,0.6479,-0.62405,-0.3997,0.40884,-0.16159,-0.67582,-0.72045,0.02049,-0.99022,0.91282,-1.72502,-1.26298,-0.52497,-0.83696,-0.54544,-0.542,-0.28967,2.20123,-0.09273,0.7479,-0.28323,-2.44812,-0.5675,1.54488,-1.85477,1.1585,0.4112,0.00732,-0.67766,-0.56497,-1.6615,-0.5449,-1.74387,-1.52319,1.24438,0.25508,1.63021,0.18379,0.004,0.38554,1.79927,-0.77092,0.31253,0.99556,-1.16171,-0.9753,-1.9428,0.51235,-1.35589,0.76947,1.59076,-1.04938,-1.43008,-1.93864,2.36481,0.26277,-1.51561,-1.00298,0.48447,0.31123,0.34117,-0.90418,-1.10402,-1.157,0.34109,0.14814,0.91627,0.70554,1.03579,0.73518,1.63176,-0.66888,-0.71663,1.20459,0.61436,-0.6319,0.336,-0.43027,-0.91076,-0.43273,-0.01503,1.14592,1.0639,-1.25048,-0.07243,-0.35634,0.94334,-1.26078,1.31739,-0.85892,-0.93828,0.923,-0.86457,0.37558,0.52476,0.11457,0.3755,-0.59242,-1.12858,-0.62328,0.1157,-2.40014,0.23964,-1.08855,-0.7914,0.78769,1.30974,-0.23186,1.46924,-0.11788,1.35234,0.60843,1.49876,-1.7625,-0.51251,1.44197,0.39575,0.01536,-0.59773,0.47387,0.45734,-0.30876,0.31203,0.19829,-0.17048,-1.17195,-0.75366,-1.56921,-1.26204,0.38566,0.72005,-0.9362,1.8984,-0.7262,1.21594,1.76604,-0.24117,0.94558,-0.16512,-0.98181,-1.87677,-0.56096,2.10366,1.7596,-0.57204,0.20231,0
-0.97497,-1.24376,1.45374,0.0887,0.67198,0.39457,-0.50557,0.13707,-1.25074,0.20561,-0.29437,0.98015,-0.31385,-0.38405,0.94277,0.57724,0.84709,-1.10173,1.26272,0.32057,-0.2246,0.19508,-0.82086,0.34192,1.16567,-0.64006,0.47044,-0.23684,-2.52971,-0.84824,-1.55661,-0.15783,-0.29084,-0.31103,1.43416,-2.0053,2.32778,0.43352,0.71477,1.1267,-0.52006,0.8043,1.34967,0.77116,1.14406,-0.87314,-0.48018,1.12348,2.48032,-0.10232,0.62468,1.27184,1.47018,0.89659,-0.21334,-0.42118,-1.53553,1.40352,1.65778,-0.44376,-1.92404,-0.45054,-1.15214,0.47178,0.2907,0.74491,-1.63247,-2.00611,-0.45914,0.08375,-0.33262,1.10155,-0.65165,1.0599,0.12371,0.28575,-0.92892,0.42632,-0.62765,-0.18276,-1.25925,0.20513,-1.41673,-0.56143,-0.37887,-0.88298,0.38263,-0.11364,-0.05373,0.63876,1.74232,-0.57962,0.48943,0.20555,-1.50639,-2.42864,1.5383,0.9723,0.62145,1.01517,0.18467,-1.07205,2.04582,-0.25218,-0.41637,-0.04053,-0.28711,0.1461,0.14102,0.13732,1.63021,0.45837,0.80108,0.27608,-0.21819,0.1234,-0.10881,-1.33835,-0.12215,-1.39867,-1.89052,-0.56453,-0.7329,0.40695,-0.07884,0.49699,0.1207,-1.01508,-1.69259,-0.78449,-0.40975,-0.07371,-1.01877,1.38843,2.00457,1.77618,0.34184,-0.64857,2.47757,1.16791,0.33592,0.3327,0.4219,0.18438,-1.99333,1.06629,-1.48346,-0.53697,-0.38926,-1.83698,0.53644,-0.22984,-1.30906,-0.47595,-1.12347,-1.59129,0.044,0.01911,0.03665,0.20259,0.29279,-1.12081,0.95894,1.86708,-1.34772,-0.05691,-0.06995,-0.13909,-1.53521,0.26019,-0.08012,-1.20119,-0.71882,0.34522,0.87129,1.14095,-0.59835,-1.11987,0.50136,0.06276,1
0.9088,-1.47536,-0.64625,0.76653,-0.73813,-1.46682,-1.0005,0.18277,1.1616,2.22881,1.63205,0.84872,-0.33102,0.79187,1.61177,-0.21337,-0.31796,2.25356,-1.66402,0.21781,0.40441,-0.50712,0.10846,0.50867,-1.22926,1.58487,1.97659,-0.08693,-0.62174,0.03698,-0.76864,0.6911,1.4286,-0.87567,0.93403,0.13673,-0.90213,-0.03848,0.67306,-0.25337,-0.51505,0.01002,0.31839,0.83547,-0.55987,-0.19351,1.6168,0.97066,0.84432,-0.31669,-0.36216,-1.14877,1.22822,1.6216,-0.20623,0.64042,0.17484,-1.66299,-0.89223,0.46564,-1.29813,0.58602,-0.36508,1.83186,-0.9993,0.20328,-0.64371,0.45403,-0.17004,0.99369,-0.83478,-1.0475,-0.5022,0.50993,-1.36254,0.73809,-1.34754,-0.19046,0.32602,-1.0677,-1.30774,0.30885,-0.44197,-0.27187,1.16516,1.08887,0.95432,-2.41168,0.95877,-1.01468,-0.76613,-0.2452,0.31049,0.11135,3.07452,1.2535,-0.18141,0.36942,0.14017,0.21431,0.4676,0.11854,-0.41152,-0.90233,-0.08788,0.57338,1.17575,-0.0641,0.67653,1.36245,0.26054,0.03383,1.12268,0.98103,1.24187,-0.92119,-0.94387,-0.48798,-0.22867,0.21939,-0.22937,1.22347,-2.199,-0.44856,-0.35542,0.58577,1.83787,-0.44809,-1.13173,1.36553,-0.16189,-1.1944,-0.69025,-0.95557,-0.55675,0.78241,-0.29452,1.02509,-1.44166,0.24157,1.05437,0.4856,-0.48485,0.39873,-0.07289,-0.69013,-0.10549,0.08007,2.14152,-0.86664,1.81923,0.22168,0.41629,-0.76387,-0.18977,1.07085,-0.96519,-0.69244,-1.8307,0.76685,0.98612,0.39859,-0.52309,-0.17457,-0.56779,-0.01462,-0.13252,-0.99193,-0.99224,0.52059,0.30993,-0.69325,-0.5245,-0.05497,-0.6021,-0.00122,0.69946,-0.32448,-0.34116,0.7913,0
0.46963,1.31703,0.38247,-0.10825,1.30688,-0.67023,-0.2118,-0.27292,1.4438,0.76768,1.17975,-0.99992,0.60825,-1.22482,-2.66081,-0.58039,-0.61854,1.00712,0.86228,-0.58354,-0.84131,-1.55756,2.96962,-0.79963,0.32445,-2.23699,0.94539,-1.34068,-0.13339,-0.2238,-0.57316,0.8777,0.28954,1.38199,0.94137,1.01046,0.79955,-0.08455,-1.50273,-0.10045,-0.33243,-1.03431,0.6143,0.2621,2.37874,-0.74532,0.12784,-0.83494,-2.24133,-0.02216,0.49171,-0.15956,-1.11705,-1.54513,-1.28592,1.4417,-1.29845,0.9978,-0.47812,-0.46366,1.04756,0.33085,0.20738,0.69411,-0.07088,-1.00209,-0.32547,-1.02621,-0.56786,-1.3405,-0.19842,0.83948,-0.823,-1.54511,2.31747,-2.38282,0.03973,-1.35117,-1.70625,-0.73381,0.67011,-2.10653,1.17378,-0.61265,0.26634,1.27445,0.95417,-1.87747,0.48771,0.5649,0.85994,-1.35202,-0.33346,-0.72276,0.32654,0.40997,-0.9049,-0.68108,0.15549,0.11639,-1.06475,1.09916,-0.37116,-1.8827,-0.45248,-0.16121,1.24551,0.30025,0.55504,1.24603,-1.42101,0.25646,-1.25799,0.41312,1.64418,-0.24951,-0.49909,1.72537,0.1963,1.73491,-0.04144,-1.32255,1.21192,1.2545,-0.79915,0.0783,-1.19343,1.26272,-0.61026,-0.62468,-0.11892,0.57777,-0.40795,1.07299,-0.84909,-2.27218,0.70399,-1.53849,0.47798,-0.23837,2.01516,-1.30433,0.32568,0.03357,0.30981,1.69318,-0.03353,-1.42442,0.47358,0.65808,1.51566,0.50149,-0.59473,-0.16681,-2.14285,0.00667,-0.99569,-0.0752,-0.11733,-0.08892,0.35609,-0.18867,-0.32125,-1.46379,0.13962,-1.5661,-0.84233,0.80784,-0.22937,1.68857,0.91738,-1.39086,1.12752,-0.65445,-0.24693,-0.89979,0.67753,0.51402,0.13693,-1.32126,0
-0.56675,0.64963,-0.39976,-0.01593,-0.64652,0.22834,-1.2315,0.77768,0.29545,-0.19407,-1.31991,-0.53845,-0.09549,-0.07123,1.10972,1.39517,-1.03895,-0.79539,-0.26747,-0.08064,0.71229,-1.69288,0.29071,-0.53999,-1.13685,0.46545,0.03189,-0.82198,0.07674,-1.15019,0.77429,-0.59034,-0.62442,-0.99976,0.26193,1.53284,-0.56297,1.63178,1.22265,0.76184,1.41886,-1.06653,1.36007,-1.15114,1.43992,-1.42114,0.56231,1.69906,-0.95165,-0.9598,1.96031,0.5666,0.40563,-1.57334,0.28912,-1.17115,-0.0537,0.48665,-0.96211,0.48914,-0.75544,1.77609,1.04555,0.95117,0.36438,-0.55598,0.82945,-1.97356,-0.47784,0.79698,-1.3718,0.89361,1.01127,0.43964,0.15661,2.0798,0.15897,-0.72594,-1.28426,-0.00707,1.15559,0.86326,-3.04928,-1.0267,0.95877,-0.84453,0.69455,-2.22836,0.63847,0.65272,0.29918,1.49072,0.12298,2.51935,-0.61371,0.01869,-0.7939,-0.31764,-1.29288,1.63294,0.13155,0.93811,0.18166,-0.079,-1.40549,-0.2158,1.27428,-0.56559,0.69859,0.56331,-0.43775,0.72057,0.88469,-0.38963,-0.0389,-0.76886,0.02702,0.4183,-0.04816,0.32774,-1.1066,0.0125,-1.49068,0.27411,0.87161,-1.33784,-0.58134,-1.14076,-1.89692,-0.46183,-0.42239,-1.50582,-0.31293,1.08895,-0.65105,1.13287,-0.85706,0.17723,0.16692,1.24183,0.10632,-1.00196,1.11561,-1.09928,-0.03205,-1.0211,0.93953,1.95717,1.46651,-0.01853,-1.33955,-0.01243,0.41046,1.24076,0.01964,-1.4008,1.73066,-1.95348,0.4137,1.87979,-0.79932,-1.39629,0.27443,-0.40136,0.65688,1.48741,-0.61016,1.63955,-0.50959,1.14434,-1.8065,-0.40018,0.42863,2.3578,-0.56647,0.51198,-0.95858,-0.77376,-0.5194,1.19812,0
1.39532,2.27302,0.46589,1.07556,-0.77577,-0.2504,-0.90185,-1.61105,0.45166,-0.07135,-1.13167,-0.1986,1.88844,-1.47638,0.01375,0.99634,-0.02257,-0.58871,-0.34214,-1.19493,-0.5393,0.94,-1.24982,2.15624,1.42525,-1.00538,-0.81847,-0.24925,0.84736,-0.94602,-0.98696,0.49872,1.55111,0.7413,0.23858,1.60747,1.36284,-1.03692,0.43068,0.52055,0.49339,0.34745,1.2457,-0.65383,0.69111,-0.41195,0.36203,0.62331,1.86696,0.67907,-2.12373,0.77132,-2.29049,-1.1155,-0.56557,1.76177,1.7036,0.8033,0.2539,-0.73375,1.80089,1.22624,0.62944,-0.17628,-0.09755,1.06178,0.38615,-1.23048,-0.90487,0.96948,0.13925,1.27191,0.31767,-2.11048,0.67527,-1.15157,0.62509,0.41763,-1.96476,-0.40322,-0.13744,-0.9186,0.66857,-0.25571,-0.26208,-1.51329,0.66129,-0.81998,-0.74665,0.14484,-0.2132,-0.20537,0.18191,0.19944,0.64294,1.21341,0.65979,-0.10103,-1.77446,-1.24112,-0.09914,0.72582,0.80079,0.91783,-1.38959,-1.13829,-0.76544,0.54055,-0.75406,0.3759,-0.99406,-0.32655,0.57645,-0.93988,-1.40295,-0.28507,-0.95342,-1.75982,1.02535,0.469,-0.66164,2.09596,-2.40234,2.28563,1.55002,0.62094,0.09553,-0.88391,-0.26233,1.02385,2.04029,0.85194,-1.77763,-0.01499,-1.16065,0.24712,0.19803,0.00638,-0.81436,-0.50462,-1.41386,-1.54849,0.49472,-0.81455,-0.8676,0.00641,0.30143,-0.87113,0.2868,-0.05057,1.19256,0.0949,0.90445,-0.54281,-2.28404,0.44611,-0.76821,1.11706,-1.50191,-1.45677,-1.27879,0.69426,0.43212,0.3195,0.34424,-1.54443,2.20846,1.01843,0.06957,0.47403,-0.7995,1.78311,-1.7561,-0.3505,0.71697,-2.27201,1.20167,-0.71405,-2.25026,-0.4246,0
-0.27205,-0.68445,-1.9318,2.10118,-0.45197,-0.56174,-0.01121,-0.38463,0.62534,-1.38701,1.47515,-1.60509,-0.20007,-1.70541,1.03114,-0.15603,0.71858,-1.80141,-1.08002,0.64447,-0.05572,-1.34188,-0.80438,0.41541,0.27916,1.16982,-0.39382,1.69104,-0.0934,0.45636,0.80335,0.46737,-2.26729,-0.132,0.72358,-0.4336,-0.09647,-1.01402,0.7595,0.19912,-0.18433,1.12808,1.83484,-0.77522,2.52611,-0.82563,-0.4066,-0.92685,0.27738,0.67351,-1.57082,0.11222,0.71267,-0.8732,-0.28266,0.19586,-0.19993,-0.30101,-1.73713,1.42112,-1.903,-1.34831,0.22462,-0.51499,2.06567,-1.6396,0.42289,-1.16325,2.6628,-0.29727,-1.43253,-0.17131,-0.47159,-0.30049,-0.75205,-0.62421,1.2328,0.03546,0.39279,2.38287,1.61055,0.66023,-0.58551,-0.10329,0.22132,0.50853,0.37196,-1.44981,-0.73413,0.85283,1.12393,1.13386,-0.04532,1.44216,0.42868,-0.92372,-0.27779,-0.89186,-1.26696,0.50561,-0.8858,0.14779,-1.45844,0.85353,0.54682,-0.76337,-2.10041,0.50911,-0.41563,0.41601,-1.22538,1.61009,-1.87837,1.09881,-0.08852,0.0563,-0.74987,1.94001,0.57956,1.18655,0.38402,0.52173,0.38411,0.61991,0.91588,-0.78501,-0.58106,-0.31368,-2.04038,0.18184,1.23893,-1.22843,0.76736,0.08957,-0.07518,-0.23349,0.4968,0.4443,-0.43912,0.97809,-1.08531,-0.4826,-0.11521,0.0084,0.83376,-0.56301,-1.14508,-0.65156,-0.34216,-1.40323,-0.45397,0.29314,1.25675,0.36859,1.07068,1.11464,0.45473,-2.24661,-0.87033,0.35405,0.2787,2.11418,1.29327,1.021,0.54049,-0.80922,-1.43733,-0.12227,-0.98481,-1.13679,1.3388,-0.21426,-0.5701,2.00232,0.81087,0.49319,1.04216,-0.76499,-0.88933,1.93636,0
1.17835,-1.17077,-0.62163,-0.73649,-1.19037,0.85873,0.0862,-0.60226,0.11378,1.1542,-1.38309,1.01603,-0.90185,0.5273,0.32643,0.21162,0.30292,0.22516,-0.8851,1.6718,0.04045,0.86393,1.70728,0.0674,0.45151,1.9084,0.07212,-0.34978,-1.25974,-1.04474,-1.96739,-0.03514,-0.36162,-0.46798,1.42613,1.5864,0.73494,-0.5164,-0.12848,1.00033,-1.27632,0.03233,0.27191,-0.92319,-0.03451,-1.73537,-0.53077,-1.66339,-1.4455,-0.47514,0.16562,1.45111,1.89878,-0.05293,-0.10055,-0.87404,0.0711,-0.33308,0.37891,-0.17212,0.193,3.10855,-0.69432,-0.16673,0.1238,-0.75722,-0.20011,-0.12822,-0.34976,-1.3057,-1.53748,-0.17886,-0.00733,-0.22866,-0.39624,-0.00784,-0.98466,1.19186,-1.00509,-1.13038,-0.14754,0.7816,-0.43672,0.1811,-0.3689,0.93761,1.60317,-1.92545,-0.5752,0.01452,1.86498,0.63759,-0.18723,-0.15048,1.37406,0.21896,-0.19661,1.08331,1.09664,-1.28312,0.34436,-1.36265,1.52524,0.24583,0.56113,2.08248,-0.73208,0.14063,-1.84492,-1.23423,-0.09178,-0.50089,-0.42093,-0.43436,-0.06715,0.69398,-0.13845,-0.44248,0.25932,-0.08902,1.75449,-0.08411,0.50712,-1.66379,-0.54371,-2.09539,-0.10002,-0.51563,1.31862,0.92866,0.68116,0.93461,-1.73316,-1.91661,-1.77738,-1.93746,0.1355,0.25247,-0.79126,-1.2899,-0.123,-1.15898,1.03392,-1.13993,-1.47406,0.80806,1.27695,-0.58273,-0.15242,-0.6562,0.84227,-1.15128,0.81224,-0.70729,-0.65292,-0.96076,0.87097,0.32938,-0.94482,0.67977,1.31978,0.77488,-0.17915,0.8787,0.34762,-0.29607,-0.06702,1.08316,-1.1157,-0.22811,0.70713,-1.04323,-0.64359,-1.06568,0.29862,-0.11116,1.71346,0.82345,-0.49607,0.45619,0
-1.37855,0.8471,-1.43682,0.12761,-0.9246,0.78764,1.86171,-0.93596,0.98149,0.53385,1.81726,1.45991,-0.66979,-0.38164,0.70274,0.17926,0.28642,0.10143,0.09427,-0.74497,0.29201,-0.06845,2.50021,-0.77196,0.19503,-1.10682,-1.25688,-1.4686,-0.5977,-0.24141,-1.34641,0.58557,0.15935,0.20449,-0.30354,0.38757,0.22322,-0.1816,-2.13998,-1.26219,0.9957,0.49999,1.05688,-0.17421,0.54038,0.36868,-0.01513,-1.41984,-1.05699,-1.87103,0.03686,0.81319,-0.58187,-0.04955,-0.3217,0.57898,-0.96453,-0.52689,0.54267,-0.75151,0.94887,0.30269,-1.21338,-0.00349,-1.14635,0.13649,1.979,0.66551,-1.0119,-0.34997,-1.28164,0.62902,-0.7108,1.36451,-0.68383,-1.78049,2.77732,0.23977,0.83793,0.14853,-0.16055,-0.41528,-0.13973,0.74496,0.82339,0.12547,-1.37609,0.37803,-0.58307,-0.23624,-1.46952,-0.26542,1.33431,0.99731,0.40806,-0.10583,-1.95278,0.52621,1.43069,0.52085,0.77494,1.75834,-0.24123,1.35594,-1.00763,0.85262,1.00268,-0.62172,0.08028,1.33445,-1.10661,0.51759,0.69678,1.11862,0.4903,0.30767,1.14727,-1.03453,-1.36516,-1.17378,-0.05361,-0.30641,0.38138,-1.14447,-0.87787,0.45001,-0.64958,-0.2686,-0.58879,-0.07513,-0.4816,0.7336,-0.87387,-0.13923,-0.04911,-0.96693,-1.30148,-0.28572,-0.33214,0.76057,-0.69378,-0.99398,-2.26232,0.17744,-1.41734,-1.20362,-1.04423,-1.03344,-0.09209,0.44777,-0.32682,-2.75973,0.67906,-1.46208,-0.41746,-0.36316,-0.10381,0.94344,-0.259,0.21938,0.00454,-0.52432,-0.04381,-0.30307,-0.80137,-0.26657,-0.57645,0.65733,-2.3229,-1.45714,-0.15443,0.8003,0.1962,-0.18536,-0.88336,0.50912,-0.50439,-0.35902,0.87918,-0.72573,0
-0.98291,0.22266,0.49821,-0.19828,0.2694,1.89761,0.17736,0.49217,-0.23748,-0.02579,-1.85749,1.38097,0.79998,-0.397,-0.64681,0.66037,0.35844,-0.50756,0.35536,0.588,-0.69323,0.19247,0.40177,0.40183,-2.56924,1.25506,-1.15895,-0.1814,-1.03186,1.36185,-0.36763,1.23337,0.50262,0.59147,0.47115,-0.36168,-0.97736,-0.82507,-1.21743,-0.51161,0.40995,-0.38805,1.81354,-0.89828,0.60183,-0.41879,-0.03144,1.51354,0.01461,-1.08721,-0.36524,-0.23333,0.40396,1.5287,0.83931,0.77237,-0.22156,0.79076,-1.05575,-1.01113,2.40271,-0.52807,1.70058,-0.70424,0.40138,0.86741,-0.69217,-0.85076,0.78608,0.1112,-0.03009,-0.6958,0.35474,0.17153,1.95228,-0.60068,-1.93052,2.42868,-1.68385,-1.2369,-0.89782,-2.71431,1.08765,0.24196,0.56736,0.69157,-0.3189,-0.62055,0.57996,0.80931,0.27833,-0.75102,-0.39953,-0.59721,-0.96777,0.02591,-1.1975,0.58464,0.47422,-0.66905,-0.6518,-1.56138,-0.63832,1.11274,-0.30759,1.06958,-1.86185,-0.71509,-0.3533,0.05092,1.74397,-0.19342,-0.20755,-0.17827,0.4551,-0.8558,1.08033,-1.19249,2.29596,0.81561,-0.46351,1.19894,-0.55148,-0.20175,1.60937,-1.2886,1.14167,0.90081,-1.47706,0.75859,0.35672,1.77551,0.21084,0.32971,0.53679,-1.5796,-1.49389,1.49865,0.58673,0.1297,0.01037,-0.48793,0.1951,1.20799,2.29188,0.1882,-0.8319,1.37827,1.07545,1.33788,0.27612,0.86092,-0.98982,-0.98833,0.59495,-1.10076,-0.17795,-1.4366,0.07201,-1.25778,0.36362,-1.13183,0.07903,-0.34269,-0.44322,-1.43667,-1.36276,0.64912,-0.15192,0.77773,-1.89905,-0.0563,-0.47489,-0.86272,-0.72755,-0.47725,-1.18525,-0.45216,-0.66529,-0.31457,0
-0.10029,3.44056,-0.09842,-0.0429,-0.13114,-0.78714,1.09175,-0.67896,0.69664,0.93881,-0.57024,-0.80832,-1.55009,0.83724,2.35057,1.4369,-0.01269,0.19119,0.94464,-0.19061,-1.73096,-0.70761,-0.43778,0.86219,0.8845,0.423,-0.07938,-1.10684,-0.39733,-0.0989,-1.82256,0.11607,0.67642,1.97127,0.33211,-0.16186,0.14987,-0.03616,1.51723,0.11611,-1.13771,-0.3186,-1.29622,-0.30338,0.41508,1.55517,-0.04283,2.27282,-0.45396,-0.55238,-1.01052,0.53556,-0.78009,0.18129,1.79968,-1.64189,-2.72022,-1.05321,0.42349,1.5857,1.23503,-2.47558,-0.65502,-1.14783,-0.88762,-0.3229,-1.0265,-2.28653,-0.55331,0.5241,-0.58514,0.89752,-0.80534,-1.10209,-0.96857,0.17002,0.63323,-0.31538,1.33921,0.30548,0.47039,-1.20403,-0.07654,-0.61207,-0.16159,-0.98374,-1.05686,-1.52151,-1.3991,-0.52261,2.01027,0.5581,-0.96428,-1.20392,-0.26154,-1.46376,0.11998,-2.12414,2.03631,1.42158,0.89758,-0.18705,1.62641,0.29304,1.32152,-1.29498,-0.4886,-0.57496,-0.30204,-1.55788,-0.0923,-0.27792,1.46332,0.09809,-1.42704,-0.15783,-1.86169,0.0286,-1.30403,-0.03411,0.54837,-0.13189,-0.65383,0.30103,1.25474,-0.02644,-0.65712,0.533,-2.25755,0.24252,-0.6816,-0.701,-0.5246,0.07711,-0.40784,0.00794,-0.61567,-0.77982,-0.97448,0.53524,-0.04208,-1.10384,0.18167,0.35849,-0.15385,0.81094,-0.14431,0.43143,-1.55476,-1.11407,-0.77895,-0.31331,2.38021,-1.20387,-1.27787,0.55363,-1.13497,1.53444,-1.43993,0.94109,-0.15238,-1.38905,-1.65631,-0.02538,-0.00964,-0.30208,-0.09334,-0.2025,-0.82958,-0.47724,1.33538,0.28245,-1.27792,-0.93631,0.57394,-0.56833,0.20741,-0.70316,0.03617,0.69173,1
1.03268,-0.55817,1.81207,-0.25631,-1.41586,-0.4657,0.63179,-1.37109,-1.21315,1.84253,-1.20489,-1.97291,-0.07151,0.91448,0.62769,-2.54495,0.67436,-0.36576,-1.11312,-0.37294,-0.07092,-1.70053,-0.26419,-0.60566,-0.01621,-0.37862,-0.25973,-0.15069,-1.00364,-0.66686,-0.57963,-1.32613,0.97779,0.32824,-0.36552,-0.30386,-1.78888,-1.15986,-0.1321,-1.44964,-0.35787,1.08276,0.57361,-1.25816,0.564,-0.50496,1.10861,-1.40641,-1.02956,-0.82232,0.20073,1.7479,-0.69033,1.86244,0.89044,-0.37777,-0.91365,0.08786,-0.5364,0.92568,0.05071,1.49883,0.6506,0.69157,0.5475,1.80826,-0.55723,-0.44612,-0.93724,-0.39596,0.17236,0.33753,-0.66143,0.81958,1.45655,0.98851,-0.53593,-0.47153,0.45813,1.16374,0.09071,1.51601,-1.50007,1.97192,-1.65872,-0.30804,1.80799,-1.07847,-0.14739,-0.45023,-0.04086,0.86936,-0.86884,-0.65943,-1.16281,0.47791,0.62098,0.37497,-0.40734,-0.08635,0.14232,-1.21668,-0.89051,-0.87544,1.42619,-1.74448,-0.81368,0.07676,0.41133,-0.04232,-1.21193,-0.62292,1.51501,1.2779,0.46461,1.11555,0.95411,0.78385,1.08348,1.27851,-0.27139,0.63583,0.37964,0.12029,-1.09156,0.32682,0.77788,-1.45679,-0.91195,-1.84519,0.169,1.67453,-0.20514,0.28442,-1.06079,-0.57528,0.24509,0.86716,0.13613,-0.56953,-0.9291,1.7373,-1.36065,-0.12211,-0.00136,0.29747,0.98253,-0.35438,-0.27042,-1.13965,0.766,0.22331,-0.41926,0.66074,-2.01251,2.77134,-0.37424,1.68459,0.64967,1.94086,0.87498,-1.72498,0.26508,1.35314,1.74239,1.09633,1.32134,0.4619,-0.3362,-0.64724,0.31126,1.48301,-0.43415,-1.99051,1.71283,0.52326,-1.42385,-1.54353,-0.69161,1.25379,0
-0.10913,-1.01069,1.71889,-0.91455,1.15015,0.71277,-0.27284,0.67887,-0.71933,-0.26268,0.211,1.74193,-0.22477,1.31287,-0.6374,-0.38793,0.34355,0.5031,-1.75085,-1.71319,-1.27252,-0.1126,-0.19216,-0.2804,-1.21928,1.77418,0.51121,-0.51191,0.65795,-0.75916,1.72092,0.24336,-0.8162,-1.61444,2.03253,-0.09686,0.59784,0.38107,1.03029,-0.04215,-1.86704,-1.06636,1.02592,-1.13595,1.20402,-0.12806,-0.4382,0.01832,-0.8732,-2.49969,-1.0399,-0.36299,-1.65906,-1.21551,1.03346,-0.22425,-0.27732,-1.05611,-0.96225,-0.73482,0.28746,-0.08972,-0.98143,-0.89259,-0.18916,0.29539,0.1513,-0.72454,0.3062,-0.35965,0.85869,0.01383,-0.32288,-0.24275,-1.13363,2.07759,-1.15574,-0.9909,1.04106,0.96154,1.30094,1.1626,2.39834,0.05661,-0.14192,-0.82909,-1.12988,-1.6529,1.44358,0.24896,-1.1116,1.52333,1.13813,-0.79654,1.1464,1.27957,0.19688,0.03936,-1.75958,0.36686,-0.66685,0.41628,1.44696,1.59931,0.14349,-0.89689,0.37444,-0.75149,-1.67705,-0.18816,1.88529,-0.71965,0.70892,0.22911,3.12355,-0.4464,0.29978,-1.09281,0.45348,0.60341,-0.4511,-1.3477,1.58691,-0.17203,0.13792,0.35524,-0.94625,-0.3425,-1.42869,-0.98984,-1.06693,-0.67376,0.57985,1.35541,-1.12025,-0.10234,1.96628,1.35851,-0.85425,-0.08265,1.09832,-0.08317,-1.35169,0.48251,0.70321,-0.06016,1.11766,0.76296,-1.35777,-0.33566,-0.44591,1.21377,-0.21133,0.09617,-0.78732,1.9584,0.02997,0.7962,-1.57494,0.24967,0.2081,-0.20104,0.9466,0.5831,-0.94573,0.50988,0.13024,1.56162,0.30835,-0.54959,2.5763,-1.3672,0.14765,-2.0355,0.52027,0.18251,1.22703,1.21468,0.07686,0.11668,1
0.5868,1.36233,1.0776,0.25285,-0.43848,0.09287,1.79198,-0.50127,-1.0357,-0.17924,-1.14557,2.38191,-1.03291,-1.17255,-0.75216,0.5985,0.92457,0.64057,-0.45965,1.78216,-0.97942,0.13719,0.41426,0.21772,-1.59832,0.50832,-0.34795,0.2129,-0.81761,-1.21356,1.64402,-1.93497,0.91689,-0.25549,0.49946,-1.22534,0.0662,1.27763,-0.5876,1.09962,1.34642,1.14617,-1.49842,0.36466,-2.3061,-0.13979,-0.23511,0.2579,-0.70892,0.08757,0.57055,1.3256,1.69831,-0.75458,-1.52485,0.38931,-1.39539,-0.45674,-1.41635,0.82157,0.72058,0.19231,-0.49559,0.01916,0.97429,0.26013,-0.80936,0.50173,-0.93393,-1.02432,0.69092,1.66343,1.62212,-0.80261,-1.54201,0.37085,1.46313,-0.56567,-0.45465,-0.37189,1.18323,0.21845,-1.23655,-0.80407,-1.01998,-0.13504,-0.25329,-1.40119,0.63155,-0.32217,1.42583,-0.34836,-1.02752,0.35501,-2.16142,0.94546,0.79023,0.85653,-0.4493,-2.44388,-1.05918,-1.72923,-0.83572,0.5032,0.29283,0.81459,-1.2293,-2.10077,-2.6024,-0.6597,-1.04515,1.15047,-0.89506,0.08498,0.88728,-0.37585,-1.78007,0.00438,1.49398,0.61098,1.39852,1.36107,1.56526,-1.0262,-1.14074,1.82973,1.14,0.16795,0.5068,-0.05477,0.07022,-0.25257,-1.48254,-1.12498,0.76916,-0.30148,-1.93949,0.55472,0.99132,-0.21592,0.19863,-0.46179,0.09459,-0.98037,0.32346,1.09262,0.15501,-0.49218,-1.45999,-0.59671,0.55581,0.97975,0.65453,-0.09905,-1.52911,-0.73835,0.57258,0.76882,-0.90495,-1.04075,-0.07706,-0.84758,0.73057,0.7896,-1.4449,0.20627,1.7838,0.52232,-0.10147,1.95783,0.55255,-2.48337,-0.43548,-0.29859,-2.07624,0.40828,-1.09151,-0.72843,-1.25817,0.11856,1
-1.29605,1.74798,-0.10226,-2.18217,0.87861,1.16951,0.78191,0.19295,0.13165,0.57268,0.60807,-0.53624,0.90756,0.55619,-2.09139,-0.14252,-0.56793,2.03556,0.09449,-0.29889,0.60557,-0.79775,0.18626,0.1016,0.22195,0.62483,0.80248,-1.75782,-1.2673,0.77197,0.03988,-0.09976,-0.72104,-0.55687,-0.77351,0.92786,0.33678,-0.03987,-0.10607,-1.17533,0.97324,-0.72204,0.16336,0.35524,-1.94667,0.71715,-0.73244,0.93519,-0.24484,-2.37872,-0.93706,0.32648,-1.77348,0.45211,-0.49271,2.00854,-0.21777,1.12168,-1.51073,-0.26227,1.02566,1.77891,-2.08899,0.01976,1.20661,-0.97028,1.42539,0.77911,-3.35682,0.39123,-0.65289,0.03015,0.61929,1.22224,-0.60912,-1.30949,0.16087,2.2109,-0.28339,-1.09101,-0.63024,-0.93832,-0.04145,-1.29169,1.01517,-0.72763,0.91697,0.46537,1.23466,1.04288,-0.41524,-0.64479,0.46509,2.25533,1.21636,0.74057,1.99624,0.40021,0.28848,0.2715,-0.68111,0.89663,-0.52092,0.60164,0.68354,-1.07433,-1.44291,0.50778,-0.06419,1.37299,0.18238,1.82415,1.46164,0.75137,-0.28117,1.08183,-0.33332,-0.03347,0.46859,-0.03722,-0.41955,-0.19128,0.28281,0.1487,-1.43962,-0.21297,-1.41782,1.00736,-0.24697,0.97009,0.67554,-0.6233,-0.00926,-0.8429,0.00884,0.01632,-0.07237,-0.89743,0.78721,-0.37751,-0.61998,0.46185,1.84245,0.59454,0.49185,2.37451,-0.17265,-0.06863,-0.36047,-1.4487,1.33866,-0.38858,-0.46953,-1.0173,-0.77339,2.15166,-0.04413,0.38657,0.81807,-1.38401,-0.40127,2.01873,-0.62521,0.50916,-0.13406,1.16645,-0.18794,-0.70411,-1.68399,-0.0249,3.63291,-0.07194,2.20795,0.84628,0.19476,1.8519,-0.2047,-1.83871,-0.61592,2.47525,0
-0.75931,-0.63607,-0.30694,-0.48023,0.20729,-0.09209,-0.22093,-1.06168,0.01719,0.5951,0.33479,1.58233,-0.82388,2.59575,-1.86441,-0.10537,1.97672,1.17276,-1.23448,1.36356,-0.99388,-0.34148,2.07655,0.40941,0.4655,0.72121,0.50933,-0.77065,-0.01967,0.15194,0.13443,1.03337,2.48072,0.71567,-0.53295,0.80771,-1.24929,-1.52904,0.18459,1.34546,-1.40021,0.90769,-0.61827,-0.34846,0.23763,-1.67588,-0.20311,-0.45234,2.54209,-0.46296,-1.78902,-1.25775,0.08379,2.02436,-2.19543,-0.96984,2.1108,-0.94408,-0.69502,0.56286,0.81069,-1.52695,0.43116,-0.72443,-0.0765,-0.54606,-0.59571,-1.3697,0.53198,-1.32305,-0.17323,-1.46748,0.91158,-1.07195,-0.62719,0.66652,1.79464,0.53854,0.72794,0.45702,-1.3412,-0.77274,0.86836,-1.14751,0.15067,1.6909,-0.1771,0.06145,-0.92903,1.10829,0.23629,0.48399,0.93081,1.00194,-0.87783,0.34682,1.3653,1.0726,-1.08681,-0.23961,-1.00606,-0.04782,-0.15506,-0.67306,-0.38827,1.15765,0.47765,-0.95845,-1.32477,0.78525,-0.31405,-0.52794,1.12228,0.44165,-0.48779,0.01893,1.74114,0.06239,-0.08244,2.08833,-1.11032,0.61446,-0.30511,0.09988,-1.51219,0.43798,0.97104,0.7998,-1.14804,-0.95299,3.29039,0.4486,0.30927,-0.44558,-0.70262,-1.2106,0.9759,0.84454,-0.09051,-0.27211,1.25826,-0.01177,2.4397,-0.20591,-1.72844,1.75483,1.91478,-0.80152,-0.89376,-0.0719,0.18298,-2.76292,-1.3219,0.06633,-0.4456,-0.25974,0.13879,0.88897,-0.5133,1.01635,1.40671,-1.36213,-0.61207,-1.47929,0.18131,-1.98156,-0.75208,0.30224,-0.09665,1.77108,1.1938,1.24398,-1.30065,-0.42861,1.45852,0.58035,0.50031,-0.4191,0.20835,0.05833,0
1.20113,0.66727,0.357,0.99209,1.96987,0.68464,-0.89743,-0.23057,0.42954,-0.29053,-0.77476,0.86065,-1.69496,-0.09949,0.31333,-0.53512,0.56912,0.73074,0.98918,1.59804,0.07127,1.63176,0.89136,-1.16121,-1.85362,-1.35875,-0.82907,0.91447,0.22324,0.86277,-0.68094,0.60189,0.9478,0.22831,0.11678,-0.74052,0.02351,0.64581,-1.20846,0.37407,1.52096,-0.0545,-0.70984,-0.45159,0.41131,0.90368,0.42894,-0.00089,-0.66642,-1.0659,1.26594,0.03228,-0.96632,0.39664,-0.35331,-0.66087,-1.65037,-0.87068,-0.25599,0.04521,-0.70542,-0.91193,-1.35842,-0.77653,-0.52437,-0.27756,1.5528,-0.57751,1.75489,-1.36081,-0.49602,0.11594,-0.65243,-1.52505,-0.95918,-0.97284,1.27853,1.45208,0.14109,0.48342,-2.44013,-1.56983,-0.36104,-0.56982,-0.97205,0.09773,0.0236,1.8539,0.2514,1.16126,-1.67585,0.52039,1.00127,0.43085,-0.23949,0.10646,0.02849,1.74395,0.06985,-0.99753,-3.26703,-0.78678,1.21615,-0.27331,-0.52211,1.38786,0.06048,-0.78772,0.36574,0.59796,-0.7468,-2.67975,0.94261,-0.02936,-0.90229,-0.54981,-0.55738,-0.74179,2.24333,-0.65745,-0.5877,1.01708,-0.76273,-0.49632,-0.99902,-0.59425,-0.54858,0.29421,1.4107,-0.2147,-0.14596,2.60869,-0.90563,0.80331,0.49931,0.21583,-1.2926,-2.06637,1.26408,2.57354,0.26682,-0.41604,-0.94472,0.08005,1.63054,-0.17985,-0.9326,-0.9169,-1.35715,0.4531,0.2714,-0.03409,-0.476,-0.06748,1.64857,-0.40135,-0.70233,-0.70182,2.12964,0.13956,0.1567,3.25901,0.97072,-1.5448,-0.03099,0.03337,-1.52562,0.0236,-0.30064,-0.89477,-1.66069,0.28219,0.30449,-1.39304,0.25418,-1.5174,2.70205,-0.52172,-0.65007,-0.98919,1
0.03897,-0.56484,-0.31194,0.7215,0.15366,-0.37943,0.62524,-0.32947,-1.42704,-0.12142,-1.83311,-2.32096,-0.34897,0.34449,-2.03835,-1.0615,-0.08448,0.15039,0.91955,-0.08526,-1.01085,-1.0972,2.70615,-1.16851,0.41074,2.10844,0.2587,-0.62761,-0.17655,-1.06151,-2.11073,-0.15155,1.76916,-1.11108,-0.9779,2.05581,1.04374,1.03467,-0.91305,-0.34604,-0.85888,-1.46486,0.15599,1.34474,-0.02704,0.14274,-0.17964,-2.50262,0.45022,0.01805,1.15969,-0.75118,0.44341,-0.33212,1.98671,1.02481,-0.12097,-0.314,1.67551,-0.69466,0.24857,-0.15241,0.54384,0.01418,1.68234,1.16546,-1.06757,-0.1248,0.34567,-2.81167,-1.51447,0.60145,-1.11538,-0.50107,1.58245,1.08422,0.80417,0.06074,-0.42327,-0.1933,-0.35651,-0.17419,1.07043,-1.63546,-0.08189,-2.067,0.66579,-0.29353,0.83613,-0.0296,-0.1723,0.32753,-0.93625,0.93112,-1.83813,-1.06011,0.44851,-1.17581,-0.55055,0.33281,-0.30681,-0.72202,-0.84767,0.54988,-0.73515,0.34556,-3.36152,-0.79137,0.28463,-1.42187,0.09775,0.83559,0.31426,-0.33132,0.20624,-0.92773,0.77422,1.21425,-2.13893,0.68426,0.9308,-0.41205,0.98211,0.02903,0.23484,-0.50829,0.29401,-0.30851,1.26511,-0.30606,-1.01291,0.95686,-0.38162,-0.14581,1.6955,0.45016,0.59991,-2.09328,-0.39378,1.37556,0.95306,-0.7597,0.92855,1.47932,0.11597,-1.51009,0.07134,1.67788,-0.57694,0.34906,-1.26101,0.85456,0.57821,-0.48902,-0.05778,1.42006,-0.56993,-2.92404,-0.48125,-1.09467,-0.24114,-0.28325,-1.80942,1.58727,-0.83059,-1.02924,-1.17457,-0.61054,0.92061,1.63534,-1.13769,-0.2259,0.08165,-1.48949,-0.80879,0.20937,1.28661,-0.55951,1.44103,-0.55378,1
-0.81338,-2.20618,-0.68372,-0.15741,1.78067,-0.82985,0.75936,1.3099,0.82396,-2.18371,1.51485,-0.34986,1.85259,0.35364,0.34689,1.03938,1.70569,2.20701,-3.00197,0.71065,1.26599,-1.11146,0.68754,0.91252,-1.87352,-1.52896,0.1125,-0.9689,-0.97946,0.7708,0.73934,0.08966,-0.17335,0.92459,0.87778,0.18829,1.67147,-1.47886,0.18259,-1.46208,0.21104,0.19665,0.20581,-0.05206,0.12154,-0.90506,-0.17055,-0.95618,-1.25066,0.37589,0.03641,-0.25369,-1.30096,1.0307,-1.38029,0.44461,-1.08937,1.26095,0.22918,-0.75049,0.81031,-0.94818,0.94039,-0.44404,-1.16678,1.71532,-0.15272,-0.56569,-1.5906,-1.17981,-1.94649,1.61374,1.33033,-1.09065,0.24979,1.01698,-0.57442,0.35733,1.24985,0.33341,0.0482,-1.10028,1.67431,1.6769,0.87424,1.98649,-0.09324,0.06344,-0.42185,0.35593,0.52923,-1.88308,1.83137,0.56693,0.75621,0.10456,-1.7366,-0.10085,-0.61455,1.2417,0.96815,-0.11491,2.47508,0.73117,0.40668,-0.13727,-0.24541,0.49442,1.76433,-1.38477,-1.70067,-0.72765,0.44639,0.9828,-0.06354,0.61545,-2.77155,-0.04244,-0.0076,-0.71556,-0.04142,-0.88062,0.05039,-0.72907,0.38505,-0.58812,1.13745,0.42115,0.15138,-0.04102,1.09727,0.48277,0.64217,-0.50837,1.47241,0.0072,-2.05634,0.19553,0.34608,1.73667,0.1647,0.27038,-0.01475,0.0342,-0.3306,-1.71707,-0.92435,-0.01532,0.12604,-0.55259,-0.47315,-0.29719,0.32375,-0.6559,-0.5015,0.06834,-0.3461,2.08988,0.10007,0.98642,-0.87104,0.60218,0.39786,-0.47194,0.31068,-0.08493,-0.05757,0.55801,1.08772,1.60485,-0.32663,0.63874,0.39353,0.13663,-0.56991,-0.21631,-0.64817,0.8453,1.25728,0.71743,0
1.05328,0.53546,0.5229,-0.88514,-0.18188,1.70956,-0.2324,1.4726,0.77567,1.86944,3.17734,0.47726,0.22412,-1.407,-0.05469,2.25719,-0.59398,0.22692,-0.94198,-0.19092,0.01621,3.04024,-1.64271,-1.13275,-0.53504,0.06983,2.41351,-0.4265,-0.56559,-0.1886,-0.35592,-1.26164,-2.02463,1.81258,2.70071,1.77949,-1.41477,1.5501,-0.22383,0.73786,-0.65567,-0.46665,-0.16465,0.58667,-1.16449,0.72983,1.11635,-0.86024,-0.83674,1.46851,-1.33047,-0.947,0.13776,0.9038,1.29998,0.37368,-0.06094,0.85163,-0.73555,-1.64011,1.3043,-2.01747,0.08229,-0.28503,-0.89947,1.68321,-1.24949,-1.51094,1.66694,-1.5198,-0.37819,1.41558,-0.42543,1.26798,-1.27114,0.27993,1.97512,-1.37738,-0.45679,0.12054,-0.4923,1.03842,-0.42343,0.63495,0.88514,-0.68235,0.48102,0.21875,0.33374,-2.07526,-0.81849,-0.78077,0.49065,-0.1921,-0.31249,1.42454,-1.04229,-1.40387,0.31428,-0.24887,-0.29396,-1.28318,0.56822,0.34262,-0.30036,0.2223,-0.21776,0.59129,-0.9083,-1.66548,1.35271,-1.04272,-1.90392,-1.05536,-0.57374,0.43218,1.43801,-0.1202,0.1893,0.07643,0.32011,-0.17459,-0.82049,2.42815,-0.43682,1.22792,-0.10299,0.12954,-0.52642,0.81443,-1.38092,1.49445,-0.84512,0.47907,1.78087,0.75213,0.79878,0.20976,-1.61178,-1.30724,-0.60928,0.16352,0.62817,-1.12676,-0.4325,-0.39732,-1.87455,-0.5787,-2.52438,-0.17066,0.30881,0.66409,-0.2787,-0.05585,0.08392,0.62407,-0.64683,1.05703,0.26261,0.01529,0.60859,-0.66364,0.0762,-0.58804,-0.26304,1.30457,-2.07482,0.72588,0.0848,-0.5297,-1.20817,-0.17022,-0.95577,-0.51988,-0.52988,-1.42189,1.70519,0.19273,0.99173,-0.82192,1
-0.98734,1.35602,0.27078,-0.55831,0.28902,-0.83984,-0.60854,-1.36802,-0.52341,0.70895,1.68588,0.56153,0.87375,0.8572,0.67166,1.32924,0.89329,0.38772,2.01427,0.02196,1.27869,-1.13017,-1.17604,-1.61111,1.24992,-0.20197,-0.15081,0.22823,0.0915,0.97142,0.89162,2.82012,0.21532,1.82548,-0.91023,0.0213,1.55398,-1.10641,-0.28811,-0.57927,0.52768,0.32454,-0.93413,0.65097,1.54743,0.3514,-0.60486,0.06625,-0.64149,0.34577,-0.82127,0.12868,0.6992,0.00354,1.84161,-0.02521,0.0579,0.09722,0.56113,-0.52765,-1.3527,0.9953,0.10836,-0.18203,0.42141,-0.8995,0.80148,1.70091,-0.52776,-0.44701,-0.48674,-0.64453,0.13345,-0.20584,0.1893,0.12297,-0.53513,1.93508,-1.35398,1.57141,0.48041,0.77819,1.63085,0.68428,0.10259,2.32936,-0.62651,-0.20444,0.87646,-0.39776,-1.13554,0.26916,-0.0998,1.36782,0.12271,-0.95084,0.57439,0.96912,-0.47377,-0.74898,0.36715,-0.73915,-0.07108,1.26106,-1.49897,0.36069,0.42329,-1.18138,-1.45845,0.51174,-0.19432,0.44213,0.82194,1.29381,0.65625,1.17814,0.38625,0.43176,0.18877,0.00801,0.97497,1.55194,0.60816,0.13381,0.49596,0.72632,0.22274,0.29247,0.21272,-0.38122,0.14736,0.70889,1.03284,-0.0986,-0.30576,0.35792,0.31552,0.57207,0.0207,1.15952,0.11277,0.52975,0.45193,-1.38495,1.22433,-0.65195,-1.20912,0.86994,0.06014,-2.08972,-1.51528,-1.39508,-3.18349,1.20601,-2.13444,-0.04881,-0.1044,0.56496,-0.42274,-1.12929,-1.94636,0.0928,-2.14479,-0.09166,0.75345,-0.40853,-0.27427,0.94312,0.69003,-1.66643,1.51673,0.6095,-0.93032,1.24349,-0.26531,0.10206,-0.23011,0.61078,-0.56926,2.11957,0
0.3207,0.19463,1.74533,-1.81354,-0.21059,-0.01471,-0.80094,0.12427,0.93213,0.2835,-0.7391,-1.40781,0.54863,-1.11642,0.44667,0.55376,0.68326,0.99697,1.81278,-0.72242,1.25492,2.35041,-1.55319,-0.24977,0.2209,-0.24924,1.13986,0.19018,0.02287,-1.4154,0.11546,-0.39342,-0.03544,1.2761,0.2635,-0.82785,0.22056,0.22898,-0.39947,-1.04083,2.66295,-0.21037,0.84222,0.81019,1.48308,-0.37548,-1.35985,-1.24679,-1.01443,-0.95831,0.20801,1.2802,0.45822,-1.09586,0.11699,-0.26698,-0.74945,-3.47914,0.71975,-1.22169,-0.98006,-0.65488,-0.38725,0.00465,-0.04554,1.01284,0.8806,0.02941,-0.66097,-0.78775,2.02647,-0.07094,-0.64991,0.90364,-0.16832,-0.97055,-0.0019,-0.01171,0.90151,-0.4639,-0.27323,-0.07498,-0.54449,0.07716,1.00992,-0.35225,-0.31358,-0.59326,-1.83253,0.37171,0.43305,-0.11284,0.75367,-0.56571,0.19275,-0.49622,-0.69163,-0.25346,-0.91587,1.25429,1.52913,0.15707,-1.02788,0.94039,-0.35055,0.19393,1.56356,1.51077,-0.52544,-0.05228,0.34619,0.5792,-0.27794,-0.66758,-0.93812,0.46557,-1.71656,-0.33845,0.53062,-0.89564,0.24912,-3.02843,-1.28829,0.27739,-0.48472,-0.98806,-0.73241,0.12207,0.82307,-1.09045,1.44446,-0.8037,-0.73381,0.08822,0.73554,1.01229,-0.14093,-0.36396,2.46256,1.643,0.46956,0.96295,1.0782,-0.35346,-0.43484,0.35642,-1.8075,-1.13912,-0.57422,-0.20875,-2.81017,-0.62999,-0.46417,0.79205,-0.51623,-0.51288,-1.83323,-2.39772,0.29648,1.12687,0.4625,0.33124,0.54329,-0.19178,-1.28547,1.10525,-0.84305,-0.16258,0.39959,-0.0652,0.09787,-0.5798,-0.52423,-0.61027,-0.40462,-0.00161,-0.63204,0.96806,1.01464,-0.21256,1
-1.10624,-0.49525,-0.50063,-0.02681,1.49077,1.72442,0.37,0.21017,0.91168,-0.64217,-0.05916,0.68017,-0.28034,0.09622,1.97481,-0.81513,-1.16347,1.1566,0.28196,-0.5846,2.04743,-1.43734,0.71996,0.7515,-0.12739,-1.06316,-0.16177,-0.42338,-0.22751,1.11593,-0.93767,0.87269,-0.50567,1.50082,0.76274,-0.55738,1.27842,-1.03651,0.30558,0.58083,-0.81839,0.07876,0.5955,-0.3398,-1.3791,0.14786,-0.36745,1.04469,1.63235,-0.40716,-1.23927,1.48846,-1.10691,0.54423,1.90688,0.15922,0.07857,-0.08134,1.96567,-0.58463,-1.18213,-0.84706,-0.40707,-0.10046,-0.80878,-1.09955,1.46434,0.21288,-0.64681,1.01157,1.45949,-0.24772,2.3285,-0.04528,0.48826,0.3502,-0.77721,-1.40917,0.99607,0.59414,-0.14644,0.3145,-1.27334,-1.56853,0.61012,-1.44088,-0.02828,0.02423,0.31848,0.06708,-0.16927,-1.30038,0.32268,0.87279,-2.03211,0.10977,0.33658,0.04337,-0.94338,-1.09192,-0.29662,1.80919,0.42283,0.84439,-1.37212,1.5056,0.02532,-1.10268,-1.62143,-0.27046,0.02485,0.24375,-0.08453,0.51702,-0.62342,-1.16627,0.94823,-0.07249,2.60827,-0.15803,-1.32498,-0.80711,0.37277,-1.15026,-0.46736,0.93152,0.52503,0.15184,-1.21567,-0.02563,0.79324,-1.99996,-0.74719,-0.08421,-0.9658,0.89339,0.56961,-0.75334,1.9959,-1.70323,-2.87793,-1.86174,-0.81957,2.65939,0.20112,0.8856,0.47528,0.62307,1.09163,0.70045,0.1191,0.37085,-0.53881,-1.55493,0.57736,0.538,0.04371,0.28339,-0.98106,1.12181,-0.61197,0.73413,-0.59557,0.31749,-1.05965,0.58818,-0.2398,-1.65142,-0.84279,-0.93554,2.70757,-0.52034,-1.00054,-0.99353,2.0782,-0.47365,-0.14915,0.06078,0.40515,0.91848,1
-0.61624,0.59136,1.05437,1.27756,-1.11839,-0.04812,0.15525,1.05388,-0.39166,0.1097,1.28153,0.46015,0.70286,1.05405,0.14701,0.49682,1.481,-0.22523,-0.15939,-1.42896,0.51855,0.29526,-1.62079,-1.04545,0.6046,-2.72686,-0.07717,0.64669,-0.75741,1.43976,-0.34789,-1.4739,-0.90689,0.79871,-0.03414,-2.12087,-0.05459,-0.32124,0.3619,0.7834,-1.36398,0.14119,-1.32266,1.04281,-0.05443,0.07763,-0.10339,0.47124,0.54137,2.71026,-0.32227,-0.78755,-0.08987,-0.74281,-0.25392,1.04041,0.08357,-1.9793,1.24921,-0.69656,0.98449,-0.07739,-0.49162,0.79621,0.23321,1.70441,-1.2377,-1.69099,-2.47367,-0.18213,1.03203,-0.18972,-0.63026,0.38195,0.74729,0.02068,0.90481,0.15924,-0.72332,0.04759,-0.37553,-0.22013,0.72852,-0.42594,0.39167,0.80599,0.55811,-1.09896,-0.00265,-0.8347,1.16797,-0.64781,-0.78783,-0.0954,1.0363,0.78299,2.45203,1.2171,-0.06323,0.27477,0.57138,-0.78092,-0.57044,-1.12129,0.24092,-1.38382,-0.7978,-1.51181,1.37588,0.14867,-1.12576,-0.20465,-0.56436,-0.88653,1.35321,0.63691,0.8373,-0.07434,-0.0883,1.30899,-0.2884,0.26223,-0.37628,1.21729,1.37899,0.56424,0.66562,2.5012,2.73596,-1.94101,-2.58016,0.92718,-0.59258,-1.03013,-1.77998,-0.98436,0.91385,1.48165,-0.87889,1.98085,1.23853,1.54075,0.64379,1.54859,-0.14713,-0.35475,-0.21018,0.71218,0.66933,-1.1199,1.45443,-0.73546,1.65722,-1.73647,-0.84406,-0.34369,1.31849,-0.78925,0.80502,0.03035,0.75774,0.91487,-0.29946,0.6861,-1.33806,1.30985,-0.0222,-1.47411,0.55587,-0.84109,-0.83418,0.20214,1.25465,0.25059,1.54855,-0.34078,-1.01108,1.29243,-2.00627,-0.90475,1
0.31288,-0.2015,-0.74889,2.59744,-1.65088,2.55348,-1.19259,0.41233,2.19677,-3.11094,0.96697,1.61694,0.45573,-1.38306,-0.34444,-0.28982,-1.04465,0.4984,-1.05625,0.50394,-0.95351,0.17054,1.62806,-0.50627,0.83177,0.02174,-1.67574,-0.09934,1.09906,-0.67954,-0.10661,0.00886,-0.71989,1.26217,1.11732,-0.543,0.25786,0.63783,-2.27523,0.36195,-1.55474,-1.32732,-1.47753,1.66108,0.17709,-0.12191,0.3534,-0.55327,0.3162,-0.74849,1.04957,0.34053,-1.30754,0.13461,-1.69218,2.41582,0.95187,0.55444,-0.03121,0.35889,0.51308,0.04378,-0.19798,0.31777,-0.67246,0.10651,-0.19507,-0.0262,0.01754,0.9335,0.0,-1.18254,-0.54407,-0.18507,-1.23469,-0.56145,0.28858,0.36319,1.00411,-1.08857,-1.36471,-0.49316,0.80235,1.09124,-0.14491,0.10734,-0.38932,-0.27261,-0.5685,-2.70537,0.60361,0.04364,0.76057,1.06736,0.69803,1.05335,-1.09045,-0.55616,-0.09072,0.6232,-0.17017,-0.82908,-1.86592,1.11396,-1.95627,-0.60983,-0.10649,0.75125,0.24703,-0.54729,0.09647,1.66556,-1.18996,1.56913,-0.6347,-2.52138,1.2215,-1.51877,0.47795,0.66758,1.1414,-0.2927,-0.12114,-1.07988,-2.44287,-0.42371,-0.44933,-0.39275,-0.63639,1.2534,-0.24782,0.00448,-0.50166,1.38322,0.55266,-0.90747,-1.08793,0.8955,1.05204,0.93053,-1.24163,0.89571,-0.77291,-0.10775,-0.29441,0.72057,-0.27394,0.72955,0.04319,0.25915,0.5115,0.29637,0.23359,0.33163,-0.36216,0.34843,0.1864,-0.82833,-0.68319,-1.6704,1.40671,1.25272,-1.63276,0.53893,-1.13086,-0.78635,-2.54569,-0.26698,3.44885,1.24319,0.52822,-1.69216,2.23297,1.76028,0.36095,1.32478,0.04629,-0.42613,0.67217,-1.42544,1
1.63467,0.02935,-0.64491,-0.48003,1.29947,0.52047,-0.39524,-1.33905,0.12868,-0.82032,-1.33056,0.59193,1.18791,-0.27806,-0.00821,0.6125,-0.41631,-0.65943,-0.54283,-0.71566,-0.25643,-1.1606,0.21984,-0.27271,2.28811,0.02388,0.86256,-0.76431,0.35414,1.14595,0.25338,-0.71173,-0.63856,0.12898,0.20738,1.17174,1.07206,-0.31026,-0.07687,0.23256,-0.1453,-0.67399,0.50129,0.091,0.82837,-0.83066,-0.93191,0.78268,-1.05157,-0.93203,0.08198,-1.04884,0.49792,0.78358,0.28552,-0.55559,-0.28591,0.03771,1.17702,0.02669,-1.13102,0.01392,-1.95679,0.72091,0.3581,0.12244,-1.13098,-0.46526,0.59385,0.74596,-0.00155,0.90668,-0.42845,-0.02284,1.20671,-0.81348,-0.28103,0.31398,0.44264,0.0751,0.82007,1.04798,-0.4546,1.00065,-1.31092,1.30219,-0.46406,-0.79232,0.24013,0.19701,0.33359,2.17778,0.27922,-1.30842,0.59673,-1.17776,1.07516,0.37422,0.16393,-0.48936,0.49496,-1.52287,0.05059,-0.73075,-0.17359,1.18937,-0.70013,-0.84378,-0.26454,1.36789,1.42275,0.28516,1.96674,-0.70815,-0.79782,0.6635,-1.21682,0.78587,-0.07928,0.78757,-2.37546,0.49708,0.41908,-0.29206,0.67084,1.122,-0.82655,-3.67393,0.20849,-0.78271,1.39348,-0.46395,-0.0792,0.19361,0.12092,-0.05906,-1.62477,-1.42119,-1.5484,0.48594,-0.65415,3.17624,0.60246,-1.60398,-0.17396,0.19178,0.76146,0.72746,-0.44333,1.57678,-0.68458,-0.26687,-0.21053,0.43493,-1.3931,-0.15491,0.9966,-0.07711,0.53328,1.99227,-0.97166,-0.77635,1.82223,0.3712,-0.18141,-0.1687,2.46691,0.92401,-0.09368,0.03317,0.59052,0.55808,1.61142,-0.36917,0.80296,-0.04458,-0.39521,0.16359,1.65951,-1.01619,0
0.65949,-1.90292,1.18955,1.65507,-1.09406,0.43027,1.82351,1.197,-0.3338,0.13688,1.29109,-0.43709,-0.03862,-0.44375,-0.99316,0.35821,0.79725,0.58037,0.83291,0.5593,-1.26387,0.85256,0.11268,1.67539,-1.94972,0.251,0.14495,0.31538,-0.44399,-0.16468,0.21621,0.11137,-0.71432,-0.59325,1.03509,-1.07998,-0.92045,1.63328,0.60819,0.7878,0.34549,0.12839,0.89803,0.83891,0.03391,-0.79392,-0.1374,1.76182,1.28218,1.66097,0.062,0.05662,-1.66516,0.2787,-0.34193,-0.50182,0.7755,-1.31695,-0.24291,-0.28502,-0.84919,-0.54654,-0.49825,-0.53461,0.13188,0.03469,-0.89723,-0.11691,0.58466,-1.06915,0.23802,-1.57768,1.23302,-0.38643,-0.57775,-2.2064,0.00522,0.07602,-0.62225,0.24238,-0.33652,-0.25579,-0.05311,0.14598,-1.09596,-0.11757,0.84233,-1.08887,2.31494,1.96564,-2.86302,0.75148,0.3108,-2.01747,-1.91508,0.34412,0.42899,1.75103,0.52729,0.5815,0.11096,-0.39027,1.00789,0.42454,-0.65866,1.57588,-0.11013,0.50777,1.38834,1.31071,-0.95119,-1.30747,-1.32913,-0.93208,-0.62841,0.60222,-0.73929,-0.61003,0.60801,0.16133,-0.80107,0.952,-1.40199,0.6497,0.9332,-0.21063,-0.54703,-0.01588,1.0291,-0.57657,-0.90088,0.23347,-0.8377,-0.10097,-0.09534,0.67326,-0.03092,0.1208,2.03203,-0.89454,0.35282,0.95893,0.34026,2.24312,0.67813,-1.51604,-1.75191,0.15172,0.8658,0.78196,-1.48956,-1.00438,-0.42536,1.99267,0.8542,0.1015,-0.53182,0.22473,0.89604,2.10082,-0.44509,0.57692,0.78414,-0.41349,-1.02774,0.31375,-1.45017,-0.61085,0.50028,0.62034,0.08034,-0.95496,-2.26008,1.03238,1.31507,-0.13257,-0.36122,0.33086,0.31059,0.96538,0
0.31874,1.00919,1.28913,0.14262,0.66166,2.52062,0.57747,-1.22189,-0.75063,0.43225,1.32916,-0.36565,0.27945,0.11438,0.46765,0.78091,-1.1271,-0.55967,-0.77376,1.18802,-0.5368,0.294,-1.78016,1.26829,2.20199,3.15089,-1.18541,-0.96727,-0.7414,0.58511,-0.42934,-1.30651,-0.57586,0.99294,-0.689,-1.40547,0.23943,0.27695,0.40464,-0.05611,0.12979,-0.95336,-0.54382,0.41724,-0.10545,-0.3231,2.08581,-0.00904,-2.12397,0.93223,-0.14369,0.59378,-0.61886,1.36369,0.87099,-0.02701,0.41797,0.23808,-0.22781,-0.4442,-0.35907,0.47432,-1.34604,0.4072,0.69046,0.61177,1.37497,-0.4753,1.18228,-0.52351,0.03522,1.09909,-0.72005,-1.48597,1.24266,0.84083,-0.82444,-1.05626,0.41003,-0.86409,1.17429,-0.71362,0.84468,-1.0435,-0.94528,-0.38523,0.18152,2.51501,0.38663,-1.32683,0.45208,0.04612,-0.11496,1.75488,-0.29633,0.83732,1.09099,0.23977,1.48738,-0.39578,-1.28984,-0.05863,0.50076,0.06763,1.00177,0.33363,-1.66444,0.27812,1.13314,-1.90578,-0.64034,-0.53614,1.04756,0.07799,0.50992,-2.18688,-0.84582,0.97045,1.22741,0.62936,-0.39799,-0.59711,1.88404,-0.35148,-0.35105,1.17459,0.69623,-1.42285,0.7292,-0.50859,1.172,0.1821,-1.22168,0.41573,-0.54379,1.35257,0.69444,-0.90828,1.36419,2.60424,1.75162,0.45534,0.14915,-0.76904,-0.59253,-0.51004,-1.99277,-2.07811,-0.01378,-0.50508,-0.78356,-1.75786,0.21831,0.87231,1.05759,-0.26231,0.48335,1.58662,1.65038,0.49705,-1.23697,1.22557,-0.34982,-1.96599,0.54232,0.77091,-0.87004,0.16257,1.475,-1.33771,-1.01745,-1.08957,0.70187,0.92567,2.4986,-0.2764,-1.08468,1.12402,0.98816,-0.7276,1
-0.45707,0.47388,-0.70037,1.27636,-0.36842,-1.11816,2.02527,-0.21411,0.63799,0.16502,-0.1543,1.48222,-0.1049,0.62857,2.1699,-0.66926,0.86012,0.11899,-0.88993,-0.51332,-0.23644,0.22445,-0.03357,-0.09779,-0.05994,1.26593,-0.01997,0.52202,-1.6951,-0.44971,0.83451,0.23184,0.96917,-0.7884,-0.79668,-1.84401,-2.14702,0.40975,0.48929,-1.30959,-0.90656,-1.28507,-0.8966,-1.73794,-0.33834,-0.6347,0.38033,1.73905,-0.83701,1.025,-0.43833,0.02769,-0.62587,1.34796,-0.62253,-0.46096,1.25014,-0.78645,-0.15021,1.57176,0.42218,1.02016,-0.89989,0.49252,-0.08715,-1.11501,0.32866,-0.29667,-0.11382,-1.0509,0.00022,-0.19424,1.63215,1.1289,-1.41361,-0.22374,0.21696,-1.72808,-0.21327,-0.50247,1.4774,-0.85061,-0.41439,0.07651,-0.67967,-0.84624,0.38656,0.14632,0.0121,-0.6209,-0.20901,1.77771,-1.34984,0.39512,-0.48711,0.44347,0.59104,-0.57786,-0.23191,-0.75022,0.1253,-0.48353,-0.8497,0.03349,-0.47056,0.41895,-0.86155,0.57576,-0.10666,-0.32965,-0.61352,-0.68596,-2.51208,-0.84395,-1.20351,0.18691,0.03631,-2.64657,-0.41384,0.17622,-0.10739,0.29119,0.90074,0.79542,1.00934,0.86129,-0.38027,-0.3442,-1.82461,-0.54715,-0.95737,1.35968,0.1905,0.07997,2.03177,1.15044,-0.89757,-1.23751,-0.80749,0.14053,-0.03054,0.95258,1.96283,-0.79386,2.15455,-0.02721,-0.30493,1.10426,-0.59918,0.36636,-0.38121,0.71098,-0.78758,-0.5322,1.44844,1.2042,1.62072,-0.45396,0.78925,-0.91182,-0.11059,-1.00942,-0.33356,-2.06251,-1.65443,-0.68594,-0.05513,-0.45796,-0.35737,0.42808,-1.33289,-1.59983,0.69419,2.85417,-0.03763,-0.74715,-0.32494,1.33372,-0.64714,0.95133,0
0.77733,-1.79257,-0.42821,-0.1837,-0.61643,-1.60202,-0.08758,-1.63182,-0.59624,-0.54956,0.01098,0.17854,-0.30396,0.73121,-1.93219,-0.12853,1.00605,1.64377,0.52764,1.24918,-1.96499,-2.47376,-0.04147,-0.95133,2.20591,0.3368,-1.17444,-1.19338,1.22475,-0.66664,-0.37171,1.57727,-0.19253,0.39503,0.45678,0.68222,-1.21612,1.46302,-1.29115,0.074,-0.03514,0.71266,-0.34562,-0.62277,0.87783,-2.76087,-0.09473,1.19264,1.31026,-2.25965,-0.32784,-0.28744,-0.19645,-0.63071,-1.65552,-1.25596,0.41386,-0.19576,-0.39249,1.00656,0.18355,0.39308,0.98986,-0.37606,0.3949,1.8752,0.17365,0.97384,1.28798,0.48644,0.58135,-0.70195,0.19956,0.51874,0.14581,0.7749,-0.90711,0.80737,-0.61059,0.46952,0.45218,-0.63741,-0.10351,-0.2129,0.32136,-1.56108,0.54691,0.92426,0.19047,0.84048,0.07298,-0.35516,1.8071,1.26048,0.35918,0.03363,0.49256,-1.65046,0.26788,1.29645,-0.99998,0.69939,0.26028,1.0267,0.27429,0.58968,-0.58744,0.61666,-0.45475,-1.62348,-0.19813,-0.3604,-0.80785,0.51621,0.25783,-0.65686,0.23171,0.42554,1.09404,-0.51079,-0.27005,0.21084,0.18226,-0.05528,0.82732,-0.54567,-3.44208,-0.35832,-0.14377,2.17655,0.19797,0.40535,0.99914,0.11037,0.89478,-1.03249,-0.63181,-1.33396,3.49531,-0.18514,0.86713,-0.6824,-1.8178,1.66717,-0.04943,-0.51914,0.90493,-0.9992,-0.78586,1.03332,-1.27636,0.38799,-0.18993,1.12896,-0.97624,-0.39019,0.86811,-1.02749,1.02784,0.99121,1.20746,0.71089,0.04976,-0.65204,-0.92954,1.81693,1.10681,0.67125,-1.06104,-0.48572,-0.31102,0.11035,-0.01969,0.23003,-0.83821,-0.56349,1.5739,0.47274,-0.28797,0.12463,1
-0.47148,-0.94867,0.40166,-0.45388,-0.87202,-0.44839,0.38178,-0.00081,-0.30315,-0.03896,1.14923,-1.78489,-0.58282,1.98414,0.0903,0.45037,-0.07879,-0.98711,1.62827,-0.20545,-0.193,2.43581,0.01987,-0.34614,-0.47856,1.68647,-0.18967,-0.60683,1.01649,0.27818,-1.36383,-0.53928,-0.24969,1.06878,0.40338,-0.04925,0.04903,-0.30797,-0.77797,-2.28051,-0.85392,-0.01667,0.91815,-0.54137,0.53931,0.6658,-0.98666,-0.16217,0.45266,1.4827,-0.12672,-1.48773,-0.11621,0.348,1.80313,-0.88937,-0.54323,-0.23068,1.26188,0.31105,-0.34516,0.73099,1.21694,1.74984,1.45264,0.3128,-0.14174,-0.70203,-0.35707,-0.90976,-0.93298,-0.72574,-0.16251,-0.99271,-0.9469,1.70886,0.8501,0.11906,1.21127,-1.00137,-0.38953,-0.70844,-0.3749,-0.29553,-0.18,0.83191,0.38431,0.68217,-0.74904,0.47754,-1.60092,-0.17777,-0.98797,-0.1426,2.21555,-1.52977,0.26777,2.50817,-0.37857,0.93587,-0.9659,-2.25971,0.10569,-0.32588,-0.47025,1.34221,-0.92149,-1.48134,-0.18314,0.86936,-0.53653,2.30671,0.43311,-0.4559,0.29158,-0.81914,-0.5276,-0.5326,1.32626,0.72457,0.25597,-0.68353,-2.02257,-1.08961,-1.73663,-2.8302,-0.18296,1.89789,-0.4204,-1.2695,2.05111,-0.30245,1.05698,3.01725,2.25231,0.13575,-1.08904,-1.07191,1.46492,-0.14036,-0.2652,0.44834,0.91547,0.0678,1.07939,2.20434,0.25392,-0.42855,-0.02844,-0.35683,0.61522,2.48697,-0.95056,-0.19024,0.1136,0.09392,-0.5001,-0.93936,-1.04513,-0.56199,-0.93472,-0.46993,-1.23459,-1.81773,-0.26499,-1.3038,-0.70683,-2.47582,0.29855,-0.73361,0.15911,0.06491,0.17719,-0.20338,1.41461,-0.31267,0.88357,-0.46251,-1.4089,-0.63251,1
0.17848,-0.44838,-0.51272,0.25184,-0.52392,-0.40779,0.33234,0.63419,1.05589,-0.19188,0.7943,1.19651,-0.01998,0.50403,-0.21416,0.90695,-1.63874,1.86373,-0.02762,0.91758,-0.42548,-0.55917,-0.36133,-0.76044,1.05746,0.07204,-1.1469,-1.15977,0.04342,1.60615,1.26615,0.1607,0.88681,-1.04474,-1.34455,1.59817,1.20354,-0.18378,-1.68598,-1.47966,-0.65677,0.67915,-0.80286,-0.71371,-1.13193,1.70932,0.66676,-0.17292,0.01859,1.38332,0.84499,-0.4154,0.1322,-1.44399,0.90429,0.51875,-0.05683,-0.03952,1.06166,1.01356,0.24215,-0.69964,-0.73242,1.06772,0.61528,0.07636,1.2556,-1.30732,0.52255,0.69021,0.96776,-1.8573,-0.9866,-0.69894,-0.19118,-1.40562,-0.10003,0.41556,0.40111,0.17287,-0.16121,-0.30341,0.1179,-1.77227,-0.6136,0.68388,-1.8227,-0.18871,0.04605,-0.00239,-0.29751,-0.16597,-0.82142,0.47371,-1.55321,-0.47061,1.40649,0.32368,0.10343,-0.58158,0.37672,-0.89004,-0.17654,0.26384,-0.74184,-1.33536,0.08683,0.58014,-0.35294,-0.65175,-0.03506,2.26823,-0.55534,0.04304,-0.90788,0.86429,1.0577,-1.37287,1.06305,1.22331,-1.29691,1.92584,-0.17296,0.32241,-0.21436,0.98032,0.90166,-0.59291,1.21729,-0.3568,-0.36603,0.34836,0.5355,-1.06611,0.145,-0.52417,-1.47994,-0.7785,0.05153,-0.63143,-1.10186,0.59706,-0.14608,0.62959,-0.18008,-0.63247,1.33587,0.93752,-0.92566,0.84777,1.01464,-0.47721,-0.39668,0.37377,-0.65202,-0.04068,0.34486,-1.29179,-0.31394,-0.31536,0.83085,0.07386,-0.64934,0.79831,-1.83538,-0.3632,1.04879,1.52977,-0.71653,-0.29923,0.56034,-0.67052,0.63152,-1.00866,-0.46615,0.68392,-2.80473,1.14576,0.64954,-0.96465,1
0.2566,0.61269,1.72349,-0.06203,-0.15641,-0.78377,0.30642,-1.20769,0.53136,-1.19639,-0.4566,-0.09809,1.13698,-0.73619,-0.90776,2.14943,-0.22508,-1.4073,1.16355,-0.759,0.89707,-1.16903,-1.13989,-0.32897,-0.18955,1.55931,-0.72023,1.77676,0.89369,0.88285,-0.76086,-0.36932,-2.17317,1.76746,-1.72637,-0.82234,0.05099,-0.50392,-0.98819,1.87458,1.03482,-1.69094,2.16492,-0.19458,-0.30566,-1.55535,0.59147,-0.47552,-0.09169,-0.10295,0.64083,2.7712,-0.54176,-1.18138,0.97633,-1.70626,-0.17535,0.90954,0.64459,1.07549,-0.86438,-0.77915,0.85835,-0.71188,-1.03792,-0.94287,-1.56638,0.1375,-0.84548,0.00031,0.39774,-1.23853,0.24641,0.02109,-0.74372,-1.96762,-0.8831,1.48238,0.82523,-0.39132,-0.68397,0.77273,-0.9513,-0.05383,1.91134,0.44119,1.34771,-0.37722,0.18005,0.84354,-1.16266,0.77038,0.25024,1.12864,-0.90058,0.04556,0.26365,-0.72901,-1.01312,-1.86179,-2.39574,-1.39807,0.72241,-0.81883,1.90842,-0.74006,1.50484,1.5208,0.32131,-0.43689,0.60645,0.22527,-0.51679,1.63896,0.1826,1.04693,0.00203,-0.2124,1.53963,-0.68561,0.10454,-1.88652,1.4888,0.26715,0.09592,0.8565,1.20427,-0.86058,0.27664,-0.78891,0.061,-1.46975,-0.23103,0.82777,0.14896,0.23496,0.18497,0.54895,-0.17378,0.72489,-0.46426,-0.44498,-0.75804,-0.71497,1.11504,-1.08353,-0.4818,0.80108,-0.04428,1.19475,-0.60651,1.05317,-1.14098,0.18181,0.32174,0.21133,0.49985,-1.1437,1.10567,0.10519,-0.34607,-0.45786,-0.51475,-0.88391,-0.53213,0.36809,0.94867,0.56727,2.00103,1.4637,-2.39889,0.94007,0.52808,0.73652,-0.25167,-2.58949,0.69938,-1.45957,-0.30629,0.2503,1
-0.91039,-0.32989,0.35609,1.25221,1.18617,0.9098,-0.99848,-0.63008,2.08125,2.05985,1.01431,-0.64028,-0.03688,1.22127,-0.27786,-1.06677,-0.13838,-0.05564,-0.94782,0.40813,-0.30269,-1.12031,-1.09563,1.45531,1.76037,-1.76534,0.11396,0.77415,-0.24849,-1.4838,-1.49003,-1.05465,-2.26459,1.00221,0.68233,1.46463,-1.21228,0.78323,-0.172,-0.56129,-1.71668,-1.13938,-0.42032,-0.17779,-0.3054,0.23969,0.11871,-0.31337,-0.46437,-1.09094,0.27397,1.42312,1.54912,-0.51566,0.31666,2.25222,-0.01602,1.31615,2.66182,-0.69843,0.21001,-0.1012,0.7061,-1.47819,-0.44133,0.66342,0.51228,-1.9929,-0.88162,1.53298,0.61563,-0.441,-0.18194,-0.00424,1.38873,-1.65839,-1.11176,-1.20908,0.17185,-0.81771,0.58929,0.31707,0.01593,-0.79627,0.78825,-1.45795,1.92866,-1.68135,1.21303,0.3181,-0.28416,0.48826,0.24795,0.09484,-0.41793,-0.53302,0.64716,0.92002,1.24533,-0.56925,0.03994,0.67126,1.47764,-1.62343,0.98188,1.28643,-0.20982,1.35991,0.39595,-1.06404,-0.1716,0.80026,1.61385,0.67825,0.09974,1.06802,-1.47053,-0.26658,-0.38376,0.18994,0.48281,-0.1603,0.24036,1.17548,-0.3087,0.08443,0.0681,-1.28062,0.17348,-1.49248,0.52762,-0.2637,-1.02306,-1.63057,-0.24174,2.8278,2.69904,0.46422,0.23759,0.91556,-0.36143,-2.08667,-0.08721,-0.72984,-0.45506,-0.2034,-0.82423,0.7673,-0.23057,-0.05818,-0.46212,-1.03553,-0.90062,0.81171,1.00561,-0.17331,-0.90189,0.60165,-0.7971,0.08742,1.18408,0.98957,0.87751,0.02563,-0.21977,1.33766,-2.36316,-1.75934,0.96759,0.76072,-1.18917,0.32837,1.07707,-0.86458,0.44962,-0.15023,0.19056,-0.17891,-0.36267,0.88186,0
1.07539,1.00609,-0.23676,-0.31915,0.58321,0.14231,-0.06352,0.03407,-0.5085,-1.2286,0.82313,1.02561,0.93601,0.07338,-0.49659,0.99232,-1.1363,1.21205,0.24106,0.07227,0.5312,-1.63881,1.55423,1.88409,-0.2333,-1.19492,1.13186,0.21221,-1.31356,-0.05215,-2.67646,-0.09279,1.51535,1.57181,0.78459,-0.08028,-0.68332,0.43369,0.77011,0.53544,2.2916,1.11246,0.0734,-0.21619,-0.75432,2.63298,1.65391,-0.18743,-0.88303,0.61597,-0.01287,0.13373,-0.5839,-0.96666,-0.01217,-0.42002,-0.91908,-0.24663,0.96607,-2.19436,1.32385,0.25354,-0.56271,-0.49395,0.96626,1.07477,-1.95712,0.04729,0.96232,-0.90906,0.71693,1.12475,-1.02207,0.89636,0.12156,-0.29329,0.16348,0.7263,1.06944,0.16232,0.69457,-1.40862,-1.45514,0.97703,-0.50104,0.26024,-0.34879,0.10847,-0.98853,0.69056,-0.29225,0.91664,0.41656,1.54097,1.25181,-0.75501,-0.11978,0.18828,1.35101,-0.13228,-1.04247,-0.61482,0.79813,-1.03332,0.77477,0.06723,-0.86255,0.40308,-0.69599,1.28908,-0.72264,-0.73575,-0.47108,-0.35757,-0.14964,-1.05232,0.83591,0.17184,-0.1569,-1.20043,1.83231,-0.73845,-0.35651,-1.54527,-0.66859,-1.41595,-0.60715,1.01553,0.62066,0.03198,0.36077,-1.49916,-0.04402,1.31911,0.4883,1.53187,0.42303,0.43708,0.16056,0.2889,-1.15343,1.30072,-0.4498,-1.37054,-0.18021,0.00536,-2.19228,0.7744,-2.30558,-0.99719,-0.38357,1.47387,1.08703,0.60959,1.00289,0.24912,-1.08007,-1.44635,0.82197,0.05301,-1.23674,-1.86039,-0.74829,1.19571,0.55075,-0.03389,-0.574,1.58327,1.25192,-1.9146,-1.12974,-0.29354,-1.05633,0.38743,0.5133,0.88143,-0.32142,-1.38926,-0.20457,-0.16253,0
-1.6678,1.21,-0.11233,1.24361,0.60268,1.51963,-0.17804,-2.48465,-0.8342,-1.11356,0.32541,-1.26645,1.22838,1.47252,-1.04781,-0.04823,-2.38092,0.24282,-2.10474,-1.68582,-0.37702,2.50422,0.68387,0.5217,1.66764,1.60448,1.08204,-0.41432,0.01011,-0.78989,0.30382,-0.55344,-0.58187,1.23859,1.09624,-0.11374,-1.06015,1.48577,0.02967,1.85119,-0.15095,0.21978,0.40203,1.30202,1.65097,1.75681,0.49852,0.21177,0.6642,-0.78704,-0.08656,-0.22038,0.24538,0.04131,-0.59906,-0.56875,-1.41012,0.97738,-0.4538,-1.09669,1.50209,-0.56225,-1.26861,-0.54781,-0.50418,-0.28056,0.10202,-0.41591,2.14897,-2.07728,0.21432,-0.80166,1.3319,-0.187,1.85615,0.16459,0.81927,-1.80737,0.16468,1.51782,-1.11026,0.45101,1.175,-0.81212,-0.32322,-1.47734,-1.84889,1.34529,-0.57176,0.26222,-1.32719,-0.36895,-2.06091,-1.32658,-0.17384,-1.32138,-0.04647,-0.384,-0.05477,0.31907,-0.13566,-0.5694,0.12651,-2.0646,-0.22982,0.97421,-1.72022,-1.6315,-0.33014,-0.74375,1.19927,-0.49879,-0.90214,0.11322,-1.87738,-0.04075,0.52678,1.0125,0.50205,-0.01915,1.81454,-0.78404,-0.69134,-1.26843,1.64965,-0.15652,0.68675,-1.29606,0.72899,0.07076,-0.41342,0.66074,0.06542,0.67719,0.48794,0.83296,-1.0288,-0.03436,1.63442,0.12999,1.11856,2.21222,0.16953,0.54939,0.53006,0.52123,0.08768,0.51027,1.63742,0.28885,0.7797,-0.63274,0.44142,0.32847,-1.18196,-0.70569,-0.09579,0.2377,-2.3766,-0.50413,-0.99384,-1.54475,-1.17852,0.93427,-1.31917,-0.39567,0.05647,0.52773,-1.48009,-0.45077,0.33328,1.40118,-1.04943,-0.43638,-0.09469,-0.44925,-0.78376,0.70925,-0.60798,-0.69078,0
0.45894,-1.18772,0.15545,0.46675,-1.12994,-1.85191,1.05059,-0.89163,0.62417,0.10189,-1.53615,-0.47156,0.85212,1.58875,0.18281,0.62786,1.93911,-1.20895,1.06274,0.40778,-0.68875,-0.55166,1.19307,-0.58853,-0.92902,-1.73592,1.98029,0.59478,-0.41709,1.71497,-1.50022,-0.47839,-0.90089,0.71436,1.24708,0.21645,0.13011,0.26678,-0.05309,-0.69081,-0.4491,-1.53419,-0.05671,0.47932,-0.60247,-0.92287,0.74044,0.82104,-0.12674,0.30196,-0.3657,1.51339,1.2156,-1.08139,-0.45136,1.68923,-0.84768,0.11397,0.07116,0.62917,0.12834,0.55572,0.33936,-2.16802,1.29956,0.83156,0.49067,-1.01914,1.53136,-0.72865,-0.42695,0.38878,1.69315,1.00339,1.01479,-0.11135,0.33976,-0.32778,0.12084,0.35625,0.39705,1.44759,-0.72954,-0.50723,1.26792,0.3729,-0.54708,1.42701,0.26204,-0.39445,-0.7469,0.35671,1.2936,1.03947,1.03702,1.55747,-0.2373,0.86472,0.3713,0.32826,-0.24884,-2.12064,0.19209,0.57685,-0.23328,-1.1452,-0.9386,1.3041,-2.11605,-1.96155,0.09519,1.17949,-0.54112,0.7621,-1.45459,1.56346,0.01309,-1.21171,1.13273,1.53467,-1.01157,1.0257,2.22346,1.04281,0.3553,-0.39934,-0.85747,-0.18129,-1.07988,-2.14463,0.96169,0.24322,1.13013,0.32816,0.10503,1.50605,2.09472,0.32299,-0.24113,-0.46328,1.61271,-0.86118,-1.32959,0.5356,-0.65544,1.52498,2.59409,-0.71382,-1.5747,-1.59932,-1.1311,0.10288,-1.71162,1.68768,-2.6045,0.10029,-0.98732,-0.10376,1.88555,0.44978,-0.18873,0.71018,1.69612,0.57478,-0.71318,2.35897,-1.18434,1.18474,-1.29753,-0.68001,-1.91222,-0.47886,-0.77265,-0.92266,0.65811,0.12173,-0.33798,0.64318,0.12257,-1.89861,0
0.36194,0.6125,-1.34876,-0.74525,0.36912,0.63336,0.37729,-0.9384,0.98365,0.28412,-0.51483,0.50564,-0.02552,-0.42984,0.20343,0.87572,-0.69024,-0.00296,1.02578,0.14217,0.84372,0.22051,-0.06441,0.22586,1.29726,1.54085,-0.27741,1.45913,-1.05242,-0.35916,0.28541,1.06919,-0.05655,0.82258,0.83163,0.91434,1.23705,-0.77403,0.23832,-1.40576,0.50784,1.98742,0.65166,2.46852,0.30466,0.86869,-0.54177,-0.34112,-0.55259,0.12766,0.59665,0.18254,-0.96682,-0.20677,1.12649,0.5941,-2.03805,1.41997,0.67413,-1.05014,0.77532,0.51326,0.39837,-0.14806,-0.15572,1.90131,0.44709,0.46429,-0.89426,1.47726,0.14577,1.59453,0.50819,0.7782,-0.57846,-0.26851,1.18921,-0.09956,-1.25595,-0.52099,-1.14156,0.33624,1.70371,-2.17333,1.13547,0.29927,0.67873,-1.74225,-2.41111,0.78878,0.2206,0.70125,0.51152,0.64596,-0.31159,0.74473,-1.13491,-0.92907,-1.04585,-2.18311,-1.14834,1.02113,-2.32783,-1.12088,0.26408,0.31967,0.68267,-1.21751,-0.7704,-0.44307,-1.48354,-0.99901,-1.98762,-1.36457,0.62323,-0.19329,0.49098,-0.13145,-0.56276,1.06646,-1.34614,0.18213,0.17613,-0.19129,0.61867,-0.1024,-0.99515,0.13489,0.59434,0.15169,1.71182,-0.79909,0.18407,0.62755,-2.76813,2.73317,-0.89512,0.53664,0.09013,0.24621,1.61496,0.13219,0.50456,-0.02603,-0.85298,-1.10351,-0.31078,-1.26807,0.69634,-0.52455,0.11586,-0.3125,0.64356,0.12062,-1.34897,0.36818,1.21939,-2.99081,0.98983,1.87658,-0.76859,-1.04707,0.60104,0.37843,0.966,0.49821,-1.11189,-0.23288,-0.28296,0.7564,-0.0623,0.67358,0.09855,-1.1367,-0.10283,0.34059,-1.08659,0.6452,0.29051,-0.32119,1
1.09986,0.1502,-2.36218,0.61095,-1.25016,0.4295,0.70126,-1.39437,-1.88645,-0.03182,0.29303,1.10429,-0.63162,-1.61995,-0.51677,1.74316,0.05923,-0.14594,-0.82062,1.96025,-0.24561,0.19674,-0.45671,2.05484,0.1822,1.35894,-1.21708,0.77058,-0.43543,-2.06292,0.34608,0.13339,0.48636,-1.76225,-0.50538,0.40996,-0.62157,-0.62683,-0.25724,0.64777,-0.35237,-1.73989,2.00992,-0.1019,0.81615,-2.43983,-2.74512,-1.18918,-1.1246,-1.44202,-0.13447,-0.65522,-0.39817,0.21552,0.10469,0.11227,0.41073,0.5337,-1.29978,2.40749,-1.23333,-0.46692,0.69008,-0.94716,-0.59763,0.52744,0.05107,-0.24088,-0.71003,2.87442,0.37034,-0.25848,-0.45286,1.0983,-0.48327,1.00668,0.53477,1.01517,0.54807,-1.06425,-0.26316,0.64496,-0.76858,0.00472,-0.29593,0.03323,-1.32694,-0.53318,-0.26531,-1.22637,-0.42254,-0.46157,-0.53103,-0.32616,0.3007,-0.53012,-0.64211,0.96651,0.5229,0.03834,-0.47738,-0.58243,-0.82153,-1.09506,1.08019,0.90057,0.08338,-0.73213,-1.45112,-0.31365,0.82385,-0.30254,-1.08141,0.22205,0.8955,0.67976,-0.54002,-0.92819,-1.86588,-1.26051,1.08918,1.37557,-1.06809,0.10831,-1.96548,-1.87065,2.05467,-1.28914,0.37969,1.38282,-0.06456,-0.82594,0.99381,-0.62078,-0.38759,0.20141,1.21525,0.10272,-0.0378,-0.44917,1.20099,0.57796,-0.52126,0.32347,1.10962,-0.38308,-0.30067,-0.19223,0.06741,-1.35748,0.88728,-0.2068,1.95998,0.36251,-0.10628,-0.25499,1.78334,0.51625,0.05099,0.08722,0.32486,0.78103,-0.43535,0.32688,1.45456,-0.8491,2.22841,-0.18927,-0.60268,2.15033,0.94842,0.86686,-0.60747,-1.02886,0.18776,-0.99754,0.5507,-0.74023,0.14794,0.7694,0
1.24848,-2.58334,-0.47431,0.07202,0.25164,-0.13226,0.51837,2.01545,0.4726,0.95141,0.25963,-2.67657,1.16327,1.43395,1.28511,-0.31955,-1.21137,-0.72414,-0.59101,-0.89995,-0.51919,-0.27336,1.7839,1.14896,-1.89354,-1.24397,0.38302,-1.37984,-0.90308,-1.81267,0.44127,0.60573,1.12797,0.07479,-0.8965,0.27982,-1.24503,0.41161,0.552,0.1355,0.16979,0.45723,-1.1167,-0.26303,-0.17872,0.7033,0.41774,0.19373,0.31514,-0.03776,0.76001,1.88549,0.70434,0.25125,-0.50027,-1.88082,-0.61424,-0.82347,0.323,-0.43913,0.14752,-0.04858,-0.18353,-0.48632,0.60721,-0.05261,0.75168,0.0153,-1.26417,2.35242,1.43236,0.45239,-0.79167,0.113,1.3607,0.51289,0.25726,-1.0874,-0.44743,0.08106,-0.64599,0.71071,0.68554,0.9416,-0.44645,0.36917,-0.4014,-1.50965,-1.41731,-1.07171,-0.157,-0.21692,1.1939,1.23518,1.02089,-0.73828,-1.49001,1.79698,-0.05135,2.34649,-0.1006,-0.41229,0.16291,-1.41101,0.20044,-0.4737,-0.98799,-0.46047,0.8819,-0.93716,-1.41969,-2.15325,-0.27567,-1.3294,-0.33739,-0.1029,0.37122,1.06323,-0.00984,-1.41823,0.32286,-1.25745,-0.24538,-0.98071,1.0233,-0.87057,-1.39286,-0.28619,-0.05145,-0.57507,0.41165,2.92053,0.54025,-0.14037,0.38787,-0.08575,0.32208,2.1614,-0.12028,-0.92764,-0.22082,0.56136,0.05471,-1.07253,0.77388,-1.33777,-0.91531,-0.68932,-0.15249,1.17161,-0.12342,-0.02041,-0.79187,-1.40613,-0.4993,0.81557,1.70469,0.82194,0.07445,0.3596,-1.63261,-0.17422,-0.06397,2.40643,-1.61747,-0.86004,0.88544,0.98443,1.09427,1.60879,0.07468,-0.99157,-1.20697,1.23074,0.47293,-2.9124,-0.60484,-1.96493,-0.56842,0.00385,1
-0.23078,-0.44954,-0.78431,-2.35589,0.2236,-0.66523,0.43484,-2.20099,-0.22747,0.08473,0.64971,0.9896,-0.14149,1.00526,-1.27771,0.65545,-0.576,0.75304,-1.06464,-0.51336,-0.34033,0.42619,-0.18974,-0.30296,-0.34773,1.57033,-0.85537,-0.73409,-0.96711,0.91066,-0.74676,1.01223,0.08126,-0.51496,-0.2918,0.88975,0.68093,-2.01092,1.79941,1.12594,1.26078,-1.0697,-0.63822,-0.71762,1.84857,1.1221,1.04054,-1.24937,0.78976,-1.01356,-1.47295,-0.115,1.71769,-1.83975,0.33437,0.59251,0.63759,0.6703,-0.30059,0.17247,-0.71196,-0.78775,0.84617,-1.84593,-0.75217,0.08412,-1.41175,0.37198,-1.22406,0.38993,1.68573,-0.13788,-1.16811,1.00572,0.30234,-0.59611,1.21325,0.06404,1.57303,0.28641,-0.30806,0.63246,0.04696,-0.00472,0.2111,-1.22524,-0.11718,1.03896,-1.34122,0.15592,0.3048,0.08805,1.46178,-1.39018,-0.91807,1.44889,0.16748,-1.41752,0.1278,-1.11133,-1.28515,-0.66525,-1.54178,0.3182,1.42106,-0.67286,-0.51106,-0.45572,0.70965,-0.24069,0.67437,1.37141,-1.49187,0.73635,1.34805,1.6771,-0.39114,0.81533,0.26236,0.73453,0.11115,-0.17879,-0.08102,-0.15165,-0.37908,0.49618,-1.20111,0.48839,1.41794,0.22104,1.26831,-0.52593,1.12468,-1.11392,0.60596,0.23096,-1.96809,-0.74326,0.74515,1.88762,-0.02152,0.80449,-0.74159,-2.36673,0.61462,-0.06561,-0.68773,1.01781,-0.01912,-1.05814,-1.09782,-0.35036,0.15105,-0.00587,-0.68659,1.70517,0.8364,-0.07787,-0.32704,-0.55365,0.18264,-0.92422,1.79605,1.49346,-2.20098,-0.56885,-0.67455,0.22328,-1.27221,1.22408,-0.88332,0.18546,-1.55978,0.14339,0.50098,-0.86839,-1.16502,1.21904,-0.30067,0.05577,1
-0.40178,0.49071,0.43388,-0.33527,0.46098,-0.72938,-1.08644,0.20574,0.23878,-0.98015,-1.85975,-0.522,0.01584,1.97474,-0.71816,1.21892,-0.12027,-1.29132,-1.36214,0.35319,-0.04779,-1.86889,1.45483,-1.44283,-0.5673,-0.54531,0.45018,1.53283,-0.24742,0.44001,-0.86037,0.38656,0.41059,0.04915,0.67964,-1.11221,0.63858,2.88528,-0.18074,-0.97048,1.09094,-2.05139,0.00777,-0.7407,-2.133,-1.04364,1.27256,-0.05359,-0.18928,-1.57085,-0.07504,-0.29704,-0.96122,-0.9243,-1.03621,-1.51738,-0.7302,2.64889,-0.61683,0.66637,1.00205,0.3974,0.10986,0.38056,1.53146,-1.68452,-0.60493,-0.48186,-0.71588,1.73034,1.63562,-0.23585,1.18989,-0.32181,-1.17628,-1.2254,1.63279,-1.90488,-0.07771,1.67046,-0.71804,-1.07379,1.93492,-0.25739,-0.8674,1.45034,-0.54132,-2.04597,-1.26179,0.30486,0.35246,0.66756,-1.29021,-0.30455,1.37597,-0.76591,0.69512,0.41644,1.35199,-0.32966,-0.64945,0.00984,0.54301,0.50224,-0.79237,-0.86129,0.82768,-0.03314,-0.56016,0.69361,0.83606,0.9058,0.19577,0.57115,1.1799,-1.44466,0.29789,-0.89226,0.86989,0.16991,-1.16747,-0.76786,0.6142,-0.08092,0.99652,1.38822,0.56498,0.73084,1.40556,-1.1993,-1.15541,0.57245,0.33393,-0.87796,1.18658,1.20635,0.88414,-1.8441,-0.44786,1.57053,0.90409,2.38823,-0.24402,0.66791,0.52026,0.29825,1.66811,0.76226,0.03345,-2.27848,1.90449,0.11752,-0.08998,0.36509,-1.40037,-1.26334,1.3204,-0.75941,-1.15709,0.47722,-0.06875,-0.19658,-0.53451,0.62777,1.32763,0.19273,-0.48199,-0.3635,0.67125,-0.3953,0.25423,1.11156,-0.75804,1.46559,-0.46064,-0.55139,-0.09891,1.03183,-2.16937,1.97254,0
0.90902,0.10949,1.22991,1.32178,-0.78451,-0.6195,0.93768,-0.04111,0.41268,-0.32606,-1.85836,-1.05859,-0.89692,1.73421,-0.02787,0.46958,-0.10023,0.01521,0.55382,-0.95816,0.37103,-1.14459,-1.56487,-0.25633,2.08289,0.08718,-1.93797,-0.88818,-0.2731,0.4245,-0.68279,0.12851,-0.08119,-0.58793,-2.11987,0.64193,0.06536,1.56912,-0.64868,-0.68344,0.06516,-1.08755,-0.28278,0.99181,-0.99204,-1.56942,0.73647,-0.83397,-0.63104,1.37449,0.19795,2.53368,0.58302,-0.41417,0.46074,0.53373,-0.636,0.46656,1.58171,-0.49212,0.2888,-0.417,-2.12473,-0.07221,0.37125,-0.26998,1.19342,-0.29392,-1.60845,-1.76988,-0.31525,0.03648,-0.1418,-0.40597,-1.50435,0.05904,-0.73828,0.45757,-0.25641,-0.70482,0.33104,-0.30529,0.37939,1.04982,-0.25785,1.64976,-0.36795,-1.79392,0.57987,-0.62414,0.50707,0.03355,-0.18903,-0.05913,1.249,-0.012,1.42239,3.01988,-1.59403,0.28219,-0.72808,0.5254,-1.18705,-1.30201,0.29848,-0.32812,0.19098,0.44233,-0.25068,-0.82592,-0.0584,1.00996,-1.78567,-1.10998,1.22904,-0.31794,0.91195,0.84681,1.50896,0.98672,-0.9475,-1.20066,-0.68113,-0.20399,-1.15962,0.65997,-0.55103,-0.70945,-0.1864,1.02925,0.63998,-0.67948,0.80631,-0.46083,0.17129,-0.0877,-0.38496,0.30275,-0.1842,-1.92083,-0.09363,-0.3158,-0.06262,-1.1393,-0.14262,-1.16734,-0.57585,-0.55678,0.18025,-0.79672,0.74195,-1.25468,0.37316,-0.23171,1.34594,1.03264,-0.70259,-1.09546,-0.70961,1.10545,0.05396,0.15101,-1.67264,1.17644,-0.03073,-0.26687,1.53585,-0.58834,1.34802,0.07504,1.06235,0.41691,-0.82815,-0.71648,0.68452,-0.26648,-0.09518,0.65939,-0.98142,2.47659,0
0.54305,1.25588,-0.31346,1.19277,-0.3095,0.18715,0.37585,-0.56742,-0.73503,-0.36555,0.72519,1.56416,0.7148,0.15474,-0.12747,1.53618,0.05134,-0.09115,-0.01019,0.17347,0.47803,-0.93099,-2.259,0.71087,-0.25931,-1.83801,-0.74905,0.05422,1.39969,0.2743,0.0018,-0.10301,0.63031,-1.03364,0.22602,0.16352,-0.62799,1.10286,0.65367,-0.09815,-1.90259,-1.02074,-0.15392,0.91921,-0.45311,-0.82064,1.8143,0.22298,1.96855,-1.19824,0.74247,1.11833,0.78915,-0.00189,0.44461,-0.65804,0.50869,0.23804,1.23098,0.31638,1.15474,1.11986,-0.13304,-0.58719,1.11267,-0.63932,0.30507,-0.69842,0.06062,0.8949,-0.06498,-1.17777,-1.28204,-1.14275,-0.78551,1.02463,0.32931,-1.22552,-0.11835,1.50654,0.51649,-1.58659,1.53406,0.11782,0.41526,-0.97195,-0.77357,0.20029,0.13949,-0.72011,-1.23545,-0.00065,-0.30653,-0.9456,-0.51415,0.03723,0.77351,-1.80537,-0.48392,0.96391,-0.00921,-0.78073,-0.96306,0.33055,-1.40374,0.73391,-0.10028,-0.12285,-0.99293,1.78164,-0.84186,1.00001,0.91517,0.01188,2.201,0.91676,1.50112,0.53373,-1.30357,0.06301,-0.66062,-0.42006,-0.47524,-1.01681,0.18559,1.31536,0.52861,0.78219,-0.01001,-0.27824,-0.55992,1.12359,0.42927,-0.07084,0.20923,-0.7628,0.77712,1.60321,-0.23661,-1.04859,1.0444,0.81535,-1.59864,-0.6203,1.17042,-1.10045,-1.12646,0.45396,-0.657,0.08404,0.7916,-0.27091,0.87076,0.49282,-1.60794,0.01086,-2.24575,-0.17323,-0.95918,-0.50402,-1.27687,-0.16867,-1.00109,-0.4584,-2.30216,1.43693,-0.1268,-1.10984,-1.45018,0.327,0.25915,1.63355,1.13901,-0.82597,-0.04523,0.20787,-0.16879,0.16618,-1.46721,-0.57243,0
1.40325,0.27869,1.08907,1.85441,0.30888,-0.66403,1.59482,0.20771,-0.60121,0.52766,2.30937,-0.43565,0.04294,0.05139,0.32536,0.78716,0.11303,0.25945,0.36948,-0.502,-1.59944,0.93189,0.50033,-0.18644,-0.81105,-0.02179,1.77355,-0.76057,-0.42672,1.16476,-0.52381,1.37161,-2.27326,-1.14934,-0.33691,1.20287,1.41887,1.21005,-2.63168,-0.10918,0.90784,0.54023,-0.03516,1.55656,-0.72207,0.4611,0.58688,1.16233,0.0815,1.6608,0.17185,-0.44051,-0.00138,0.56335,0.40212,1.45952,1.15728,0.59515,-0.15891,1.48215,-0.88275,0.88379,-2.00003,-2.27562,2.30977,0.78724,-0.28628,0.21616,0.87703,1.64143,0.18796,1.2562,-2.13966,0.75303,-0.95226,0.78369,-0.39442,0.31728,-1.60087,-0.67312,0.82423,0.52404,2.01272,-1.1619,0.99887,0.14589,-0.29278,1.45763,1.05833,0.9436,0.43987,-0.0918,0.89053,-1.3838,0.18476,0.04726,1.10444,-0.45322,1.43692,-1.31132,-1.2871,-0.78799,0.20002,-0.2919,0.9448,1.51884,0.3961,-0.83863,0.28059,-0.34248,-0.74356,-0.20733,1.6904,0.55991,-0.19164,-0.21819,-0.92834,0.37234,-1.74455,-0.68967,-2.09379,-1.10141,1.06633,-1.05724,-1.27044,0.50754,1.16541,1.44214,0.53499,0.08974,0.0877,0.16805,-0.83766,0.04401,-0.39388,0.46515,1.97851,-1.11356,0.32806,-1.38321,0.62042,-3.05402,-1.0368,-0.22068,0.01424,1.00943,1.98805,1.47254,-0.69465,1.2037,-0.58977,-0.29252,0.04671,-0.94839,0.27435,-0.66514,0.14782,-0.17445,-1.71902,0.26436,-1.0914,0.56214,-0.42339,-1.62718,-2.124,-1.2474,1.51176,0.3689,0.85364,0.69735,0.76268,0.02554,-0.61331,0.29033,0.04188,-0.99333,1.41177,-0.90821,-0.88649,0.68206,0
-0.65883,0.35114,-0.54643,-0.75901,-0.036,0.58562,0.80754,1.02762,0.15977,-0.70316,-0.03105,0.1739,-0.47936,-1.00115,0.18465,-1.34422,0.68754,0.30767,-1.70672,-0.57178,0.38244,1.23546,0.20327,-0.93795,-0.78236,0.99401,-0.86163,-0.19591,-0.25569,1.12665,-1.47181,-0.22466,-1.40133,-0.47182,-0.03121,-0.42275,-2.14722,-0.94136,1.03996,0.65616,0.17141,-0.06591,-0.27095,-0.34009,0.24083,0.72406,-0.62009,-0.25299,0.48325,0.00606,-0.182,-0.42917,0.52562,0.37218,-0.71265,2.03213,-0.79012,-1.06654,-0.212,0.05919,-0.24245,1.16446,1.05269,0.60809,-0.64129,-1.47028,-1.68717,-1.45075,2.18659,-0.59336,-0.39412,3.0443,0.27916,-0.87319,1.89785,0.23245,-0.83821,0.96992,-1.61976,0.44252,-0.2872,-0.5011,1.28767,-0.84145,0.69507,-2.15062,2.20858,-0.37361,-0.55535,0.02013,-0.38071,-0.14843,-0.16839,-0.8306,-0.16169,1.70229,-1.7247,1.69815,-0.56906,0.38912,1.26669,-0.44307,0.72364,-0.08071,0.8106,0.40499,0.40093,2.22138,0.7111,0.42936,0.56466,-0.03467,0.92325,0.14834,-0.29815,0.01138,-0.58309,1.81289,-0.73611,0.53501,0.45334,-1.87669,0.92963,0.79206,0.2352,-0.51073,-1.1735,0.48463,1.91589,-0.09475,1.1559,-1.05494,-0.19445,-0.2134,1.43547,-0.1512,0.65089,-0.22228,0.37293,-0.76604,0.81268,-0.73969,0.73296,0.43117,0.51532,-0.72895,1.79302,0.92167,1.17902,0.31517,0.85198,-0.23578,0.01372,1.92376,2.6541,-0.71673,-0.45081,1.04484,-0.64619,-0.51853,0.00624,-0.7125,-1.01787,-1.02233,-0.36855,-0.22603,0.5972,-0.81196,-1.06251,-0.44218,-0.24465,1.76046,0.95747,-0.19772,0.86381,-0.58779,0.58589,-0.85052,0.26859,-0.20604,1
0.53976,-0.80406,-0.76531,0.66726,-1.66231,-0.78284,0.25122,-0.1491,-0.1826,-1.44767,0.49756,-0.739,0.06363,-0.88744,1.85714,0.96699,1.97812,0.7728,-0.61387,-1.31875,-0.27468,-0.22928,-0.05184,1.30032,0.86831,-1.35043,-0.94748,-0.87828,-1.24706,-0.3377,0.42502,0.14739,-0.65009,-1.59875,-1.97454,3.11529,-0.71048,-0.58364,1.17625,0.77097,0.07811,-2.21555,1.616,-1.73489,-1.10857,0.59974,-0.67647,-0.66458,-0.63773,-2.022,-0.49418,0.54953,-0.84823,-0.09238,0.44789,1.4151,1.59058,0.51868,-0.47291,0.56237,0.11925,-1.52564,0.56972,0.07768,-0.43244,-0.9157,-1.06127,1.11608,0.1908,0.35665,-0.28429,-1.32249,2.05375,0.29766,1.11367,1.19779,0.2964,-0.33876,1.14315,0.06523,-0.31566,-0.13253,1.32331,0.10147,-1.28084,-1.22044,-0.33068,0.40168,-0.6741,-1.04756,1.01119,-0.16763,-0.61735,1.11656,-1.20892,-0.63667,-1.57729,0.31085,1.00538,-0.05124,0.08424,1.36037,0.1288,-1.55616,1.03419,-0.22934,0.32441,-1.20055,-0.18491,-0.41661,-1.0457,0.55439,-0.71922,-1.00475,0.80693,0.3624,0.00844,-1.05348,0.60425,-1.50391,-1.5626,-0.30651,0.58965,-1.18302,0.05986,0.04208,-0.38854,-0.02858,-0.40534,-0.64324,1.04765,-0.96986,0.43167,0.45689,-0.73118,0.94659,0.98136,-1.34066,0.71047,-0.54829,0.06085,1.56059,2.5809,0.43991,-2.79634,0.77147,-1.19352,0.29986,0.76894,-0.68767,1.09593,-0.42877,1.36165,0.43456,1.00545,-0.74007,0.67277,0.74597,-0.10172,1.18136,-0.95952,-0.45611,0.29359,-0.15323,0.21978,-0.6493,-0.17774,-0.45505,-0.50381,1.88364,2.85306,-0.82759,-0.03286,-1.32436,0.14926,1.6241,0.26917,0.37629,1.88437,0.35111,0
1.88435,1.8421,-0.53084,0.14296,0.16322,1.24215,-1.69326,0.44609,0.03062,-0.79487,0.47871,-1.49199,0.89898,0.44446,-0.59159,-1.08768,-0.58595,0.29057,0.25949,-0.04774,-0.14675,-0.0876,-0.59266,-0.97116,0.30081,0.0584,-0.30791,0.63003,-0.9132,0.7799,-1.0983,-1.89057,-0.6743,0.34419,0.46132,0.05418,-0.06957,-0.01531,0.43513,1.08036,-2.67435,0.47711,-0.18245,0.36308,1.37974,-1.15396,0.98583,-0.62308,1.76083,-0.17253,0.4381,0.5101,0.05989,-0.89122,-0.25661,-1.11132,-1.19778,-0.33312,-0.51266,1.16093,0.81979,0.28093,0.83724,-0.06432,-2.35353,0.67153,2.60565,0.07315,0.30201,0.14633,-0.85196,0.28097,-0.23566,0.39633,0.48712,-0.39723,0.6576,-0.01584,-0.76364,0.04513,-1.29493,-1.23346,0.89625,-1.76088,-1.05851,0.9696,0.41486,0.61765,-1.68059,0.31516,0.69925,-0.76804,-1.17514,0.24212,-0.21914,1.33338,-1.64215,0.46161,-0.38915,1.30462,-0.35831,1.57352,-0.34016,-0.79569,0.20877,0.45547,0.22531,2.17362,-0.44939,-2.33783,-0.75713,0.54408,0.5223,1.77862,-0.09366,-1.15599,-0.4315,1.84512,1.40713,0.48835,-0.78349,0.26357,-0.8283,1.76941,-1.09536,0.06887,-0.42281,1.42913,-1.08952,0.31925,0.91617,0.11898,-0.82357,-0.32834,-0.29188,-1.00016,0.22049,1.1365,-0.08156,0.69867,-1.0424,-2.02948,0.3469,-0.38552,1.23094,-0.25042,-2.55786,0.01103,0.06407,-0.89977,-0.59199,-1.38667,1.77678,-0.99855,1.36879,-1.42617,1.21175,0.12654,1.15187,1.37139,-0.43986,-1.11576,-0.88808,-0.53551,0.9668,-0.0488,0.13367,0.09862,-0.14881,-1.35486,0.6027,1.65494,1.15662,0.33495,-0.92063,0.97401,2.0288,-0.08933,-0.29691,0.39006,1
-0.4665,0.49135,1.43061,-0.4718,-0.70417,1.23944,1.93094,0.95742,0.46364,-1.64029,0.39314,-2.14165,0.90259,-0.78968,-0.41972,-0.38515,-0.13239,0.42185,-1.27189,0.31381,-1.79733,0.37589,-0.60109,-0.41034,-0.28097,-0.18761,-0.18741,0.1525,-0.72974,-1.52174,1.98863,-0.67991,-0.03414,0.0986,0.71994,-1.2137,1.36616,0.97898,-0.21151,-1.30276,-0.89927,0.57771,-0.07473,0.3273,-1.26011,0.09762,0.43981,0.5717,-1.04453,0.52073,0.66639,-1.18259,1.46273,-0.38053,-0.83752,-0.38451,3.00086,0.00729,2.83025,1.07746,-2.03001,0.32473,-0.22942,0.64661,-0.42316,0.30536,-0.1841,-0.09468,-0.23986,0.64397,1.65187,0.68532,1.11664,0.31345,-1.31307,-0.15317,0.30785,-1.80219,-0.1455,0.18204,0.18799,-0.42254,2.00422,-1.68458,1.32834,0.17529,0.95022,0.05899,1.32242,0.34977,-0.29444,-1.0403,0.52672,0.35292,0.40519,1.62171,-0.58801,-0.18028,-0.16515,-0.31463,0.57739,-0.68148,1.80769,-0.55178,-0.76372,1.25735,-0.90503,-0.15258,0.05426,0.37394,0.124,-0.66372,-0.04227,0.10202,-0.8098,0.54792,0.38328,1.63082,0.15951,0.47239,-0.379,0.49905,-0.78386,0.50902,-0.43303,1.43842,-1.44458,0.10546,1.35008,-0.11164,-0.37895,0.17073,0.98145,-0.41764,3.2787,-1.67602,-0.75474,0.74652,1.47052,-1.48821,-0.39656,0.97955,0.47453,0.14823,-0.39278,0.05477,0.18125,1.31349,0.79319,-1.21927,2.39978,0.54251,0.87039,0.42122,-0.40008,0.3969,-1.09603,0.48935,1.12253,-0.35351,-0.35777,2.26717,-1.12293,0.63336,0.11575,-1.31527,-0.78204,-0.83722,0.21251,-0.54583,-1.6341,0.63649,-0.35295,-0.84054,-0.86795,1.40511,-1.32333,-0.93395,0.31395,0.43137,1
1.28431,0.01553,0.19427,1.06598,2.09527,0.13494,0.87919,0.64226,1.09172,0.29102,0.18716,-2.26347,-0.35686,-0.13035,0.56711,0.04435,-0.3721,-1.4707,0.49164,-1.0924,0.14026,-0.89835,-0.86006,-2.06377,0.40525,-0.3836,-0.85376,-0.52271,0.38296,-1.73799,0.25224,-1.46186,0.61919,-0.60143,-1.68132,0.94599,-0.6977,-0.36402,-0.20662,-0.41991,-1.45954,0.11523,0.19794,-0.64535,-0.43176,-0.9657,0.92199,-1.04895,1.65865,0.10615,0.29034,-1.59435,1.00983,-0.7782,0.01511,-0.82225,1.72626,-0.72765,-0.11027,1.20174,1.30333,-1.14264,0.74257,0.66775,-1.41106,0.27328,-0.12316,-0.05629,-0.55293,-1.31006,-0.60839,-0.48951,0.00846,0.2107,0.3151,0.93578,0.83946,-0.87597,-1.01909,-0.2481,-0.50753,-1.49658,0.70617,0.05527,0.54839,-0.45026,0.59041,0.25311,-0.12268,-1.42502,-0.56226,0.09777,-0.25808,-1.00352,-0.58365,-0.84773,0.32807,-1.04372,-1.3037,-0.95453,-1.64162,-1.98571,1.7865,0.20472,1.24794,1.19197,0.86676,-0.21996,0.16872,-0.12211,0.59698,0.77625,1.89659,0.90953,0.69631,1.67667,-1.33511,-1.31538,-1.3519,0.08298,-1.48523,-0.67425,-2.44303,-0.48345,0.23128,0.42593,-1.57944,-1.00559,-0.99398,-0.33962,0.01975,-2.25897,-0.2474,-1.31827,-0.19032,-1.2647,1.18755,-0.73827,0.9759,0.77314,0.96548,1.65263,-0.06808,0.42407,0.29347,-0.89155,-1.12072,0.14905,-0.68942,1.63689,-1.06163,-0.13508,1.8486,1.21902,-0.71409,0.97065,2.5564,0.53294,-0.13635,0.33536,-0.34055,-1.29333,-0.31025,1.37273,0.02011,0.11849,0.17952,-0.03352,-0.649,-2.03605,0.00347,-1.62143,0.12522,-2.04367,0.36532,-0.9277,0.23591,0.47678,1.62378,0.98741,1
1.65587,0.49948,0.84343,-0.14881,-1.1719,0.68203,-1.00626,-0.74781,-0.08071,2.4198,-0.00666,-0.66615,-1.12674,-1.38187,0.66181,0.59906,-0.70588,0.10871,-0.35658,-0.03946,0.5004,0.51755,-0.16236,-1.38844,-0.25497,0.78247,1.67404,-1.53616,-0.75846,0.03875,-0.14705,0.40232,-0.26547,0.18404,-0.09444,0.78261,0.71915,-0.43548,0.74074,0.04288,0.20018,-1.39812,-1.23023,-0.16479,1.03647,-0.13302,0.8936,1.60788,1.0947,-1.57058,-0.48166,-0.93817,0.17877,0.15978,-0.69966,-0.72795,1.39514,0.91707,-0.24241,0.94233,0.57331,-3.04126,0.26962,-0.67242,-0.29728,1.63679,-1.64342,0.38985,-0.71987,0.53071,-0.85017,-0.30809,0.37881,-1.35525,1.01294,2.21847,-0.74628,-0.14125,-1.74736,-1.27586,1.32322,1.63107,-0.58406,-0.03748,0.111,-0.4079,0.4694,0.91219,-0.0124,0.26827,0.25136,-0.99091,1.27693,-0.5982,1.65059,0.85825,1.36341,-0.60071,-0.44226,-0.35135,-1.30677,-0.02586,0.71259,-0.56232,-0.1586,0.56097,-1.00561,-0.6687,1.50274,-0.23178,0.61982,-2.2736,-0.01082,1.75508,0.86928,0.00654,-0.1094,0.10417,-2.11628,-0.26417,2.68606,0.36138,-2.32229,-0.26185,-0.76609,0.47029,-1.28371,0.62773,-0.08728,0.60957,0.93302,0.39987,-1.60502,-0.43286,-1.96657,-0.39062,0.54497,-0.85558,0.99745,0.01676,0.56871,-0.01918,1.30467,-0.41733,1.15798,-0.13042,-0.47695,-0.95451,2.75607,-1.21681,0.75253,-0.2714,1.25913,1.50378,0.41169,-1.44444,0.16183,-0.28925,1.75654,2.13866,0.40233,1.15105,1.84143,-0.36521,0.90296,0.04048,-0.82512,0.81773,0.63504,-0.2309,2.09842,0.43408,1.04924,0.35313,-0.67997,1.94933,-0.55733,0.57108,-0.19401,-0.68122,0
-0.83038,0.83012,1.6661,0.42206,1.18318,-0.94916,0.40062,0.66346,-0.40692,2.31265,-0.87203,0.92393,-0.81885,-1.06873,0.06548,1.23936,0.5391,-1.24257,-0.80577,0.31776,0.22881,-0.26464,0.91807,0.89449,-0.55004,0.74735,-2.12598,-0.7781,-0.46942,-0.85455,0.8734,0.88527,0.18966,-1.36201,-0.57299,-1.7274,-0.78805,1.43355,-2.99019,-1.26515,0.25282,-0.58952,1.32996,0.42876,-0.11425,0.25055,-1.61578,-0.51899,-2.30022,0.7543,0.22415,-0.20021,0.35484,-2.60641,1.24717,0.40544,-0.31539,-1.10136,-0.82537,0.25364,-0.28185,0.29097,1.21901,-2.43961,0.63252,-0.77282,0.35974,0.00833,0.78094,0.50637,-1.744,-1.67011,0.27278,0.50824,-0.5258,1.20424,-0.24024,-0.8964,0.45741,-0.10826,0.40485,0.86577,-1.90711,-0.14787,-0.74957,0.22725,0.01949,1.46349,2.07411,0.75684,1.24999,-0.88821,-2.01817,1.92099,-0.13375,-1.14379,1.12536,-0.07794,-0.07755,0.23426,1.37633,0.04649,-0.96713,-1.599,0.53515,-0.56499,-1.57805,-0.95403,0.71094,-0.00934,-0.65064,1.34309,1.00438,-0.81169,-1.22487,-0.81611,-1.24715,0.57558,-0.5469,0.00517,0.29988,0.31351,-0.58644,1.11146,-1.00204,-1.81934,-0.67583,1.3668,-0.45033,2.38391,2.20175,0.2677,1.43535,0.97622,-0.67071,0.2504,-1.09441,0.18523,-0.94382,0.01978,-0.12462,-0.52594,0.57155,0.69354,0.68994,-1.66791,-0.0828,0.11193,0.5699,1.11521,0.27548,-0.41813,-0.01217,0.89385,-0.29856,-0.76274,-1.09947,-0.5386,0.4165,-0.43817,-0.30044,-0.00069,0.90072,0.0085,0.65462,-0.18644,0.32589,0.25128,0.36736,0.96822,0.36075,0.2294,0.4454,-2.15646,-0.56821,0.1536,-0.85228,-0.71777,1.11494,0.31359,0
0.76699,-0.4868,0.13466,0.78139,-0.19338,1.12075,-0.24769,-1.78234,0.01558,0.34665,-0.34241,-0.70659,0.40041,-0.92095,-0.42154,-0.30356,0.08381,-0.35699,2.39043,-0.26334,-0.35598,-0.99296,1.34746,0.40699,-0.74999,0.70423,1.52027,0.17248,-1.10718,-0.79164,0.35607,1.00394,2.01078,0.04748,0.20196,0.33348,-0.03141,-1.13828,-1.27504,-0.23088,-0.16155,-0.25629,-0.63934,1.6855,-0.90733,0.62408,0.17688,-0.978,0.41409,0.04545,-0.0967,-0.91121,1.06457,-0.08406,1.01464,-1.41305,0.76458,-0.39221,1.50225,0.58624,-0.17802,-0.13679,-0.0957,0.00221,-0.86562,0.01185,0.22879,-0.26805,-0.80511,-0.83593,0.04209,-0.54968,-0.61046,-1.06405,-0.20729,0.18438,-1.06744,-0.56325,-0.03618,-0.31825,1.33427,-3.00152,0.56649,-0.18697,1.75758,0.17031,-0.80163,-0.73786,0.98284,0.69083,0.73041,-2.33174,-0.27533,0.8501,0.30489,1.05434,-0.68364,0.67552,1.09213,0.8309,-1.10938,-0.81579,0.80241,-0.10963,-0.61054,-0.80349,-1.15996,0.3308,-0.93406,-0.81977,0.09926,1.35671,-0.16199,0.21142,-0.40705,0.54781,-0.6438,-0.49985,0.28339,-0.4582,1.06454,-0.07455,-0.73643,-0.58095,2.23599,0.0679,-0.72896,0.94295,-0.21482,-0.03122,0.36601,-0.0446,0.76534,-0.65682,0.47201,-0.98526,-1.28071,-0.12196,-0.24805,1.38011,-0.58024,2.41216,-1.58654,0.09738,0.87769,0.07334,0.1584,-0.87276,-1.75296,-0.35807,-1.10549,-1.38426,1.41392,0.9266,-0.56713,-0.3101,0.96611,0.87304,-0.00431,-0.41651,-0.48774,0.42961,1.78208,-1.28203,-0.9909,-0.00381,1.07447,0.11665,0.12652,1.1314,0.44431,-0.28598,-0.72528,-0.21498,-2.42552,-0.86713,-1.81815,-1.05398,0.17056,0.31349,0
-1.07022,0.66682,-0.73248,1.74264,-0.94244,1.0023,-0.96727,-1.85915,-0.28892,-0.32421,1.31686,1.55991,1.26318,-1.85657,0.52923,0.33824,-1.10204,-0.61129,0.2149,0.76322,-0.34055,0.82383,1.22247,0.77768,-1.58853,0.28593,-1.73402,0.14821,0.08711,-2.10665,-1.37555,1.61788,-0.65341,1.10946,-1.94577,-0.94983,-1.30262,0.9949,-1.86542,1.00976,-0.10755,0.58037,-1.7488,-0.4934,0.53719,0.28155,0.41178,-0.03439,-0.68785,0.765,1.03206,-0.70333,0.33026,1.16878,0.25906,0.49318,0.23439,0.2514,-1.23605,-0.82877,-0.08441,-1.60438,0.80683,0.44184,0.02216,0.77727,0.05279,1.60547,-0.01977,0.55071,0.39372,0.6901,-0.08003,-0.05563,0.11387,-3.02688,0.47527,2.31634,-0.40506,0.26148,0.76532,0.77768,2.15748,0.97748,-0.63728,1.27038,-0.27705,-1.84589,-0.5816,-1.80047,0.12385,0.3544,-0.87439,0.56345,-0.09489,-0.39326,-0.6262,0.63876,1.09374,1.45912,1.05604,1.30129,0.41659,-0.09697,1.55506,0.18705,0.78267,-0.46489,1.83366,-0.76329,-0.53944,1.07935,0.53569,0.66973,1.27136,0.18618,-0.42985,2.81995,0.15179,-0.99671,0.56502,0.12117,-0.83741,2.154,-0.46247,-0.23249,-1.08576,-0.00741,-1.69469,2.32356,0.3795,-0.66129,-1.402,-1.11908,1.24727,0.6351,-0.55163,0.22791,-1.33138,1.68764,-0.38402,0.37869,2.00894,0.25372,-0.47524,1.51159,0.64488,-0.30842,0.07827,-1.26931,-0.67971,1.1177,-2.56875,-0.13062,-0.17047,-0.43654,1.96116,1.05174,0.56428,-0.17217,1.56537,0.93975,0.76956,0.11085,-0.74224,0.66068,-1.99083,-0.86636,-0.23281,-0.25084,-0.7452,-0.00913,1.05923,-0.45198,-0.34413,-1.04488,0.72921,0.79362,-1.79849,-2.22818,1
-0.11786,-0.77694,-0.41026,-1.63671,-1.65016,1.3179,-0.79929,-0.17259,0.98529,0.44799,-0.03088,-0.26058,0.94612,1.33735,0.03603,-0.79069,1.88347,0.68069,0.73217,-0.72581,0.22071,-1.13574,-0.6069,-0.71883,-0.91481,-1.61108,0.8341,-1.05722,-0.39649,-0.00111,0.50351,-0.7736,-3.57755,0.8245,-0.21258,-0.57104,0.72385,-0.25111,1.81849,2.04862,0.78019,-1.2488,-0.68588,-0.12723,0.06232,1.58116,0.22204,1.53257,0.35067,1.45912,0.66805,-0.15042,1.51076,2.4895,-0.05306,-0.53409,-0.3076,-1.08448,-0.33934,-0.5567,1.16143,-2.02295,0.09454,0.93903,-0.44766,1.13888,-2.71155,-1.06299,0.08431,0.1107,1.81714,-0.01074,-1.96281,-0.51049,-0.48393,-1.98866,0.42799,-0.33708,-0.43441,-1.49228,-1.06914,0.94107,-1.85069,-1.27462,1.50756,0.84724,-0.42824,0.1705,2.58443,-1.32262,-1.37124,-0.51237,-0.1097,0.14563,0.24001,-0.07408,-0.07486,1.02415,0.30205,-0.23464,0.58518,-0.6397,0.51108,0.1054,0.13675,0.27824,0.07801,-0.12649,1.1899,-0.65231,0.69149,0.8273,0.04279,0.65906,0.25971,-0.66732,-0.27349,0.45865,1.72873,0.23288,-0.2165,-2.29059,-0.39022,-0.51445,-0.58447,-0.25078,-0.83165,1.29111,0.12551,0.75082,-0.18802,-0.24078,-0.49895,0.03075,0.24408,3.21795,-1.14456,0.16138,0.74393,0.02714,-1.57229,-2.07665,-0.57969,0.26621,0.78098,-1.61142,2.05968,-1.56774,0.40601,-1.8325,0.60464,-2.36695,-2.11244,-1.94957,-0.27222,-1.40223,0.91389,1.06693,0.4147,0.62023,-1.50737,0.30765,-0.81591,0.60749,1.80791,-0.68412,0.85335,1.97169,-0.74162,0.32842,-0.13387,-0.69936,-1.60425,-0.79961,0.08492,0.22512,-1.79301,0.35789,0.20764,-0.02404,0
1.07758,0.20521,-0.22652,0.13736,-0.13123,-0.1982,0.87991,-0.18185,0.50624,-2.25069,0.98762,-1.99939,-0.38955,1.04637,0.14879,-0.6675,1.14687,2.92838,1.42141,1.80619,-0.96136,-0.30994,-1.21143,0.48742,-1.12712,-0.01328,-0.7394,0.4068,0.22106,1.23638,-0.81475,-0.8938,1.66224,-0.83647,0.40557,-1.33424,-1.52024,-1.6876,-0.02511,-0.53532,-0.93344,-1.59868,0.94605,-0.22921,0.48651,-0.78205,-0.71078,-0.84458,-0.29912,0.16408,1.33317,-0.29784,0.81598,-0.31371,-0.79472,-0.16327,1.10981,-1.67148,-0.56989,-0.23511,1.39792,0.90925,1.13692,1.94315,-2.59493,2.67598,-1.33183,0.22822,1.55593,0.7016,-0.15291,-0.2384,-0.45109,0.43726,-2.26855,0.01802,0.51404,-0.6946,1.01168,1.79037,0.13766,-1.07679,1.36817,0.34199,-1.54944,0.43639,0.31494,-0.48123,0.54612,-1.27035,0.06534,0.61539,0.03349,1.37797,0.11299,-0.50728,0.34615,1.74413,0.2721,-1.28438,-0.31991,0.41013,1.80694,-0.76607,0.00564,0.49002,1.61627,0.71794,-1.15278,-0.1861,-1.89493,0.74476,-0.28298,-0.04915,-0.0298,-0.67565,0.55565,-0.76956,-0.83178,0.64719,0.61913,-1.19891,-0.02413,-0.00323,0.78313,-0.1244,1.25335,0.58219,0.42212,-0.37678,-0.64327,0.10256,-0.28603,-1.81408,1.33318,1.32299,-0.41795,1.1713,0.94828,0.49278,1.08373,-1.06451,1.59411,2.41869,-0.06589,1.04185,1.01565,0.251,-0.38159,0.09529,0.41028,-1.63399,-0.8058,1.487,-0.19636,-0.86052,-0.60316,1.78453,-0.08408,-0.74899,-0.14261,1.37804,0.61203,-1.74351,1.734,-3.15903,-0.89668,1.34242,-2.04061,0.1682,-0.37034,-0.27139,-0.27599,-0.95486,2.29841,-0.07951,-1.50628,-0.44153,-1.48585,-0.48044,1
-1.50879,0.56266,1.06918,0.4612,-0.54042,0.73136,0.23909,-1.11673,-1.32901,0.31817,0.47337,-0.16071,-0.46047,-0.45111,0.6764,-0.95528,0.4422,-1.0926,3.02725,0.36942,1.19127,-1.50315,0.27421,-1.1474,-0.36458,1.07659,0.90975,1.10552,0.55358,0.03713,0.32396,1.30965,1.44915,-1.04777,-1.27583,0.92759,0.90078,0.63902,0.01389,0.24511,0.39966,0.26468,0.62987,-1.51463,0.50646,0.65238,0.70154,-0.56942,-0.18702,-0.34865,1.47509,-0.12582,-1.04717,1.64498,-0.31233,0.89886,1.65371,-1.12115,0.12205,-0.08522,-1.35441,-2.09292,-0.09975,1.54554,1.46525,0.66663,2.16783,-0.53328,0.72009,-0.06274,-0.45367,-0.38967,1.80433,-0.0838,0.44669,-0.43242,1.063,1.482,0.70221,1.53978,-0.30103,-0.11002,0.25382,0.02489,0.13868,2.00256,0.08007,-2.32028,-0.7076,0.61736,-0.87903,-0.13023,-0.55044,-0.1447,-1.43851,-0.30788,-0.69386,1.23536,0.05406,-1.11195,-0.7503,-0.66962,2.4802,-1.39707,0.4694,-0.04375,-0.5617,-0.39189,1.179,-1.02476,0.65067,-1.13701,1.85653,-0.62116,-1.71582,-0.09574,-0.50018,-0.31544,-1.753,-0.42464,2.00448,0.4932,-0.57905,-0.10934,-1.36998,1.11229,2.25858,0.72672,1.84561,-0.71762,-2.12129,1.00379,-1.41054,-1.40794,-0.47881,-0.54807,-0.77642,0.79755,-0.32873,0.65358,-0.24949,0.70615,-0.63551,1.01549,-1.05457,0.25218,1.10824,1.4457,-0.85219,0.92279,-0.72061,-0.68715,-0.54634,-0.30015,0.7084,0.88288,0.28496,-0.26168,-2.08859,-1.15142,-0.43971,0.12338,1.22564,-0.8271,-1.67879,-0.20573,-1.95453,1.34248,1.02803,-1.20063,0.1577,1.15523,-0.73551,0.73616,0.45327,0.58525,-0.71424,-0.60764,-0.53342,-0.12548,0
-1.12166,-0.68769,0.5632,-0.78471,0.66084,1.64482,1.56027,-0.25127,1.01493,-0.30931,1.85502,-0.7866,0.77091,0.31857,2.31018,-1.30088,0.11989,0.39555,-0.01362,2.25319,1.27971,0.8172,-0.04712,0.00088,0.07187,1.29374,-2.47078,-0.05182,0.57553,0.64377,0.23381,1.08937,-0.50346,-1.17357,-0.8086,0.56113,-1.50604,-0.70149,-1.75578,0.59769,-0.3602,0.4398,2.05783,0.38543,1.68146,0.9531,0.22389,0.11058,0.48058,-0.49859,-1.0345,1.66017,-0.46703,0.67985,0.74356,0.35246,-0.22986,0.27383,0.66557,-0.00922,0.82698,1.13453,-0.49427,-0.80572,1.06605,-2.15701,0.61471,-1.17128,0.6402,1.32694,-2.13098,0.41397,-1.14875,-1.1217,0.04454,0.61654,-0.54312,0.10471,-0.02485,0.61645,-0.31986,0.47607,-1.61232,-0.44213,0.54692,1.93639,-0.35556,1.27605,-0.34764,0.03818,-1.07066,-1.8828,0.43167,-0.06766,0.12034,-0.11593,-1.14534,0.70489,0.62405,-0.70013,-0.06029,-0.61311,2.72921,0.04646,1.56117,1.47134,0.04093,1.86883,-0.9468,-1.53975,-0.11851,-0.46659,-0.33256,-1.13448,-1.31837,-0.50003,-0.2934,0.51473,2.35933,-0.72352,0.41662,-0.1392,1.95111,-1.17175,0.62267,-0.27975,0.67794,-0.47695,-1.11177,2.44933,-0.01953,-1.73836,-1.16073,1.34978,-0.39314,-0.15979,0.64353,0.82101,0.93185,-0.0509,0.43289,1.41423,0.09654,-1.53816,-0.66808,-1.30121,0.45356,0.29869,-1.21743,-0.13235,0.21725,-0.09163,-0.08175,0.743,-0.01716,-0.08385,0.26687,1.49156,-0.2499,0.03821,-0.09288,-0.34449,-0.99881,-0.64336,-1.08038,1.41406,0.50438,-1.1734,0.57238,-0.18235,0.01485,-0.21997,-0.54161,0.74669,-0.74625,0.48478,0.07101,-0.51252,0.55767,-0.13133,0
0.73284,-1.04275,-0.39256,-0.82785,1.14197,0.65173,-1.36213,4.28979,-1.05409,-1.38827,1.19533,0.45595,-0.41447,0.03301,-1.07727,-0.55081,0.8266,0.15039,1.10418,-0.67552,0.76699,0.3636,-0.62069,-0.75233,-0.93977,0.06595,0.44911,-0.78846,-0.713,-0.48118,1.76152,-0.47568,-0.68728,-0.87111,0.63696,1.83447,-0.52474,-0.71784,0.37116,0.58132,0.16333,0.1609,0.08059,-0.64849,-0.12166,0.17135,1.37909,-0.5977,1.11062,-2.36001,2.47181,-1.45228,0.16527,-0.56416,0.1019,0.65022,2.26248,2.15624,0.79599,-0.63383,-0.42003,1.42626,-0.18189,0.54194,0.49365,0.77365,0.87336,0.56123,0.49772,1.8774,-2.55429,1.1828,0.531,0.12562,1.69856,-1.50409,-1.69971,1.48053,0.55003,-1.09626,1.7119,-0.69238,-1.39295,-2.11954,1.24719,1.3135,-1.03335,-0.86796,0.20814,-0.83225,-2.37459,1.09202,-0.66449,0.62459,0.09086,-2.19628,-0.21143,-0.94549,-1.53456,-0.14885,-1.92136,1.81503,-1.26425,1.16372,-0.63616,-0.04246,0.71683,-0.48229,1.0415,2.38807,0.49667,1.63987,-1.63103,-0.66053,-0.50138,-0.03311,0.10333,-0.05979,-0.47298,-2.47462,0.6267,-0.72566,0.78415,-1.87638,-0.86598,-1.4955,-0.27801,0.66373,-0.80667,0.87041,1.58939,-0.24236,-2.10384,0.17999,-0.70035,-2.04397,0.37496,0.65424,-1.86354,-1.12561,-0.55646,0.69342,0.3843,-2.02868,-1.73412,-0.33025,0.42569,0.25051,0.38343,-0.49952,-0.75303,0.29893,-0.72702,-0.52149,-0.5047,0.11357,-0.63036,0.37249,-1.20322,0.44298,-2.83103,-0.98433,1.45405,0.25681,-0.95012,-0.45044,0.7385,0.87125,-1.97078,-1.01421,-0.57312,0.64496,-0.33425,-0.50513,0.86339,-0.0805,1.86937,0.04259,-0.45765,-1.18216,0
0.59606,-0.87305,-0.05229,-0.51663,0.11966,-1.58959,-1.75082,0.67456,-1.33342,-0.30965,-2.05269,-0.01736,1.02553,0.89674,-0.19065,-0.28204,0.83585,-0.03655,-0.53491,-1.48391,-0.14783,1.64901,-0.03012,-0.34136,-0.22741,0.0243,-1.27187,0.12631,-0.56581,-0.65284,-1.2489,0.55251,1.18719,-1.08839,0.42081,-0.25743,-1.69403,0.23336,-0.76531,-0.67627,0.90564,0.4051,-0.71038,-0.24919,-0.90142,0.22221,-1.07703,-1.16322,0.05229,0.08278,0.41425,-0.23912,1.34823,0.11949,-0.86895,1.12012,0.17349,-1.4694,0.12797,-0.0173,-0.68886,1.05633,-0.6302,0.72834,1.19426,-0.35472,1.69176,-1.3294,1.26159,-0.68132,0.79232,-0.33064,-1.11467,-0.49493,-1.03492,0.05235,0.66192,0.2185,-1.82861,-0.03062,0.30533,-0.97738,1.21492,0.98705,-1.32237,0.11249,0.63654,1.11849,-0.40566,1.61693,-1.29146,2.03126,0.53106,0.85315,-0.52191,0.77072,-0.11624,1.04918,2.51239,-1.25046,0.8302,-0.39322,-0.69593,0.50079,0.47961,-0.65236,-0.07451,0.65803,0.09543,1.09902,0.04306,0.68544,0.88563,-0.4638,-0.20258,1.10834,-0.21761,0.8009,-0.04208,-1.42334,0.05828,0.62123,-0.18417,-0.25553,-0.46765,-0.7081,0.09396,-0.63577,0.35851,-0.5077,0.48579,0.08113,0.16959,0.34502,1.42609,-0.08059,1.55702,0.94176,-1.01432,0.72542,0.04454,0.60664,0.02595,0.15243,0.76085,0.82254,-0.17967,-0.90671,-0.72057,-0.18011,0.01661,1.74078,0.21739,1.74355,-1.12963,-0.51419,-1.89856,0.78859,-0.96908,-1.81887,-0.87281,0.38398,0.2218,1.64111,0.20409,-1.5086,-0.10681,2.28786,1.42691,-0.37893,-0.52499,0.41996,-1.19827,1.14589,1.4662,0.30242,0.07916,-0.1695,0.63036,2.19012,1
-0.17629,0.638,-1.76255,1.0499,1.02287,0.28515,0.76123,0.48819,0.04299,1.40008,1.25638,0.51676,1.12916,1.06733,-0.02889,-2.15624,1.59312,-0.48105,0.52627,-1.68366,-0.25263,-0.23119,0.49324,0.18446,0.38205,-1.69708,0.61033,0.51399,0.29216,0.68381,-0.15893,-0.13925,0.71904,0.95458,0.04147,-0.03907,1.53462,-1.83701,-0.53744,1.17693,1.03335,0.20656,-0.70137,-0.4704,-2.09325,-0.38192,0.15504,1.77598,1.53058,0.72888,1.11866,0.30396,0.95724,-0.87458,0.46042,0.1851,0.00509,-0.63257,1.07623,-2.38356,0.45231,-0.51044,0.72566,1.43693,0.41432,-0.33181,0.75076,0.13779,-0.65785,-0.93628,-0.9854,-1.21659,-0.36882,1.56444,1.03999,0.45086,-0.65896,-0.53808,-0.34432,-0.16546,-1.09517,0.63593,-1.21421,0.33728,0.21488,2.38526,-2.64738,0.04186,-2.68825,-1.13053,-1.4201,-0.35397,-0.06246,0.73093,1.39295,-1.0149,0.37453,-0.32212,1.22103,1.50872,1.00569,0.78803,-0.55279,-1.44366,0.50808,0.07031,-1.11749,0.21168,-1.10952,-0.28159,-1.33498,0.40826,0.06332,-0.02256,-0.5609,-0.61758,-0.41741,0.12821,1.62948,0.81992,-1.0196,0.56623,-0.34785,0.95709,-2.01776,-0.21382,2.31775,1.34621,-1.94879,-1.5633,1.21271,-2.28311,-0.19318,-0.68157,0.36081,0.36824,-0.41143,1.60937,-0.78056,-0.60125,0.10182,0.52201,0.04907,2.10368,-0.16106,-0.83876,-1.07221,0.41293,-0.39985,1.69085,0.30333,-0.43744,-0.62184,1.57892,-0.95107,0.35475,-0.5506,0.32945,-0.45951,-0.74309,-0.41548,0.64025,0.20243,-0.77825,1.31473,-0.74713,1.0437,-1.04824,1.30966,0.36897,-0.60896,0.39108,-1.16244,0.37196,1.57736,0.78363,1.34622,0.0034,-0.28112,1.98059,0
1.27869,0.45271,0.3319,-1.8068,-0.70851,0.23008,-0.2482,1.21223,-0.3235,1.01936,1.26385,-1.63747,-1.14685,-0.22021,-1.44286,-0.26485,-1.29849,0.85676,-0.85973,-1.30078,1.24831,1.17944,-1.56687,0.20761,-0.45302,-0.90731,0.66067,0.35069,0.67489,1.23336,0.54204,-0.88587,0.14665,0.15336,1.12873,1.98759,-1.48876,0.18069,-0.05573,0.80901,-0.64405,-0.20575,1.33844,-0.47354,1.11143,0.78344,-1.60921,-0.78659,-0.89696,-0.29959,-0.01172,0.43628,0.8912,0.69213,-2.3107,-1.54819,1.22185,-0.23812,1.33171,0.22197,1.17394,-1.10847,0.85367,-0.11583,-1.29765,0.16481,0.43429,0.32779,-1.15435,-0.28428,1.12946,-0.70732,0.32918,0.18136,1.24877,1.08384,-1.31058,-0.47195,-0.68933,-0.86886,-0.56446,3.01572,0.01796,-0.49164,1.04348,0.11402,1.57617,0.15123,-0.87246,0.28373,-0.61318,0.10228,0.41763,-1.93552,-0.03283,0.72465,-1.66712,-0.16552,2.0254,1.31282,0.44073,0.09901,0.32273,0.79642,0.02008,-0.47391,-1.35008,-1.19568,0.01096,1.16459,-0.03456,0.21117,-1.58329,1.57343,-0.7966,0.2835,-0.18881,-0.63508,-0.64209,0.26726,-0.49244,1.16234,-0.2679,-0.7549,0.81204,-0.1523,0.59834,-1.30015,0.13319,0.46525,0.68924,1.23407,1.67082,-1.03789,0.10522,0.83559,-0.07335,0.30553,1.30172,-0.5145,-1.21742,0.71984,0.65196,1.43809,-0.03983,2.53546,-0.01327,-0.5714,-3.09747,1.93506,-0.83341,-0.75703,0.17892,0.23822,0.31469,0.14127,-1.92916,0.89059,0.69692,-0.45684,-0.24179,-1.45141,-0.79971,0.76816,-0.81719,-1.41558,-0.65437,-0.45632,0.3611,-0.13266,0.8886,-0.39536,-1.5187,0.35096,-0.18383,-0.80027,1.34668,2.9672,-0.38146,0.43056,0
1.21169,1.38953,0.78448,1.23466,-0.14419,-1.3197,-0.26181,2.97761,1.21457,0.43421,-2.53998,0.62581,1.1083,0.18815,-2.09644,-0.52252,-0.77439,-0.50039,1.17042,0.04785,-0.63267,0.76222,-0.42883,-0.16532,1.72199,-1.80265,-2.04367,0.41207,-0.79775,-0.21353,0.04467,0.74691,-0.15815,1.3242,-0.43482,0.08372,-1.53295,0.08573,2.38467,0.75886,-1.01272,1.27883,0.69108,1.55132,1.32073,-0.14666,1.56727,-0.20935,-0.64158,-0.85738,1.20673,1.42066,-1.30029,0.15161,-0.33581,-0.44746,1.11573,0.08619,-1.13082,0.2046,1.39023,0.43975,-0.08788,1.06086,0.78887,0.3006,-1.19049,-0.28119,-0.58018,1.67506,1.61193,0.62072,-0.8976,1.13229,0.81238,0.46637,-0.27805,0.44148,2.04656,-0.19492,0.02902,-0.74048,1.09151,-1.40497,0.04792,0.15473,-0.02879,-1.00069,1.82045,1.63756,-2.29767,0.00086,0.14189,-0.75569,-0.64156,0.79058,1.24066,1.13119,-0.07132,-1.03279,0.89228,-0.65323,0.66386,0.81392,-0.49855,-0.14446,0.49673,-0.4517,-1.8419,0.62482,0.69896,0.20871,0.99306,2.63154,0.29123,0.29528,1.69571,-1.18041,-1.50012,1.33584,-2.08171,0.12473,0.15466,0.30969,-0.98912,0.15107,0.2361,0.61724,0.16628,-0.11949,0.98547,-0.05693,0.46583,0.74536,-1.07681,0.26312,0.19908,1.1731,0.43214,0.1296,0.3235,-0.56447,-0.97054,-0.4267,-0.73093,-1.19683,0.08201,0.01995,0.905,0.74996,-0.45293,-0.14275,0.69922,0.17175,-0.86968,-0.33996,0.92595,-0.28595,0.10115,0.44077,0.43072,-1.07252,-0.59048,-0.89021,0.38034,-0.53373,1.9831,0.94385,1.29574,1.94526,-0.21146,1.51579,-0.88192,1.27996,-0.99479,0.61546,-0.8655,-1.5363,-1.10223,0.94121,1
0.23346,-0.09322,-0.79875,0.19786,1.10136,1.11982,1.44549,-0.04222,-0.05955,-0.70995,-1.35749,0.44746,-0.26212,-0.74782,1.55564,-2.66675,1.40491,0.2816,-0.74966,2.30476,-1.54398,0.27151,0.01236,0.44073,1.21161,-0.24744,0.91385,-0.57976,1.58536,1.67119,-0.96594,0.31761,0.57936,-1.29092,1.19676,-1.88689,1.35436,-1.51322,0.60831,-0.97296,0.91259,-1.01186,-1.14084,0.49966,0.23694,1.07097,-1.03942,0.16403,2.04112,0.0225,1.05886,1.73751,-1.35176,0.67877,-0.25572,0.2898,0.76842,-1.37585,0.44175,1.28436,1.66002,-1.58401,-2.14105,-1.53736,1.52007,0.59857,-0.27655,-0.98661,-0.12641,-1.26801,0.76116,0.44714,-1.379,0.72627,0.06258,-0.83176,0.06459,-0.64674,-0.76127,-0.32532,0.37451,1.48238,0.78515,1.18151,1.50888,1.0201,-1.54374,0.71536,2.02802,-0.52703,0.22241,0.53556,1.58527,-1.34882,-0.56483,-0.64526,0.92874,-1.60175,0.80164,0.00594,0.31053,-0.03548,2.16583,-0.48401,-0.44946,-1.73454,-0.42037,-0.61075,0.03709,0.5098,1.14289,0.21597,-1.67381,0.84598,0.09358,1.08451,0.05345,-0.6094,-0.398,-1.48954,-1.93168,1.77455,0.10537,1.8147,-0.61407,-1.97978,-0.14788,-0.96736,-1.33922,0.20959,1.42885,0.61297,-1.48863,-1.2097,-2.77586,-0.60105,1.2642,-0.01072,1.34982,-0.1364,-0.0933,0.65794,1.42383,-2.65451,-0.76425,-1.66487,0.42703,-0.70507,0.47998,-0.19393,0.82067,1.93122,0.69779,-0.30396,-1.61171,1.06843,-1.15706,2.03343,0.97525,0.61215,-0.04216,1.48584,0.44228,0.2408,1.13584,-1.4477,1.15927,2.05888,-0.12944,-0.4409,-0.53807,0.89548,-0.01938,2.10035,-1.44656,0.75374,-0.84267,0.60107,1.90625,0.40452,0
-0.23928,0.78646,0.48048,0.22258,1.03514,0.53062,0.64076,1.0602,-1.12514,-0.27881,0.10549,-0.05654,-0.26084,-0.02347,-0.55998,1.39671,-0.87471,0.56831,-1.39395,0.71058,1.59172,0.18902,-0.17279,-0.81411,0.05926,-0.36967,-0.51133,-0.1658,0.71067,-0.27192,0.89132,-0.21058,1.61593,0.53117,0.75035,0.60302,0.38429,-0.47881,1.25032,-0.5094,-0.08452,-0.50401,-0.31474,-1.02181,0.44667,-1.2061,-0.07463,-0.9343,-0.16163,0.85601,-0.35721,2.41212,-0.29911,-1.76911,1.09496,-1.81943,0.17421,0.31753,-2.86015,-1.76068,0.86891,0.56318,-0.07023,-2.55307,0.52126,-1.07299,-2.61167,-0.59522,-2.06813,-0.46259,0.16119,0.19967,-0.69227,-0.40335,1.67047,-0.32192,-0.11826,-0.21908,0.23692,0.68161,0.36166,1.03047,-0.74441,-0.35212,0.59479,0.84515,0.32125,0.17135,1.01195,0.79177,0.83971,0.53022,2.33474,0.64982,-0.12238,2.64794,-0.40773,2.39895,-0.25573,-0.89141,0.73108,1.5556,-2.18687,0.19272,0.54899,-0.28769,-1.19838,-0.26697,0.16368,-2.2559,-0.06376,0.4908,-0.38425,-0.12509,-0.95761,1.23139,-0.63386,2.18324,-1.14459,-1.57488,-0.30201,-0.6557,2.5298,1.39294,0.22063,-2.55819,-0.11485,1.10477,-2.44968,-0.89616,0.0372,0.2879,-0.90191,-0.69634,-0.01287,0.34931,0.94337,0.9759,0.06065,2.05658,-0.84178,0.06182,0.83397,0.18419,-2.09492,-0.05671,1.08313,-1.12595,0.53994,1.21487,1.46431,0.70551,0.08133,-1.33771,-0.08656,0.66542,1.11771,-1.92295,0.82186,-0.1535,-0.51948,-0.41981,0.28581,0.82326,-0.76276,-1.70484,0.76438,1.96905,-1.12218,0.37902,-0.14278,-1.09727,-0.56644,-0.36787,1.52908,-1.05704,-0.13241,-0.29386,0.42979,1.21337,0
1.74849,0.2402,0.27916,-0.50655,2.225,1.09971,1.52045,-0.40153,-1.54541,-0.60602,-1.14875,-0.62552,-0.17505,0.52845,0.39753,0.78985,-1.96774,-0.74118,0.66519,-0.56997,0.49985,0.28221,0.17434,1.71282,0.11354,0.1503,-0.48754,-0.36186,0.41585,-0.20546,-0.34003,-2.02049,-1.72349,-0.56344,0.82281,-0.30253,-0.72727,1.02522,-0.84693,-1.02767,0.32551,2.69764,1.1025,0.97024,0.35098,-0.54732,0.8953,1.73815,-0.33038,-0.33097,-0.00151,1.63104,0.26599,1.64566,0.41564,-0.20214,0.63579,0.07627,-0.6884,-0.57641,0.22324,0.74884,-2.27045,0.13009,-0.54883,-0.98968,0.68716,1.4518,-0.71337,0.19078,1.15271,-0.21637,1.95577,-0.54741,0.7486,1.47425,0.3531,-1.18331,-0.11155,-1.1022,0.26079,-0.15232,1.32988,-2.98539,-1.58248,-2.11544,-0.82767,1.01149,0.62876,0.07406,1.49472,0.24391,1.11836,1.53225,0.79515,-1.09556,1.31702,-1.70529,-0.42729,-0.34933,0.52775,-0.74722,-1.55872,-0.31008,-0.25938,0.68782,0.62117,1.32313,-1.10721,-1.7425,-0.64253,1.79316,1.12177,-0.82127,0.73447,0.29818,-0.16343,0.93715,-0.98679,0.36143,0.79056,-0.5967,0.08431,0.21797,-1.30475,-1.66983,0.99386,-1.00211,-0.27514,1.70482,-0.33757,-0.23511,0.65575,-0.55411,2.02333,0.33773,-1.31142,0.36243,0.16754,-0.7336,0.49319,0.94159,0.54015,0.53154,-0.01153,-1.15952,1.56875,-2.02879,-0.51473,0.6544,0.37167,1.79573,1.22378,-0.66216,-1.85937,-0.44858,-1.2436,-0.43071,0.62574,1.28607,-0.90378,-0.36589,-1.21311,-0.94107,0.249,-0.47555,-1.3341,0.00467,0.41704,-0.15043,0.05244,-0.64474,0.598,-1.38413,-0.13672,0.18701,-1.08151,0.54668,0.9309,0.38511,1
0.6982,0.43577,-0.81238,2.6895,0.00042,0.42362,-1.71822,-0.41526,-1.19304,0.90695,0.16293,-0.59248,-1.05779,-0.23505,1.77891,1.45211,0.30248,-0.98889,-1.12934,0.79129,0.16438,-0.32236,-1.98604,-1.71635,0.65352,1.62179,-0.9555,-1.08629,0.19557,-0.09108,0.18642,0.53964,1.0888,0.27883,-0.64874,-0.4066,0.44527,-1.98596,-3.63992,0.21822,0.84645,0.68618,-0.57498,-0.04525,-0.0971,-0.666,-0.56492,-0.26595,-0.20938,0.61324,-1.99072,0.50161,-0.55132,1.41339,-0.24314,0.40685,-0.94612,0.5115,-0.11412,2.23308,2.48128,-1.99655,-0.05089,-0.36391,0.62404,-0.81289,1.43148,-1.18478,-2.12144,0.02133,-0.25032,1.60637,-1.03549,1.63314,0.24486,-0.99341,0.66311,1.21803,1.23639,-0.43286,0.94028,2.52773,0.85862,-0.17991,-0.83711,0.43378,1.14427,-1.43473,1.64226,-1.13562,-0.54486,-0.11253,-1.25438,0.08144,-0.38203,-1.16377,1.73852,0.77497,-0.82851,0.41555,-0.24718,-0.00539,-0.26677,-0.6109,1.03036,1.95962,1.16355,-0.15512,0.49313,-0.9642,-0.7244,-0.65994,1.77451,0.20198,0.3391,0.24662,-0.42643,-0.98844,1.5246,0.0342,1.16855,-1.43962,-1.26885,-0.94644,-0.12146,-1.32044,-1.34104,-2.19836,-0.52904,-0.53784,-0.02275,-0.62835,0.27483,1.21469,-0.01719,0.2963,-0.7045,1.24541,-0.63093,0.99384,1.24319,-1.26442,0.62166,0.55466,-1.26865,-0.9166,0.01256,-1.48386,-1.80768,-1.05338,0.83992,0.69155,-0.82523,0.99716,-1.56376,-0.35776,-0.28997,0.90206,-0.15732,0.65949,0.92293,1.00744,-0.31422,0.64521,-0.09455,-2.24439,0.67811,0.30683,-0.13332,0.60605,0.37052,1.23025,0.17472,-0.54253,1.65111,0.17986,0.72568,1.04461,0.96689,0.04811,1
-0.70325,-1.14943,-0.87626,-0.82371,-1.14469,1.51487,-0.13101,0.34532,0.38282,-1.22756,-0.86675,-1.63788,0.19737,0.70615,0.74441,0.05728,0.79805,1.4794,-0.62945,-0.27836,-0.57057,0.97996,0.31105,-0.62226,-1.98681,0.19673,-0.50825,0.72215,-0.77325,-0.18144,0.96189,0.63178,0.95809,-0.247,-0.25048,0.05341,0.39486,0.02047,1.67245,0.51585,-0.31886,-1.00108,-1.21194,-0.24701,-1.24802,-0.94163,-0.04917,0.60952,-0.12041,0.09435,-1.41647,1.22281,-1.15196,-0.20422,0.82605,2.6191,0.48608,-0.17361,0.22482,-0.4215,0.21675,-0.23143,0.84523,0.46217,0.33648,-2.20559,0.03371,-0.88595,0.20327,-1.37275,0.03646,0.43283,1.45584,-1.43843,0.0599,-2.0927,0.53534,-0.06974,0.40327,-1.90007,1.28939,0.58728,-1.86004,0.2469,0.16406,-1.59462,-0.99188,-0.04733,-0.10814,-0.87364,0.7019,-0.06374,-0.12803,-1.00934,-1.8299,0.31352,-2.7906,0.84125,-0.11536,0.99208,-0.16287,0.67594,0.54676,-1.41194,0.22056,0.78224,-1.15425,1.34176,-0.28804,-1.45834,-1.00729,-0.84655,-0.22789,-1.60156,-0.58785,-0.75625,-1.00018,1.68826,-0.4977,0.3138,-0.82182,-0.3758,0.44147,0.16459,-0.21391,-0.24399,-0.31263,0.00979,1.16366,0.85186,-0.71563,0.26423,0.46999,1.21028,-1.42192,-0.02004,0.98799,1.82383,-1.25624,-0.33572,-1.60167,0.74299,1.75293,1.627,-0.77604,-1.72132,2.13701,1.02654,0.4111,0.49424,0.6917,-0.30805,-0.20422,-0.0173,-1.99791,-0.40619,-0.38102,-1.2238,-1.29642,-1.19537,1.06747,-0.26303,0.4437,0.35479,-0.32507,-0.88785,0.36794,-0.29562,1.82752,1.43705,1.0667,-1.0284,0.4574,0.14872,1.07875,0.04836,3.09131,2.35995,-0.98329,0.43768,1
0.81907,-0.33886,1.06504,0.42159,0.9633,-0.07268,-1.27555,0.11941,0.72555,1.99012,-0.22415,-0.82692,0.67565,-0.2821,-0.02056,0.77513,-1.10107,0.01519,0.87294,1.70473,1.15485,0.89355,-1.01193,-0.64553,0.31332,-0.13205,1.3923,-0.60465,0.48033,1.49979,-0.02421,2.17582,0.2271,-0.79794,0.04391,-1.24436,0.84835,-0.71123,0.58189,-0.07751,-0.98171,-0.66642,-0.18004,0.52099,1.18123,-0.52031,0.90985,-0.12243,-0.4276,-3.01641,0.99392,-1.47449,1.38801,-0.10606,-0.74016,-0.97302,1.28089,-0.3207,-1.4879,-0.61043,0.86513,0.25076,-0.26716,-0.07121,0.09141,-0.63295,0.22739,-1.38699,-1.15587,1.12461,1.11144,2.018,-0.62658,-1.02908,0.70391,1.03178,0.3443,0.64215,2.39099,-1.0585,-0.39022,-0.6097,0.94572,1.78202,-1.28193,0.40203,-1.12582,-0.65377,-0.06497,1.15043,1.03542,0.51306,-0.44111,-0.59441,1.59538,0.32223,-0.74956,0.81716,0.07905,0.36347,2.1938,-1.28715,0.38705,-1.52944,1.77477,-2.10457,0.00087,-1.336,0.83629,-0.20816,-0.49406,-1.7637,0.73568,-0.24631,-1.8005,-0.42797,-0.92978,-1.56667,0.64084,-0.3523,-0.1711,-0.52046,-0.61367,0.10353,1.55829,0.11685,1.36901,-1.72752,0.74666,-1.56312,-0.19268,1.14096,-2.4027,-0.15058,0.97394,0.64083,1.95905,-0.58854,1.20828,0.33874,0.92505,-0.10393,-0.05186,0.43072,-2.06269,-0.53585,-1.11995,0.57365,2.12801,0.65827,-1.55654,-1.2093,0.03212,0.82675,0.38182,0.12076,-0.40873,-0.13588,-0.23528,-2.64152,-1.87927,-1.61851,0.85582,1.58817,-0.50787,-0.43234,0.2664,0.07768,1.29429,-0.09457,-1.48102,-0.23115,0.2491,0.24221,-1.24438,-0.90553,-0.3301,-1.85516,2.20043,-0.22442,0
