v001,v002,v003,v004,v005,v006,v007,v008,v009,v010,v011,v012,v013,v014,v015,v016,v017,v018,v019,v020,v021,v022,v023,v024,v025,v026,v027,v028,v029,v030,v031,v032,v033,v034,v035,v036,v037,v038,v039,v040,v041,v042,v043,v044,v045,v046,v047,v048,v049,v050,v051,v052,v053,v054,v055,v056,v057,v058,v059,v060,v061,v062,v063,v064,v065,v066,v067,v068,v069,v070,v071,v072,v073,v074,v075,v076,v077,v078,v079,v080,v081,v082,v083,v084,v085,v086,v087,v088,v089,v090,v091,v092,v093,v094,v095,v096,v097,v098,v099,v100,v101,v102,v103,v104,v105,v106,v107,v108,v109,v110,v111,v112,v113,v114,v115,v116,v117,v118,v119,v120,v121,v122,v123,v124,v125,v126,v127,v128,v129,v130,v131,v132,v133,v134,v135,v136,v137,v138,v139,v140,v141,v142,v143,v144,v145,v146,v147,v148,v149,v150,v151,v152,v153,v154,v155,v156,v157,v158,v159,v160,v161,v162,v163,v164,v165,v166,v167,v168,v169,v170,v171,v172,v173,v174,v175,v176,v177,v178,v179,v180,alvo
-0.13771,-0.767,-1.98385,-0.26221,-0.56898,-0.60399,-0.55713,-0.71711,0.38108,0.26441,-1.24686,-0.33242,0.48367,0.30679,-0.94757,-0.09312,0.06106,0.29636,0.52998,1.02652,1.14815,-0.18018,-0.89122,0.63826,-0.97352,-0.06212,-0.91215,1.45136,0.72069,3.47652,0.9593,1.90986,-0.16728,-0.16038,-0.69947,-1.09809,0.86768,0.63791,0.44735,-0.31453,-1.12463,0.22479,-1.07824,-1.19627,1.76773,-0.16075,-0.12759,-0.6891,-2.78512,-0.62721,-1.21565,1.87,2.66715,-2.43012,0.79602,0.60711,-0.58642,-0.03262,-1.46252,0.09674,1.07104,1.41389,-0.02254,-0.8886,1.81597,0.53625,-0.70919,-0.40323,-1.27705,-0.08662,-0.89723,3.15239,-1.16158,3.1585,0.00815,0.20952,0.51519,-1.39864,1.14871,-1.81009,1.05068,0.28456,0.10207,1.04218,-0.27933,-0.29116,1.09537,2.11417,-0.66418,0.14733,1.73997,-0.13044,1.03872,-0.39924,-0.75619,-1.35928,-0.87358,-0.5362,-0.27503,1.38105,-2.65235,-0.15435,-1.03746,-0.79194,-0.99318,0.71714,1.13872,0.18834,0.84162,-0.05235,0.74203,0.48871,1.01397,-0.41894,-0.23269,-0.43268,-0.47186,1.84591,-1.30498,0.66625,1.67402,-0.30223,0.86727,0.97017,0.53394,0.13099,0.26275,0.61618,1.14644,-0.751,1.22154,1.3698,0.25393,-0.56296,-1.63702,0.27421,-0.027,-1.23547,-0.06786,2.21913,1.45286,1.78756,-0.31314,0.31136,-2.02051,-0.64154,-1.31551,1.39712,-1.12287,-0.25812,-0.84615,-1.67983,0.42475,0.44489,1.43548,0.49393,-0.33961,-1.21154,0.308,0.00449,0.58962,3.2027,0.24461,1.15314,-0.63535,-1.29938,-1.75164,0.89632,0.1267,1.44682,-0.0099,-0.02803,0.13687,0.63598,0.01502,0.02776,-0.32574,0.95268,0.54652,0.73799,0
-0.64444,1.70193,0.29416,-0.61269,-2.65839,0.09578,-1.06106,-0.54252,-0.24755,-1.94679,0.41984,-0.53849,1.6048,1.00973,0.24923,0.73113,0.89201,-1.07839,0.22247,-1.3681,0.7276,-0.51854,-0.59553,2.10255,0.63586,-0.04775,0.05337,-0.89985,1.36498,0.00642,0.37708,-0.61896,0.27653,0.4332,0.02292,-0.73017,-0.47821,-0.11766,0.36427,0.24116,-0.94655,0.34211,0.86446,-1.99056,-0.59519,0.42392,-0.58813,-0.29991,0.09862,-0.16391,0.57121,0.59029,1.41907,0.10583,0.2346,1.07667,-0.16398,-0.16273,2.17897,1.64368,0.53431,-0.11225,-0.16726,-0.25135,0.16933,0.72146,-2.13457,-0.56354,-0.91122,-0.24308,1.98927,-1.13913,-0.38241,1.25834,0.66682,1.2465,0.73422,0.04841,-0.2072,-1.68145,-0.04616,-1.25692,0.78827,-0.73667,-0.10295,-0.12974,0.26636,-0.13565,2.45548,-2.38904,-0.63464,-0.51411,-1.13338,-0.16584,-0.02582,-1.45725,1.11716,-1.62851,1.82188,1.0853,0.75349,0.5972,1.03871,-0.89765,0.10163,1.29353,0.09535,0.86683,-1.01737,-0.98389,0.88917,0.20423,-1.60897,1.49684,-1.02693,0.75502,-0.5465,0.21536,-0.18302,-1.03725,1.68185,-0.31374,1.63562,-1.95957,2.10149,0.49234,0.61898,1.41141,0.38436,-0.73389,-1.63927,-1.96728,-0.25937,-0.6155,0.48158,-0.33586,0.74086,1.43236,-0.17026,0.66352,0.61219,1.9111,0.56334,1.75853,-0.3334,0.78562,1.56829,-0.46932,-0.1644,-0.49823,-0.14076,1.53881,-0.51297,0.41097,-1.30468,0.44438,-0.4944,-1.19287,-0.28593,1.09764,-0.16649,-0.59241,-0.23305,-0.13931,0.81948,-0.24039,0.38966,-0.14828,0.73544,-0.02269,-1.09343,-0.96801,-0.65449,0.12683,-1.79819,-0.19764,0.34009,0.56825,-0.29556,-0.19042,1
-0.43992,-1.31215,1.42593,-1.71382,0.73472,0.23199,1.67907,-0.17936,-1.33663,-1.25874,-0.24368,0.26958,0.07147,1.57268,0.13663,0.48573,0.66166,-0.81824,0.39064,-0.6831,0.03078,1.66719,-1.97252,1.11351,2.70931,-0.581,0.16244,0.99718,0.02715,1.46052,0.77863,0.54421,-2.65339,0.24857,0.292,-1.03683,-1.45649,-1.06292,-0.75092,-0.1587,1.44728,-1.60952,-1.20707,0.70901,-1.07903,1.59323,-0.11192,-0.61112,0.42984,-0.32172,-0.79112,0.28481,0.73726,0.20655,-0.20646,0.61927,-0.147,0.35516,-0.26367,-1.05384,-0.38642,-1.03487,-0.84368,0.30001,-0.96133,0.19204,0.11325,-0.04007,-0.09321,0.3442,-0.09859,-0.6384,0.80119,-1.54372,-1.69024,-0.69094,-0.37545,0.16063,0.45768,-1.37061,-0.39221,1.13896,-0.66618,0.19458,0.0418,0.05108,-0.65331,0.52169,0.04699,-1.34259,-0.31838,-1.83137,-0.73204,0.422,1.02025,0.02965,0.24445,2.32253,-0.58513,-0.10982,0.65525,-1.13764,-0.59532,0.1339,-0.27163,-1.34655,-1.31155,-0.72701,1.07044,0.77651,-0.98766,-0.85336,-0.16829,1.66531,0.54878,0.25851,0.0609,-0.83585,0.73616,-0.05908,0.98334,0.14069,-0.01258,0.0333,-0.74101,-0.51764,-0.19358,0.19719,-0.84989,-0.26044,-0.73649,-1.2584,0.35661,-0.48764,0.22993,-0.30805,-0.10681,1.5637,-0.80821,1.78101,-0.97597,-0.21381,0.08352,-0.17464,-1.67163,1.537,-1.08292,2.18573,0.62896,-0.11619,0.45179,-1.51409,2.13558,0.33698,-1.27974,1.56447,0.09943,-0.10555,0.96631,0.73566,-0.90069,1.52336,-0.32896,-0.84654,0.39894,-0.4489,1.86931,1.68629,2.00338,0.94703,-0.18596,0.78393,1.53598,-0.2002,-1.7625,1.00246,-0.02867,0.03127,1.54758,-1.192,1
1.38628,0.89113,1.45815,-0.39857,-2.31245,-3.03939,0.65521,1.47218,0.36971,-0.10546,-0.43576,1.80224,0.48116,0.575,1.20023,0.63863,-0.67838,1.8411,-0.73908,1.06797,0.72715,0.679,0.07726,0.04258,-2.08542,-1.16556,0.57558,-1.1609,-0.77674,-1.13019,1.22712,-0.27405,0.2376,1.04625,-0.74131,2.13093,0.70118,-0.27517,-0.28547,-1.88039,-0.35813,1.76522,-0.46186,-0.09228,-0.3139,0.6775,0.18023,0.90735,0.29163,0.18956,0.15004,2.04206,-1.24998,0.09867,-0.45307,0.51413,1.26736,0.18766,1.24873,-0.84838,-0.26411,0.01826,-1.95664,1.42135,0.96064,1.01239,-0.01444,-1.89097,0.11909,-2.9535,0.89855,-0.77658,-0.9893,0.7829,-1.01225,1.91727,-0.22276,1.29273,1.28065,2.30175,-0.09194,-1.25023,0.691,-0.65867,0.4802,0.04592,1.73643,-0.15148,-0.17916,-0.50318,0.20473,-0.11829,-0.05731,-0.30542,0.18188,0.36546,-0.92438,-1.03496,-0.30419,0.20357,0.81034,-0.61726,-0.15296,1.00462,-0.02162,-0.19626,-1.51626,-2.27786,-0.22065,-0.89964,-0.21813,-0.41696,-0.93896,0.45214,-0.58295,-0.14633,2.04641,-1.07374,0.78604,0.5573,-0.56778,1.01998,-1.94866,-0.06667,-1.72208,0.47191,-0.66589,0.55072,1.41461,-0.11301,0.77855,1.55565,0.32137,1.28459,-0.40357,-0.95639,1.53734,-1.07713,1.929,0.47298,-1.06438,0.77256,0.43666,-0.6928,-0.10172,-0.31876,-0.39121,-0.27662,-1.94624,-0.8157,0.78927,-0.84458,0.00094,1.41355,-0.22643,-0.06203,0.28648,0.08604,0.33715,0.56149,0.87369,-1.43107,1.60362,-0.21909,-0.28394,-1.07928,0.28788,0.38376,-0.83053,0.1435,0.90904,-0.70441,0.40238,0.46799,-0.27859,0.21102,-0.57683,1.2257,0.92832,0.1489,1
-1.05621,0.77025,0.87947,0.55281,-1.12148,1.13847,-1.00034,0.14387,0.49352,-1.26123,-0.52699,0.03191,-0.22351,-0.22626,-0.13785,0.14076,-0.90193,1.72442,0.62391,-0.93025,0.89344,0.86843,-1.99295,-1.14568,-0.41603,-0.75383,1.76753,-1.38139,0.64984,0.20866,0.82437,1.55595,-1.44917,0.61898,-0.36374,-1.24959,2.27868,-1.34503,-0.24569,0.57696,-1.60685,-1.19384,-0.61894,-1.18709,-0.26435,0.51424,1.42944,-1.41366,-3.08309,0.68112,-0.19478,-0.72449,1.14102,-3.04894,0.3976,1.17059,-0.28428,0.34173,0.83414,1.32191,-0.29786,2.02,-0.83585,2.03537,0.25852,-0.65175,-0.09993,0.47826,-0.6579,-0.28076,0.56206,0.94538,-0.75523,-0.57556,0.72245,0.30408,-0.95078,0.45012,0.12336,-0.04391,-1.23573,-0.0788,0.54507,1.26604,0.28383,0.99879,0.42894,0.69013,0.67187,0.22412,-0.18116,1.59563,0.72624,-1.4136,1.44153,-1.08675,-0.87711,0.57525,-0.37437,2.06329,-1.40989,-1.63057,1.41596,0.38438,-0.79847,1.14139,-1.92214,0.41812,0.76742,1.04781,0.75365,-0.11828,-0.84706,1.86113,-1.16448,-0.48818,-1.13579,-0.82823,-1.38744,-1.18507,2.03821,-0.49745,-0.41576,0.77099,0.19874,0.32626,-0.60051,0.32064,-1.78916,0.97642,-0.347,0.06617,-1.23016,0.34961,-1.17222,-1.40677,-0.33237,-1.13297,0.35134,-0.0068,0.44907,0.82186,0.19089,-0.40248,0.14808,-0.36648,0.03255,0.40896,1.14282,0.90138,0.42491,0.27081,-0.71415,1.02408,0.50619,-1.17499,0.06591,1.47747,-0.46739,-0.67069,0.3765,0.59712,1.47084,-1.78228,-2.46521,-0.57489,-0.70347,-0.01602,1.33328,0.91408,-1.45783,-0.33815,-0.0179,-0.61113,-0.61168,1.92144,0.0812,-0.21216,-0.30122,0.43657,1
0.72598,-1.72934,0.4257,-0.36021,-0.32522,-0.80094,1.0612,-0.27418,-0.64632,0.76338,0.06822,-0.32398,1.41533,0.00697,-0.48722,0.42073,-0.32171,-1.14622,0.75765,-0.1885,0.22867,-1.13901,-0.80097,0.24287,-0.73269,-0.59534,-0.83529,0.04423,0.6287,-1.03306,-0.1719,-0.22478,0.39207,0.16222,-1.55652,-0.55331,-0.96784,-1.15162,-1.92311,-0.54038,-0.23726,0.3799,-0.36069,0.01206,2.5037,-1.64014,0.53051,0.09413,0.11369,0.81773,-0.33389,0.20078,-1.9628,-0.88086,-0.18823,-0.31295,-1.00557,0.13452,1.09254,0.64959,-1.87068,-0.07805,-2.03561,-0.90941,0.06509,-0.35778,0.75579,-0.21418,-0.88542,-0.45514,0.79452,0.95072,1.0487,-0.1751,0.63022,0.81964,-0.68478,1.45778,-1.18497,-1.9608,1.22413,-0.9873,-0.26742,-1.00884,0.5194,0.2064,-0.38657,0.699,0.48806,0.94622,0.02763,-1.16543,-0.73028,-0.35841,-1.05848,-1.7487,1.95049,-1.60991,0.15931,0.68035,1.4714,-1.01518,1.93248,-0.29764,-0.0629,0.21662,-0.48858,0.59079,0.8563,0.00501,-1.21496,0.28195,0.15446,1.4038,0.66279,0.0422,-0.58252,-1.68735,-1.91129,-1.17041,-2.73244,0.12509,-0.02247,0.27104,0.03644,-0.28637,0.81021,0.26878,-0.80333,-0.21638,0.60484,0.42302,1.34376,0.13449,0.45421,-0.28811,-0.26644,0.96559,0.41143,-0.89911,-0.6319,-0.50022,0.31358,-0.17731,0.1976,-0.00072,-0.21457,-1.59065,-1.14042,-1.22803,0.38495,-0.32722,0.2377,0.56547,0.12013,0.57992,1.37317,0.53994,-0.39069,1.40866,0.32648,1.78782,-0.24369,1.004,-0.01762,-0.42795,-1.08402,0.06803,-0.2817,2.11241,0.59837,0.82471,0.08372,0.54231,-0.64794,-1.38073,-0.75962,0.92078,-0.20361,0.07735,0
0.94142,-0.2127,0.66852,0.0677,0.10404,0.18954,0.6227,-0.55758,1.27286,-0.17,1.81115,-0.44063,-1.15018,0.36723,-0.15424,0.25542,1.63826,2.83958,-1.32155,1.92623,-1.91288,0.46759,-0.71372,-0.6588,1.78059,-0.4757,-0.14377,1.77832,0.85457,-2.04595,-0.35273,-1.59682,0.74212,-1.19202,1.44289,1.48333,-0.261,0.04358,-1.63623,-1.57843,-0.11157,2.49546,-0.17439,-0.17729,-0.15241,-0.95105,-0.74836,-1.20373,-2.00728,0.79551,1.93385,1.27973,-0.83003,-0.4005,-0.34446,-0.34877,0.67725,-1.57352,1.62615,2.01913,-1.08504,0.83091,0.74635,0.58119,-0.64796,-0.34635,0.55005,-1.01971,0.89371,-1.2686,0.71869,1.19127,-0.17776,1.01081,1.36965,0.90566,-0.19066,-1.28324,0.79891,-0.17029,0.88399,0.77246,-0.49029,0.68254,-0.42784,-3.68933,-0.3506,0.1994,1.10775,-1.62425,-0.39,0.44589,-1.24548,-0.17719,1.36144,-0.56635,0.32289,-0.0946,-0.66858,1.64453,-0.00941,-0.1735,-1.57735,-0.46719,0.7361,0.16686,1.80832,-2.29416,-0.2374,-1.87742,0.11011,0.34331,-0.34556,1.80349,0.83466,2.09438,-0.96003,0.57242,1.5139,1.31867,0.01736,-0.04084,-1.84978,1.33547,0.57223,0.15214,0.97757,-0.21636,0.43534,-0.4249,1.28107,-0.52311,0.73229,0.2341,1.07324,0.71212,0.01323,-1.70376,0.17806,-0.35527,-0.39104,1.51723,-1.1336,-0.32292,-0.09144,-0.80281,1.41187,1.09101,0.94996,0.42435,0.13277,-0.78254,-0.51113,-0.26777,1.9147,0.12273,0.30334,0.39256,-2.32514,-0.72583,-0.14286,3.03306,-0.30016,1.15906,0.07517,-0.6141,0.22986,0.39778,0.59596,-0.35268,1.36958,0.94323,-0.86104,0.99285,0.12832,0.37896,-3.5035,-2.72014,-0.21212,0.28478,1
1.70001,0.37851,0.0601,0.01028,0.29448,0.10368,0.7246,2.06815,1.68061,0.00768,-1.51292,0.14326,-0.87701,0.54055,0.20729,0.01604,-1.92703,0.62318,0.12197,1.57866,0.72113,-0.61681,-0.36671,-1.2921,-1.24701,0.05879,-1.20229,-0.81025,-0.16948,-1.01447,0.53454,1.8009,-0.48336,0.38358,0.25061,0.54191,0.5907,0.83932,-0.95159,0.71762,1.45781,-0.53065,-1.06424,-0.2279,-1.23473,1.77672,-0.98847,-1.06483,1.45219,0.94998,-1.07023,-2.22147,0.16833,0.45424,1.16005,0.38976,0.58785,1.18257,-0.21777,-1.54205,0.20108,0.14831,-2.26259,-0.00706,-0.66972,-0.26758,1.13423,-1.11766,1.16261,0.28109,0.1525,-0.76697,-0.55131,0.3585,-0.2791,0.95575,0.64247,0.90728,0.0567,1.43689,1.03504,-0.45181,-0.56738,1.76331,-1.2098,-0.69756,-0.79627,-1.87721,0.91005,0.18493,-1.42787,0.52853,0.42807,0.97489,0.87035,1.30607,-0.46549,-0.59541,0.81998,-0.28965,-2.65629,-1.66127,1.88893,1.55432,-0.29059,-0.74405,1.74123,-1.29454,0.81828,1.49369,0.54383,0.13056,-0.48902,1.84318,0.62796,0.89868,-0.40066,-0.35965,-0.79013,0.01853,-2.13165,-0.07713,-1.76994,0.62206,-1.67547,-0.83381,1.22152,1.19011,-1.11977,0.61155,0.57319,-0.22428,-1.87095,-0.02925,-1.51743,0.45113,1.68543,0.79665,1.12726,-0.39875,0.02995,-0.41706,1.49795,-0.98823,-1.20702,0.93316,-0.59999,0.67936,0.3168,0.97327,-1.37834,-0.71111,0.03626,0.98398,-0.5089,-1.27774,0.64941,-1.89842,0.19423,0.49866,0.30889,0.19382,-1.15541,-1.33892,1.27258,-0.81202,-1.5038,0.39219,-0.71218,-1.56737,-0.6436,0.83791,0.27845,-0.50138,-0.26288,0.04497,-0.04418,-0.94889,-0.99673,0.02623,0
1.40643,0.61532,2.43844,0.02177,0.37423,1.6632,0.16692,0.01445,2.05711,-0.24541,-2.40552,-0.44736,-0.54819,0.55932,-0.66939,0.3201,-0.28835,-0.46925,-0.16264,-0.87233,-1.16193,-0.09661,0.51031,-2.05866,0.53402,-1.05174,1.2857,-0.4904,-0.90921,-0.91543,-0.35184,0.6879,-0.30385,0.4898,-1.46097,-0.69908,0.86694,-2.68038,1.22937,0.74697,0.69637,-0.95529,0.6042,-0.51896,-1.33743,0.74703,-0.32888,-2.12967,-0.39123,0.84919,0.60345,-0.52073,-0.02825,0.41835,0.25327,-1.89535,0.61055,0.37631,0.42557,-1.8831,-2.79428,-0.17351,0.48185,1.10104,-0.78087,-0.61752,-0.14398,0.38548,0.19742,0.16299,-0.14126,0.15863,-1.40079,1.01559,-0.47602,-2.25891,2.14297,0.3209,0.38286,-1.04293,-0.64244,-0.05968,0.07339,-0.10842,-0.37849,-0.07191,0.62192,-0.23712,1.00865,-0.33089,-1.86187,-0.8907,0.61457,0.24606,-1.73833,0.2942,-1.62168,-0.94182,0.33053,0.07994,-1.83346,-0.9131,0.25472,-1.9186,0.36712,0.99638,-0.72196,0.04871,0.58747,1.40166,1.53404,-0.715,0.71221,0.62429,-0.32415,-1.39162,-0.11146,1.14565,-0.29734,-1.77088,0.89594,-0.49494,-1.18301,-0.86141,-1.15071,0.61906,0.44974,0.37843,-0.12802,2.72968,0.08819,-0.25067,-0.06169,-0.50952,1.97007,0.50367,-0.4899,0.24254,-0.84543,1.23376,-1.58932,-0.14576,-0.66602,0.2628,0.4901,-0.02932,-2.36322,0.25054,0.27926,0.87389,-1.07381,1.36897,0.57734,-0.06844,-0.3085,-0.45605,1.31849,0.6109,-0.04123,-0.02133,-0.73765,0.85256,0.20698,0.74964,-0.44614,0.55028,0.318,-0.87282,-0.115,-2.13256,1.04699,-0.89919,-1.17097,-1.44767,0.18236,-0.24991,-0.08566,0.34608,0.15765,-0.04321,0
-0.38364,-1.71675,0.69883,1.3642,0.31769,0.73309,-0.13651,-1.40816,-0.11805,0.18447,-2.08128,1.38937,0.35801,1.19491,-1.34671,0.88846,0.65385,0.44808,-0.77485,0.62036,-0.55823,0.80854,0.9596,-0.33465,-0.6939,-0.24975,-0.5498,-0.57307,0.23056,1.54623,-0.83613,0.55277,-0.88237,0.00034,0.38599,-0.81429,-0.46606,-1.73727,0.43653,-0.33815,0.33358,0.07421,0.77447,-0.27495,0.33723,1.04783,1.07204,0.98051,-0.17582,0.07574,0.46165,-0.04584,-2.30231,-0.75446,0.49062,0.01305,-0.30087,1.24321,0.39366,-0.82349,-0.41909,0.54156,-0.24074,-3.14329,0.76016,-1.46477,-1.85616,1.44963,0.55186,0.27217,1.36411,0.18294,0.5145,-0.80825,1.18011,0.80566,-0.7485,-1.42963,-0.01673,0.37554,-0.4886,-0.7791,0.34655,-0.31169,0.03289,0.8319,-0.13211,-1.7208,-0.11793,0.64324,-1.25638,0.6164,0.17858,0.02868,-0.53718,0.26654,-0.05779,-2.2315,-0.99284,-0.46037,-0.14093,0.36544,-0.89667,-0.09256,-0.48749,-0.30267,-0.38714,0.54232,-0.54831,1.8775,0.41932,-1.70106,-0.47419,-1.90541,0.72353,-0.51154,0.14663,-0.04292,-1.13255,0.61035,0.69976,1.40191,-0.26857,-1.26115,0.42755,-0.47276,-0.31973,1.58748,-0.23062,-0.76243,-1.96787,-1.07746,0.04202,0.32883,0.20461,0.19486,0.60304,-0.57899,-0.43974,0.9872,-0.49563,-0.22957,1.03462,0.09388,-1.55221,-0.72519,1.56372,0.36378,-1.84053,1.71812,0.87818,0.65927,1.24237,1.42117,-1.36002,-0.10849,-0.56002,-0.79274,-0.50855,-0.99493,-1.04223,0.21203,1.26946,0.08063,1.04817,0.76808,-1.52544,-0.4004,0.27134,1.18634,0.69639,1.68195,-0.96881,1.08131,0.29853,-0.55487,-0.70144,-1.67009,0.13593,-2.19996,0
-0.45903,0.10336,0.80676,-1.0987,-1.35624,-0.67311,-0.73268,-1.04992,-1.56617,-0.56739,1.16686,0.82178,-0.29779,0.19055,-1.84867,0.21792,0.66952,0.3935,0.18086,0.14878,0.8149,0.3514,-0.29867,-0.01723,0.1843,-0.5392,-0.6073,-0.3828,2.1124,-2.0152,-0.995,0.40606,-1.4538,-2.14237,0.04912,-0.97967,-0.35959,0.53234,0.90464,1.16077,-1.20634,0.61075,-0.29564,1.16264,0.33494,-1.62358,0.53592,2.00522,-1.20004,0.99134,-1.21919,-1.17948,-1.15544,-0.18111,-1.63484,-0.25421,0.28433,1.53341,-0.55665,-0.04039,0.24422,-0.9351,-0.11084,-0.05183,-0.96411,0.47116,0.33153,0.61597,-1.21375,-0.35641,0.04103,-0.38635,-1.23178,-0.5004,-0.19718,-0.46196,-1.51544,-0.92677,1.17752,0.36573,-0.52368,0.86867,0.98293,-0.15766,0.08497,-0.96236,-0.90869,0.37894,0.92725,-0.01732,1.09771,0.31993,-0.07278,1.28962,0.34778,-0.18768,-0.2758,-1.22439,1.90819,1.81417,0.01969,1.14397,0.71259,1.04834,0.88142,-0.72584,1.51455,-0.4556,0.33263,0.73786,0.42294,1.85556,0.46349,0.83652,0.36534,0.21896,0.17926,0.38375,-1.13002,-0.48799,0.41516,0.30801,0.37774,-1.03432,0.33169,0.17721,-0.36658,0.95366,-0.54255,-1.25213,-0.91464,1.63783,-0.4419,-0.33544,-1.77182,0.61082,-0.13365,0.13133,-0.0897,0.86978,-0.16873,-0.58165,2.44425,1.01886,0.41286,1.0499,1.26901,-0.98965,0.57002,-1.86798,1.22806,0.82583,-1.10432,-1.36433,-0.04249,0.67494,0.5711,0.76289,0.98483,0.05107,-0.20498,0.59646,0.62658,-0.37756,0.53331,0.20098,0.92546,0.76044,0.6472,-1.99321,-0.54014,1.53957,0.30582,2.02305,-0.1476,-1.23163,0.24324,0.85286,-0.64806,1.44932,1
1.01875,-1.02824,-1.45201,1.86359,-0.33739,-1.29572,-0.534,-1.05245,0.5579,0.34666,-1.07532,-1.03542,-0.80569,-0.78059,0.37026,-0.51083,-1.51707,0.30968,-1.49855,-1.42816,2.02015,-1.70023,-1.20543,0.55626,-0.57166,-0.73725,-0.24619,0.94953,0.70325,-1.0071,2.35545,-0.18264,-1.53002,-1.01768,1.62261,0.14661,-0.49232,-1.31051,-0.13844,0.30423,-0.65785,1.62573,-1.61864,-0.49539,0.90165,-0.40166,1.0497,-0.27863,0.24864,1.17829,0.90425,-0.1258,0.26055,-0.22863,0.15014,-0.49803,0.02015,0.41735,1.32809,1.22564,0.98735,-2.52922,0.04025,-0.8912,-1.80405,-0.59147,0.53743,-0.31922,-1.1763,1.21758,-1.20218,1.23145,-0.39796,0.05942,-0.60334,-0.40198,-0.46368,1.21398,-1.10529,-0.88321,0.34713,1.1577,-0.6761,-2.52561,-0.89732,0.87383,0.56699,0.91862,0.84048,-0.46974,-0.13703,1.03464,-1.67324,-0.5523,-0.22702,-0.05303,0.7747,-1.5193,-0.51438,2.53132,2.5862,-0.15364,1.5234,-0.57341,1.93541,1.43613,-1.25657,-1.64999,0.34015,-0.37769,1.68521,1.02202,-0.54447,-0.20381,0.705,-0.30446,-0.06417,0.36626,0.54377,0.75038,-1.55268,0.05435,-0.81916,1.32045,-0.07111,0.12863,1.36363,0.75769,0.47477,0.55944,-1.70296,-0.95803,-0.64706,0.53223,-0.81527,-0.91466,0.68752,0.32313,-0.49305,-0.38834,0.849,0.9155,0.87143,2.38619,-0.6337,-0.37886,0.19871,-0.78923,-1.77318,0.36466,-0.85056,2.05274,1.19513,-0.7117,-0.15764,-0.47721,-1.85013,-0.55524,-0.17734,-0.5669,-0.22248,-1.5565,-1.31555,0.71684,0.4348,-1.16333,0.17476,0.1691,1.00983,-0.11174,-0.18847,0.20648,-0.30487,1.52901,0.81085,1.2366,-0.3005,1.24202,0.072,0.50933,0
-0.38075,-1.00243,0.57894,0.25802,-0.52396,-0.85865,-0.51728,0.69995,0.06051,-0.18105,-0.4412,-0.27588,-2.15945,-0.28374,0.60295,-1.13009,1.34527,0.35246,-0.08169,0.34776,0.7648,1.0947,1.99484,1.72119,1.82603,-0.21593,-0.9761,2.37288,1.46738,-0.08245,-0.93656,-0.36425,-1.0403,-1.35372,-0.19123,-1.01239,-0.17849,1.31316,-0.87769,1.2387,0.26091,-0.71867,-0.63174,-1.53734,0.77723,0.63152,-0.48221,0.07461,-1.13806,0.62243,-0.82608,0.83459,-0.19418,0.5531,2.26573,0.97976,-0.48058,-0.53694,-1.53272,0.59079,-1.06204,0.52516,0.76101,1.48036,0.13105,-0.52805,1.03165,-0.39142,-0.55285,0.08765,-1.21437,-0.31703,-0.66596,-1.10471,-0.58165,-0.25474,-0.30858,-1.1549,-1.23966,0.43759,-0.79598,-0.33304,0.76598,0.18981,1.75247,-2.01388,1.52029,0.25504,-0.69634,-0.73979,2.16917,0.48218,-2.08688,0.44324,1.44919,-0.48875,0.93175,-2.29226,-0.62898,0.47664,-0.00635,-0.21771,0.10964,-0.83996,0.74548,-0.67421,-0.4042,-1.15945,0.45937,-0.56098,2.05868,0.35791,-0.36952,-1.15735,1.0294,1.77691,-1.13949,2.01115,0.65711,0.12369,-1.60263,0.21699,-0.20999,0.5316,-0.01041,-0.883,1.51756,1.03429,1.52978,-1.37832,2.34294,0.34989,0.24882,0.64545,1.14275,1.45352,-1.22964,0.53711,0.19339,-0.24727,0.42384,-0.61314,0.53688,-0.71911,2.87458,-1.39054,0.40029,0.00545,0.32825,0.33344,0.3523,0.18701,2.11047,-0.42172,0.69723,1.11134,1.10136,-0.33865,0.54495,-2.02615,1.72014,-1.04253,-0.56325,0.51171,1.30538,0.64459,0.73122,2.25073,0.12109,1.26545,0.63064,0.0075,0.59351,-2.09704,-0.31754,1.15391,2.01766,-0.42754,-0.21255,0.33107,0
1.34558,-0.96365,-1.38948,-0.35023,-0.80935,-0.23957,-1.18566,0.74808,-0.2813,-1.40088,-0.47935,1.0921,1.63764,-0.97721,-1.26173,-1.48132,-0.53199,0.04018,0.0982,-0.31983,0.92051,0.06947,1.91176,-0.23277,-0.97124,-0.78882,0.59555,1.22358,-1.96974,0.31605,-2.00624,0.31002,1.30228,0.27511,1.63529,0.72222,1.34825,0.16194,0.22698,1.24162,0.39403,0.34413,1.19398,2.04774,1.10785,-0.75043,-1.78732,-0.30345,0.2751,0.23914,-0.90012,-0.18853,1.42891,0.81764,-0.17437,-0.91529,-0.35138,0.02769,0.95947,-0.75615,0.75723,-0.8435,0.33075,-0.41075,0.44223,-0.17242,-1.52051,1.49884,-0.10126,0.59422,-0.91247,-0.88631,1.99456,-1.09982,-0.60356,-0.39015,0.06047,-0.56214,1.73701,-0.75938,1.37,-1.22003,-0.76121,-0.64507,-0.74356,-0.01706,0.79445,-1.38488,0.55637,0.02062,0.35661,-1.57423,0.49353,-0.69855,0.38533,-0.80746,0.57499,-0.09653,0.02517,-0.18729,0.46216,-1.31716,-0.00044,-1.06632,0.57461,0.32463,-2.02651,0.39242,1.08773,0.43298,0.77259,0.38368,-0.48973,1.40468,-0.26517,-0.75011,-1.34975,-0.46195,-0.22366,0.91294,0.20407,-1.15801,0.36357,-0.63794,-1.65356,-0.94521,1.40661,1.08072,-0.57923,-0.23191,-0.26383,2.28499,-1.86598,-0.06091,1.1161,0.27874,-0.97387,0.15589,0.51717,0.51455,-0.08723,-0.65306,-0.41347,0.08424,-1.94999,1.17941,-0.7149,0.46886,0.20138,0.90328,-1.71917,0.30629,-0.99331,-0.02015,-2.87607,1.5044,0.62823,-0.54239,0.14487,-0.56669,-0.84432,-0.25493,1.19687,-0.08239,-0.13762,-0.11449,-0.19249,0.12672,-2.37689,-0.97493,-0.4096,1.61221,-0.62173,0.88313,-0.6551,-0.12223,-0.45537,-0.2033,0.32591,0.6787,0
-2.07405,0.13191,-0.93572,0.9876,-0.2289,-0.88147,-0.35666,1.5757,0.6094,-0.42442,0.54994,-0.24792,0.43212,-0.49505,0.56975,-1.0048,-0.68407,1.32054,-0.44861,0.38344,-0.1411,-0.21887,-0.6856,-1.07028,-0.54773,-0.30451,-0.05159,1.15425,1.69355,0.49692,-0.31116,2.10836,-0.27709,0.57123,0.35586,1.44203,1.34672,0.19711,0.52013,-0.03534,0.51546,0.91321,-0.66243,-0.34306,0.08321,-1.57938,-1.52828,1.1382,-0.90936,0.30169,0.88512,-0.67346,1.15698,-0.08249,0.393,2.46243,-0.82224,0.2162,-0.27288,-1.22255,-1.07072,0.74713,-0.94428,-0.05665,-1.4578,-0.37627,-0.86121,-0.87225,-0.80977,-0.90203,-1.24914,0.41074,-0.90525,0.42792,0.59062,-1.42533,1.09901,-0.49553,-1.23125,0.10526,1.59495,0.08735,-0.81754,-0.70564,1.47847,-1.81395,-0.01394,0.32579,-0.42213,0.77587,0.48025,0.64131,-0.04166,-0.4381,-1.81754,0.07497,0.34942,0.01942,-0.32456,-0.00297,0.27733,1.01616,1.14425,0.57806,0.88148,0.88969,-1.18248,0.59897,0.39486,-0.81029,-0.15433,0.53948,-1.28895,-0.23957,-0.83921,-1.06914,-0.25468,0.0845,-0.13833,2.06752,0.74822,0.34274,1.20098,0.63862,-0.18199,-2.06886,-0.37714,0.24864,0.73933,0.40714,-0.17863,0.79684,0.77802,-0.97705,-0.01154,1.72946,0.40772,1.70549,0.38224,1.8353,0.10321,-1.21351,-0.44689,-0.67013,-0.98686,0.89125,-0.19664,-0.38251,-0.29544,-0.57307,-0.91606,-0.59695,-0.63223,-2.81723,-0.15619,1.22795,-1.15049,-0.41242,2.2799,-0.11404,0.72348,0.9785,-0.27364,-1.06914,-0.63945,-0.05703,-0.4215,-2.41074,-0.76629,-0.32196,0.91126,-0.69473,1.30383,0.32014,-1.68789,1.27358,-0.62722,0.52709,0.89301,0.87548,1
-0.5045,-0.08003,-1.02504,-0.93755,-0.29103,-1.11355,-1.57508,-0.08558,0.26883,0.40115,0.1251,0.07478,1.08578,0.10243,0.44813,-0.10017,-0.80531,0.86275,1.76948,2.15998,0.20503,-0.00042,-0.57932,0.11578,-2.04163,1.1262,0.65739,-0.02387,0.52753,-0.15327,0.43085,-1.81889,0.07041,-1.38209,-1.9724,0.08785,0.15079,-1.5185,0.52333,0.59004,-0.21701,-1.82825,-1.49012,0.5969,0.35496,1.17833,-1.10326,0.25331,-0.16758,0.90513,0.23426,1.69334,-1.27729,0.25512,2.19492,0.12574,0.60953,1.68047,-0.324,-0.42215,-1.45821,0.15281,-0.51406,-0.66616,0.65551,-1.06611,0.26214,-0.23837,1.23054,-0.80458,0.95281,0.3101,-0.76768,-1.34528,-0.11485,-0.22655,1.5494,-1.72155,-0.26588,-0.10602,-1.09038,1.23186,-0.16953,1.10593,0.81786,-0.67079,0.39129,-0.69067,0.87744,2.09011,-1.93708,-1.06274,-0.61513,1.79261,-0.02268,-2.06282,-1.41439,-0.38388,0.41376,2.04067,-0.06015,-1.25815,-0.58032,1.03477,1.98504,0.83118,-0.49025,1.0919,-2.01476,0.16278,0.5493,0.17133,-1.5771,0.8291,-0.95118,-0.30342,-0.32723,-1.5554,0.05052,-0.26031,1.31176,-0.21974,0.58844,-0.09119,-1.3771,1.50687,0.69259,-1.11616,-1.44674,0.888,-0.138,0.44549,-0.46064,0.59155,0.96477,0.69952,-0.26709,0.04084,0.20424,-0.58455,-1.03505,-0.62791,0.03299,-0.22539,-0.01723,1.08227,-1.46387,-0.21114,1.07885,2.70214,0.07807,0.48167,2.17763,0.14895,0.86186,-1.07261,1.69885,0.284,-0.91646,0.16039,-0.86092,0.22726,-0.5489,1.18909,0.0384,1.18467,-0.20953,1.48212,-1.38813,-0.48074,-1.90137,-0.70358,-0.23353,0.6187,0.01646,0.64788,0.3873,2.92572,0.79295,-1.68511,1
-0.69636,-1.41921,0.34577,0.61886,1.05652,1.37284,-0.99094,0.86949,0.69594,1.18124,-0.59536,0.34309,-1.01969,1.01392,1.16231,-1.13916,-0.91499,-0.04712,0.14766,-0.69869,0.15384,0.4239,-1.19737,-0.31136,-1.04281,-1.86931,0.98091,-0.86009,0.0119,-2.43536,-2.10309,-1.1993,-0.57986,-0.86003,-0.52199,0.26195,0.61819,1.38254,1.34458,0.19464,0.67504,0.87147,2.03668,0.99477,-0.39448,0.59475,-0.01977,0.59497,-0.80735,1.27233,-0.06302,0.68791,-0.63304,-0.0047,1.78319,1.02108,1.88032,-0.49181,-0.68532,0.17654,-1.18898,-0.16993,0.90124,-0.64603,0.80678,-0.44324,-0.11005,1.70943,-0.2937,-0.5513,0.35733,-0.87174,-1.10325,-1.07715,-2.2721,0.19329,-0.40287,1.18498,0.06229,-1.44687,0.56515,0.32794,1.12967,-0.64561,0.69412,0.21942,-0.37247,0.53525,-0.30451,-0.22404,-2.4682,-0.37883,-2.47284,-0.47173,0.58354,-0.93542,-0.48055,0.8984,1.06779,0.01106,0.23336,-0.05965,-0.62089,-0.09115,-1.08817,-0.11662,-1.19456,-0.03916,-1.12267,0.03579,-0.00518,1.96517,0.68575,0.67297,-0.62205,-0.1751,-1.30044,0.97435,-1.07389,0.05546,0.7905,-0.42104,-0.3375,0.09551,0.88992,-0.1927,0.82948,-1.36106,0.49731,0.55967,0.50046,0.94728,-1.10395,-0.94651,-1.08385,0.15061,0.88883,-0.81926,2.03825,-0.52096,1.17383,-0.85299,-0.84152,0.18621,0.90078,-0.41941,-0.16495,0.81441,1.19771,-0.15985,0.87789,-0.94105,0.70394,-0.34448,-0.29008,0.7685,-1.62348,0.16424,0.43295,-0.73721,0.62552,-1.31109,0.72615,2.57615,-0.51034,0.16606,-0.38573,0.0624,-0.85928,0.63015,-0.66223,-0.47639,0.96607,1.46316,-2.23435,1.46833,-0.67525,-0.47178,1.72408,-1.80892,0
-1.71401,-0.72471,-1.03893,-1.25174,0.07272,1.61799,-0.45439,0.37998,1.28962,0.82393,0.75241,-0.82674,1.65043,0.1753,-2.1703,0.20977,1.24657,1.43683,-1.20496,0.5428,0.9476,0.83157,-0.77825,0.53101,0.51005,-0.42284,-0.55777,-1.17762,-2.1921,-1.94964,1.0098,-2.18747,-0.65584,-1.0767,0.49225,-0.412,0.87753,-0.65877,4.37296,-0.80724,-0.5998,-0.87348,-2.10868,-0.30375,-0.63015,1.0082,-0.41276,-0.02899,1.08393,-1.33518,0.97831,-1.74291,-0.86842,-0.91103,-0.39551,-0.0993,0.67265,-0.30063,1.27812,0.33951,1.18652,1.29861,-0.91105,2.29525,0.26606,-1.60398,-0.47786,0.39686,-0.67947,-0.21581,-0.36547,-0.56618,-0.63335,-0.60735,0.53796,-0.99185,0.22209,0.93442,-0.01607,0.21059,-0.4201,-1.56151,-0.89134,-0.66723,-0.82149,0.00951,-0.15035,0.6107,-0.81761,0.66813,0.03843,0.49504,-0.57079,-1.34276,0.37549,-0.12697,-0.16804,-1.10815,-0.23909,-0.53638,0.26987,-0.83212,-1.54092,-0.02681,-0.63558,-0.01416,-0.72002,-0.35929,0.55158,0.11658,0.04866,0.08481,0.17136,1.46339,-1.49066,1.43648,0.92166,1.45937,0.40605,0.56367,-0.01132,0.03306,0.28613,1.27066,-0.31881,2.71185,0.18114,0.31274,-2.34435,0.93772,-0.07467,0.90726,-0.44752,-1.19778,-1.30436,-1.00169,0.7698,1.57022,0.29183,-1.9705,-1.01461,1.3001,0.12868,-0.9309,-0.30709,0.59638,0.39978,0.58049,-0.5517,0.24427,-0.95151,-0.54142,0.66808,0.0237,1.36613,0.7046,0.68394,-1.7784,-1.79186,-0.48532,2.01221,2.25005,1.44134,-0.1318,0.85067,0.37495,-0.29775,0.49148,0.38344,0.80082,-0.43766,-1.04819,0.63529,0.79176,1.34583,0.74419,-0.44321,0.05271,-0.62548,-1.0008,1
-0.41531,-0.41234,-0.76493,0.19221,-0.4818,-2.07546,0.2522,0.49066,0.37317,-0.8217,1.54911,-0.83368,2.01665,-0.39359,-0.87448,1.30822,-0.22182,-0.40258,0.99045,0.39927,-1.54287,-0.27422,-0.83088,-0.36773,0.51289,-0.28338,0.11499,-0.51895,0.65031,1.54949,1.29797,0.86906,0.97459,0.23231,0.88884,-0.33388,-0.81669,0.66025,-0.12494,0.23122,-0.6628,1.76878,-1.25543,-0.69454,1.10533,-1.07465,0.82163,0.78888,0.21037,1.01106,1.69438,-1.31989,-0.05227,0.05498,0.22912,1.10193,0.05041,1.1477,0.20683,-0.47373,-0.59301,1.26063,-0.34396,-0.47655,0.92358,0.58914,0.17008,1.23862,-0.50726,-0.64814,-0.54676,0.30474,0.71858,0.61255,0.38087,-1.46163,-0.42388,-1.03391,-0.8175,0.38843,-1.08642,-0.42029,0.27943,1.63208,0.57348,-0.08431,0.98291,1.17982,1.15417,-0.70124,0.97873,0.31445,-0.7124,1.33028,0.05676,0.59254,-1.3653,0.33626,0.56099,0.15968,-0.81518,-0.16057,-0.36139,0.71867,-0.27654,0.1118,0.21171,0.55739,-0.65945,-1.84994,0.28815,0.32956,-1.33437,0.66531,1.58265,-0.7823,1.20667,1.80887,-1.1971,-0.10828,0.2526,-1.03921,-0.61976,-1.19872,1.04707,-0.47177,0.56091,0.98015,-1.08201,0.53221,0.37694,1.89663,-0.69522,-0.92525,-0.28053,0.48758,-0.16324,-0.45914,-0.88822,-0.2995,0.46995,1.08418,-0.54456,1.62275,1.01127,-1.12353,-1.17113,-1.36134,-0.19626,0.86012,0.74539,0.88738,-1.09268,0.05379,-0.46472,-0.13898,0.23187,-0.35347,1.73885,0.72333,0.2939,-0.45593,0.48541,-0.45323,0.90773,0.64027,-0.89353,0.93046,-0.31892,0.26803,-1.45493,1.16595,-0.97487,-1.60758,-0.84522,0.44238,0.19114,-0.07335,-1.73015,-0.2571,1
0.00085,1.57192,-0.73898,-0.45677,0.84734,-0.61781,-0.2083,0.66838,-0.40914,-1.38129,-0.2819,1.29158,-2.22927,-1.79189,-0.99409,-1.11456,-1.59805,-0.97311,0.96458,0.24366,0.28594,2.05933,0.25064,-1.16663,-1.63635,-0.48834,-1.17214,-0.21076,0.81296,-1.19896,-0.81843,0.81151,-0.33084,-0.61429,-1.04289,-1.1035,-0.29231,0.35784,-0.3668,0.1382,-0.49384,0.86431,-0.26533,-0.33397,-1.92988,0.03898,0.47737,-1.75213,-0.06354,-0.14473,-0.99446,0.87086,-0.86514,-0.33182,1.11148,1.93928,0.87076,-0.26328,-0.56999,-0.44524,0.28009,0.41367,0.54869,-2.35295,-0.60079,-1.03288,1.18534,-0.55557,-2.1103,-0.07505,0.4152,-0.28474,0.00535,-0.12014,1.75277,0.6889,-1.31794,0.24794,1.8961,-0.15731,-0.71137,0.77394,1.09101,-1.36105,1.37223,-0.11562,0.60698,-1.52915,0.77981,-1.69233,-0.91397,1.28789,-2.31217,0.51575,1.38921,0.7257,-0.07951,-1.16397,0.45044,1.13418,-0.16893,0.18956,-0.14381,-0.41474,2.77688,-1.3831,-0.48914,-0.36478,-0.59719,-0.55043,0.03418,-0.26561,0.42575,-0.53215,-2.51562,-1.61482,0.7351,-0.58703,0.92687,-1.08242,-1.12426,-1.64247,0.13858,1.01684,-1.34353,0.39009,0.71646,0.10824,-0.47302,2.09596,-0.54473,1.1559,0.91687,0.57412,0.50723,-2.3939,-0.25051,0.66412,-0.54632,0.01189,1.28506,-0.33223,1.53408,0.84335,1.0297,-0.0037,-0.7654,2.78105,0.55079,0.43794,0.22268,-1.2218,0.2751,-0.96533,0.06391,2.4223,-0.34831,-0.65064,0.17441,-0.07403,1.31887,-0.06243,0.37884,-0.45985,0.25125,0.66417,-1.77971,-0.11759,1.05503,-1.41982,-0.72075,-0.86718,0.22067,0.18789,0.90026,-0.92764,-0.50691,-0.61649,-1.61189,0.02211,1
0.5272,-0.44195,1.04076,-0.4055,1.06508,-1.41349,0.10769,-0.37665,0.23374,1.53003,0.05439,0.31153,-0.62814,-0.90085,1.79031,-0.74062,1.53854,-0.9081,-0.6221,0.41321,-0.84828,-1.44356,-0.41478,0.17687,0.87429,0.48266,0.20454,1.92753,1.02949,0.85037,-0.1178,-0.43354,-0.30856,-0.81307,-2.10067,-1.9619,1.52674,0.10157,-0.09622,-0.85645,0.3501,1.1328,-0.12412,-1.63335,-0.59869,0.36947,1.28912,-0.31195,0.45447,0.60985,-1.84293,-1.13429,-0.80636,0.12171,0.1662,-1.22444,-1.13673,-0.55701,-0.84547,-0.44943,0.66389,-1.81692,0.40062,1.09358,-2.31119,0.57404,-0.44501,-0.75554,0.65385,-2.80013,0.29874,-0.86143,0.77683,0.31126,1.00106,-0.42292,1.15832,0.13796,-1.21045,0.79449,0.25476,1.32744,0.64159,0.6305,0.01953,-0.06215,-0.33988,-1.3919,0.58769,0.72758,0.57875,-0.05758,0.52337,-2.14033,-0.40411,-0.9073,-1.34298,0.62792,1.1897,-0.90134,0.14121,-2.10613,0.50329,0.32584,-0.32374,0.35064,-0.3121,1.85426,-0.1678,-0.41657,1.02846,0.21665,0.32508,-0.39438,-1.15243,0.14026,0.65941,0.83766,-1.3112,0.16908,-0.97972,0.84737,-0.79978,-1.2271,-0.11547,0.0029,-0.69941,0.06702,-1.43187,-2.45546,0.63389,1.36951,-0.81475,1.4765,0.5917,-0.38436,0.46195,-0.72237,-1.55983,0.92616,-0.16129,-1.2388,-0.64259,-1.80298,0.67516,0.17787,0.31398,0.67187,0.06588,-0.97031,0.20224,0.74182,0.31345,1.16962,-0.34455,1.7916,-1.75722,-0.15459,-1.20897,1.16907,1.46089,-0.3801,-0.64219,-0.79794,1.27884,-0.97304,0.46921,1.72784,1.01694,0.93771,0.24406,-1.2848,-0.05177,0.83037,-0.82921,0.33386,0.35301,-0.53341,-1.38525,-0.35628,0
1.48611,-0.65432,0.17706,-0.6485,0.10334,-0.53197,-0.1798,-0.10803,-0.06371,1.46162,-1.02158,0.34374,-0.4302,-0.39333,-0.04131,0.57656,1.55263,0.81698,1.17688,0.81274,-1.46316,-0.23916,-0.28888,-0.11026,-0.52231,0.13358,0.38754,-0.36914,-0.3793,0.18126,-0.18822,-0.96661,1.39631,-0.5662,0.56793,-0.43318,-0.40005,0.0518,-0.9093,-0.63464,0.28404,-0.1381,0.36539,0.29297,0.48062,-0.39937,0.60782,-0.25684,0.35829,0.06673,0.3598,0.49941,-1.29429,0.32428,-0.24123,0.1042,-0.15658,1.332,0.42006,-1.96002,-0.36998,-0.36521,-0.38505,0.9341,0.14025,0.95877,1.27342,-0.85276,-1.05454,-0.89896,0.31546,2.69166,-0.23277,-0.32246,1.90212,-1.98531,0.52355,-0.85082,1.13877,-0.97215,0.23742,0.13743,-0.47312,-0.14673,-0.50324,1.73169,-0.1887,1.39546,-1.02839,-0.09258,0.78511,-0.13552,-1.25386,1.0908,-0.0231,1.40492,1.13175,0.27534,0.20195,0.5185,-0.17459,-1.21801,-0.07408,-0.3596,-2.2458,1.62579,-0.56637,-0.50745,-0.29488,0.73321,0.95315,-1.07229,1.62432,1.00389,0.75971,1.35659,-1.1446,0.46684,-2.61876,-2.05802,0.88742,0.34686,-0.23936,-0.17028,1.07315,-0.97164,0.95141,2.42923,-0.18073,-1.98702,-1.6325,1.24029,-1.5061,1.5338,-0.30014,-0.54798,0.22058,0.75099,1.69009,0.78494,0.77022,0.58689,1.80039,-1.30658,0.18039,-1.43007,0.15605,0.34936,0.86391,-0.184,0.45747,-1.58839,2.17048,0.09888,-1.65725,0.66911,0.19931,1.50312,-1.14096,-0.62401,0.01173,-0.39781,-0.22281,0.16761,-0.38096,-1.16393,0.76075,0.41207,-0.20583,-1.34807,0.75064,0.51219,1.77751,0.73913,0.84895,0.17914,-0.87375,0.3589,0.41204,0.30889,0
-0.31539,-1.11478,0.303,-1.68165,-0.56372,0.70105,-0.19088,-1.08608,-0.18284,-0.05422,-0.3033,0.67723,0.1601,0.92016,-0.3934,0.70352,-0.57564,-0.31822,-0.44343,1.13553,0.66048,-0.44867,-1.51291,-0.67022,-0.47747,2.13022,-1.92766,0.17031,0.77199,-0.21091,1.07475,-0.05327,0.70568,1.09031,-1.61422,-0.49793,-1.28418,-0.31493,1.8494,-1.13558,0.15258,-0.91409,-0.86825,-0.01042,0.62214,1.58429,-2.11182,-0.30282,-2.0345,0.55858,-1.37408,0.49404,-0.77529,0.40973,1.04917,1.00009,1.34359,0.38723,-0.97055,0.90188,-0.6249,0.53264,1.24119,0.37578,0.17712,-0.03076,0.52269,0.65193,-0.50163,-1.09161,0.33727,-0.57781,0.33005,2.16665,-0.66529,0.95674,-1.18613,1.66205,-0.53142,0.16934,0.05687,-1.41602,-2.34121,-0.84761,1.17947,0.70024,-1.67521,-2.06542,-0.92491,0.87843,0.31214,-0.19786,1.04625,1.82584,0.51164,0.14377,-1.55437,0.43854,-1.10486,0.02517,0.70562,0.85919,-1.05057,-0.18973,-0.16447,0.04121,-0.89865,-0.20423,0.5278,0.3839,1.20098,-0.49722,0.27218,-0.6083,-1.27002,0.33763,-0.29935,1.39243,1.28484,-0.03042,-0.47903,-0.33979,0.40091,-0.08289,0.85032,-0.92215,-1.32247,0.10685,-0.97049,-0.36258,-1.77034,-0.26706,-0.69197,-2.80756,-1.03872,-0.04711,-0.17358,0.06366,-0.7353,0.20583,0.16461,0.7371,-1.22999,2.09505,-0.93854,-0.53663,-1.16507,-1.32055,0.58586,0.21427,-0.27421,-1.79182,-0.3294,0.76205,0.04009,-1.12404,0.54023,1.29732,0.19212,1.68182,0.32807,0.20824,-1.06791,1.95346,0.29935,0.53393,0.05197,-0.84331,1.50216,-0.66158,-0.12956,0.86262,-0.77049,0.31061,-0.65489,-1.8851,-1.25656,-0.44295,0.17079,-0.13834,0
-0.17485,-0.67212,-0.56778,-1.07792,0.43799,0.2679,0.54739,0.91222,0.00229,-1.23444,1.28748,0.29914,0.03136,-0.37634,0.91235,1.31585,-0.64777,-0.43224,1.17328,0.24638,-0.07822,0.60878,-0.18258,-0.95574,-2.20887,0.22397,1.07002,0.04434,-0.67059,-0.00924,-0.74043,-1.23252,0.81981,0.94862,-0.11337,-0.67871,0.52882,1.06752,-1.53104,-0.64672,-1.65761,-1.46209,-0.87184,-0.39447,0.10344,-0.13121,0.47035,-1.77588,-1.33339,-0.24854,0.18431,-1.5001,2.61435,1.24901,0.68781,0.47986,-1.11963,-0.88439,0.26494,0.0236,-0.56939,0.34912,-1.29878,0.45386,0.33473,0.05903,0.94273,0.6275,-1.00233,-1.12008,0.13153,0.99867,-0.58282,0.24806,1.04575,1.27329,-1.50143,1.67764,-0.60793,-0.64436,-0.91782,-0.17897,0.34844,-0.41008,0.37993,-0.32403,-0.33898,-0.62845,-0.52224,0.02831,-0.11149,-2.08446,0.69962,-0.32217,-1.16746,0.35587,-0.29756,-0.33255,-0.49978,0.5827,-1.57273,0.48215,0.18562,0.9849,-0.92644,1.05697,-0.37893,0.2003,-0.17974,1.15529,-0.21481,-1.85646,-0.6836,2.19051,-0.74105,-1.26619,-0.69585,0.07278,-0.98258,-0.32833,-0.62641,0.06663,0.32807,0.89673,-1.62803,1.33747,-1.23678,-0.22105,-0.52351,-0.12416,1.06451,-1.39647,-0.93339,-0.55796,-0.15793,-0.64038,-0.7205,0.25717,0.76068,0.80204,-0.29036,-1.14327,-0.63063,0.98554,-0.28259,0.24888,-1.02234,0.81235,-0.00799,-1.3596,-2.14416,-1.93306,0.18629,1.77461,0.03929,-0.58815,0.22867,-0.37245,-0.92559,0.52756,-0.75244,0.14863,1.21189,-0.11511,1.16744,0.40485,-0.34932,1.0764,0.19298,-1.27928,-0.23432,0.66936,-0.86926,0.04409,0.7366,0.7127,0.44252,0.29463,-0.9746,-0.13958,0
-0.32717,0.71499,-2.23377,1.58993,1.55555,-1.84043,1.1515,1.04413,-0.08539,1.89032,-0.23845,-1.1057,1.8219,-0.13542,-0.19317,-1.87989,1.30839,0.42889,-0.53935,-0.00044,-0.00597,-0.79736,-0.67113,-0.89835,-0.69547,0.61228,0.30419,-1.42547,0.32254,-1.3386,-0.49718,-0.28427,-1.46491,-1.56702,-0.44589,0.92056,0.67261,-0.14458,-0.68723,0.82792,0.43793,-0.89819,0.76049,-1.3973,-0.46266,1.81779,0.60486,-0.42934,0.55089,-1.46911,-1.88718,-1.16678,0.80489,-0.9313,1.34362,1.44374,1.07563,-0.04673,0.46065,-0.77958,0.32079,-0.19047,1.18048,0.52444,-1.83544,0.36385,1.47589,0.534,1.37406,-0.74866,-1.49349,-0.48735,-0.54031,1.47225,0.91866,1.52287,0.54537,2.71998,-0.96598,-0.13905,1.20927,-1.25576,-0.4507,1.25212,0.15583,-0.96124,0.57894,1.12699,1.01976,-0.56195,0.66222,-1.07081,1.13718,-0.08765,0.73767,-0.03998,0.50202,-0.45619,-0.70837,1.13544,0.09303,-0.18689,0.6268,-0.07269,-1.14602,0.02229,-0.6479,-0.62107,0.84678,-0.7477,0.67864,0.10381,-0.23542,0.22056,-0.81152,-1.78095,-1.17575,0.03273,0.5665,1.39604,0.88735,0.33042,-0.60748,0.2822,-0.30671,-0.46056,-0.32245,-1.01203,-0.06679,1.16768,-1.23889,1.53082,-0.20921,-1.09678,-1.35211,2.17972,-0.47303,0.71961,-0.1392,-1.75345,-0.55735,-0.80669,-1.71861,2.43633,0.26494,-1.68028,0.69489,-0.21813,1.48484,-0.4203,-1.36569,-2.51467,0.48154,-0.10416,-2.90507,-0.65561,0.24062,0.73937,1.24848,-0.23667,-0.8996,-0.54637,0.72768,-0.37442,-1.10303,-0.00995,-0.6341,-1.02199,-1.11499,2.73983,0.09112,-1.49166,0.12623,0.51083,0.67112,-1.11979,-0.95556,-0.75467,1.31889,0.5015,1
-0.21355,-1.3891,0.5318,-0.80855,0.88293,-0.46898,0.18663,1.21865,-0.3519,-0.13186,0.35844,0.20537,1.01211,-1.32514,0.84907,0.44308,-0.69146,0.40091,-0.17815,-1.05307,0.40573,-0.33002,-1.61117,-1.1682,-0.96727,0.35265,-0.96373,0.52502,2.09565,-1.89815,0.87509,-0.48378,-2.60433,0.69034,-0.49316,-0.11019,-1.00578,0.34067,-0.39001,0.92173,1.51319,0.60105,1.03574,0.98722,-1.21515,0.64891,-1.11641,0.66045,1.39136,2.28962,-0.09409,1.32045,-1.269,1.27298,-0.85678,-1.35018,0.20025,-2.07798,-0.60778,-1.05991,0.44422,-1.20256,1.02671,1.1888,0.89816,-0.66915,-0.44925,-0.30032,0.43929,1.75369,-1.1755,0.52039,0.64498,1.30676,0.99848,0.16604,-0.89579,0.24314,-0.69942,0.4093,1.49,2.0341,-0.07472,-0.55273,-1.78282,-0.29974,-0.05047,-1.91451,-0.66569,-0.29809,0.1987,0.71122,-0.8072,0.1058,0.08243,0.65504,1.73762,-0.17728,-0.48984,0.80455,-0.10802,1.4202,-0.55403,-1.31163,0.35925,-0.06089,0.26968,1.09918,-1.5048,-0.40825,-1.25451,0.36808,0.14271,-2.3636,1.327,0.19477,-0.43817,-0.02276,-0.03202,2.23303,0.5664,1.03574,-0.19931,-0.30944,-1.39104,-1.75015,0.54099,0.92675,1.70591,0.27685,1.34194,-0.91261,0.85726,1.30699,0.49335,1.23658,-0.40555,1.04322,-0.87843,-0.07567,0.19885,-1.18623,-1.12793,-1.08354,-0.50952,-0.65664,-1.07326,-0.52433,1.22452,-1.15055,-0.56326,-0.16593,-0.73941,-1.15728,0.16285,0.84703,-0.14731,-0.13664,-1.85511,0.74042,-0.09256,1.61812,-1.16173,1.90814,-0.70193,-0.73793,-0.16638,0.13757,0.65609,-0.50033,-0.2781,-0.61684,0.12425,0.59587,-1.11449,-0.96881,-1.14187,2.43585,-0.67145,-0.9921,0
0.09021,0.30786,0.10747,2.39346,1.85217,0.94499,-0.0794,-0.55629,-0.52483,1.02602,-1.44211,-1.14543,0.70165,-0.49266,0.99038,1.85053,-0.26745,0.30569,-1.47067,-0.79468,2.24492,1.77597,0.67349,-1.56457,0.77826,1.05333,0.07855,-0.99009,0.60382,-0.23762,-0.69008,-1.59008,-0.72482,1.65342,1.06238,-1.12678,0.89082,0.33133,-0.12278,1.02797,0.06001,0.58486,-0.80674,1.83379,-0.52156,1.17784,0.91423,1.45439,-1.05076,0.68664,1.6363,1.64607,1.17092,0.20771,1.70196,0.38763,-0.13375,-1.31756,-1.47402,1.24535,-1.47638,-1.01182,-0.10796,-1.28649,1.65001,-0.58074,-0.75232,-0.51896,-0.6976,-1.14088,1.26798,-0.6277,-0.34121,-1.07191,0.49108,-1.67574,1.46078,-0.5837,0.69938,0.30482,-0.76197,0.46723,0.35968,1.72822,-1.30105,-0.02457,0.9,0.00032,-0.72341,0.79828,0.06826,1.34546,-1.09563,0.76975,1.25939,-0.96821,1.13033,1.46738,-1.44507,0.33086,0.09476,0.03456,-1.30555,-0.08938,0.01059,-1.7962,0.03024,-0.50359,0.01911,0.69838,-1.05004,0.82127,0.05673,-0.57213,0.47156,-1.01799,1.99081,0.69246,1.13072,0.51196,0.56216,-0.8574,-0.28214,-0.00245,-1.57036,1.19033,0.19875,-0.04412,0.85771,-1.17508,0.5488,-0.06689,-0.61046,-0.23318,-0.94876,-0.12021,1.95514,-2.02647,1.16514,0.49415,-1.9221,-0.09229,-1.2594,1.03159,-1.64719,-0.31669,-0.08892,-0.82313,-1.70305,1.65444,1.14153,1.25544,1.97482,0.1123,-0.19433,-0.72595,2.28269,0.36488,-1.09229,0.00506,-1.50268,1.22087,0.69442,1.54042,1.71992,-0.66843,1.24445,-1.24568,-1.20318,-0.4878,0.92822,-0.55733,-0.90104,0.72437,-0.29026,0.93195,1.07632,-1.12737,0.34161,0.24261,1
-0.85821,-1.30643,0.77227,-0.66644,-0.04744,0.10591,1.68158,0.30901,-0.31779,1.20066,-0.54322,0.69727,-1.38128,1.49791,-1.03913,1.15887,0.9014,0.60482,0.028,0.91448,-1.0163,-0.26327,-1.63777,-0.57216,0.3516,-0.07974,-0.80429,1.18623,-0.98762,2.31165,0.08988,0.06966,0.69486,0.87044,0.60878,-0.58185,-0.46192,-0.63814,-2.55371,-0.04952,-0.16398,-1.01664,-1.0746,-2.0077,0.12781,-0.37924,0.09036,-1.02547,1.3257,1.00088,-1.14019,-0.20482,0.12727,1.19564,-0.39306,-0.60716,1.9309,0.47523,-0.76548,-1.18857,-1.49516,-0.90012,0.99758,0.56499,0.46829,1.10486,-1.40681,-0.47438,-0.37126,-0.59383,-1.28001,0.81583,-0.65065,-1.84572,-2.44631,-1.65342,1.12132,-0.44865,-0.58121,1.01898,-0.43885,-1.80012,0.46964,-1.36347,-0.48224,-2.60133,-1.50464,-0.95275,0.14938,1.14923,0.46568,-0.9812,-1.10943,-1.01559,0.67677,0.97272,-1.16971,0.7153,-0.94101,-2.14313,-0.57662,2.29349,0.49691,-0.64045,0.20107,0.65097,0.43614,0.52547,0.58012,0.56809,0.275,-0.02295,1.51192,-1.25479,0.58552,0.81797,1.57634,1.10242,-0.19144,1.27645,-0.77428,2.26284,-0.61352,-0.17611,0.22351,-0.38603,-0.30948,0.09107,0.07494,0.5872,-0.63267,-0.2371,-0.62625,-0.76866,1.18684,-1.12802,0.98528,1.46477,-0.24069,0.90455,1.53651,-0.17099,-0.31141,0.4119,-0.03992,0.90759,2.11464,-0.48539,-0.48843,-0.36856,0.18022,0.35804,-1.31243,-0.75363,-1.05692,1.48364,-2.54227,-0.04289,0.67616,0.11133,-1.23287,-0.47705,0.29255,-1.47983,1.45177,-0.63584,-2.56107,-0.47106,0.80341,-1.28418,-1.93207,0.64509,0.36826,-1.34653,0.03854,-0.24746,-1.88531,0.8477,-0.6446,0.44691,0
-0.46814,0.08883,-0.28538,-0.57922,-1.73184,0.86988,2.37654,-0.61497,-0.66689,0.34996,-1.9519,-0.15802,1.52473,-0.66561,-1.20029,-0.13874,-0.19228,0.83401,-0.17826,1.12263,-1.90634,-0.45734,0.57446,1.05302,0.77929,-0.22241,0.46339,-1.28442,0.50677,1.71056,1.94994,0.21873,-0.79972,0.3479,-1.15714,-0.27888,1.66023,0.47893,0.89044,-0.13679,-0.80969,0.14526,1.26735,0.77003,1.92716,0.95249,1.00451,1.0189,0.93098,1.3587,-0.88417,-0.17404,-1.60258,0.01193,0.86528,-1.09427,1.454,-1.12989,0.65663,-0.65352,0.48343,-0.02882,-0.57455,0.64396,-0.46518,-1.74806,0.93923,0.62099,0.68415,-0.11456,0.28143,0.77866,0.33469,-1.23141,0.56896,-1.15059,1.60901,0.81842,1.1641,0.47817,-0.87365,0.81209,-0.89404,1.56874,1.64774,0.09981,-2.95576,-0.79191,-1.0749,-0.71889,-0.41911,0.28246,1.82039,-0.57256,1.81671,1.25938,-1.22813,-0.71298,1.30143,0.12304,-0.98851,-0.56846,-0.0397,0.60599,0.03944,1.54873,-0.43494,0.38713,-0.78844,-0.22991,2.10849,-1.28914,0.90224,0.26501,1.55968,0.52499,1.2438,-0.812,-0.70154,-0.68507,-1.61399,-1.58367,-0.20842,0.4637,1.80132,-0.32483,-0.15994,0.60121,1.44554,-0.20801,0.64505,0.50425,0.44408,0.14654,1.42513,-3.34228,-0.05901,1.42548,-0.07853,-0.34059,-0.26735,-0.08888,-0.08892,-0.64174,0.96132,0.72616,-0.55525,2.30066,0.72846,0.49746,-0.17495,-1.75087,-1.22879,-2.58244,-0.71885,0.13828,-0.6622,0.82072,1.04503,-1.44098,0.42097,-0.52924,0.24939,1.80004,-0.6139,1.02595,-1.04749,1.5013,1.09246,-0.05846,-0.78968,-1.25525,0.2779,1.3145,-0.7381,-0.21304,0.52908,0.82892,-0.04565,0.76319,1
-0.02001,-1.17343,0.31472,-0.47547,0.2039,0.8831,-0.46896,-0.55183,1.13269,-0.76495,-0.52521,-0.26407,0.69917,-1.65549,0.35566,1.76922,1.03537,0.08792,1.49006,-1.79107,-1.78673,0.56728,1.19657,1.5559,-0.67483,1.31499,0.6757,-0.45265,0.06412,-0.23303,0.26304,-1.02792,0.45499,-0.08014,-1.14049,-0.73704,1.13921,-0.4628,-2.03022,1.56805,0.06418,0.19617,1.44495,-0.96804,0.25956,0.27457,0.2768,-0.45626,-0.36501,-1.16975,-0.33497,1.58402,0.61425,-0.37461,0.56373,0.37753,0.6038,-0.23251,-1.28563,-0.6334,-2.41946,1.78311,0.56101,1.38207,0.71221,0.49419,0.69416,-0.87843,-0.77053,1.27813,-0.70779,0.05834,0.72196,1.52693,0.87624,0.4652,1.62803,-0.89196,0.02561,0.40814,2.1634,0.74516,-0.31879,0.29768,-1.33072,0.39626,-1.30073,-0.2394,0.83082,0.57245,0.63708,0.25163,1.23828,-0.50301,0.02062,0.50126,-1.04546,1.21154,-0.81713,-0.27477,-0.44913,-1.4453,-0.07801,-0.8119,0.7953,0.30387,1.9786,0.29088,0.80574,-0.52637,-1.49834,0.37418,1.60502,-0.78798,-0.48076,-0.14204,-0.1983,0.01005,-1.13826,-0.29641,0.85115,1.2474,-0.91261,-1.83812,-0.79404,0.31451,-0.37489,1.14199,1.19367,-1.30061,1.0334,-0.05118,0.3646,0.92064,-1.217,0.04519,-0.03143,-3.10197,0.36219,0.37783,2.04102,-2.26774,1.22829,-0.04801,0.92045,-0.01973,1.63145,-0.13613,1.26915,0.17315,0.87075,0.66697,-0.68057,-0.55307,-1.82838,-0.33462,0.03631,-0.12182,-0.58677,0.27703,-0.11351,0.8977,0.28905,1.16171,0.65491,1.17284,0.01517,0.41713,0.17593,1.22195,0.51091,-1.02767,0.48207,0.28994,0.35895,-0.20057,-0.00866,0.11157,0.62074,1.33369,1
1.19218,1.12019,-0.17836,-0.27858,-0.64661,0.68015,-1.28763,-0.1184,-0.84726,-0.18321,-2.10203,-1.54475,-0.91489,0.57432,2.36503,-0.69791,0.22361,-0.33599,-0.15866,0.27657,0.8421,-2.29539,3.28108,-0.10773,-0.25795,-0.02684,0.6885,1.26509,2.018,-0.45177,0.25415,-0.3382,0.03265,-0.98505,0.69887,1.52718,0.31582,1.13718,1.3351,-1.18642,-1.01222,0.37198,-0.12075,1.10776,-0.34036,0.33361,-0.82763,-0.18105,0.86135,0.47578,-0.91599,-0.43317,0.1123,-0.14808,-1.50462,1.72089,-0.58402,0.72102,-1.55809,-0.68927,0.67879,-0.3421,-0.71812,-1.49563,0.21669,2.13341,-0.36001,0.96832,0.55991,-0.00894,1.08941,1.09654,-0.025,-1.1084,1.39466,0.48755,1.07088,0.08396,-0.55854,-0.78916,1.46745,1.62496,0.39964,1.95851,0.16478,0.27208,0.59923,1.4095,1.05002,0.72268,0.3679,-1.29538,0.48996,-0.66214,1.84825,-1.52825,1.41122,0.50505,0.82555,1.29444,-0.90824,-1.23262,-1.62197,-1.87903,0.25857,-0.74839,-0.19284,0.71681,-0.36371,1.1315,0.15387,-1.94294,-0.13778,-0.0819,-0.52432,-0.92027,0.53661,-0.49106,0.04315,0.53128,-0.54949,2.17228,0.62671,-0.47753,0.30178,2.01004,-0.96994,0.38342,1.48582,-0.13155,-0.05657,-1.59847,0.00821,2.1399,0.78438,0.10553,0.24642,0.69132,1.9025,-0.07245,0.52395,-0.45834,-1.17982,0.71492,-0.86511,0.55347,0.36285,-0.85156,0.21866,-3.23709,0.27159,-0.35343,-0.56226,-0.08026,-0.47442,1.23692,0.63168,0.42142,-0.96438,0.48872,-0.26964,-1.15705,-1.19064,0.45013,0.19892,-1.28177,0.79443,0.1415,1.86124,-0.43008,1.39348,1.08155,-1.06102,1.06933,1.61149,-1.46236,-0.64491,-0.54633,-0.50228,-0.68028,0
-0.64251,-1.06648,1.79452,-0.13318,-0.34237,-1.19163,1.47996,1.00127,-0.69892,-1.49857,1.01862,-0.1233,0.39179,0.79085,-1.23282,-1.03277,-0.20512,-0.71383,1.09046,-0.5527,0.03347,-2.19356,0.22612,-1.19067,-0.28716,-0.51093,0.17401,-0.61606,0.32992,-0.56583,-0.39023,0.01447,1.4221,0.62516,-1.66176,-0.75723,0.69556,-1.55259,-0.02413,1.22391,1.1591,-0.04,-0.43343,1.29381,1.85363,-0.71019,-0.26296,0.26119,-0.71453,0.58,-0.14724,-0.63874,0.67402,-1.65378,0.20119,-0.22589,-0.9883,0.6433,0.86718,-1.26504,0.44617,-0.0018,-0.86472,0.99543,-0.17025,-0.1445,-1.16631,0.25911,-0.23927,-1.38841,-0.42662,-1.25687,2.29581,-0.60116,1.17746,-0.05247,-0.74006,-0.91981,0.67922,-0.43109,1.30684,0.85906,-1.05422,2.25281,0.77101,-0.37792,-0.04036,1.20629,-1.1941,-0.26467,-1.8737,-0.40212,1.47457,1.11015,0.90774,0.73278,-0.35218,-1.00224,1.24183,-0.42542,-0.44094,0.97508,-0.88133,-2.12059,-0.68669,0.20149,-1.09834,-0.52141,1.12331,0.88789,-0.56318,-0.22695,-1.6975,0.3316,1.29052,-0.47323,-2.00675,-0.99368,-0.67089,2.14133,0.23439,1.25518,-2.24479,-0.46054,0.3561,1.28158,-0.04447,0.06943,0.57572,-0.91279,-1.47363,1.15027,-0.02578,-0.70548,-0.59942,0.23684,-0.03946,0.04068,1.27799,0.14692,-1.01926,-1.50179,0.6735,-1.14662,0.04892,-1.09361,1.75549,0.52839,0.88393,2.18127,-0.22591,0.79205,1.56357,-0.03905,-1.43348,0.38533,-0.11549,1.27129,-2.68625,0.00523,0.75331,-1.04323,-0.41468,0.73071,-1.22244,-0.91202,0.20104,0.36174,-1.67644,0.55271,-0.63067,-0.34902,-1.11038,-0.45162,-1.16512,1.07876,1.17798,-0.42802,1.20455,0.28273,0
1.47036,0.47458,-1.10731,0.60998,0.62813,0.28524,-1.76895,-0.17021,0.45936,0.99553,-1.31463,-0.87377,0.15343,0.41337,0.31422,2.11866,0.05423,-0.24878,1.74469,-0.72976,0.45444,-1.02479,-0.74534,0.82485,-0.1111,-0.27187,-0.68915,-1.27701,-0.53027,1.73858,-0.62145,0.07173,-0.6074,-0.51275,-0.48076,-0.20502,-1.79305,0.66127,0.77844,1.36826,1.18423,-0.24205,-0.34477,-0.09526,0.23613,-0.3105,-0.09127,0.78737,-0.50711,0.08088,-1.14181,-1.35425,0.3473,-1.29514,0.33115,0.3292,-0.46118,1.49108,-1.13406,0.29821,-2.11147,0.63825,0.10569,-0.52687,1.15543,1.52621,-0.18799,0.26463,1.04644,0.52419,-0.09899,-0.41099,0.73358,-1.08881,0.86158,-0.2168,-0.60109,0.68848,-0.60292,0.52535,0.11967,-0.64117,0.46407,-0.27239,-1.50035,-0.93478,-0.83432,0.28097,0.29233,0.57725,0.30861,0.29651,-1.46377,-1.37436,-1.4859,0.68809,-0.26074,-0.40043,0.3617,-1.16508,0.96634,1.42921,-1.69079,1.63979,0.08829,-0.25711,0.086,0.69111,1.57838,-0.82936,2.49603,1.70054,-0.50015,2.17165,1.00784,0.65937,-0.38628,0.43352,-1.02013,0.29717,1.18476,0.34824,1.56893,-0.94391,-0.32769,0.32116,0.89988,0.29323,-0.58467,0.62335,-0.83968,0.54854,-2.3468,-0.97373,-2.14603,-1.34598,0.7676,-0.99522,0.91865,-0.20104,1.23084,-0.27316,-1.11187,-0.67541,0.3672,-0.91537,-0.9554,2.30068,-0.14166,-0.74462,-0.96343,-0.06982,-1.04665,0.1228,0.02468,-0.36896,-0.64971,-0.76697,-0.63156,-1.23071,-0.04461,-0.04676,0.29689,-1.01782,-0.77019,-0.20877,2.33146,0.08721,0.14319,-1.38946,1.41899,0.56598,-1.01263,-0.72071,-1.03287,1.33277,-0.13722,0.87655,-0.82446,0.74386,0
0.74181,1.43156,-0.12837,-0.94066,-0.64331,0.29375,-1.70227,0.53854,0.66559,0.41978,-1.25412,0.5034,0.10737,1.11359,0.82881,1.13886,0.14674,-0.48738,-1.30482,-0.4114,-2.60813,-0.75578,0.83282,-0.25824,-1.48196,0.06962,-0.40138,-1.48123,0.44475,1.56191,-1.47018,0.49622,0.64843,1.41974,0.44036,1.76537,1.07968,1.98399,0.17728,-0.19164,-0.36924,1.05772,1.89653,0.36022,2.25546,-1.60187,-0.06505,0.35971,1.41337,1.92591,1.29647,-0.47441,-1.40497,-1.35954,0.81075,-0.01634,-0.95148,1.72649,-0.79562,-0.92075,1.14145,-1.65281,-0.75059,0.87756,-1.53144,1.11568,-0.92724,-1.34643,-0.33742,-0.04624,-1.49768,-0.38532,-1.04204,-0.52561,1.06094,-0.60872,0.32774,0.27609,-0.51772,0.00325,-0.61397,-0.19092,0.09187,1.19731,-0.92272,1.2489,-0.06678,0.3385,0.06058,-0.83067,0.3493,-0.47591,0.65291,0.47752,-0.04902,-0.10339,-0.16831,0.33182,0.57383,-1.01985,-0.06056,-0.4616,-0.39923,-1.54001,1.90226,2.03582,-0.08306,0.23789,0.32975,-0.2221,0.42253,0.39402,-0.04735,0.49535,-0.17462,1.31216,1.40461,-0.67357,-2.98112,-0.64309,-0.73651,1.13514,-0.20862,0.19709,1.03544,1.89464,1.01059,0.49379,0.10157,-0.60044,0.45856,-0.30128,-1.17014,0.18553,-0.63734,0.72662,0.33226,0.80893,0.9228,1.61532,1.25351,-1.59079,-0.42096,-0.1308,1.71671,-0.4537,-0.31645,0.72971,-3.01321,0.44862,0.1121,0.95178,0.77216,1.95448,0.11388,0.61088,1.22751,1.01562,0.73779,0.52802,0.30546,1.02276,0.62823,-1.80753,0.12155,-1.60922,0.19545,0.36385,-0.31286,-0.38243,0.02383,0.07763,0.24723,-0.58365,0.811,1.52425,-0.58176,-0.28106,-0.27565,-0.20566,1
1.65095,1.09153,-1.50777,-0.46655,-1.58039,-1.03446,-0.59867,0.04211,-0.90348,0.67159,-0.26486,0.13784,-1.27493,1.07173,-0.70166,-0.29927,-0.56639,-1.65078,1.03905,0.64253,0.71837,-0.64587,-0.41828,-0.41192,-1.16944,-0.027,0.30346,0.32428,-1.58166,0.73032,-1.83623,0.35455,-1.04986,-0.25932,-1.04749,-1.4915,-0.84194,0.74432,1.92815,-0.21179,0.09787,-0.9604,0.58467,-0.68433,-1.85264,0.27953,0.29012,-0.31555,-1.48329,0.54728,-1.295,-0.85074,0.13331,1.63835,2.2622,-0.46048,0.79742,-0.06386,1.9882,-1.63853,-0.87788,0.41786,1.10719,-1.22729,1.47643,-0.2827,0.77384,-0.72118,-0.43028,-0.41843,-1.66232,-0.41569,1.41683,1.02863,0.28639,-0.55862,-0.24301,0.02633,-1.31303,-0.07713,-0.66012,-1.10885,0.48122,0.19501,0.18556,0.54637,0.29897,-0.72373,-1.84991,-1.59223,0.69826,0.99069,0.73611,2.38971,-0.61921,-0.13873,-0.22986,0.94965,1.58093,-0.61599,-0.15983,-0.33101,-0.30025,0.1581,-1.90856,0.60027,0.48764,0.84636,-0.20762,-1.83681,0.81297,0.22965,-0.1556,0.39802,-1.119,-0.01442,-0.40533,1.9354,-1.05324,-0.72139,1.05986,-0.20439,0.19488,2.00681,2.3254,-1.0686,-1.65201,-0.41506,0.68995,0.94659,-0.89116,0.19808,0.68782,1.14633,-0.59724,-0.50588,-1.73674,0.79407,0.08518,-1.36615,1.31453,3.55875,-0.24087,1.88557,-1.34894,0.51475,-0.26895,-0.37681,0.05887,-0.94645,-0.41819,-1.42909,-0.69437,0.27486,0.36722,1.71673,0.2075,1.11069,-0.3418,-0.33233,-0.56571,1.58019,-0.01514,-0.74896,-1.28574,-0.38495,-0.30044,0.61775,0.95628,0.44079,0.67608,-1.41435,-1.10889,1.01327,0.06686,0.08221,0.01119,-1.33564,0.52752,0.69754,1
0.72647,0.82771,-1.33346,-0.30175,0.79765,0.94762,-1.36497,0.10538,-1.5512,-0.37305,1.79669,-2.35909,0.54928,-1.24446,-0.9444,0.99508,-0.38786,1.09588,-0.53688,-1.01498,0.07301,-0.58992,0.14126,-0.36904,-0.09028,0.27863,0.22727,1.30781,2.78323,-0.73926,0.14249,2.49854,0.90147,2.03623,1.34403,1.67037,-0.67746,-0.53045,0.21396,0.63419,0.13673,1.07465,-0.30984,-0.3884,-1.24066,0.06603,-3.10797,1.59554,0.44769,0.05715,0.15462,1.70335,-1.5168,-0.58889,-0.23201,0.67617,1.56672,-0.99893,2.12194,-1.16485,-0.3722,-0.41941,-0.07204,0.23691,2.23633,-0.30436,-0.1055,0.04544,0.29897,-0.58571,1.40619,-0.11657,-0.17603,0.66273,0.69216,-0.27399,-0.98838,0.4647,0.40366,0.79475,-1.08229,1.66818,-0.1157,0.1698,-0.65268,-0.45654,0.36092,-0.78691,-0.33944,1.55247,1.45139,-0.29995,0.24752,-0.38133,0.3073,0.31329,-0.0059,0.13755,-0.96081,0.77016,0.18717,0.47502,0.1652,0.53557,-0.07236,-0.9765,0.97013,0.9921,-1.63819,1.30617,0.91566,1.44214,0.5767,-0.62167,-2.07912,-0.21959,-0.64582,0.36598,0.70197,0.62376,-0.75477,-0.57598,0.16737,-1.18097,-1.02185,0.39678,-1.2187,-0.82187,1.23513,-0.22933,1.22352,0.07441,1.57061,0.43851,1.49707,-0.25731,0.92526,0.75259,-1.57769,-0.0549,-0.3803,-0.6055,0.53708,1.06024,0.04551,-1.55016,0.34843,-0.11938,0.21783,-0.20449,0.12445,0.52643,-0.18978,1.52209,-1.70539,-0.33246,1.46546,-1.26417,1.75009,-0.2496,0.54748,0.14829,1.94455,-1.43957,-0.77856,-1.24737,0.20304,-0.40168,1.45887,1.8212,-0.62242,-0.43115,1.83515,0.25946,-0.01032,1.2075,0.66433,1.48568,0.39305,0.13078,1
0.86785,0.93929,-0.45038,-0.46341,2.0146,-1.93238,-0.28638,1.1941,0.50704,0.60312,0.89755,-1.29454,0.26313,-1.5957,-1.56544,0.42162,0.42902,0.4039,-0.11787,0.02603,1.60691,0.06152,-0.90515,-1.00253,-0.35527,0.01169,-0.01463,1.56351,-1.28854,0.31773,-1.00224,0.87425,1.90571,1.81528,0.46663,1.02629,0.38276,-0.4894,0.18419,-0.07841,-1.96785,-0.70634,-0.19436,2.33274,0.87329,0.28781,0.52553,-1.69713,1.29927,-0.73344,0.29407,-0.97233,-0.98239,-0.36495,0.21524,0.25761,-0.92765,-0.45942,0.5832,0.85407,0.26805,-0.74053,0.38312,-1.19873,1.13523,-1.0768,1.05515,-0.47057,-0.53377,-0.56503,0.20205,0.89664,0.48702,-1.59375,-0.57418,0.3175,-0.63816,0.30119,1.19141,-2.14415,0.06845,0.75141,-1.28425,0.13213,0.28206,-0.56855,-0.95864,-0.79794,-1.46351,0.34469,-1.45837,0.19059,-1.75245,0.20654,0.24817,-0.55167,0.18984,-0.5166,-0.71786,-0.46069,0.0602,0.24277,-1.10446,0.08701,-0.51269,-0.03092,-0.68736,-0.30227,-0.0658,-0.80933,1.95897,1.42306,-1.41446,0.11553,0.86058,-0.61289,-0.03588,-0.51083,-0.88048,0.69116,0.15488,1.04333,1.21702,-1.25473,-1.37992,0.58268,0.53485,-0.16289,0.39282,1.02461,0.97018,-0.29622,-0.49573,0.31601,0.65271,-1.03799,-0.49029,1.21543,0.58108,-0.67905,1.43352,-2.36364,-0.13048,0.85653,-1.32129,-0.37426,0.79143,-1.13897,1.16296,1.46734,-0.96366,-0.4419,-0.48365,1.31893,-0.18969,0.54481,0.77439,0.58412,-1.42951,0.72788,0.00723,-2.24055,-2.12948,-1.26502,-1.11031,1.51414,0.13968,-0.28286,-1.27775,0.18162,0.95261,-1.46309,-0.44799,0.2909,0.29297,1.23918,-0.86962,0.26332,-0.06168,2.43962,0
-1.13677,0.54693,0.52003,0.8182,0.37134,1.13264,-0.29509,-3.24777,0.13961,1.53819,0.58848,-0.57396,0.99965,-1.84969,-0.98764,0.69096,0.01725,-0.75923,-1.03136,0.54619,0.35628,-0.78344,-0.73797,-1.70109,-0.30996,0.09873,-0.95821,-0.53809,0.11561,0.83386,-1.27158,0.88687,1.52474,0.3928,-0.07971,1.27932,-1.55626,-1.99516,0.21286,-0.76827,-0.44977,0.77927,-0.99925,-1.99467,-1.29136,0.921,-1.98175,-0.89122,2.00912,0.37553,-0.15898,-1.93166,1.89286,1.70686,1.05711,-0.54045,-0.14401,1.17045,-2.84736,-0.5594,0.62773,0.69343,0.33872,-1.1062,0.30753,1.83524,0.29781,1.66825,-0.99743,-0.48064,0.50526,-1.21357,0.57017,1.5685,-0.34129,-0.29736,-0.5067,-0.42557,-1.28999,0.55775,0.05299,-1.81759,-1.02827,-0.91562,-0.97273,-0.55158,-0.16429,-0.31381,0.37658,0.78978,-0.94421,0.63994,1.86594,0.31084,-0.42186,0.39365,-0.6404,-1.54982,-0.14259,3.85492,0.95732,0.27061,1.38847,-0.96723,-0.98408,1.31511,-2.24662,0.7693,0.62276,0.07733,1.69673,2.48167,0.46968,0.08586,0.94513,-0.10365,-1.58457,-0.35118,1.22382,0.37477,-0.54874,-1.5785,-1.91734,-1.09729,0.29988,-0.8542,0.70511,-0.3211,-1.35387,0.20411,1.57987,1.39113,-1.56975,-1.53945,2.46907,0.53352,-0.10716,-0.78713,1.42579,-1.12796,-1.36222,-0.21637,-0.97829,-0.18478,0.39874,1.64416,0.84532,0.18368,-0.72038,-1.70849,-0.20629,-0.19751,0.45168,-0.61698,-0.26388,-0.21376,-0.22636,0.26851,0.49282,0.81734,-0.53971,-0.44106,-0.97073,-0.29513,-1.13093,-1.26687,2.43957,0.65592,-0.05687,-2.20501,0.95223,-1.1517,0.05667,0.67478,-1.42601,-0.84854,0.01455,0.17476,0.86873,-1.13987,1
-0.31588,0.17256,-0.53786,0.99627,0.79263,-0.26347,-0.50581,0.90536,0.93367,-0.11487,-0.17467,-0.94876,0.27086,1.41632,-1.11683,1.32652,-1.01313,0.22729,-0.65223,0.87205,0.37358,0.80925,0.48531,-1.07632,-0.47011,-0.11769,-0.41112,0.60524,-0.99104,0.09329,0.27607,-1.07563,-0.84936,-0.04402,0.35955,-0.10988,-1.43771,-1.53963,-1.65088,-0.5714,-0.00258,0.43555,0.24787,0.33441,1.14585,-0.16371,-0.53056,-0.64211,-0.40138,2.12399,1.03475,1.05064,-0.79254,-1.06085,-0.96593,1.37531,0.1712,-0.14582,1.84723,-0.57862,-0.26501,-0.37751,0.56063,-0.16768,0.51857,0.83388,0.66974,-0.12026,0.02342,-0.4709,-0.29075,1.61252,3.09741,0.83128,1.06063,0.9992,-0.17414,-0.19994,1.29706,-0.18511,-0.98369,0.52818,-0.83855,-0.03041,-2.0519,-0.72837,-2.3207,0.86736,-1.88457,-0.02439,-0.78118,0.68757,1.42633,-1.59805,0.82839,0.15713,-0.36669,-1.01261,-0.15381,1.2485,-1.1206,0.90657,0.49654,0.26609,0.48957,1.54843,2.91487,-0.81616,-0.06735,-1.84217,0.57743,0.44529,0.10062,-0.61719,1.42538,0.69994,0.05477,1.2762,-0.63142,0.15969,0.07349,0.10209,-0.53124,1.43425,-0.17144,0.34024,-0.68583,0.18378,-1.16678,-0.53537,0.69964,-0.75194,-0.83425,-0.50218,-1.51217,-1.58158,-0.65777,-0.61186,-0.807,-0.51429,0.40175,0.33864,1.15513,-1.22489,0.13132,-0.16996,0.61609,-0.66465,-1.07982,1.05318,-1.23874,0.40395,-0.38735,-1.91971,1.62434,-1.27172,0.95888,0.74952,-1.74794,0.23602,0.11267,-0.09112,0.60536,-1.08732,-1.76451,-0.22944,0.53871,-0.63255,0.34602,1.69452,-0.14704,1.44071,-0.32209,1.15837,0.23311,1.69277,0.52134,0.71383,-0.0337,-0.80176,0
0.92701,0.22132,-1.92599,-0.00397,1.19875,-0.70666,-0.17625,-0.25156,1.33312,1.68508,0.15318,-0.82486,-0.87475,1.06935,-1.51309,0.12299,-0.70709,-0.43473,0.06507,-1.16517,0.58985,2.57338,-0.97966,-0.09406,1.36915,0.63373,0.20212,0.13762,-1.5552,-2.04621,-0.95635,1.03033,-0.26826,-0.73931,0.58611,0.41799,0.03823,-1.25121,-0.14368,-0.364,-0.93592,-0.3383,-0.30931,-0.2759,-2.92938,1.39034,0.281,0.90339,0.5764,-1.09549,2.40205,-0.29594,0.18127,1.44675,-0.52169,-0.26783,-0.38418,0.2845,-0.72435,-0.19783,-0.98192,1.08125,-0.98808,1.11405,-0.78329,-0.95782,-1.40162,-0.30735,-0.36468,-0.52513,-0.37181,1.52043,-0.40599,1.26286,0.28413,-0.50244,0.52906,2.40022,0.30234,-0.42512,0.40867,0.7271,-0.4755,0.65634,0.12291,0.42276,0.02765,0.59958,0.16309,-0.74789,-1.06145,-0.91152,0.85443,-0.40341,1.98905,0.29387,0.76021,1.1458,-1.39401,-2.6035,-1.19079,-0.06221,1.41111,-1.26714,0.26391,0.48984,-0.50258,0.86208,0.51363,-1.41494,-1.22952,0.26531,0.63198,-0.28084,-2.15933,-0.54244,-0.95191,-0.54448,-1.11901,0.9741,-0.85274,-0.56555,-1.34057,-0.67923,0.99732,-0.54183,-0.43182,0.76744,-0.51904,-0.78269,-1.16425,0.64446,-0.45513,2.11649,-0.12138,0.02823,-1.28776,0.0256,0.37273,-1.03037,1.24634,-0.08377,0.685,-0.74991,0.13425,-0.87806,-0.47321,1.38934,-2.08637,0.67071,-1.04317,-0.79725,-0.73168,-0.17892,1.17191,-1.26808,0.02441,-0.02985,-1.61946,0.27331,-0.79907,0.87202,1.43225,-0.09711,-0.74426,-1.03295,-2.56662,-0.69885,1.26555,-2.94952,-0.75301,-0.56072,-1.24684,-0.02516,-0.81251,0.37991,-0.51927,3.06528,0.43112,0.18987,1
0.40099,1.21622,-0.19955,-0.35544,-0.12992,0.49543,0.42341,-0.93005,0.05853,-0.88272,-1.78162,-1.86715,1.35435,1.60815,-0.6518,1.17554,0.72532,-1.42177,-1.16421,0.39732,0.38931,0.49522,-0.18768,-0.30991,-2.0809,0.65306,1.64241,-0.70277,-1.27766,0.25991,0.17312,-0.78177,0.8594,-0.59626,-2.44492,0.31494,0.85616,-1.52782,0.30343,0.40012,-0.59598,-0.45398,0.1647,-0.3252,0.06233,1.44758,-0.25555,0.05627,1.71546,-1.12882,0.99818,1.68493,-0.23459,-0.55283,0.08473,-0.49838,0.31433,0.07602,0.75764,-2.55878,-1.84485,0.11735,0.78536,-1.20075,1.86652,1.21207,1.13195,0.85995,-0.27221,1.08135,0.63966,0.00586,-1.58898,-1.5077,-1.50537,1.21322,0.65362,0.95388,1.39552,-1.00256,-0.2053,-0.43845,-1.14543,-3.00196,1.28246,-0.71545,0.17652,0.16048,-0.60482,0.37606,-0.14703,1.3262,-0.96251,0.74362,0.24206,-0.00182,-0.98571,-0.75388,-0.58487,0.41495,0.17569,-2.00135,0.08835,0.3312,1.24261,1.66745,-0.86205,0.56174,0.03504,-0.34098,-1.14772,0.79306,0.06387,1.30181,-0.22854,-0.078,0.58763,-0.20612,-0.23489,1.62845,1.46005,-0.21386,0.51,-1.21774,1.1862,-0.58517,0.35367,-0.16387,0.87922,-0.25246,0.26098,-0.59005,-0.64212,-0.92159,0.35392,-0.32941,0.16714,0.76426,0.12933,0.40881,0.90429,1.84067,-0.72742,-0.27699,-0.30167,0.75228,-0.45928,-0.21111,0.91573,-0.08622,0.23915,-0.93731,-0.49524,-1.77994,0.21541,-0.12431,1.56464,-0.76697,0.52141,-2.51055,0.19877,-1.4977,0.7053,1.58012,0.77408,-0.29907,0.73002,-0.11049,-0.51102,0.26187,-0.7871,0.30987,1.15463,-1.84518,0.09254,-0.05107,-0.05194,-0.66048,-0.41254,0.25144,0
0.41074,0.71734,-0.18709,0.03143,0.18798,-1.08407,-1.3503,-0.41184,0.43857,-0.24002,0.52091,1.90241,1.52507,-0.5823,0.26733,-0.77367,0.88563,0.37745,-0.19933,0.98645,0.00669,0.91007,0.02718,1.38165,1.64447,0.7149,1.67355,-0.45809,-0.459,-0.09711,-1.28479,-0.41513,-1.23524,-1.79005,0.9152,-0.03226,-1.023,0.05914,0.69523,-0.7142,1.65039,0.67999,-1.31544,-0.34631,1.48486,2.32243,0.84573,-0.91366,-0.27024,-1.09673,-0.56476,0.68924,-1.16791,-0.22856,-1.3994,1.36895,0.06809,0.13893,0.3217,-0.41289,-0.42944,0.4376,-0.61518,0.88837,-0.11819,0.18639,-0.4912,1.97451,-0.08955,-0.77919,-0.66429,0.67742,-0.88864,0.47323,-2.11575,0.94187,-0.6862,1.87421,1.16066,0.86221,0.61614,0.33494,0.39966,0.58837,-0.27551,0.65299,0.01042,0.62804,0.29368,-0.31496,-1.9042,-0.52104,-0.2463,-1.03306,-0.40059,0.5179,1.77108,0.6782,-0.18557,-0.44475,0.23834,-0.30404,-0.79607,-1.80495,-0.77852,0.82905,0.61742,-0.13734,-2.49204,2.43492,-0.93769,1.14915,-2.15186,0.85987,0.67917,0.53164,-0.83874,0.67885,-0.48806,0.13643,-0.16409,0.10245,-1.74854,1.01039,1.39363,-0.13891,0.31255,-0.26223,2.55552,-0.09053,-2.05182,3.66859,-1.2251,0.69812,-0.08647,-0.02854,-0.7498,-0.2625,-0.06026,1.97597,0.62233,-0.24602,0.21857,1.18549,-0.19988,0.34438,0.19506,-0.12967,1.18039,0.92217,-0.83644,0.13091,0.00091,1.64429,-0.81853,-1.07767,-1.29782,0.87498,-0.77587,-1.3699,3.47553,-1.24825,-0.92678,-0.1699,0.35874,1.21117,0.50979,-0.21675,-1.15563,-0.24017,0.64786,1.03692,-1.76491,-1.22823,-0.94805,0.23818,0.46171,0.4556,-0.40459,1.61256,1
0.76126,-1.32437,1.21984,-0.05918,0.26852,-0.10083,2.5222,1.21694,0.55477,-0.49459,-1.13741,-0.42787,-1.21318,1.91553,0.04302,1.11262,-0.70114,0.0085,-0.08699,1.49866,0.20195,-1.26973,-0.72789,-0.88026,-1.71658,0.50617,-0.89064,-0.47399,-0.50839,-0.61274,-0.12173,1.11298,-0.6789,0.33777,-0.48588,0.43277,0.59174,-0.37571,0.30012,-0.35345,-1.31038,-0.34896,1.18955,-0.89415,0.16629,-1.02528,1.2885,-0.25096,0.99576,-0.61667,-0.92421,-0.86035,0.65429,0.07958,0.31051,-0.8237,-1.0689,0.59201,-0.88042,0.4253,-0.29994,-0.30952,-0.75704,0.41851,0.73711,-0.57136,2.24965,1.77226,1.04735,0.94014,-1.64572,0.16714,-0.82093,-0.89603,0.19319,1.00702,-0.01217,1.01611,-1.3914,-1.15306,0.09003,-1.56368,-0.25233,-0.53621,-1.10115,0.24621,0.84849,0.88245,2.20937,-0.62,-0.6222,-0.21217,0.27621,-0.56714,1.18384,1.29945,0.62921,-0.20306,-0.36886,-1.15889,-0.57596,-0.1345,-0.99754,-1.94386,0.43873,-1.41674,-0.5161,-0.82231,1.36892,0.13082,0.5785,-0.30553,0.97806,-0.16294,0.95383,-1.98259,0.62042,1.98304,-0.70617,0.18683,-0.66641,-0.44878,-0.85428,0.94204,0.17659,-0.58588,-0.20916,0.86763,-1.13674,-0.67536,0.62654,-0.15816,1.3105,-0.60095,-0.11178,0.61043,-0.15795,0.96627,0.10173,1.00412,-1.15297,0.19474,-0.29628,-1.39262,-0.41923,0.88116,0.07284,-0.31178,-0.15807,-0.63106,-2.094,0.41824,0.54338,-1.60146,0.17076,0.84477,1.21044,-1.06726,0.52064,0.50069,-0.05997,-1.68121,1.54118,-0.50854,-1.33306,0.85124,-0.95802,-1.78509,2.01337,-0.58605,1.93123,0.39766,-0.55787,0.05465,-0.94945,0.64479,0.03965,0.32702,-0.0209,0.41535,0
-0.62776,0.0942,1.79974,0.29697,-0.133,-0.17028,-0.39181,-1.26361,-1.11677,0.81016,0.87293,1.63832,-0.97577,0.58626,-1.83718,1.05295,-0.98883,-0.63403,-0.96663,-0.49603,-0.52336,1.08778,0.76307,0.60951,-1.23067,1.14121,0.26107,2.12798,1.53286,0.76631,-0.63234,1.86146,0.33166,0.71735,-0.42712,1.52502,-0.10526,0.28285,-0.08931,-0.68621,0.88835,0.60432,-0.10302,0.40164,-0.94708,0.21523,-0.35132,-0.32895,0.36983,-0.53364,0.37061,2.06002,0.02491,1.14406,-0.45865,0.48018,-1.48723,-0.60493,-0.50171,-0.7813,2.05963,-1.56396,0.32838,-0.52407,-0.73362,-0.79736,0.69844,-1.08484,-0.50232,-0.79197,0.07532,-0.02197,0.21966,-0.31396,-0.33397,0.09332,2.30854,2.68348,1.53407,-0.80354,-1.07691,0.79854,0.11905,1.0739,-0.44597,1.77568,1.67324,1.10185,0.09023,-0.37799,-0.86104,-0.61782,-1.76679,-1.44089,2.16659,-0.24066,-0.03519,0.13383,-1.29178,0.14736,2.15763,-0.2061,-0.87058,-0.53111,-0.70701,-0.72408,1.80611,-0.85899,1.10458,0.18122,-1.92745,-0.08736,0.3676,-0.6765,-0.50701,0.34684,-1.71819,-1.05458,0.1764,0.10459,-0.16131,-1.09226,-1.27041,1.05415,-1.59012,0.15672,-0.28419,0.40488,0.7407,-0.00656,0.09364,1.20918,-0.7922,1.73908,-0.43358,0.12139,1.30427,-1.54308,-0.59364,-0.56212,-0.64987,1.06329,2.67401,1.67408,-1.00125,-1.7143,-0.34469,-1.78142,-0.20075,-0.10471,1.23933,-1.54034,1.27885,-0.94025,0.24277,0.08952,-0.43291,0.10991,0.06794,-1.91745,0.56041,1.06264,-0.59606,0.00764,0.69813,0.16547,1.41188,0.27257,-0.8981,-1.21105,0.35909,-1.2004,-0.54705,-0.7771,-1.08389,0.58656,-0.04535,-0.94788,-1.06692,-0.33086,1
2.2612,-0.28764,0.4407,2.142,-1.9255,0.45758,0.93521,-0.40664,0.67514,1.23005,0.85991,0.41249,-0.34229,0.55076,-0.765,-0.00198,-0.24665,2.55653,-0.01623,-0.41007,1.61465,0.13767,-0.83779,2.15515,1.74216,-1.02052,1.96465,-1.52735,-0.78758,-0.83044,1.24135,-1.55169,-0.73476,0.74097,-1.54512,0.75973,0.52713,0.68894,1.76913,-0.14792,-2.11161,0.54232,0.02292,-0.11112,-0.26372,1.15458,0.05837,-0.44454,0.5827,1.09019,1.0919,-1.47308,0.08668,1.17963,-0.08125,-1.56719,0.32094,0.05641,1.87322,1.29938,0.57942,-1.1451,1.65446,-1.21874,1.59145,-0.08266,0.53241,0.2398,-1.49111,0.00912,0.82241,-0.93021,0.28254,0.6175,0.875,-0.762,-1.4838,-0.62003,1.21112,0.51118,0.91033,-2.32206,-0.26048,-1.14627,-0.4894,-0.20044,-0.42512,-2.99116,0.09354,0.934,-0.40315,0.94792,-1.93051,-0.04214,-1.1358,0.59655,1.26009,-1.56907,-0.1793,-0.81218,-0.44812,2.15224,0.71291,0.27652,0.39523,-1.32089,-0.82209,-0.76429,-1.37185,-0.57404,-0.37708,1.2188,-0.01473,0.98555,1.06575,0.96803,0.73668,1.63798,-1.48503,1.30726,1.15308,1.50599,-1.50053,1.06668,0.52243,0.83944,1.09334,-0.73162,-1.01903,-2.61933,0.01514,1.14692,1.21123,-1.23236,-0.06475,-0.3693,0.01345,-1.43297,1.1154,0.05695,-0.82592,-1.17334,2.07351,-0.62184,-1.32288,-1.75576,-0.57077,0.19237,-0.83675,-0.29292,0.55798,-0.98958,-0.63723,-1.83112,0.18381,-0.80548,-0.23402,0.1219,0.31313,-0.75519,0.60247,-1.12222,-1.14623,0.99168,0.44469,0.67954,-2.01954,0.934,-0.95477,-0.19248,0.09798,-0.5129,0.74249,-0.09874,1.02326,0.23176,-1.45262,-1.09133,-1.41192,-0.28911,0
-1.05634,-0.68617,1.30524,-0.6036,-0.52459,1.12356,0.82719,-0.03822,-0.4613,-2.00162,0.16094,-0.81403,-0.93213,-2.06886,-0.0268,-0.83447,-0.30675,-0.07748,0.74251,-0.32021,2.8746,0.54734,0.168,1.5453,-2.20445,-0.63285,0.98827,0.10633,0.73908,0.87847,0.92147,0.92278,-0.14638,-0.52992,0.76111,-0.50801,-1.50835,-2.22186,-0.19289,-0.59385,-1.29992,-1.17913,-1.56433,-2.06618,0.0092,-1.44964,-2.24945,-0.29772,0.67229,0.04968,-0.52932,2.00421,-0.59037,0.038,0.22023,0.81885,1.15818,-0.14749,0.56205,-0.51627,0.94288,-0.17128,0.01022,0.20003,1.46013,-0.58072,0.04754,-1.25801,0.49148,-0.37994,1.8713,0.30298,0.26708,0.89519,0.60249,-0.13469,1.49348,-1.86943,-0.57858,-0.63532,-0.77588,-1.41036,-0.72267,0.89517,1.38611,-1.77118,-0.71824,-1.24523,1.7854,2.69116,-0.83189,-1.74129,1.63982,0.37144,-0.72439,-0.40904,1.06399,0.63487,0.63301,1.12593,0.19409,0.35332,1.61366,-0.57659,1.6601,-0.62656,0.68305,-0.00408,1.06592,0.0843,-0.78313,-1.15201,1.57917,0.0959,-0.49033,-0.64724,1.5372,0.29154,-0.95251,0.14736,1.83506,0.39853,1.39675,-0.39024,-2.40078,-0.9244,0.33264,-1.51892,0.61746,-1.60839,0.71824,1.05201,-1.51067,0.68739,-0.80592,2.20374,0.11588,0.03293,-0.13866,0.48575,-1.38805,0.60707,-1.47715,-0.56047,-1.19174,0.98629,-1.26948,-1.85524,-0.35859,-1.09909,0.17476,-1.11628,-1.05203,0.12742,0.50735,-1.04767,0.41327,-0.06002,0.80551,-1.77812,-0.81906,-1.63032,-1.01214,0.65154,1.08762,-0.07337,2.25428,1.1342,1.29701,-1.83652,-0.62047,1.4007,0.6025,0.04646,-0.71403,-0.93725,0.79097,-1.7155,0.55704,-1.58882,1
-0.83172,-1.12687,-0.25349,0.54125,1.06822,1.66524,0.46343,-0.53653,0.21891,-1.57243,-0.4939,1.06559,1.03117,-1.34983,0.16305,-1.71029,-0.91779,-0.62812,0.03392,0.40673,1.00674,-0.59246,-0.54275,-0.56777,-0.71007,-1.06241,1.13229,0.74074,-0.26015,-1.068,-0.58978,-1.03555,-0.23664,-0.06467,-0.4992,0.61022,1.34954,-0.9194,-0.33205,-0.206,0.89405,0.85762,-1.34378,1.19243,-0.59405,-1.3334,0.32848,-0.79493,-0.14171,-0.06874,1.58078,0.18318,0.46234,1.83183,0.62306,-0.44738,1.14584,1.14487,0.68313,-0.20378,-0.22294,-1.03395,-2.00022,-0.66582,0.91048,1.00789,0.12219,1.75979,-1.78495,-0.04419,-1.06255,-0.87819,-2.24709,-2.47623,0.39556,-0.11838,-0.91319,-1.42961,-0.27726,-1.601,1.36196,-0.66737,0.77866,-0.04665,-1.44524,1.01305,0.66361,0.86698,-0.09463,-0.64928,0.92661,0.66679,0.2868,0.27896,-0.0548,-0.54084,1.35855,0.99373,1.32552,0.74189,0.00103,0.41163,-0.42144,-0.63938,0.08341,0.22673,2.47154,0.98799,-1.78134,-0.21651,0.54363,-1.86605,0.73246,-0.645,1.70695,1.0653,-0.79413,-0.6727,0.06835,0.77432,0.96487,0.5361,-1.88944,0.14588,-0.85284,-0.37464,0.23751,-0.01525,0.63064,-0.5646,-0.09142,-0.6812,-0.09495,-0.47381,-1.93262,-0.78032,-0.99125,0.98414,-0.957,-1.12735,-1.22497,0.97185,-0.36514,0.23323,-0.7686,2.03251,-1.18323,2.48773,-0.36791,-0.54076,-0.07202,-0.18998,-0.41786,0.5698,1.88332,0.12059,-0.68424,1.52232,-0.4498,-0.29252,-0.07086,1.11412,-1.11768,1.24935,-0.1462,0.89591,-1.48403,0.19591,-0.80482,-1.28602,0.09293,-0.54289,-0.76978,0.24198,-0.66116,0.40556,-0.6086,-1.41526,1.66934,0.91538,0
-1.04241,0.12399,0.89647,0.21644,0.04283,-2.11921,-0.43418,0.34745,-1.51034,-0.26919,0.55372,1.51302,0.6005,-1.73544,-0.43326,1.20004,1.24889,-0.114,-1.09079,-0.48261,-1.4597,-0.87295,-1.07077,-0.58977,-0.21717,-0.86566,-1.15092,0.99985,-0.89089,0.37819,-1.13976,-1.10084,1.01637,1.34332,0.10268,2.03545,0.26574,-0.63561,0.28287,-0.15583,0.94654,0.39518,-0.70886,1.17659,0.62213,1.10372,0.55295,0.75934,0.59226,1.35816,-0.25958,0.19038,0.46402,1.16358,-0.53316,-1.37397,-1.78468,1.67602,0.40448,0.85022,-1.03184,-0.72459,1.89787,0.87921,-1.51479,-1.25481,1.96964,1.0408,-0.84407,-0.84506,-0.41909,-1.33369,0.74105,-0.48257,0.51525,1.28128,-0.14266,-2.56037,0.71661,2.01222,-0.44183,-0.26059,0.00847,-1.21663,-1.91303,1.28922,1.43509,0.32924,-1.17121,0.22699,-0.21068,1.14014,0.53498,1.87255,0.59392,0.79926,-0.36588,0.77076,0.08861,-0.23092,-0.8577,0.40567,2.01709,1.38813,-2.85184,0.6977,-0.69123,-0.59974,-0.07584,1.04017,-0.27861,-2.3359,1.09933,-0.9466,-0.02803,-0.45484,0.85732,0.40848,-0.38186,-0.73679,-0.26229,-0.64009,0.63264,1.5257,-1.35569,-0.2894,0.63824,-0.1568,0.04258,0.11813,0.03435,0.55336,-0.59382,0.22964,0.61345,0.67617,-0.32989,-0.42983,-0.52207,-0.59587,-0.67205,-0.18037,0.48732,-0.33101,0.73351,0.07523,-0.46814,0.19618,0.42272,1.68032,0.52488,-0.1892,-0.1128,-0.1295,1.42864,-0.21674,-1.06846,0.71801,-1.75341,-0.10754,-0.87111,-0.31114,1.00086,1.07912,1.26335,1.46521,-0.64021,-0.74589,1.03211,0.32288,-0.76054,1.64178,-0.98701,-1.10807,-1.28332,-2.13626,0.98,-0.73855,0.63194,0.75578,1
1.35049,-1.2985,-0.3335,-2.28775,-1.40392,-0.7061,0.38878,-0.95818,1.23166,0.60424,-0.43627,1.05584,0.45421,-1.24653,-0.09521,-0.8257,0.33537,-0.35806,-2.72481,-0.21523,0.37744,-0.36289,-1.18764,0.23339,1.24354,-0.43411,3.16567,-1.42563,2.62321,-1.8925,-0.94484,1.03908,-0.95346,0.2288,-1.89133,-0.62873,0.36892,-0.77011,1.25789,0.40357,-0.92619,-0.9341,-0.108,0.78505,0.2098,0.80527,-0.32349,0.60512,0.32501,-1.40649,1.36865,0.51712,-0.36129,-1.76586,0.64429,-1.05517,1.5389,-1.07336,0.18967,-1.22118,-0.22848,-1.68083,-1.04919,-0.28331,-1.94328,-2.23575,-1.14276,-1.78285,-0.00043,-2.1464,0.52016,1.6962,1.42568,0.15462,-0.31191,-1.30999,-2.65498,-1.04824,1.04032,0.61785,-0.10518,1.19822,0.63756,-0.87789,-0.37518,-0.88056,2.91781,-0.53759,-0.44932,-0.73687,0.72052,1.69872,0.23209,1.35495,-0.60259,-2.26112,1.39618,-0.68441,2.18888,-1.54851,-0.16714,0.26603,-1.98587,0.20125,1.98682,-0.17276,-1.0285,0.18194,-0.4262,-0.36601,1.01581,-0.49808,0.86269,-0.21753,-0.97817,0.77573,-0.676,-0.48272,0.57117,-0.41131,1.30752,-0.25649,0.89679,-0.68597,-0.3396,-0.5155,0.29479,-0.2951,-1.5294,0.41064,1.03105,-0.43815,0.7407,1.41873,-1.18368,-1.03443,-0.11836,-1.09535,0.38763,-0.63649,1.19462,-1.2575,0.93518,0.6121,-0.89804,-2.77837,0.03377,0.67805,0.43837,-0.15003,-0.02206,-0.93061,0.00523,-0.56719,1.06903,-0.31181,1.6537,0.17218,0.38476,1.36587,-1.11355,-1.7569,0.96606,0.7853,0.8096,0.0338,0.65,-0.09244,0.80024,-0.37594,-1.7923,0.83327,-1.10236,0.63754,-0.09659,1.0418,0.01667,0.74431,-0.97077,-0.79194,1
0.6316,1.66767,-0.7413,0.72615,-0.60087,-1.26763,-0.2917,1.88339,-0.24002,1.58215,0.49865,0.47293,0.05109,-1.26794,0.04785,-0.78357,2.72041,1.34065,-0.39005,-0.94123,-0.05774,-1.28016,-0.54485,0.59281,-0.04423,-0.89748,-0.51016,0.36915,-0.30339,0.65223,2.56403,-0.1653,-0.26083,1.97063,-0.95715,-1.06777,0.13708,0.52713,-0.14669,-2.10773,0.07683,-0.31733,0.88508,-1.36272,0.97434,-0.72919,-1.02196,-2.61627,-1.83763,0.22213,-1.77836,-0.14906,-0.54244,-0.09083,0.6165,-1.48828,-0.81762,0.94197,-0.24628,-0.43307,1.68718,-0.41043,1.3375,0.82002,0.89304,0.77414,-1.11718,-0.70039,0.39937,-0.12524,0.00478,-1.11182,-1.05955,0.141,0.36931,-0.51743,-0.55697,0.50709,0.62447,-0.30037,1.15598,-1.28088,0.77213,0.71265,-1.69023,-1.30309,-0.60817,1.37163,1.45955,-1.30498,1.47046,-0.57102,-1.3655,0.67198,-1.15388,-0.01837,0.48822,0.45728,0.2025,1.00875,1.15629,-1.56702,0.09638,0.07085,-0.63347,0.12145,-1.60254,-0.91882,2.20546,-1.13637,-1.36476,0.07168,0.2313,-0.19572,0.24043,0.12363,3e-05,1.02217,0.89858,-0.07149,-0.08938,-1.16522,-0.05994,0.15955,-0.63706,-1.30858,0.93967,-0.15644,-0.23966,0.355,-0.10074,-0.41212,-0.1517,0.34823,1.66737,0.9312,0.03127,2.08313,0.01641,0.32662,0.92277,1.22341,-0.77658,-0.65511,-0.90523,-0.31955,1.31599,0.24358,0.64338,0.31413,0.29595,0.30958,0.86023,0.69312,-0.35123,-1.30319,-0.50796,-0.37151,1.26725,-0.74817,-0.01978,-0.06767,0.1475,0.77459,0.04337,1.05612,1.31096,0.53034,-0.99875,1.08162,1.38896,0.67706,-0.98658,0.08476,0.49176,-0.00157,-0.20929,0.36431,1.13387,-0.97173,0
1.70508,-0.94418,-0.33462,0.81152,0.39386,-0.39992,0.33719,0.68593,0.72393,-0.72605,0.50879,0.71152,0.4242,-0.6736,-0.95603,0.10706,0.7572,0.74826,0.34386,1.42521,0.85698,-1.54075,0.21309,-0.27443,-0.96644,-0.74845,0.74027,0.12506,-0.63441,0.03092,0.96008,1.12263,0.94284,1.85154,-0.5943,1.86788,1.35223,-2.15988,0.13203,0.0635,-0.12279,-0.22113,0.22484,-0.84659,-1.26714,-0.53981,-0.92533,-0.32062,-1.17962,0.23807,1.533,-0.57346,-0.73588,-1.21472,1.40652,-0.18651,0.276,-1.47383,-1.68684,-1.04774,-0.04105,0.13591,-1.01138,0.67835,-0.16766,0.32818,0.35123,0.8433,0.78989,-0.78521,1.38975,-2.022,0.83466,1.519,-0.80298,-1.10247,-0.11338,-0.6824,-0.25479,0.60131,-0.64713,0.73777,0.35666,0.33327,-0.91789,0.69704,-0.49058,0.63045,-0.96589,-3.77611,1.83011,-1.20676,0.03905,0.77809,0.15131,0.61298,1.3625,-0.21965,-1.11108,-0.97167,0.74074,1.47226,0.42815,1.00022,0.67984,0.28492,0.37895,-0.35812,2.1672,0.3742,-1.65399,-1.14297,0.57969,0.44001,0.60265,1.67298,-1.10083,-2.16994,0.3563,1.31951,-1.81954,0.29888,0.23443,0.35966,0.06675,0.82085,0.58369,0.82702,1.77177,0.8433,-0.63941,-0.97641,-0.04457,-1.19065,-1.0426,1.43028,-0.21464,-1.06556,-0.07947,-0.03076,-0.13649,-0.17108,0.60787,0.88337,1.92576,1.1096,-2.72822,-1.70769,1.29059,1.97489,-0.25001,0.17929,-0.28257,0.30079,2.28639,-0.68201,1.25159,0.07186,-0.06705,-0.61383,-0.41974,0.52883,-0.00923,1.08722,0.53746,-1.16225,0.87976,-1.22567,0.04874,0.02859,0.01519,1.90414,-0.39514,-0.34779,-0.62336,-0.76498,0.22454,-0.6258,0.62919,-0.20767,0
0.02969,-1.42242,1.26085,-1.35967,0.49461,-0.37042,0.28277,1.65546,-0.13657,-0.16896,-0.23268,-1.16367,0.64948,0.47144,1.28687,-0.06817,1.29228,0.74725,0.52786,0.15006,0.81518,-1.41169,-0.34445,0.25597,0.63978,1.67972,0.79564,-0.94493,0.98315,-0.41344,-1.10097,1.12028,0.72889,0.08378,-1.25525,0.38604,1.35124,-0.64188,-0.34411,0.18569,0.22855,-0.86983,-1.25536,-0.61928,0.93234,0.32845,0.81004,0.08856,0.6886,-0.33621,-1.12567,-0.30216,-0.6788,0.24042,0.05946,0.25914,-0.12626,0.44932,1.75535,0.65695,2.67034,0.77297,0.24018,0.01069,1.37948,-0.14839,-0.48123,-0.31324,-0.36609,-0.15239,1.27215,-2.57085,-1.42462,0.38911,-0.53187,-0.6303,-0.05388,-1.09759,1.10443,-0.1873,-1.63261,-0.19389,-3.23204,-0.66993,0.8524,-2.18803,-0.72649,0.43953,-1.42777,1.59344,0.633,-0.95598,-0.44439,0.75641,0.87173,-1.862,-0.33506,0.61695,1.4679,0.25817,0.84959,-0.59583,-1.20258,-1.78353,-0.50491,-1.84521,-0.22109,0.11491,0.18083,1.17218,-0.16789,0.47763,-1.79817,-0.00203,0.66295,-0.23157,1.36161,-0.10552,-0.49001,-0.92308,-1.41029,-1.77611,-2.43739,0.46071,2.09951,-0.88381,-0.11413,-0.11444,-0.70509,-0.55668,1.14139,-0.97923,-1.18291,-1.11889,0.53125,0.01285,-0.45989,-1.22261,0.40481,0.84798,0.36229,0.87889,-0.36558,1.29491,1.32626,-0.69526,0.12586,-0.19887,-1.15055,-1.4957,-0.23448,-1.24914,-0.29871,1.01555,-1.43656,1.37347,0.76046,-1.50363,0.44806,-0.95705,0.48574,-0.73394,0.01719,-1.83327,0.89357,2.1092,-0.36443,-1.78226,-0.24669,-0.0454,-0.40791,-0.99467,0.22413,0.08514,-0.30357,-0.37998,-1.14456,-0.377,-0.21099,-0.21133,1
0.85322,0.97419,-0.19497,0.71427,-1.4499,-0.8114,-0.46472,0.21124,-1.30084,0.2746,-0.4353,-0.65447,0.33488,-1.64219,0.05789,-0.47688,1.97393,-2.76945,0.06348,-0.61287,0.08287,0.70378,0.47097,1.17126,-0.59133,0.91403,-0.56199,-2.81424,0.69067,0.73364,-1.54481,0.2318,-0.46359,-1.27875,0.05859,0.99867,0.35783,-2.00899,0.96224,-0.85926,-1.25562,-0.31114,0.32085,1.66318,0.3318,0.41351,2.84949,-1.06769,-1.46787,0.34302,-1.01192,-0.24282,0.55226,0.92145,0.20517,-1.22949,1.29464,1.71435,-0.6603,-0.05537,-0.91379,0.40722,-0.14304,0.43915,-0.29746,-0.82867,0.04604,1.81556,-0.19017,-1.09494,-0.60263,0.81464,-0.19747,0.84494,-0.92236,-0.55718,2.08425,1.07652,0.43632,-0.46079,-0.35244,-1.09471,-1.67345,-0.78686,2.38588,0.24055,-0.45248,0.41483,-2.25057,-1.25747,0.66833,-0.5452,-1.71318,-0.40463,1.38401,0.57963,0.20158,2.0096,0.52588,2.03359,0.89805,-1.41322,0.34253,0.53269,1.03874,-0.76099,-0.76992,-1.33227,-0.2692,1.71198,-0.45729,1.35418,-0.51042,0.50924,0.58155,-0.33901,-0.20199,0.05133,-0.8126,-1.52951,-0.72812,0.55236,0.94417,1.2969,0.21809,-0.74235,0.12976,-0.00039,-0.40901,1.38945,1.21608,0.02505,1.59547,-2.48387,-0.44022,2.40691,-0.32032,-0.02947,0.24958,-1.18297,2.47788,-2.15093,1.61239,0.47913,-0.02339,-2.32222,0.2122,1.81825,-0.66407,-0.42895,0.36715,-0.96402,-1.47226,2.18263,-1.85217,0.96365,1.23162,0.86846,0.87712,1.09041,-1.66972,-1.27422,-0.91029,0.12534,-0.53611,-0.31926,-0.76655,0.18271,-0.38165,-0.90487,-0.12784,-1.02454,0.37803,1.7109,1.20695,1.68328,-0.73446,-1.823,-1.42983,-0.15101,0
0.13064,-0.48437,-0.21207,1.43636,1.12568,0.2855,2.46887,-2.06594,-0.27316,-0.45878,0.27749,0.40438,-2.10288,0.20623,-0.91446,0.98966,-1.58951,0.45519,0.9713,-0.32221,0.90482,-0.26404,-0.51091,-0.76172,-0.23937,-0.34244,0.39858,0.99545,1.82286,-0.66674,-0.65514,-0.97672,0.29441,-0.43143,0.05024,-0.29484,0.98502,-0.49937,-0.32297,-0.09149,1.37968,-1.40933,1.12872,1.6753,-0.38617,-0.50004,0.07181,-0.52801,-0.50397,0.63171,-0.41481,0.45865,-0.0826,0.01351,-0.11318,0.55824,-0.14681,0.4426,-1.9885,0.68834,-0.04333,-0.68186,1.17986,-0.91552,0.94053,1.95859,0.75668,0.70054,0.93276,0.83948,-0.65096,-0.73045,-0.57525,0.53235,1.1009,2.1417,-0.27364,0.05174,-3.60433,-0.10977,-0.62657,-0.80205,0.37832,-0.09935,0.84666,-0.4693,-0.47976,0.41362,1.99918,1.37924,-1.20407,-0.57041,1.65364,0.31915,1.61687,0.12509,0.90722,1.05647,0.0903,-0.46029,-0.07986,1.619,0.70072,0.99223,0.69431,-0.68104,-0.09698,-0.38083,1.26447,-2.77338,0.84042,1.12811,0.39311,0.13765,0.6342,-0.44141,-1.70662,1.01378,-1.9836,0.4039,-0.80657,-1.62653,0.80925,-0.07827,-0.08997,-0.96938,-1.68124,-1.53443,0.67065,-2.11453,-0.39843,-0.34636,0.32169,-1.75673,-1.57333,0.89043,-0.53605,-1.42067,-0.47829,0.04469,-1.67778,-1.97302,-0.19419,-0.74077,-0.33178,-1.36989,-0.72241,0.84934,-0.18252,2.14619,0.21491,-0.45127,0.50632,0.2812,-0.37529,-0.0763,-0.68752,-0.97905,-0.32108,-0.32242,0.60304,-0.32395,1.96049,-0.1103,-0.10429,1.75094,-2.2308,-1.84362,1.66324,0.15284,0.05689,0.22208,-0.99709,0.53904,0.96519,-1.03559,-0.425,-0.24473,0.0509,1.93391,0
-0.29637,-0.82131,0.68334,1.58401,0.55175,0.19873,-0.81357,0.60408,0.68151,1.44944,-0.71366,-1.26538,-0.2481,1.57843,-0.59253,0.15314,0.78195,0.34,-0.9958,0.82668,0.22166,0.04932,0.59738,-0.44016,-1.80049,-0.94233,-0.6949,-2.64377,0.22488,0.12209,-0.16096,0.18749,-0.47131,-1.14557,0.02359,-0.32594,-0.8588,2.17721,-1.76236,0.32747,-0.73988,1.2566,-0.35642,-1.78465,-0.65317,1.42272,0.3928,2.01949,-0.56381,0.51953,0.05397,1.32538,-0.27898,0.29168,-0.46431,-0.29414,0.67298,0.14583,2.47955,0.8105,-0.23524,1.01425,0.84284,0.06893,-2.0253,-1.49715,-0.73485,0.3,1.3212,0.2582,0.60372,-0.02146,-0.95855,-0.62196,0.98167,-1.49653,-0.56105,0.09474,0.40179,0.99198,-0.26485,-0.17156,1.20453,0.25315,-0.44011,-0.27122,-0.01097,-0.14829,0.00978,-1.41243,0.74917,0.02637,0.61929,-0.7508,-1.22529,-0.16391,0.18837,1.77707,1.21479,1.24631,0.66858,1.85676,1.39693,2.31215,0.86886,-0.25794,1.72111,-0.5267,-0.20233,0.77774,1.44875,1.54715,1.8221,-0.35336,2.25353,1.93729,-0.19216,-0.28855,-0.97475,-0.61709,0.01349,-0.78299,1.75577,-1.22973,-0.54198,0.11558,2.26292,-1.12024,-0.20383,-1.94909,1.68761,-0.81009,0.21661,0.81224,0.46276,-0.96676,0.22449,0.22148,1.35918,-0.17474,0.78111,0.8724,0.84744,0.48267,-1.53407,0.3262,-0.06792,0.15185,1.63935,-1.06013,0.60149,0.58194,-0.59407,-0.51485,-0.39635,-0.22654,0.51163,-1.34298,0.37635,0.89989,0.25815,-0.54254,-0.21297,0.86334,0.75833,-0.32252,1.47498,-1.06083,-0.77272,-0.65888,0.39124,-0.62933,0.16706,1.60154,-1.48604,0.66202,0.52741,-0.3839,0.30831,1.78749,1
-1.04815,1.08021,-0.92954,0.63204,-0.71478,0.42654,0.70034,-0.83596,0.07072,0.25086,1.49068,-0.51498,0.21623,-0.31801,-0.79835,0.19593,-0.84253,-0.27764,-0.25285,0.90525,2.45052,-0.37686,-0.75114,1.08662,0.07628,0.49294,0.63482,0.11111,0.18057,0.39647,1.33662,0.39636,-1.1574,-0.0059,0.25308,0.9947,0.77876,-0.19358,-0.17028,0.10492,0.65869,0.65073,0.02045,0.48382,1.0844,0.47815,0.13551,-1.15743,-0.24878,0.51992,1.00168,-0.93374,1.07126,-0.19668,-0.15358,-0.59056,-0.27996,1.28767,0.55914,0.8406,0.08934,1.29126,-0.73199,1.57284,-1.05753,-0.04856,-0.07916,0.11934,-0.30794,0.69786,0.37677,2.2715,0.14142,0.4759,-0.02289,-2.17899,-0.37377,-0.03189,0.95642,1.90814,1.3347,-0.39517,-0.37443,-0.67563,-0.23001,-0.95795,1.52928,-0.94664,-1.11692,0.65557,-0.09984,1.87401,-0.82842,-0.8315,-1.5912,-0.29043,-0.80606,-0.23161,2.01808,0.29214,0.39863,2.68471,-1.9736,-1.238,-1.03732,-0.35093,0.40985,0.54002,0.79355,1.38997,2.45469,-0.86081,0.64052,0.50476,-1.90703,-1.78017,1.13013,-1.62297,-0.40457,0.43944,0.8033,-0.49579,-1.40164,0.1122,0.40841,0.70072,-1.53107,-0.1653,0.13621,0.91261,0.54821,-0.85494,1.27933,0.70082,-0.27366,2.0732,-0.05816,1.76628,-1.37023,0.11745,-1.51028,-0.82546,-0.10597,-0.18897,0.72772,-0.50423,-0.4084,0.85136,0.23851,-0.00504,-0.05583,-0.09511,-0.46762,-0.28391,-0.11609,1.89931,0.79495,1.62775,1.11887,-0.8961,-0.00168,-1.90945,0.326,-0.1392,-1.0396,1.65268,-0.04815,0.70143,-0.8506,2.0568,0.473,-0.36771,-0.01772,0.56942,-0.32975,1.24192,1.18305,-0.99672,1.06367,0.6764,1
-0.02209,-1.80395,0.34419,0.52353,-1.96594,0.14202,0.72797,-0.13001,0.72805,-1.32449,0.19287,1.18897,0.9913,1.28196,0.32214,-0.20544,0.82917,0.59948,-0.6627,-1.49321,0.60947,-0.84923,-0.90733,2.03756,0.16027,0.2739,1.73952,-0.01879,-0.68965,-0.84514,-0.35226,-1.99658,-0.30039,1.47516,-0.5462,0.07161,1.15195,0.21439,-0.54335,-1.13332,0.68712,-0.055,-0.35965,-0.84393,1.91282,-0.19833,-2.04341,0.32885,-0.93419,0.73457,-0.25053,0.59122,0.25046,-0.70366,-0.6104,0.93754,1.36324,-1.46694,0.25442,0.05703,-1.56414,0.31702,1.67249,0.3176,0.35735,-0.03615,-0.06891,1.71151,0.0539,0.0247,0.75808,0.22588,-0.31278,0.64481,-0.19223,0.70689,0.23728,-0.23053,0.13639,0.97144,-1.2426,0.28806,0.30563,0.25079,1.6592,0.91297,0.58488,1.43846,0.78479,0.36274,0.67526,0.63968,-0.43537,-1.36862,-0.22178,0.42904,0.96898,-2.16209,-0.88904,-0.33767,0.93179,-0.42599,-0.20207,1.1085,0.99188,2.3148,1.67204,-0.13293,-0.58239,-0.65408,0.00639,0.93168,-0.99973,-0.1273,0.85496,0.41785,-0.10164,0.44915,-1.07674,-0.87069,-1.09533,-1.23984,-1.02288,-1.27559,0.32256,-0.91933,1.87338,0.58557,0.07302,-1.98868,0.85464,-1.36765,-0.60769,0.44569,0.31624,0.05032,-1.56422,-0.41992,-0.85783,-0.17464,-2.25193,0.47999,-2.00028,0.31088,0.39595,0.47383,-1.16602,1.20514,-0.68392,-0.23859,-0.42123,-0.33685,-0.0591,0.17499,-3.05278,-0.81165,0.18834,-0.06052,-2.48554,0.34915,-0.59675,1.55035,0.5284,-0.5724,-0.63428,-0.59618,-1.51681,-0.05547,0.91374,0.75351,-1.10007,-0.22048,-0.95024,-0.24984,1.61066,-0.70813,-0.57099,-1.51888,0.82678,0.00985,0
-1.08952,0.26943,0.60813,-0.3211,-0.69835,-0.00121,-0.50312,0.85845,1.4577,-0.25887,0.47862,-0.1788,0.16993,-2.39079,1.31544,0.49074,1.48459,-0.64763,1.5271,-0.34393,-0.33412,-0.88528,0.69663,-1.60735,-0.48715,-0.94375,-1.42627,1.20848,0.61815,-2.52823,0.42708,-0.98363,0.39415,-0.22238,0.60117,-0.06088,0.73144,0.20633,1.46829,0.62053,-1.4443,-0.41727,1.65749,1.01242,0.26805,-0.3628,1.51672,0.10812,1.81855,0.15978,-0.8082,0.44471,-1.0524,-2.04324,1.17367,0.78926,-0.3445,-1.51821,-0.8112,-1.28056,0.18843,-0.87534,1.6394,-0.36933,-0.25205,-0.93674,-0.08447,1.48672,0.90245,-0.63605,0.92497,1.21776,0.09178,0.2134,0.18224,-0.85293,0.0666,0.43482,-1.13967,-0.49124,0.52892,-1.19022,0.13542,-1.05246,0.03834,0.39936,-1.21718,-0.03213,0.32027,0.60639,-0.80118,0.66538,0.07806,-0.97366,1.4758,0.47823,0.17337,0.70234,-0.3623,-0.40974,0.5092,0.40887,0.52308,1.23493,0.29524,0.44034,-1.42484,0.37116,0.58372,1.38407,-0.60591,0.97471,1.13469,0.92792,0.31506,2.50437,-2.62123,-0.8364,-1.16625,1.53884,1.02279,0.90666,-1.30528,-1.05075,-1.65837,0.27185,0.20407,-0.65714,1.02771,1.76626,0.57649,-0.33522,1.41668,-0.48134,0.03092,0.52523,0.22413,0.75023,0.3065,1.42011,1.95381,-0.15195,-0.51248,-0.57732,0.42659,1.19471,-1.62012,-0.65484,-0.25481,-0.3155,0.32257,0.61524,-0.66228,1.24935,-0.26542,-0.80788,-1.23966,-0.00092,0.05118,-1.86076,-1.15689,1.22444,-0.15628,-0.54964,-0.58491,-0.92696,-0.2311,0.6548,1.82046,-0.34586,-1.66046,0.4981,1.42146,-0.38478,-0.73192,-1.10986,0.82662,-0.32061,0.75283,-2.57267,1
-0.01253,0.14882,0.90158,-1.42017,-1.86645,1.76328,-1.20738,-1.00837,0.13493,-0.32914,-1.37882,-1.11045,-0.69869,0.31191,1.35421,0.55502,0.84259,1.13868,-0.52645,-1.28345,0.96748,-0.07076,-0.17158,0.41991,1.39378,1.07219,-0.65332,0.49254,-1.74958,-0.58182,0.06656,1.87539,-0.62785,0.20894,-1.24803,-0.18302,0.19687,2.3497,1.47773,0.88442,-0.19676,-1.45857,1.21247,0.07449,0.65263,0.82395,-1.38385,0.1473,-0.8999,1.15724,0.54866,2.16229,-0.78423,0.65388,0.34234,-1.02992,-0.88553,-0.17085,1.60461,-0.50362,-1.45857,0.46869,-1.99296,0.73954,-0.03805,0.27252,-0.2648,-0.74957,0.64694,-0.01592,1.59962,-0.74623,1.40192,0.54678,0.2845,0.94696,-0.39252,-0.05841,0.55091,-0.58478,-0.89528,0.0985,-0.39949,1.52166,0.7908,-1.04295,0.22975,0.73122,2.16914,0.67899,1.14908,1.40591,-1.87839,-0.27525,1.07567,0.11471,-0.63441,1.71644,-0.03298,-0.21371,-0.15381,0.38787,0.82326,-0.73848,-1.25763,-0.63381,0.88125,-0.00501,-0.68293,0.07661,0.10419,0.3107,-0.40879,-0.8494,-1.57575,1.1772,0.56544,0.12862,-0.97669,0.36707,-1.86745,0.03357,-0.38002,-1.31185,1.13659,-0.29041,-0.49335,-0.32685,-0.30304,0.2481,-0.00659,-1.49076,-0.6057,0.80798,-0.69108,1.05047,0.16016,-1.37928,-0.28157,1.30667,1.23925,-0.09077,1.37192,0.38866,0.19382,2.00813,2.10492,0.17071,0.50341,-0.47543,0.21936,0.6928,1.67682,1.09404,1.07661,-0.72466,-0.09935,-0.06776,-0.91701,-0.28975,-0.88348,0.44482,1.66193,-0.31777,0.25199,-1.3297,0.16341,0.92355,0.58578,0.2514,0.51194,-0.07601,0.55566,-1.21478,0.1028,0.9066,-0.82856,-1.31537,-1.60171,-0.27894,1
0.92392,-1.37518,-0.12324,-0.36296,-0.21553,-0.5418,0.966,-0.15338,-0.06454,-1.5154,-1.02618,-0.13644,1.40554,-0.67731,-0.12331,0.7177,-0.87888,1.03144,-1.39387,-0.56704,0.51102,-0.4413,0.53462,-0.38746,0.89754,0.85055,1.14512,-0.10658,0.24323,0.41941,-0.80602,-0.08316,-0.94603,-0.20642,1.28261,-0.81221,1.02431,-0.29368,-0.17641,-0.2352,1.23093,0.34287,1.09189,0.20265,-2.12578,0.28402,1.57739,-1.40247,0.90538,-0.68628,-1.90611,-1.91877,-0.59556,-1.11006,0.9363,-0.26923,0.27134,1.20855,-1.20849,-0.49858,-0.88312,2.99282,0.35593,-0.14463,0.13168,-0.78433,1.48785,-1.63757,0.3025,0.91312,-0.3523,-0.47213,0.4373,-0.10478,0.96342,-0.05642,-0.27347,-0.63838,-0.38915,-1.07784,0.11261,-0.5457,0.56169,-0.17646,-0.69091,-0.94397,-0.16108,-3.39882,-1.33342,-1.14494,0.66402,-1.38711,0.57207,-0.53521,1.07127,0.94428,0.38339,-0.71102,-1.72133,-1.07182,0.39725,-0.60971,0.33917,-0.34596,-0.44929,1.45258,-0.35993,-0.2785,-0.15659,0.42074,0.09484,-0.41891,1.57492,-1.97153,1.37763,1.8472,1.30048,0.9383,-0.65951,0.58632,-1.7792,-0.23433,-0.03104,0.85554,0.75975,0.50809,-0.82083,2.15845,0.46332,-0.28268,-0.33289,-0.6672,1.70214,-1.42989,-1.84801,0.97986,-0.01383,-0.10759,1.00374,-0.60498,-1.33466,1.38503,0.53764,0.03457,-0.70511,0.1369,-0.69195,-0.34451,-0.96895,1.91792,0.05163,-1.41037,0.5458,0.54688,-0.76962,0.00105,0.70957,-1.16795,0.10498,1.31011,1.42151,-1.50247,-1.21223,-0.99933,-0.26904,-0.94755,-0.65372,-0.17298,0.11263,0.68258,0.52154,-0.74646,-1.53734,-1.33556,1.80331,-0.59389,-0.27746,0.96783,0.27262,-0.84003,1
0.86425,-1.0888,1.4057,-3.02031,1.18159,0.18205,1.07109,0.44443,0.10018,0.60105,-1.19641,-0.29585,1.00022,0.95488,-0.5962,-0.34223,0.87284,0.89189,0.04469,0.27193,2.40528,-0.22588,-0.55043,0.98272,1.90885,0.3136,0.77345,1.15798,1.12211,-0.15352,0.33206,-0.99623,0.40248,1.08751,0.47697,-0.55894,0.25485,-1.27984,0.03645,0.93846,-0.81262,0.84875,0.05664,0.40064,-1.33825,-0.43097,0.85777,-0.10809,-0.32357,-0.9769,-1.06003,0.7629,-0.86594,0.70912,-0.31691,0.24881,-0.89342,0.1765,0.15656,-0.76419,-1.63561,1.1713,-0.41782,-0.79812,-0.12221,0.55469,-1.03921,2.69351,0.66474,1.75035,-0.22997,0.83694,0.30633,0.54264,-0.04512,-1.35383,-1.13928,1.99433,-0.20102,0.12537,-0.7615,-1.6347,-1.17846,1.01238,1.20303,0.15326,0.86823,-0.11619,0.12074,1.27431,1.48278,-0.26134,-0.67146,0.32607,1.20614,1.77595,-0.74614,0.72576,-0.46824,-0.05314,0.31726,0.31616,0.28175,0.70471,-0.32643,-0.4247,-1.29835,1.64297,0.33801,0.65509,0.70151,0.84203,0.6069,0.37689,1.39973,-1.71757,0.47857,-1.43805,-0.42701,0.16137,0.68509,-0.18437,-0.92984,0.26466,-1.14464,-0.92442,0.28485,0.1804,-0.57953,2.28037,-0.12829,-0.08265,0.36667,0.98906,-1.41031,0.78878,-0.43226,-0.69832,-1.18838,0.26403,-0.15338,0.20502,1.82582,0.22939,-1.08782,0.20488,-0.45548,3.02223,0.51094,0.5218,0.22367,1.10448,1.01196,-0.41855,-0.14225,-1.04308,0.02513,0.14081,1.2967,-1.13865,-0.59775,2.74432,0.77201,0.72216,-0.86607,0.70705,1.51687,0.68851,0.68827,0.56908,0.25293,0.02157,-0.90154,-1.13749,-1.47795,-0.5589,-0.04026,1.02587,-0.06232,0.36781,0
-0.78028,2.15372,0.69271,0.03177,1.54295,0.63318,-0.68592,-0.0963,1.39096,1.82249,1.42697,-0.32317,-1.18272,0.22512,-0.07819,0.93452,-0.6486,-0.31596,-0.37738,0.92346,-1.00082,-1.71802,1.16929,2.0101,-0.6153,-0.83107,0.16665,-0.72609,-0.66492,-0.07961,0.01896,0.89236,-0.02433,0.82054,-1.19403,-1.56603,0.27041,0.48474,-0.3689,-2.21889,0.52653,-0.44409,0.46666,-0.64553,0.67625,1.8534,2.61466,-0.40046,-0.50056,-0.22145,0.48778,-0.53682,0.36428,0.22753,-0.08267,0.00709,-1.03746,0.63161,0.43199,-0.22582,-1.04114,0.54378,1.12462,1.09922,-2.05538,0.24768,-0.2154,0.87969,0.54098,0.10996,0.16591,1.37396,0.57336,0.30809,0.26032,-2.13169,1.98485,-0.81351,0.80295,-0.01778,2.07106,1.36197,-0.40229,-0.13207,0.04253,-0.57769,-1.30899,0.37069,-0.7208,0.91885,-0.38834,-0.11467,0.1475,1.83243,-1.0052,1.3645,-1.31588,0.96008,0.58721,1.26015,-0.79307,-1.43249,0.14372,1.543,0.37402,1.39336,0.24289,1.0277,-0.65716,0.46279,2.44885,1.03068,0.79442,-1.13676,0.70128,0.54445,0.32702,-0.03378,1.44543,1.20994,-2.29309,-0.32645,-0.51606,-0.85285,-0.11886,0.42688,0.35078,-0.05989,2.4701,-0.16194,-1.41466,-0.28806,0.00571,0.08715,0.08341,0.88779,-0.06765,-1.18768,-0.00169,-0.05225,-0.3386,-0.56947,1.12211,-1.47486,-1.63144,-1.11957,0.32722,-0.94795,-0.14927,-0.43616,-1.30248,1.42629,0.58126,0.50615,-0.61226,0.88818,-1.13053,-2.05208,-0.02119,-0.83185,1.13814,-0.58891,-0.41712,0.69012,-1.32012,1.28095,-2.40515,0.25667,0.10251,0.51198,0.94958,-0.44994,-0.27164,1.72032,2.42784,1.36818,-0.14398,0.55325,-1.84205,-1.75974,1
0.00243,-0.80703,0.26562,-0.14769,0.2456,0.29288,1.1084,-0.71196,-0.52349,-0.01355,-1.0485,-1.17785,1.3792,-0.98528,-2.68875,0.48554,0.61125,0.48461,1.06388,-2.36469,-0.32919,-0.50809,-1.03056,-0.08659,-0.98935,-0.59704,-0.4713,-0.98965,2.17447,0.59095,0.17126,-1.84712,1.11091,1.81327,1.41963,-0.46513,-0.28807,1.82178,-1.63094,-0.0734,-0.36412,-0.39924,-0.32187,-0.14389,-0.56205,-0.12877,-0.57066,0.66894,0.70906,0.12292,2.3961,-0.68571,-0.30439,0.43558,-0.21523,-1.27799,-1.23543,-1.13837,0.33048,1.99761,0.14984,-0.7504,2.23479,-0.94226,0.06325,-0.78307,-1.70332,0.18387,0.49878,0.65862,0.39855,0.10954,1.22652,-0.75424,-1.40977,-0.84292,-0.72375,-0.27791,-1.74552,-0.14663,-0.50357,0.51,0.10843,-1.23958,1.38981,1.01119,0.13397,1.28025,0.06176,-0.59286,1.64508,0.78635,-0.46121,0.88706,-1.47189,0.72275,-0.40803,0.88707,0.42068,-0.65685,0.74775,1.39355,-0.83046,-0.45027,1.02596,-1.47332,0.1929,-0.66581,-0.19917,-2.03052,0.26813,-0.62976,-0.71499,0.22044,-0.45968,0.65563,0.09761,1.76373,-0.66861,0.11124,-0.91079,1.35765,0.86451,0.95555,2.04766,-1.53533,-0.03369,0.33247,1.69977,0.24581,1.96749,-0.21234,0.12538,-0.13924,1.88495,-0.09782,-0.01134,-1.41164,-0.16159,-0.59812,0.37498,1.27722,0.53504,0.60737,2.06223,-1.73272,1.12249,9e-05,-0.70671,0.15898,0.52024,0.24114,-0.21845,1.22761,0.20506,0.31064,1.33516,0.07181,1.40352,-0.58728,-1.10847,-1.81849,0.26486,0.152,2.07937,0.82116,-0.15461,0.30121,0.84885,-0.73347,-0.75632,-0.09484,-1.11749,-0.36019,-0.40215,0.48994,-0.18092,-1.04422,-0.2556,0.3282,0
0.19027,0.56305,0.09798,1.50991,0.22454,-0.10921,0.52032,0.00523,0.00361,0.17078,0.11375,-0.92087,-0.73073,0.66965,0.07533,-2.77477,0.76102,-1.95914,-1.26676,0.80573,1.95963,0.82448,-0.39799,0.42387,-1.15228,1.42604,1.74664,-0.95301,-1.20217,1.4251,1.95297,0.08205,-1.99231,0.70109,0.57887,-0.55103,0.49482,-0.15157,-0.56099,-0.77634,0.97819,0.60964,-0.42238,2.82986,0.07988,1.51283,-0.9385,-1.42159,-1.69518,0.38889,0.2658,-0.52791,0.10327,-0.303,-0.84341,1.28326,1.12998,1.08922,-0.17647,0.26861,-0.33375,0.55169,0.70191,1.15148,-0.21079,-0.21889,-0.90955,-0.14847,2.6125,-0.20895,0.41741,0.1696,1.50452,-1.88067,0.48313,0.62447,1.50075,-0.44898,-0.96713,0.914,0.50825,-0.22786,0.2818,0.10191,0.26051,1.56146,-1.38191,1.17133,-0.51842,0.94774,-1.13029,0.24045,-1.7458,0.34067,0.12303,1.26747,-0.00632,-0.43424,2.07801,1.79743,-0.37994,0.59874,1.07966,0.19761,-0.11859,-0.80536,0.3579,0.4629,1.67824,-2.11443,-1.21435,-0.11293,1.01307,0.55975,-0.54851,0.08168,1.27987,-1.2464,2.14097,0.59373,2.29601,1.3131,-1.16154,1.22945,-1.25078,-0.10219,-0.91355,-0.13208,-0.74359,-1.3061,-1.55957,2.75453,0.66492,0.6237,-0.68239,0.30008,0.54994,0.32498,0.79243,0.23698,0.00275,-1.03693,1.54279,-0.59436,0.44222,-0.43133,-0.75615,0.42026,0.0353,1.11165,-0.05225,2.11506,1.06275,-0.36738,0.74686,0.02533,-0.19363,-0.60933,-0.19225,-0.87718,0.24621,-0.63773,0.13103,-0.79221,-0.14369,0.93542,-0.35056,0.4791,-0.61601,-0.72648,0.47562,0.12861,-1.01682,0.50949,1.44772,0.35161,0.52305,0.88674,-0.51556,-0.63275,1
-0.88377,-1.49339,0.36953,-1.01942,-0.44743,0.65839,-1.84138,-0.29288,-0.01615,1.50734,0.85897,-0.61792,1.27813,1.59687,-1.16734,-0.51227,-0.76442,-0.04114,1.4359,0.6861,0.14505,-0.25368,0.29432,-2.11819,-2.37897,0.59257,0.13861,0.08535,-2.22362,-0.42173,-0.4093,-0.0054,-1.3634,0.32136,0.67375,0.92484,0.03308,-0.1373,-2.99203,-1.78755,-0.05804,2.26123,-1.93152,1.49513,0.52559,0.75717,-0.12253,-1.75994,1.22446,-2.45519,-0.15728,0.46064,0.48724,-0.19617,0.34344,-0.23568,-0.48184,-0.3961,-1.72223,-1.38636,-1.66006,-1.20256,-0.78261,-1.55617,-0.97225,1.41196,-0.06414,0.94729,-2.48798,1.40609,-0.7645,0.84543,0.33138,0.53803,-0.64893,0.30473,-0.80889,0.40647,-1.00397,0.17245,1.92821,0.86214,-1.21,-1.08325,0.53569,0.93998,-0.5453,0.06024,0.03749,-0.16421,-1.99479,0.52314,-1.67521,-0.14465,-0.5756,0.68733,0.43517,-0.25242,-0.29483,1.14879,-1.56864,-0.33396,1.06719,0.49503,0.30955,-2.04267,1.30283,-0.20186,0.68144,-0.32407,0.27777,-0.01426,1.14179,0.04285,0.85399,-1.48324,1.42333,-0.14908,0.08681,-0.94092,2.00592,0.87189,0.30872,-0.63812,-0.12248,0.36391,-0.19804,-1.1171,-1.39647,-0.04567,-0.00298,-0.7226,-0.18477,-1.38762,0.74448,-0.01604,1.43971,-0.58289,-0.47327,-0.11984,0.48515,0.53974,0.46304,-0.78861,-1.5267,0.01445,0.29501,-0.00597,-1.7126,-2.04805,2.14884,-1.1181,-0.92063,-1.61642,1.09852,-0.66532,-1.24527,-0.68958,-0.3443,-0.48664,-0.475,-1.57406,-0.37204,1.89274,0.76102,-0.72123,0.46745,1.86475,0.6888,1.42397,1.04955,-0.15418,-0.10346,0.89082,0.28946,-0.92901,-0.42134,-0.20867,-0.49016,-1.95191,1
-1.53309,-2.44106,0.23222,-0.57306,-1.63263,-0.02329,0.12047,0.00343,-0.00351,-0.39724,-1.45023,-0.22299,-0.23497,0.50506,-1.25469,-0.23347,-0.49562,0.17989,1.07642,1.79203,-1.56563,-0.26574,-0.93806,0.36451,-0.63909,0.96706,0.3575,0.12975,-0.05648,-1.49916,0.0249,0.80942,-0.68881,0.64615,0.60163,0.33984,0.03617,-1.11491,0.71078,0.56393,-0.54086,-0.65968,-0.3763,0.24018,0.12726,0.02043,0.6121,-1.4008,0.13317,0.30804,1.22946,1.89561,1.05693,-0.58448,1.00489,0.72804,-0.45993,-0.20928,-0.64695,-0.85009,1.34306,-0.42479,1.07255,1.54585,-1.93094,-0.82226,-0.07498,-0.758,-0.06786,2.03867,-0.39514,0.09155,0.04335,-1.2397,0.20534,1.15556,0.44375,0.95025,-2.87524,0.12914,0.56406,0.15295,1.10979,0.46056,-0.71992,0.1772,-1.8406,-1.40849,0.1367,-0.87513,1.28291,-0.15524,-0.18305,0.22082,0.67147,0.60613,-1.64904,-0.55952,-0.80117,0.65976,-1.08902,-1.46811,0.59502,0.27355,0.94897,-0.98788,-0.71171,-1.71944,-0.05037,-0.11358,-1.06942,1.66358,1.24765,-0.35513,0.4644,-0.4243,-0.1967,0.67368,0.40411,-0.3201,-0.53294,-0.02949,1.20148,2.77681,0.42586,0.67203,-0.91724,0.04583,1.52164,1.15532,0.12857,0.47336,0.96761,-1.77211,1.90109,0.41318,-0.08038,-1.5433,0.04742,1.08585,-0.08386,0.63043,1.8095,0.34941,-0.70942,0.63485,0.15394,0.29303,0.11666,-0.30129,0.94285,-0.18735,-0.13095,-0.34132,-0.50146,-0.57916,1.44553,0.25752,1.67108,0.79428,-0.18106,-1.12707,-1.72067,0.42038,0.10618,0.46634,0.55121,-0.08039,0.6007,0.56649,-1.49729,-1.50118,0.3402,-0.03074,0.83597,0.01041,1.01806,0.15505,0.69184,0.22499,0
0.89253,-0.2952,-0.0035,0.67112,1.10059,-0.57567,-1.06399,0.19215,0.50547,0.2231,0.6145,-1.61923,-0.5198,0.05748,-1.61764,-0.65707,2.76151,-0.31947,-0.16353,-0.11832,-1.34865,-0.05043,1.89584,0.36394,-0.30508,0.71536,2.03031,1.93858,-1.26678,-1.44564,-0.62949,0.83069,-0.12975,0.6421,0.80525,1.67318,-0.20277,1.58065,-0.93191,1.25513,1.28207,2.06296,-0.37218,-0.71273,-0.32928,-0.85734,-0.00271,-1.55451,0.43589,-0.56356,0.04613,-0.85871,-0.43364,0.50112,-0.80587,1.39957,0.65977,0.45523,0.60315,0.28092,-0.49063,-0.21845,1.02397,-0.48303,-0.39216,-1.92164,-0.47678,1.09762,0.09722,1.94799,-0.86696,-0.31691,1.15052,0.04457,1.18259,1.25509,-0.69732,0.44659,0.39348,-0.25333,-1.20884,-0.40374,-1.17792,0.50231,-0.02792,-0.50963,0.44834,-1.02526,-0.88076,1.30553,1.53004,-1.07685,0.37304,0.47942,1.17935,0.23512,-1.16615,-2.97379,1.76353,0.06781,0.57732,1.23734,0.63134,0.21193,-1.17165,-0.90352,0.78069,1.70547,-0.0757,-1.34566,0.87624,-1.37041,0.24205,-0.51693,1.14681,0.31622,-0.50375,-0.41615,-0.72658,0.12542,0.58766,0.23634,-0.51087,0.11814,-1.30805,1.27722,-1.0331,0.15931,-0.19886,-0.1,-0.31095,0.96559,0.05993,-2.30788,-0.48596,0.14139,0.70411,-0.84203,-1.00439,0.88662,-1.02266,-1.42343,-1.19143,0.87799,1.02582,-0.66119,0.80513,0.6603,-0.31581,0.69764,-0.38095,0.09077,1.30082,-0.56799,-0.26404,-1.53464,-0.4655,0.31881,-1.26644,-0.66561,-1.33097,0.80703,-0.66338,1.37531,0.66541,1.02595,1.02304,-0.19556,-0.08168,-0.15434,-1.96738,-2.2723,-0.58244,1.22624,-0.74042,0.52625,1.22416,-1.17062,-0.55439,1.02745,1
0.21206,-1.93616,-0.84098,-1.76935,0.41321,0.08198,1.15764,-0.79359,1.28664,-0.75097,0.77908,-0.74285,0.21552,0.44226,0.74508,0.18636,0.79411,0.81938,0.7729,0.89332,-0.77137,1.01988,-0.4897,-1.22385,-0.3842,1.44998,-0.0514,0.82997,0.77058,-0.74512,-0.5122,-0.42652,-0.4157,-0.2076,-0.80914,0.66165,1.52539,-1.00757,-0.15556,-0.45958,-0.77989,-0.65585,1.16765,-0.22757,-0.55063,0.54401,1.0854,0.59336,-0.92973,0.59955,-0.20439,-0.72268,-0.28901,-0.34267,-0.04095,-0.75996,1.03711,1.15023,0.5986,0.78314,0.68173,1.46145,-0.75253,1.01981,-2.61322,-0.78363,-0.86223,0.00792,0.28741,-0.82674,0.62394,0.42643,-0.37737,-0.16665,0.90504,0.85642,-0.4134,0.62207,1.5361,1.93337,-0.12515,-0.73798,-0.16337,-0.9494,0.2326,-1.1014,0.49662,0.50547,0.03576,-0.58252,0.65508,-1.45484,0.19136,0.85104,0.16472,-0.42531,-1.36006,-0.22512,0.92196,0.33008,-0.11465,-1.12131,-0.08504,1.4279,1.18907,-1.67549,-2.07808,-0.76265,-0.63218,-0.42263,-0.05665,-0.36615,0.78512,0.47021,2.53927,-1.33792,-0.9929,-0.33073,-0.92094,0.58203,0.9802,0.8785,1.0194,0.07269,-0.73053,-0.08782,0.41622,-0.99818,-0.1196,0.9661,0.00361,0.58349,0.41074,-1.10007,0.7201,-0.15933,-0.32801,-1.01397,0.12068,-0.38394,-0.24144,-0.71676,-0.05865,0.03623,1.98959,1.39962,0.80508,-0.80983,2.0738,0.11224,-2.34751,-0.05742,-0.17987,-0.43202,-0.82337,-0.53554,0.15974,-0.2174,1.08239,0.50297,1.81225,-0.89551,-0.25715,-0.17806,1.046,0.38229,1.03471,-0.51925,-0.71198,-0.54516,-1.00811,0.44325,1.1244,1.25186,1.02824,1.77193,-1.8213,1.64504,-1.09192,-0.75304,1
-1.2782,1.28517,2.29069,0.60889,0.02595,0.12686,-1.51541,-0.12733,1.55155,-0.56737,1.33426,1.41864,-0.8133,-0.24633,-0.67539,1.54026,0.02306,-0.06529,0.19048,1.08706,-0.88177,1.24963,1.01118,-1.521,-0.38058,0.1759,1.4739,-0.69984,-0.94306,-0.77256,-0.42676,1.35425,0.00617,-1.97728,-0.36852,0.25166,-0.10562,-2.52604,-0.12636,-2.48577,-1.78127,-1.14837,0.35744,0.26454,-0.3701,-0.07284,-0.75496,-0.08952,1.14539,0.54253,-1.15809,0.3072,0.26625,-0.49452,1.50184,-0.85505,-1.37976,-0.46456,0.82322,0.17242,-0.83277,0.76876,0.96055,1.83768,-0.73377,-1.87298,2.02841,1.25667,1.02083,-1.71675,-2.27116,-0.08851,0.71641,0.92305,-1.5953,-0.1662,1.78381,0.20974,-0.0224,-1.48348,-0.05857,-1.62608,1.00959,0.51641,1.23705,-2.39103,1.16897,-0.14861,0.82112,0.28499,0.89207,0.20858,0.71721,-0.01201,-0.8799,-0.79381,1.53049,0.16925,0.08373,0.14753,0.68729,-0.66461,-0.22129,-1.17571,-0.32076,0.26743,2.73158,0.42176,0.01327,-0.2111,-0.78835,1.25838,1.93009,1.20602,0.43487,-0.46154,2.4704,0.58854,0.31924,-1.40938,0.38483,-0.60895,0.48755,-1.39814,0.04797,0.47484,2.70308,-1.12457,0.15901,0.22,-0.844,-1.87445,-0.21482,-0.37338,-0.95248,-0.47309,-0.79955,-1.98599,-0.02343,-0.88604,0.91414,0.64776,-0.33041,-1.59184,0.79533,0.92864,1.79075,0.71927,2.07379,-0.14904,-0.34416,0.60301,0.83723,-0.73748,0.15825,0.22753,-1.82562,0.88534,0.03382,0.94565,-1.23214,0.19185,1.74642,0.37111,-0.28819,0.6473,-0.78085,-0.2908,-0.00216,-0.38781,-1.57962,-0.74838,-2.17984,0.20595,0.52734,0.07891,0.34495,-0.57985,0.14638,1.04467,1
-0.68148,1.37301,-1.25979,-1.43636,-0.37018,-0.06172,-0.83392,-0.01128,-0.29391,0.80345,-0.36629,-0.37239,0.19867,-0.35061,0.20147,-1.29013,-0.83075,-1.10963,1.24424,-0.14524,-2.00912,2.27995,0.10858,0.52081,-0.36359,-0.86619,-1.30219,0.62558,1.62213,-0.58342,0.70519,-0.55123,0.11821,-0.25001,0.43194,-0.58766,-2.18298,-0.23191,-1.41109,-2.79563,0.74572,-0.12216,-0.68877,-0.647,0.56782,0.4182,0.72856,-0.94475,-0.44973,-1.69309,0.11457,-0.98809,-0.86633,-0.70619,-0.69008,0.18258,-0.38694,-0.28674,1.75915,-0.54528,2.03636,0.37604,0.67011,1.32512,1.14123,0.70383,-0.21519,0.1114,-1.48386,0.70917,1.11812,1.82982,1.00258,-0.99714,0.90821,0.29048,-1.4366,0.59828,0.17748,-0.24003,-1.5594,0.59415,-0.58594,1.06521,1.30689,0.87798,1.26139,0.17552,-0.2031,0.03052,-0.40046,0.78655,-1.79376,-2.37201,0.10969,-0.9225,-1.2304,-0.91565,-0.91592,0.14929,-0.27365,1.03426,-1.84212,-0.93304,1.89477,0.6705,-0.61114,0.13066,0.77363,0.98504,-0.05594,-0.9169,0.84853,0.65185,-1.14952,-0.42922,0.34419,-0.23071,0.1074,0.23656,-0.22895,-0.38709,-2.00756,-1.17343,1.96586,1.89456,1.22238,1.71443,-0.22408,-1.14186,2.45656,0.59654,-0.24754,0.51626,0.24716,-1.05259,-0.73949,0.6327,0.04083,0.45935,0.50566,-1.24845,-0.87476,-1.43634,1.4322,-0.0271,0.38088,0.25853,0.79737,0.68379,0.28503,-0.76232,0.59996,0.7047,-0.89275,-2.05358,-1.52592,-1.36448,-0.49844,0.21629,1.1412,1.02318,-0.56016,1.35048,-2.46492,-0.93438,-0.56122,-0.17559,0.31531,0.68723,1.11659,-0.25386,0.89335,-0.95139,1.51836,-2.93368,-0.04127,-0.00027,-0.29082,0.04506,1
-0.21196,-0.56996,-1.16332,0.66498,0.56173,0.71494,1.02611,-0.68351,0.92057,-1.80988,0.36301,-0.58054,1.26685,-0.08931,0.47513,-0.78222,0.76485,1.09763,-0.39146,-0.51554,0.2831,-0.13459,-0.7113,0.17414,-1.09677,-0.78309,1.62774,1.27559,-2.14685,-2.191,-0.52989,-0.10348,-0.35795,-1.31931,-0.27878,0.6049,0.35124,0.58417,1.7302,-0.2526,-0.52601,-0.97037,0.24025,-0.48871,0.51127,0.0008,1.44034,-0.69676,-0.20745,1.02417,-1.85841,0.02547,-0.94368,-0.15365,-0.31689,-1.37719,0.71691,-0.09204,1.20354,0.10842,-0.24393,1.48505,-1.47522,-1.42585,0.22382,-1.9968,-0.85504,-0.14921,0.97717,1.49212,-1.19743,-0.50126,-1.40312,-0.26657,0.02294,-1.4741,-0.56813,0.03359,-0.46981,-0.13103,-0.04681,-0.36548,0.05432,0.00193,0.73248,-0.70632,-0.26241,0.20362,0.02385,1.8471,-1.21652,1.093,-0.53344,1.14852,-1.1451,-0.03727,-0.71413,0.58432,2.18099,0.74361,-0.39713,-0.76227,-1.80373,-1.41862,-0.51625,1.16155,0.20746,-1.39562,-0.19824,-0.78047,0.01372,-1.36523,-0.13746,0.05165,-1.11933,0.0601,1.61049,-0.57801,-0.55427,1.03689,0.33796,0.48416,0.54879,0.77405,0.10138,-1.61102,-0.17403,-0.459,-1.67828,-0.91165,-0.9269,0.30494,0.73831,-1.71865,0.61393,-0.48457,-0.09704,-0.35025,-0.60581,-0.30946,-0.19089,0.15157,-0.17744,-1.91923,0.1199,1.96365,1.14262,-0.57209,-1.1884,-1.70699,-0.7437,-0.67582,-0.68526,1.77056,-0.29234,0.36365,-0.46453,0.16449,1.01625,1.41514,-2.79169,0.28065,-0.31594,-1.71714,-0.70681,-0.27879,-0.58206,0.05554,-1.29051,-0.87776,-0.71224,-0.2585,0.55212,-0.39865,0.55615,-0.49598,0.82948,0.42107,-0.19353,0.21385,1
-0.13007,-1.10553,0.1717,1.05719,-1.44101,-0.76371,-0.4159,0.2108,1.39664,-1.02934,0.03281,-0.92078,-0.22439,1.72319,0.77658,1.95625,0.02382,0.11043,1.21158,-0.59128,1.24601,-0.39032,-0.12284,0.47727,0.92032,-0.96446,-2.17333,-0.04894,0.23962,0.5113,-1.55195,0.15505,-0.43654,1.434,-0.70503,2.45554,0.51658,-0.87215,0.52539,0.41623,0.72517,-1.36618,-0.4574,-0.0481,0.5487,0.2125,0.43699,0.44319,-0.77752,-0.18252,-0.94623,-0.52125,0.22318,-0.82639,0.76573,-0.50866,-1.2113,0.2526,-0.84946,-0.03847,0.12178,0.74141,1.70007,-0.01142,1.08899,0.07198,-0.34711,-1.77261,0.83095,-0.71853,-2.22796,-0.19314,-0.39317,-0.23151,-2.00887,-0.87734,0.70738,0.6754,-1.8927,-0.69004,-0.26804,0.7408,-0.47275,0.61615,0.2315,2.09518,-0.60038,0.53274,-1.34054,1.13302,-0.49529,-0.45337,0.05803,-0.11292,-1.16264,0.26404,-0.83855,-0.0906,-0.88232,-0.60212,0.43461,-0.17816,-0.01185,0.4335,-0.31164,-0.016,-1.78885,0.11091,1.02014,-0.89039,0.28271,0.26265,-0.41041,-1.28846,-0.44026,-0.19301,0.15436,-1.94109,0.36295,0.6571,1.17133,-0.58461,0.98247,-0.84964,-0.03028,-2.67796,-1.83301,-1.60207,1.06252,0.45762,0.34378,0.63295,0.49649,0.99763,0.91049,-1.12191,-0.49719,-0.36502,-0.30459,-0.9775,-0.35399,-1.45878,-0.51045,-0.4246,0.74568,0.53877,-0.77821,1.14262,-0.88951,-0.43134,-1.14043,1.45776,-1.65665,-2.37098,-0.28912,0.93879,0.3489,-1.23215,1.49548,0.43554,-0.54298,-0.02245,1.00702,0.31657,-0.11073,-0.17145,0.83644,-1.24601,-0.00127,-0.67784,0.09622,2.26653,-0.21476,0.93721,0.37841,-0.95406,0.16063,-0.7836,-1.02389,0.21366,0
-1.14626,-1.60258,0.42015,0.91829,0.08723,-0.79238,1.1746,0.4612,0.42262,-0.07988,1.24293,-0.44608,-0.43943,-0.59052,-1.08884,-0.68905,0.70144,-0.62223,1.48746,-0.75128,0.2564,-0.61459,-0.95259,0.73158,-0.89663,1.94311,0.7435,-0.22512,1.25416,-1.87782,-1.75742,0.5818,0.21594,-1.19571,-0.78394,1.15934,-1.3334,-0.28244,0.244,-1.18796,1.17637,1.38551,-1.89686,0.0016,-1.58146,-0.10294,1.07456,-0.41431,-0.37948,-0.40289,0.23963,0.10411,-0.04467,-0.65247,0.62251,-0.09118,-1.01527,1.39238,-0.35721,1.01609,-0.39253,0.2789,-1.01,0.18349,-0.79978,-1.11343,-0.1807,0.64948,-0.66429,0.38914,-1.15707,1.05611,1.28614,2.01786,0.93664,-0.75815,-0.75448,-0.34139,0.77357,0.52338,1.13906,0.99082,-0.26779,0.18005,-0.32257,0.95547,-2.59127,-1.76507,-1.24869,0.62416,-1.7978,1.96478,-0.27862,0.08322,-0.60862,-0.75305,1.28063,-0.15249,0.04991,-0.25796,0.78829,-1.8742,-1.52839,-1.19205,-0.59817,0.28772,0.58108,0.31989,-0.52834,0.37617,-0.51049,0.06121,0.86697,-0.82045,-0.63712,-0.32555,0.81107,-0.38335,-0.65328,-0.50259,1.88597,0.21798,1.15998,0.90351,0.25358,-0.96146,0.41648,-0.27983,-0.03777,1.37298,2.69602,1.51214,-0.43345,-0.60839,-0.33118,0.17511,-0.0019,-0.30027,-0.3171,0.76655,1.14113,-0.13512,-2.21055,1.87935,1.10725,-0.26693,0.63153,0.35844,-0.36236,-1.29961,0.40286,-0.93036,0.22509,-1.59166,1.96488,-0.01329,-1.21094,0.61396,-1.39481,0.71912,0.46945,0.10652,0.87645,-0.58521,-0.54432,0.51251,1.26236,0.88586,0.30518,-0.58638,0.31658,0.32607,-0.24737,-0.47438,-1.42007,0.27842,0.45845,1.21591,-0.97465,0.78305,0
-0.18702,0.54375,0.49888,-0.97008,-0.67075,0.86542,-1.03298,-0.32286,-0.95047,1.27478,0.50725,1.10769,-0.50292,-0.40902,-0.75161,0.18971,1.80396,-0.79137,1.62112,0.68528,1.08851,0.0731,-0.04651,-0.79616,-0.62396,0.28785,-0.4892,0.71124,0.87758,0.02957,-0.03762,-0.95595,0.08759,0.82968,0.87387,-0.23116,-0.37614,-0.39185,1.85734,0.23521,-0.16032,-1.09679,1.09486,-0.16152,-0.15822,-0.72062,0.63811,0.19151,-0.13615,0.67194,1.63419,1.15578,0.08104,-2.10182,-0.22938,-1.1225,-0.40867,-0.71573,-0.31001,0.29696,1.0894,0.20298,0.66548,-1.35503,-0.46698,0.84,0.57163,0.19405,-0.4202,0.91051,-0.39384,0.12811,0.07055,-1.35323,2.24938,0.28597,-1.18324,2.45102,0.33228,-0.98982,-0.55979,1.35429,-0.53417,0.82438,-0.71647,0.20693,-0.48338,-2.31434,0.22447,-0.44443,-1.25076,0.07636,2.31469,1.40776,0.20196,-1.12768,0.91222,2.32123,-0.37404,-0.55619,-1.02198,1.39432,0.30812,0.57018,-1.24154,-0.21682,-0.11631,1.35507,-0.7305,-0.01383,-0.84277,0.32582,-0.72025,-1.20436,-0.14255,0.60741,0.6259,0.23429,0.16888,0.68142,-0.28524,1.04913,-0.90934,-1.22266,-0.50585,1.52996,-1.47097,1.4143,-0.70816,-1.56102,-1.27478,0.44656,0.58972,0.63762,0.0517,-2.01986,-2.10486,0.11463,-1.32287,1.16042,0.39587,1.73214,0.40471,-0.23071,-0.11356,-2.18838,0.6933,0.56169,-0.58877,1.36643,0.48576,-1.02776,-1.20718,0.78534,-0.86661,-0.88946,0.1407,-0.97141,-0.93156,-0.13358,-0.73746,-2.1379,0.27502,0.76388,-1.77447,1.86552,1.41472,-1.16296,-0.1194,-0.52132,-1.31715,1.08983,-0.19264,0.20084,-0.07194,1.31213,0.23302,2.16609,-1.2628,0.46742,1
-1.28701,-1.1577,1.77788,1.26923,1.53048,1.64048,-0.33294,0.03507,1.50027,-0.46811,0.58263,0.97513,-0.91822,0.52792,0.89176,0.76308,-0.74824,0.82886,-0.62022,0.82043,-0.9193,1.67758,0.67784,-1.19567,-1.67658,1.25447,0.71948,0.46631,0.68709,0.15212,0.41523,-0.01403,0.51587,-0.44335,0.58628,1.26176,-0.71562,-1.06453,0.5832,-0.2412,0.91435,-0.32756,0.39272,0.93845,-0.06003,-0.64898,-2.24046,0.11636,-1.48724,-0.15525,-0.75595,0.03296,-0.76913,0.35758,0.06834,0.06873,1.63266,0.99731,-0.05681,-0.85906,0.15155,1.28566,0.23927,-1.65693,-0.65369,0.93753,0.40259,0.27193,1.24815,2.42024,0.18619,-0.63064,1.01602,0.29659,-0.13954,-1.27543,0.52563,0.03395,-0.47991,-0.49183,-2.69404,-1.7749,1.62804,-2.30536,-0.67073,-0.78452,0.05387,0.34267,-1.35776,0.26976,0.19513,0.41901,2.50692,0.22633,1.30801,-0.71416,1.25984,-1.00746,-2.11198,0.51673,1.14996,2.05087,-2.26688,0.34192,-0.50313,-0.63333,1.76809,1.51445,-1.6183,0.59148,0.79497,-0.76696,-0.57314,-0.318,0.47335,-0.5271,-0.45143,-2.21769,0.29825,-0.21951,-0.38627,0.41613,-0.17695,-0.10315,1.21283,-0.04982,-1.00218,0.37379,-0.21712,-0.15323,1.3129,-0.91721,-1.19327,0.26928,-0.95466,0.04876,0.3211,0.31939,1.12333,0.34772,-1.34091,0.48052,-0.09748,-0.81483,-0.08168,1.2977,0.09686,-0.38549,0.45894,-1.13241,-0.5449,0.02877,-0.20745,-1.70682,0.81899,-0.13913,-2.12148,-0.52974,-0.47374,-0.05869,-0.12775,0.05633,-0.27783,-1.41112,-1.06554,-0.07739,-0.57288,0.01119,0.33549,-2.23152,0.34962,-1.25866,1.34835,0.40141,-1.35874,0.65407,1.32534,-0.20638,0.26614,0.39086,1
0.05668,0.21165,-0.36553,-1.20804,1.6877,0.05635,-1.06686,0.78511,-0.71767,-2.18244,-0.87625,1.12964,0.72527,0.40859,0.15958,-0.04434,2.9951,-1.32057,2.14569,-0.14749,0.46786,1.2951,-2.31316,-0.56067,0.08466,1.06675,-0.02067,-0.53691,0.51588,0.82224,-0.39447,-0.51386,-0.40159,0.16231,0.16742,0.06897,0.36219,-1.55298,-2.50248,-2.18421,1.66878,0.78297,-0.55693,0.56221,-0.5638,0.1761,-0.93404,-0.16613,-2.12102,1.50442,-0.97706,-1.17573,-0.02661,-0.62172,0.18255,-1.00841,0.23131,-1.03016,0.39959,0.17603,1.08941,-1.19184,-1.49923,-0.81118,0.8097,-1.93486,-0.55189,-0.10832,-0.28896,-1.22345,-0.17965,0.48998,-1.52423,0.23656,1.58403,0.53366,-1.1802,0.23579,-1.35821,-0.58,-1.26477,0.06965,-0.24774,0.48237,0.81971,1.22194,-1.05755,0.35727,0.03723,0.48941,0.6117,0.5832,-0.0532,-0.12755,-0.436,0.50196,-0.72566,1.04755,1.07418,-0.62598,-0.00023,-0.25382,0.28413,-0.2663,0.94084,-1.04899,-0.48424,-1.21184,2.15118,0.9868,0.56158,-1.19887,-0.41557,-0.94991,-0.97162,-0.64196,-0.50935,0.88604,-0.29491,-0.29117,-0.3519,-0.73499,-2.68952,-0.41002,-0.32165,0.02729,0.9015,0.96027,0.38785,-0.96042,-0.06453,-0.82803,-1.22111,1.68849,-0.14853,-1.18866,-0.94549,-1.95188,-1.03555,-0.11645,0.21735,0.3623,-1.10446,-1.68147,-0.13121,-2.19013,1.07626,-1.82976,-1.27637,-0.40857,-0.13112,0.68491,1.03036,2.23113,0.31761,-1.01057,-0.38746,1.33107,0.22314,-0.35293,0.56281,-0.22943,-0.20538,-1.1996,-0.6441,-2.65474,-0.68496,0.13984,0.8952,-0.6119,1.36729,-0.57399,-0.18495,-0.38118,0.28054,0.31931,0.51423,2.17195,-1.51527,-1.22149,1
-0.76213,-0.04259,1.33066,0.48003,1.44897,1.5397,1.07656,-0.06216,1.4638,0.33634,0.29376,0.17456,2.19183,0.3105,-0.71343,-0.46006,0.51606,-1.03477,-1.84296,0.13409,-0.09553,0.70883,-0.57722,-0.06887,-0.93198,0.35883,1.06156,1.09493,1.13523,-1.60416,-0.11368,1.38609,-0.54191,0.53567,0.50476,1.53084,1.11932,-1.04325,0.99758,0.96585,0.24624,-0.67868,0.30814,2.25214,0.59719,0.56745,-0.0722,-0.74379,0.21803,1.59183,0.66646,-0.52028,0.4084,-0.45777,-0.09243,-0.54312,-1.28322,0.87779,-1.52631,-0.86178,-0.75314,0.39469,0.61524,0.36269,-0.57216,0.67618,-1.04217,-0.78238,-0.3289,1.27023,0.32083,-1.17709,0.01741,-0.01639,-1.64242,1.75197,-1.25837,0.31701,1.0425,-0.32602,-0.19068,0.32571,1.10909,-1.90993,0.97721,0.39865,0.82244,0.22624,-0.9463,-0.22163,1.21814,-1.36001,0.19296,0.40604,-0.42275,-0.90831,-0.02553,0.66285,0.00048,1.70826,-0.31885,0.55544,1.01204,-0.98093,-0.61985,0.20259,0.17736,-0.89665,0.86445,-0.40351,-0.73425,0.84888,-0.40185,-1.87878,1.28335,0.09629,0.83523,-0.62007,0.08296,0.60071,-0.65457,-3.65888,-0.01676,-1.4214,-0.08925,-0.6373,-0.39322,0.61102,0.16752,0.00894,-0.74886,-1.48589,0.07266,-1.96926,1.36748,1.13642,-1.2755,-0.95314,0.72489,1.09404,0.75449,1.29679,0.49732,0.16215,-0.36444,-1.32671,-2.57251,-0.56006,-0.41162,0.22467,-0.27495,0.18054,-1.20097,0.15696,0.3833,1.61945,0.20199,-0.34085,-0.82994,-0.61576,-0.4081,1.38537,0.26197,-1.42099,0.40607,-1.15429,0.44489,1.30916,0.80039,-1.40105,0.72316,-2.44181,-0.09442,-1.77776,1.98076,-0.3309,0.28431,1.35004,0.89377,-0.4166,0
1.0314,-0.2912,0.71349,0.73497,0.97658,-0.42047,0.89365,-1.16367,-0.13372,0.8317,-0.74136,-2.32737,-0.74648,-1.43015,-0.29117,0.39347,0.80446,-0.28712,-0.21363,1.33912,-0.20346,-0.97615,-0.98176,2.23117,1.78592,0.91838,-0.15696,-0.54989,-0.60803,0.94231,-1.58721,1.83914,0.31373,-0.25376,0.7269,-0.8248,2.43153,1.22292,-1.33403,0.16478,1.01559,-0.02867,0.09571,1.06506,0.77158,0.28673,0.60823,0.20014,-0.86132,-0.74031,0.25048,2.50553,0.87174,-1.15296,-0.51471,0.73604,-0.67441,-0.35712,0.17803,0.73935,1.42917,-0.31817,-1.27302,-0.99618,-0.40774,0.02733,1.01193,0.29741,-0.86804,0.2132,0.87675,-0.40978,-1.22934,-0.74698,0.85884,0.32082,0.80431,1.53498,0.88085,-1.10774,0.54145,1.62634,0.5484,0.53994,1.8085,0.55934,0.65753,-1.29063,0.062,0.61168,0.34246,-0.7193,0.21089,-1.1494,1.07885,-1.87339,-0.82028,1.3632,-0.09693,-0.39854,-0.408,-0.25097,1.29897,-0.10469,1.93969,-0.0288,1.16978,0.82607,0.13907,-0.51045,-0.02203,0.10746,1.70909,-1.39664,-0.81745,0.22785,1.5033,1.18313,0.68885,-0.83404,-0.50792,-0.35192,-0.12791,-0.59849,1.23964,0.34382,0.77969,-0.38752,1.77787,0.86834,-1.37755,0.59905,1.43685,-1.92697,-0.14192,0.46705,-0.5839,0.97144,-0.05025,0.11541,-1.51184,0.83611,0.50881,-0.25841,0.6417,0.22335,1.69753,-0.57461,-1.46116,0.36728,0.15303,-1.20842,-0.19103,0.16624,-0.3627,1.58815,0.25058,-0.9259,0.22981,-0.06548,0.42836,1.39232,0.75876,-0.34452,-1.24641,0.03623,0.19244,0.73106,0.95154,0.33314,0.85354,-0.05667,0.27177,0.59156,1.35766,0.66583,2.12281,0.19378,-0.96397,0.0922,0
-0.81692,0.67092,-1.32692,0.49485,2.00367,0.3367,-0.0562,-0.95116,0.1131,0.44954,0.98433,0.32773,-0.16227,-0.01899,-0.11253,-0.04567,-0.19779,0.33444,-1.23018,-0.76722,1.64304,2.01342,-0.28739,-0.12369,1.17183,0.09983,-1.02623,-1.67445,-1.26884,0.72723,-1.98674,1.58864,0.19139,-0.16068,-0.40649,-0.69883,0.54843,-0.46372,0.86614,-0.5193,-1.36705,-1.04269,-1.16254,0.90052,0.76758,-1.68474,-0.03106,1.59255,-1.5597,-0.50135,-1.23656,0.54961,-0.01187,0.67427,0.61021,-0.7402,1.35279,0.24235,-0.78682,-1.50499,-0.90526,-1.1357,0.40639,0.79033,-1.23159,-0.72773,-1.4563,0.38723,-0.58798,-0.651,1.90949,0.41402,0.06073,-0.04179,-0.86249,-0.64428,-2.21609,-0.03766,-1.41931,-0.86416,0.45037,-0.19544,1.36032,1.74945,-0.11512,-1.0669,-1.97526,0.89039,-0.32045,-0.0754,-1.31206,0.46646,0.03689,1.19094,2.30684,0.0365,-2.12724,1.01285,0.46607,0.74544,-0.03635,1.93289,-0.79054,1.68398,0.84552,0.30191,-0.29244,0.00458,0.89197,-0.09458,1.27453,-0.77477,1.44181,-0.13276,-0.56422,-0.5463,0.60029,-0.06894,0.61536,0.19521,1.87351,-0.87012,0.53413,0.93635,-0.21687,-0.32955,0.64019,0.11285,-0.3215,2.40464,1.76096,0.29262,-0.39392,-1.15622,0.95331,0.32436,0.13388,-0.39537,0.46017,1.11047,0.43654,0.05394,1.07218,0.07389,0.17851,-0.15299,-0.33916,0.85319,0.14906,0.75451,0.67668,-0.2052,0.08564,1.48852,-0.1302,-2.49214,1.04934,0.07948,0.53849,-0.38509,-2.68763,-0.80062,0.54201,1.14996,0.15114,-0.99735,-0.41256,0.51148,-0.16354,1.47416,-0.27676,-1.01795,-0.28255,-1.28557,-0.76174,-0.35721,-2.32011,-0.38095,-0.58446,0.46815,0
-0.61585,-0.84632,-0.33853,0.48201,-0.08374,-0.9277,0.48262,-2.16786,0.91699,-2.3383,0.71765,-1.21964,-0.98065,1.01377,0.68618,0.79752,0.98818,0.23409,0.33958,0.83051,0.01715,0.3837,-0.31255,-0.0084,0.17221,-0.81972,0.36315,0.6447,0.66806,-0.18789,0.60182,0.60028,0.55842,0.32693,-0.50079,-0.56736,-1.3663,0.26493,0.26147,1.20414,0.54724,0.06703,0.1853,0.16119,1.60956,0.22419,0.11631,-1.16889,-0.20384,-0.46174,-0.7309,1.7061,-0.22362,0.22853,0.04191,-0.09818,0.93502,-0.69823,-1.26479,-0.12736,-1.54547,-1.37896,0.23642,0.75944,1.00786,-0.53453,-0.96028,-0.87388,0.11536,0.57506,-0.76544,1.28814,-0.38436,-0.05655,-1.97939,2.58511,-0.98857,-0.45651,-0.05553,1.10765,0.80991,0.95024,-0.68091,-0.9334,0.94906,0.15565,1.18053,-1.37503,-0.40656,-1.16585,0.66323,1.36678,0.19338,-0.63017,1.46545,1.15936,0.13467,-0.73777,0.11825,-0.54883,0.35193,-0.20987,-0.26686,0.54741,-0.25157,0.15296,0.03618,0.07964,-2.63219,0.82899,-0.65571,0.31955,0.71631,0.27574,1.35393,0.63935,0.04755,-0.83668,1.77022,-0.27693,-1.48272,-1.55245,-0.80484,0.19521,-1.59334,0.6036,0.19776,-0.57678,-0.99647,-0.11998,1.67424,-0.36646,-0.09154,-1.27465,0.49363,0.39661,-1.34785,-0.46237,-0.11012,-0.41386,-0.55785,-0.10766,-0.1574,-0.27803,-1.59008,-0.78119,0.81459,-0.3087,1.2923,0.36405,-1.48814,-0.93602,0.24898,0.74724,1.10069,-1.32682,-0.91273,-1.67175,-1.32353,1.3072,-0.78255,0.76199,0.52632,1.40094,-0.79943,-0.02156,0.86011,1.09722,-0.28347,2.10525,-0.32513,-0.39321,0.14854,-1.13334,-0.42107,-1.03853,-0.71861,0.35843,0.74045,-0.34987,1
-0.71113,-0.38967,-0.2841,0.74042,-0.16838,-0.01172,-0.78035,0.69709,1.48769,-1.20906,0.6931,-0.29416,-0.65324,-1.3557,0.35223,-0.52542,0.61532,1.28329,-0.50532,1.11028,-0.25212,0.53787,0.70548,0.48564,0.88273,-0.58628,-1.14286,-1.58709,-1.27124,-1.3034,-0.70092,-0.61325,-0.24709,-0.71695,0.98267,-0.26064,0.71647,-1.23166,0.33428,0.09153,1.19823,-0.52592,1.2181,-0.01524,0.46609,-0.00592,0.92625,0.20745,-2.0094,-0.39376,-0.55928,-0.76037,-0.08666,1.21466,0.64269,2.03967,0.28816,1.522,0.17143,-0.03118,0.93568,0.36828,-0.9154,-0.43785,-1.43352,-1.01553,-0.279,0.65743,0.87483,-2.17929,0.41291,-1.54079,2.11358,-0.1207,-0.16329,0.47081,1.32856,-0.89655,-0.94578,0.55632,0.11777,-1.02716,0.22227,0.31006,-0.57673,1.68435,-0.24301,-0.29707,0.53507,-0.47394,0.0368,-0.2741,-0.04231,1.44295,1.47619,0.9103,-0.52014,-0.31578,-0.17999,-1.34573,-0.02057,0.1694,-0.35629,-0.43183,-0.59022,0.63321,-0.55241,0.3003,-0.02941,-0.31272,-0.53412,0.8899,-1.36223,-1.50778,-0.50237,-0.4192,-0.15384,-0.07036,1.44981,1.42253,0.75643,1.38195,1.92289,0.53922,0.75642,0.45209,0.84099,1.46438,1.46034,0.75609,0.06436,0.31834,-2.11768,-0.30424,0.99192,-0.766,-0.18396,1.55093,-1.28201,-0.22217,-0.99198,0.8289,-0.70923,0.20659,1.1737,0.39768,-0.64461,-0.66023,0.65962,-1.01613,-0.56065,0.83377,0.09177,-0.35742,-0.04397,1.27816,0.6852,-0.00051,1.29989,-1.31216,1.66756,-0.32614,0.89942,-1.38989,-0.58251,0.47382,0.1316,-0.89785,0.59446,-0.21744,-1.10992,-1.1621,0.781,0.04194,0.15758,0.00471,1.4548,0.31946,-0.40275,1.25962,0
-0.12612,-0.50339,-0.79276,-1.97165,-1.87324,0.62943,2.52672,-0.40699,-1.20696,-0.22285,-2.4434,0.9113,-0.59301,-0.33296,-0.08264,-1.49529,0.47533,-0.52087,-0.86217,-1.15291,-0.07951,0.97725,-0.03537,0.83924,1.26575,-2.61877,-0.79312,-1.32201,-0.73589,2.01594,-1.09916,0.65201,0.07568,-0.98837,0.81602,-0.45004,1.16239,0.13638,-1.85702,-0.79466,0.44096,-2.37171,2.25227,0.779,0.56424,-0.45166,0.80859,-0.14054,0.82474,-1.03353,0.43899,-0.23618,1.06094,0.39124,-0.06416,-0.0451,1.7894,-0.75474,-0.06474,0.61995,0.47579,-0.05421,0.36935,0.77404,-0.06154,-0.82465,-0.25261,-1.50347,-0.36401,-0.29297,0.79622,-0.18506,0.64164,-0.86598,0.06134,-0.51256,-0.50592,0.69795,-0.52086,-1.58955,2.68947,1.14692,-0.97021,-1.14975,-0.23623,0.36587,0.84624,-0.35264,-0.13901,-1.45932,0.08819,-0.03885,-0.93902,-0.90391,-0.24356,-0.36632,-0.61058,0.87677,-0.01953,0.06036,-0.44896,-0.25107,-0.15131,-0.3707,0.20799,-0.40394,-1.03867,-1.30959,1.28643,-1.27611,-0.89982,0.9743,0.37459,-0.46666,-1.78248,0.25532,-2.74334,0.42668,-1.17232,-1.23745,-0.12946,-0.14585,0.55514,-0.56811,-1.0369,-2.78955,0.17396,0.14787,-0.52532,0.79934,-0.00725,0.28887,-0.62211,-0.05317,0.34655,0.12745,-0.66921,-0.73307,-0.56914,1.58577,-0.66975,0.92547,0.40161,-0.12687,0.37495,0.11583,-1.01328,-0.97197,-0.28104,-1.04839,-0.65062,1.408,0.62477,2.13898,-0.05314,1.44764,-0.46475,0.08707,1.18835,1.57249,0.783,-0.02443,-0.89028,1.6708,0.33071,0.44722,0.37205,1.88301,0.52029,-0.1747,0.8767,2.82898,-0.08379,-1.92137,-0.50247,-2.42692,-1.69336,0.50089,-0.78771,-0.15196,0
0.51749,0.09438,-0.04587,2.29175,-0.56123,1.3349,-0.08228,-1.82535,1.84837,0.76693,0.73588,-1.15104,-0.9275,-0.84663,1.22698,-0.1529,0.67114,0.88847,-0.39752,-0.64218,-0.03416,1.51218,-0.3265,0.11242,0.71475,0.14441,0.01547,0.42224,-1.0518,-0.00908,1.0716,0.64773,-0.41046,-0.16281,-0.05881,-2.32071,0.38871,-0.54762,-1.10839,-0.0248,-0.68683,-0.89269,1.69811,0.17133,-1.68506,0.43793,-0.7049,0.02506,-0.34349,0.66553,-2.34868,-2.67367,1.08677,-0.13251,-2.15129,0.59209,0.28994,-0.26634,-1.20071,-0.25526,-0.43347,0.631,-0.41387,-2.10877,0.78431,0.66854,-0.43015,1.27947,-0.86371,1.49363,-0.25963,0.71214,-0.85327,-1.10765,1.69375,-0.3493,-1.16998,-2.27064,-3.07658,0.36748,1.54362,-1.56581,-1.72568,0.01882,0.60249,0.70882,0.79964,-0.25899,0.15914,-0.38007,0.60309,-0.09104,0.63593,0.80786,-0.62091,-0.12225,1.51992,0.43701,-2.26921,-0.73044,-0.42366,-1.4181,-0.42851,-0.58503,-1.02525,-1.28392,-1.36112,-2.15118,-0.93925,-0.46838,-0.25612,0.87106,-0.59086,-0.96711,0.15742,0.64624,-1.43636,0.00617,-0.00879,0.52343,-0.11267,-0.68236,-0.87972,0.13981,-0.50341,0.85105,0.12459,-0.44895,-0.23088,1.44148,0.3583,0.27724,-1.60757,1.82122,1.59005,0.09123,1.00007,-1.50478,-0.02268,-0.52763,-1.73259,1.3669,0.19283,-1.26117,-0.81542,-0.618,-2.34831,-1.24026,0.28929,-2.19709,-0.02862,-1.01813,-0.33003,0.9684,0.69117,1.18036,1.27369,-0.81217,0.28696,1.45165,0.49576,2.58814,1.51785,0.78812,-0.92156,-1.06006,0.13433,1.2128,1.33145,-0.36444,2.52427,-0.49818,0.48041,-0.85342,-0.99682,-0.8476,0.45445,0.06063,0.34218,-0.938,0
1.06499,1.30535,0.18795,1.1747,-0.78543,0.53958,1.66871,-2.64486,0.86269,0.37511,0.20516,0.99431,1.38717,-1.68824,0.72271,-1.74401,-0.77828,-0.3026,-0.09497,-0.27762,2.10458,1.69796,0.97028,-0.43385,0.14021,-1.4084,-0.09969,-0.72164,-1.61393,0.43785,-0.94323,0.45921,-0.09274,0.31003,-1.39458,-0.73057,-0.23786,-0.88981,-1.82006,-0.26379,-0.0278,-0.29348,1.9117,0.27823,1.20908,0.5435,0.11286,0.08022,1.0023,-0.66777,-0.77179,-1.00348,-0.39731,-0.42617,-0.44938,0.79178,-0.32619,-1.82576,-0.02068,0.64076,-0.13111,-0.74432,0.37812,1.34225,-0.12001,-0.09753,0.07121,-0.35581,-0.56476,0.25947,0.38569,-0.16793,1.09129,-0.78045,0.8743,-0.31207,1.45697,0.98332,0.74743,-2.68392,1.77296,-1.05508,1.0868,0.70643,0.64436,1.08485,-0.58004,-1.35915,0.30104,-0.63862,-0.2502,1.59717,0.36229,-0.58548,-1.41394,1.19691,0.53511,0.45862,0.25992,1.21219,0.09418,0.34171,1.25273,0.92384,-0.42506,0.58494,-1.52951,-0.5379,-0.00494,0.03644,-1.73824,-2.04757,0.31912,-0.1792,-2.28593,0.10133,0.06795,-1.68921,0.76837,1.39506,1.04943,-2.78987,2.4035,1.08581,-1.32558,1.47983,-0.66132,-1.24398,-1.6019,-1.7861,0.44846,0.40239,-0.20074,0.46051,0.47521,-0.14713,1.37922,0.27575,-0.11929,-0.65303,0.37123,-0.99891,-0.63105,-0.59966,0.91723,-0.92815,0.15257,0.11624,1.57385,-0.1004,-0.46366,0.25148,0.1947,0.65016,0.00515,0.60028,-1.75799,0.24026,0.72452,0.16943,0.65376,-0.83752,0.12796,0.19782,0.7964,-1.37195,0.4461,-0.17925,-0.60804,1.35346,-0.50877,0.9113,-0.25214,-0.95002,-0.64243,0.42008,0.77131,0.27517,1.14749,2.45508,0
-0.11313,-0.75057,-0.34646,-0.41704,-0.36853,-0.13558,0.68242,0.32838,-1.02642,-1.25457,-1.45032,-0.23208,-0.99672,0.39117,1.22035,0.93358,-1.36572,0.36675,-1.19585,-1.24224,0.19049,-0.40086,0.19024,-1.65632,-0.87668,-0.75127,0.01841,0.65288,-1.84774,1.0183,0.03211,0.45471,2.18567,-0.83717,-0.23879,0.8618,-0.58359,0.96583,0.80631,1.27586,0.32148,-0.45094,-0.1964,-3.48691,-2.02748,0.91363,1.76874,-0.495,-0.48486,-0.98138,0.54459,-0.29846,1.05282,0.8379,-0.14672,2.26041,-0.01845,-0.15286,1.91765,-1.57351,0.14151,0.02736,-0.56794,-0.54908,-1.02184,-1.07212,-0.02447,2.19767,-0.18977,-2.18733,0.45746,1.07119,-1.3201,1.43962,-0.07542,-0.3224,-0.93419,-0.89138,-0.81646,-0.13276,-1.35865,-1.5925,0.69435,-0.60654,-1.29492,-1.04757,0.44252,-0.06247,0.91583,-2.53108,-0.53006,2.50623,1.28051,-1.3973,0.27737,-0.21297,1.08874,-1.43084,0.31472,-0.53191,-0.28524,-0.43133,0.1609,1.4073,1.62873,-1.51684,2.15091,0.62805,-0.85605,-0.50816,-0.2229,-0.13822,-0.00429,-0.03871,-0.43249,0.55222,-0.60326,-1.12298,-0.59905,-0.98092,-0.76566,0.13828,-0.45172,-0.8983,-0.7815,1.45162,0.55223,-0.36987,0.1745,1.32049,0.1495,-0.28823,-0.43829,-0.85025,0.5265,-0.30117,-0.912,-0.44634,0.061,-1.48314,-1.17414,-0.13523,-0.02521,0.16842,0.62782,-0.93658,0.98226,-0.16424,0.71988,0.07563,-0.20931,-0.68096,0.55731,0.00064,-0.32722,-0.8601,-1.14389,-0.21287,-0.89214,-0.88339,-0.17744,-0.19159,-0.21032,2.30309,-0.43995,0.26575,-0.60219,-1.20453,-0.04068,-0.19429,0.67599,1.51521,2.13418,-0.00573,0.9288,0.58335,1.27215,-0.12616,-1.02145,0.48235,1
-0.85416,2.10372,-1.25516,1.51503,0.80146,-0.7418,0.41211,-1.23378,-0.82202,0.59802,-0.095,0.84981,-0.27101,-0.67479,0.97376,-0.53518,-0.05704,-1.50963,-0.03387,0.87632,-1.03812,-0.54496,1.05838,0.09332,-1.78125,-0.85565,-0.49196,1.22742,1.70219,-0.13844,-1.70932,-0.23699,-0.70664,-1.04655,0.33951,0.6553,0.80866,-0.81177,-0.37444,0.13392,1.68831,-0.28402,1.6484,-0.7784,-1.14149,0.50674,0.25317,0.11107,-1.03263,-0.25707,1.21332,1.03597,-1.30232,0.00562,-1.01442,0.60464,0.6719,1.64664,-0.47038,-1.40761,0.69505,-0.6473,0.4151,-0.69981,2.3013,-0.36649,0.79966,-0.6705,-1.5154,0.5925,0.42075,-0.39063,-0.79018,-0.05,1.87469,-0.25445,-1.10858,-0.26333,-1.78699,-1.22102,0.72538,0.15297,-1.88056,-2.05607,-0.53,-0.37339,0.29716,-0.55455,1.40192,-0.61056,-0.66464,0.19828,1.13613,0.13991,0.29406,0.06573,-1.39852,0.92134,0.60082,0.12308,-3.00536,-0.28843,1.39165,0.89254,1.56014,-0.78712,0.1964,-0.01705,0.81888,-1.56199,-0.13687,0.09893,-1.12397,1.25784,-0.26292,-0.21959,0.21109,-1.06308,1.50845,-0.87184,2.20807,-0.1623,1.0297,-0.14401,-0.65766,0.92935,-0.53602,2.05594,1.33719,1.12424,-2.19351,-0.26582,0.97095,2.04943,0.80554,0.35148,-0.66937,0.83118,-0.26187,0.31718,-0.74141,0.27223,0.78173,1.47545,-0.9543,0.7875,-1.66125,0.06181,-0.98303,-0.22044,0.67272,-2.35812,-0.65737,1.48293,-0.20746,-0.25956,-1.79571,0.59764,1.13049,-0.48192,1.12305,-1.25566,-0.585,-0.2179,2.56072,-1.6039,-0.25333,1.09737,-1.39265,0.33629,-0.31688,-0.24847,0.99701,-0.76243,0.77196,-0.10333,-1.12798,-0.11307,0.1675,-0.46499,1
0.69727,0.97227,-1.14486,-0.52363,-1.00569,0.52956,-0.15109,-0.35036,0.59456,-0.03489,0.52401,-0.11787,1.13739,0.14177,0.14585,0.32564,-0.56227,-1.31459,0.09003,-1.23643,-0.14372,-0.20368,0.78506,-0.29977,0.65911,0.87469,-0.0783,-1.36059,-0.33635,-1.92432,-0.98998,0.49896,1.08836,-0.1177,-1.61265,0.35177,1.03773,1.3876,-1.09397,-0.81659,-0.72061,-1.26487,0.53645,0.84465,-0.28195,0.98018,-2.2395,-1.16158,-1.89896,-0.76455,0.19015,-1.1561,0.85086,0.59763,0.78567,0.41351,0.47965,1.34833,0.08913,-0.51892,0.15276,1.46023,-1.13781,1.58987,-0.81128,0.81182,-0.45524,0.59347,-2.64145,0.30174,-0.34814,-0.82366,2.5326,1.6092,-1.377,1.76787,0.21002,0.67034,0.34216,-0.51544,0.51632,-1.36891,-0.99289,-0.16091,-1.25319,-0.29353,0.06248,-0.1607,1.48523,-0.9758,-0.02143,1.40728,0.14197,-1.93899,-1.18198,0.73138,1.57546,-1.61192,-0.08124,-1.74108,-0.68505,-0.39517,-0.14866,-0.54599,-1.59649,-0.17114,-0.78888,-0.24118,-1.15324,-1.09906,0.93314,0.13236,0.45661,0.70535,-1.26976,1.63235,-0.93625,0.09233,-0.28536,1.34369,1.45821,-1.4513,-0.57117,-0.45716,-0.03985,0.86633,-0.0436,0.24573,0.16231,1.23481,-0.75673,1.40833,1.06437,1.1073,-0.10018,-0.82708,-1.56498,-0.44825,-0.37196,-1.20432,-0.40575,-0.29925,-1.34865,-1.1405,-0.11694,-1.2393,2.58727,-0.59669,0.35225,0.63558,1.04199,-0.04185,-1.33688,1.0978,-0.401,-0.85887,-0.7494,-1.02716,-0.04132,-0.95672,-0.81425,-0.94428,1.53517,0.45255,1.00312,1.66521,-2.3958,1.30884,0.2474,-0.07419,-0.682,0.59717,-0.33613,0.1282,0.5803,0.30511,-0.38246,-0.05341,0.06026,1.64308,1
2.04623,-0.41987,-0.43035,-0.15009,0.083,-0.52071,-1.26077,-0.94398,-0.47075,-0.98058,-0.86869,1.20283,-1.19955,-1.53653,-0.43476,0.86787,-0.80488,1.12179,-1.35401,1.38793,-0.32189,-0.07305,0.36103,-0.81137,-0.26334,-0.96163,-0.88002,0.30499,0.41856,-0.41636,0.00504,-0.18955,-0.46361,0.06582,-1.68688,-0.36811,0.56628,0.41721,-0.48247,1.0957,0.81218,-0.53068,1.00837,0.07756,0.07032,0.24134,-0.28003,-0.15558,-0.25731,0.35619,0.06541,0.37631,0.24645,0.08564,-0.28813,2.08005,-0.89579,-1.84869,-2.23495,1.8739,-0.26553,-1.48902,-1.3352,-0.66482,-2.12225,-0.63061,-0.98415,-0.75212,-1.04798,-0.30222,-1.05485,0.3248,0.38324,-0.02058,1.63492,-1.03165,-0.91109,0.06647,-0.19908,-0.74587,-0.45652,0.29754,-0.14623,0.09007,0.0866,-0.32831,-0.5397,2.66864,-1.11299,-2.03937,-0.55159,0.52601,-0.54466,-0.51647,-0.91682,-1.36221,-0.46732,1.58193,-0.21839,-1.59367,0.21151,-3.15919,0.04887,-1.87846,-0.11875,0.50527,1.04614,-0.73554,-0.30136,0.06556,0.64253,0.42148,-0.29846,2.36985,-0.72327,-1.02973,-1.04309,0.94111,1.58832,-1.44707,-0.57855,1.21495,0.10744,-0.21184,-0.66174,-0.69462,0.318,-0.79668,0.18447,-1.29504,1.09913,1.64501,0.28034,0.12447,-0.12485,1.41902,0.65268,2.31428,-0.22208,1.14952,-1.40791,-0.07055,-0.7166,0.64913,-0.64163,-2.41097,0.4394,-0.83223,-0.03974,0.12697,2.26321,-0.06067,-0.46623,0.68356,-1.1032,0.02515,-0.09568,-1.76724,-1.88694,-1.68707,-1.03644,0.52751,-0.1698,-0.40628,-0.17678,2.21556,0.71932,-0.34025,1.39467,-0.34231,0.62084,-1.37027,-1.52509,-1.0002,0.46814,-0.44759,0.26004,-0.45394,-0.2255,-0.1318,0
0.04228,-0.3224,-0.18387,0.06391,1.36163,0.3829,2.09243,-0.76268,-0.33237,-0.50178,1.1436,-0.76228,1.20897,0.40672,0.46981,-0.19586,-0.61049,0.46181,0.43178,-1.09704,-1.38077,1.45348,-1.85284,-1.16291,0.29325,1.35864,-0.39135,-0.00645,0.15088,-1.46635,0.73287,-0.12511,1.01769,-2.13691,-1.03314,0.05239,-1.06702,-2.45018,0.09511,0.45935,-1.14405,-0.88976,0.57295,0.92387,-1.89206,-0.86662,-0.72707,1.26815,-1.2995,-0.51746,-0.41888,1.23849,0.75026,-0.02775,0.76819,-0.07144,0.2934,-0.34147,0.74983,-1.37989,2.9014,-2.10616,0.22562,0.16428,0.68722,-0.97505,1.11626,1.77852,-1.41625,1.05327,-0.21945,-0.23065,0.97093,0.56911,-0.94683,-0.73271,-0.99407,0.75002,-1.03578,0.98901,1.81349,1.37298,0.0394,-1.2473,0.48155,1.70456,-0.78152,-0.90733,-0.84123,0.30138,0.479,-1.12014,-1.09985,0.59736,1.44708,-1.58588,0.41071,-3.07804,0.59283,-1.40365,-1.25166,0.34104,1.34608,0.35036,0.70408,-0.69048,0.3213,-1.4518,-0.47381,0.03103,-0.97397,-0.82475,0.46984,0.31257,-0.163,1.67474,-0.44616,-0.89911,1.4398,0.22086,0.05383,-0.63759,-1.1636,0.53964,-0.04416,-0.45254,-1.23809,2.39902,-0.37765,-2.8277,-0.52807,-0.47931,-1.05467,0.18428,-1.02313,-1.18193,0.38385,0.02575,-1.30904,0.55958,-0.43739,-1.05876,-0.1153,-0.07476,2.40395,0.95263,-0.2375,2.00983,1.81033,-0.56854,-0.50453,-0.68574,-0.96727,-0.73042,-0.51637,-0.50819,-0.17648,0.19518,0.49115,0.58464,1.80897,0.25798,-0.63971,-0.27085,0.16517,0.61373,1.43222,0.95116,-1.21167,0.31391,-0.85179,-0.84976,2.56996,-0.43792,1.04955,-0.22756,-0.05371,-0.27924,-1.35009,1.20817,1
-0.72877,1.17615,0.42505,0.11016,1.43212,0.55128,2.61456,-1.94827,0.25869,-0.13562,-1.96232,0.02252,0.09152,1.76129,0.08028,-0.28869,-1.21898,-1.62185,1.08664,-1.02195,-0.13254,0.92273,0.33417,-1.72046,-0.80838,1.06286,1.35065,-2.15793,0.67598,0.6228,-0.89692,1.14673,0.41786,-0.24203,-0.18182,-0.48563,-1.21752,0.27258,-0.56463,1.58012,0.16195,0.43702,-1.60742,1.80148,-0.22882,-0.23919,-0.02572,1.81219,-0.03417,-0.3653,-1.13673,0.21145,2.1068,0.23357,0.29172,-0.68496,1.30152,0.14599,1.90792,-0.4657,-0.42813,-0.62924,-0.27157,0.63906,0.17441,0.18924,0.03744,0.27056,-1.71332,-0.21426,-0.06474,-1.32286,1.33972,-0.37351,0.16445,-0.90029,0.67002,-1.33898,0.72912,-0.05999,0.13557,-0.81434,1.00155,0.19564,0.36716,0.82749,-0.02976,-0.49155,-1.14025,0.86661,-0.73899,0.65182,1.45929,-0.04085,0.39594,1.58614,-1.11826,0.246,-0.21179,-0.10053,1.18603,-1.53588,2.23736,-1.06499,-0.7605,-2.36311,0.3328,-1.71849,1.23377,-1.74395,-1.77145,0.5684,0.84095,0.26181,0.56994,0.08038,-0.66797,0.48462,0.35103,0.76607,0.54686,-2.40158,0.64474,0.52676,-1.78348,1.22216,-1.10329,-1.00912,-0.97419,-0.81629,0.10702,1.23162,0.11596,1.19046,1.10051,-0.24555,-0.27133,-0.02487,-0.81525,0.10009,0.02301,0.2517,-0.12837,0.45635,-0.92623,-0.80119,-1.94186,0.51668,-0.72463,-0.8918,1.87884,-2.73937,-0.51781,0.33216,0.80113,-1.11886,0.27182,-0.4014,-0.26735,-1.21237,1.95714,-0.45006,-1.76827,-0.88243,-0.49244,1.23568,0.23693,-0.43826,0.54437,-2.60057,1.09201,0.05656,2.29295,0.53087,0.14324,-0.69769,1.3038,0.55424,-0.05564,0.40463,1
0.78657,0.1571,-0.31664,-0.29478,1.01492,0.18648,-0.60071,-0.02813,0.28439,-0.92224,-0.69973,0.84009,-0.30017,0.99283,-0.91557,-1.28451,0.03947,0.25275,3.31818,-0.12674,0.5805,-0.21665,0.41855,0.39462,0.53333,-0.74567,-0.70132,0.88603,-0.75735,0.56701,-1.59467,-0.7625,1.40322,-1.14335,-0.28887,0.49212,-1.08444,0.59109,-1.4872,-0.04196,0.50007,-0.10762,-0.33793,-0.58981,-0.81626,0.08161,1.56684,0.27143,-0.10522,-0.13741,0.3764,0.76297,0.57235,-0.56207,0.03797,0.66201,0.26529,0.37561,-0.74298,0.71843,0.60077,0.74291,-0.88574,-1.57003,-0.46704,-0.74831,0.97248,0.23492,0.09985,0.03543,1.08014,-1.50989,-1.27693,-0.72134,-0.61549,-0.09188,0.56169,1.00012,-0.282,-0.3647,-0.75601,1.62451,-0.24305,-1.26188,1.09084,-0.83144,0.09246,-0.09571,-1.24839,0.00527,0.76177,-0.63714,-0.14183,-0.05558,-0.07833,0.74287,-0.45334,-0.16506,-0.36425,-0.70484,-0.31518,0.08884,-0.69002,-2.209,0.86647,-1.94734,-0.05786,0.66942,0.80096,0.01351,0.29627,1.72209,-0.98302,0.24358,-1.80343,0.11533,-0.73606,0.24591,-1.28548,2.07829,0.82651,-0.12103,1.15056,-0.93393,0.05327,0.41305,0.33913,0.79217,0.72542,0.81027,0.19852,-0.72135,-0.89796,-1.00374,-0.47029,-0.12632,-0.12146,-1.07137,-1.28335,0.60298,-0.19021,-1.21844,-0.50115,-0.21855,-0.29546,-1.21193,1.33839,-0.82202,1.47117,1.13427,0.36419,1.12036,-1.6263,0.36175,1.2231,-0.68053,-0.19572,0.31963,3.07178,-0.64096,1.23008,1.23007,-0.20761,0.40919,0.94027,-0.40577,-0.27162,-0.04638,-0.82369,1.39324,-0.25011,-0.85409,-0.4404,0.54571,0.86407,-0.59955,0.49333,-0.18503,-0.22226,-0.16559,0
-0.19355,-1.45578,2.32701,-1.9197,0.3383,0.16782,0.07321,-0.05889,0.03719,0.17843,0.81764,1.50187,-0.96816,-1.08951,-2.27404,0.78727,-0.04107,-0.31409,-0.16423,0.32194,-0.2725,0.65143,0.41694,1.50859,-0.93726,-0.29551,0.53512,-0.30401,0.36671,-0.33929,-0.52129,0.06009,0.72367,-0.90954,-0.93753,1.11333,-0.46426,0.26409,0.19157,1.1438,-1.83598,-0.50369,0.8036,0.5694,-0.45818,0.62172,0.8073,-1.70213,-0.71823,0.2535,-1.89056,-0.35437,0.48818,-0.5078,0.77858,-0.23097,0.22238,-0.75936,0.69271,-1.73097,0.09176,1.07864,0.18656,-0.12027,-1.51298,1.10666,-1.06878,-0.0835,0.86858,0.96897,-0.02659,-0.87892,-2.22031,-1.61797,2.31062,0.14895,0.06563,0.88054,0.68961,1.2819,-0.57063,0.19579,-0.3282,1.06825,-0.99945,-1.51087,2.37555,0.54689,1.29415,1.44976,-1.20972,1.50387,-0.56647,0.20636,1.38705,-0.75783,0.85358,-0.26506,0.5706,0.60901,0.18022,-1.26759,1.69033,0.4397,0.57341,0.39246,-0.96722,-1.79938,-0.26042,-1.21708,-1.07364,-0.40958,-1.54886,-0.32083,0.03709,1.16798,-1.97297,-0.61197,0.31035,-1.11416,-2.03022,-0.6198,-0.66831,0.22695,0.63029,0.09199,0.44125,-0.56797,-1.46301,-0.41496,2.39403,0.06624,0.71082,1.49201,-1.19131,0.15951,-0.79024,-0.56585,0.65018,0.701,-0.01605,-2.00447,0.3224,-1.63255,-0.5812,0.99978,0.29397,-0.28296,-0.69567,1.03266,0.29199,-2.11907,-0.44572,0.58715,0.12117,0.21104,-0.85444,-1.45787,0.80383,-0.62947,-0.35978,-0.18071,-1.87992,-0.25547,-0.1814,-0.26269,1.01462,0.26807,-2.59721,1.54883,-0.06431,-1.81459,-1.0355,-0.75044,-0.74611,-0.15494,1.40364,0.85103,0.03415,1.68048,0
-0.55897,0.69192,0.92957,-0.0546,-2.01115,0.22763,-0.73194,1.41128,1.15548,-0.26135,1.06827,-0.0732,-0.59675,-1.99049,0.34825,-1.49418,0.46631,-0.53288,0.45507,-1.0978,1.67304,-0.28198,-0.22042,0.02122,1.16992,1.13734,1.29494,-0.54791,0.08283,2.25407,1.53825,-0.67365,0.02754,1.09971,-0.05085,0.2662,0.16092,-1.52478,-0.8911,-1.45569,0.08307,0.99466,1.32046,-0.25561,-1.0842,0.48886,-2.46035,-1.21311,-0.33649,-1.56578,-0.56902,-0.59747,0.9761,-0.23921,0.29944,1.41574,-0.57308,-0.18804,-1.27011,-0.73897,1.37852,2.01146,-0.63167,-0.14613,-0.51402,-0.06035,0.29105,0.08338,0.65379,-0.62158,0.72173,-0.12165,0.3193,-0.80241,-1.28967,0.58582,-0.20806,-0.08448,0.37921,-0.60349,0.95906,-0.01943,-1.27782,0.47624,-0.50971,-0.0118,-1.47451,-0.61611,-0.25029,-1.09317,-1.5205,-0.38475,-1.53725,0.6783,0.16871,-0.16335,0.54634,-0.56249,-1.28277,1.3826,-0.41359,1.06822,-0.34406,0.185,-0.17367,-1.24329,-0.5471,-1.05909,-1.19018,0.21322,0.78191,-0.37984,-0.89991,-0.64468,-2.06111,0.61194,-0.96319,0.82343,-0.88136,1.05629,0.20269,-1.06738,-0.10904,0.30596,0.77055,1.36359,-0.89062,-0.93753,-0.74363,1.95447,0.56846,-0.53069,0.26519,-0.83948,-0.54586,0.1604,-0.68562,0.02899,0.3643,-0.12235,1.7354,-0.79415,-0.52865,-0.34699,-0.65998,-0.11811,0.94035,-0.71162,-0.55722,0.6943,-0.6143,1.35004,1.17611,0.074,0.05315,-0.84514,3.01413,0.30744,0.2222,-0.59035,0.02907,0.2285,0.29909,2.88389,0.87364,1.15013,0.84158,-1.27171,-1.38811,0.05343,0.77279,0.41494,0.22264,0.48166,1.19386,-1.44277,-0.15008,-0.44995,-3.50361,0.62833,1
0.48848,-1.74505,1.21989,0.29542,2.18675,-0.91231,-1.00208,1.21087,-0.13502,-0.29718,-0.62431,0.049,-0.5797,1.58084,0.57306,-1.19588,1.06998,-1.7968,1.00817,-0.3017,0.01508,-0.5752,-0.81153,-0.68421,-0.63895,-0.11688,-0.4625,-0.661,0.75819,-0.17064,-0.78936,2.14857,1.69073,1.43816,-0.62151,-0.33917,0.24859,-1.63545,-1.67433,-0.37483,1.90763,-0.75229,-0.60819,0.11006,0.32658,-0.72215,0.93531,-0.37129,0.14179,0.56051,0.87566,1.07655,1.49369,-1.60136,-0.9859,-1.89082,0.21707,0.10972,-0.25588,0.30886,1.40699,-0.81924,0.75513,-1.18871,0.3866,-0.09161,-0.90538,1.14842,0.68088,-0.21335,-0.20476,-1.18859,0.31439,-0.12503,0.37927,-0.7722,0.65657,-0.42892,2.61321,-0.12911,-0.73528,-2.53742,0.44806,-0.92865,-1.26898,-0.14332,0.82277,-1.13665,0.72515,0.08157,-0.35462,-1.23767,0.40054,-0.12442,0.36493,-0.05541,1.05951,-1.31464,-1.09515,-0.74746,-0.24561,0.33483,0.14249,0.67164,-1.085,-0.67369,-0.20017,1.43822,1.0742,-0.32587,0.63624,1.72238,1.23618,1.8312,0.78651,-0.5951,0.33005,1.31849,-0.88443,0.86082,-1.28947,-0.24912,0.03773,-0.13613,0.50056,0.53393,-0.03242,-0.04254,0.10972,-1.55055,0.9892,0.09032,-0.5814,-0.93735,0.43202,0.461,0.37278,-2.07552,0.45457,0.93807,1.16134,0.52875,1.11458,1.74268,1.24027,0.21359,0.44186,-1.3588,0.37073,0.62241,0.68936,0.6927,-0.06868,-0.82067,0.81966,0.75244,0.63724,1.2932,-0.39534,-0.19336,0.7082,-1.8206,-0.68524,-0.92955,0.27015,0.12658,0.64032,0.84115,-1.45684,-0.73738,-0.69643,-1.77932,-2.57298,-0.2384,-0.84317,-0.37026,1.58917,0.90143,0.10048,-1.62664,1
-1.72062,1.84639,-1.49555,-1.1903,2.81451,-1.36305,0.33813,-0.17985,1.50368,-1.37975,-0.41765,0.67551,0.42455,-1.42282,-0.09374,1.65766,2.48599,-0.35329,0.42179,-0.64901,1.36982,2.55248,1.58211,0.4028,0.41016,-0.19673,0.16092,-0.84616,-0.35699,-1.84518,-0.12579,-0.39467,-1.01483,-0.05504,-1.21325,0.13276,-3.0486,-0.91079,-1.02572,-0.30434,0.21301,0.99161,0.62302,1.15823,-0.66569,-0.36867,-0.43945,-0.96088,-1.13221,0.18385,-0.31284,-0.23462,-0.06402,1.032,-0.35735,-0.34123,-0.29339,-1.36942,-1.61048,0.43584,-0.74354,0.26908,1.46033,-0.14049,-0.62378,0.33661,0.39776,-0.52684,-2.33579,1.75372,0.60237,0.09216,-0.96546,1.18646,-0.23319,1.09873,1.55537,0.06095,1.27365,-1.14395,0.7197,2.44953,-0.7611,-0.42795,1.34337,-1.5872,0.61202,0.6965,-0.09121,0.36744,1.28999,-0.71247,1.20556,-1.74385,-0.89059,0.22227,0.57844,-0.14165,0.55503,0.31452,1.1014,1.35104,-1.15518,-0.62828,0.32573,1.24942,-0.06455,1.31962,-0.00996,0.41072,-0.63586,0.51329,0.8001,-1.59831,-0.13512,-0.1465,1.02873,0.05711,-0.09998,-0.56724,-0.00778,-0.63492,0.12651,1.69849,-0.7333,-0.4436,-1.06896,0.76625,1.50567,1.2058,1.80613,0.32469,0.53137,0.01965,0.58382,-0.6679,0.9134,-0.77721,-1.09788,0.29179,1.49683,1.25072,0.34692,-0.98621,0.91171,0.58697,0.17311,0.73829,1.58205,0.34304,1.71603,1.79323,-1.4922,0.48456,-0.4483,-0.58054,-0.66713,-0.1454,1.36265,1.02259,-0.22897,-1.96443,-0.1657,0.46571,-0.58619,0.75941,-0.30842,-1.75003,-2.3271,1.23894,-0.05559,0.92441,1.38576,-1.58695,-1.57312,-0.61913,-0.53224,-0.02726,0.22016,1.50786,0
0.36281,-0.99716,0.21464,-1.16337,-1.65465,-0.62526,-0.52023,0.44788,-0.19668,0.06204,0.18796,0.31007,0.75514,-0.20164,0.5759,-0.84537,-0.08077,2.23871,1.20902,-0.4333,-1.0315,0.32783,0.72956,0.65764,1.79241,-1.00101,1.44843,-0.13895,0.35481,-2.08038,0.0688,1.26888,-2.6835,-2.21972,-0.06385,1.20301,-0.57212,-0.45358,1.45863,-1.62374,0.24826,-0.16795,-0.98277,1.42253,0.86645,-1.51946,-0.55547,-0.93279,0.59792,1.64817,2.65924,0.02332,-0.54018,-0.62254,-0.68969,-1.31014,-0.56248,0.59847,-0.17094,-1.35469,0.67872,-0.6085,-1.40357,-1.3886,-1.24763,-0.90174,-2.86672,-1.74512,-1.48624,1.01057,-0.41621,1.0081,-0.11437,0.57258,0.50333,-0.09238,-0.56322,-0.02812,-0.5738,1.85492,-0.20987,1.14183,-0.76326,0.05134,0.26872,1.78095,0.4674,-0.31225,1.07053,0.14456,-0.00052,-1.10082,0.10783,2.20076,0.03594,0.47908,-0.84993,-0.64824,-0.23199,-0.12425,0.26272,0.51666,1.36119,-0.66064,-0.21459,1.98302,-1.03694,-0.48222,0.72158,0.29008,-1.15838,-0.80019,0.58645,1.15602,-0.48306,-1.24372,-0.07195,0.44514,-0.52586,-1.57381,1.63986,0.77012,0.21793,-0.14424,-0.09918,-0.99705,-0.19305,1.13062,0.06114,-0.02575,-1.19872,1.30911,0.39438,2.08292,0.07495,-0.12465,-1.05114,-0.58143,-1.68104,-0.93059,0.26298,-0.32007,0.49753,-0.46656,0.01227,0.39159,-0.35926,0.12486,-0.40981,-0.66584,1.19111,-1.28735,1.89813,-0.96828,-0.44661,-1.49675,0.26086,-0.91537,0.72676,1.24822,0.09675,-1.11349,1.25019,0.31505,-0.20652,1.25774,0.16896,-0.9083,-0.69545,0.43134,1.28605,2.40306,0.28471,0.77116,-0.76327,-0.92297,-0.50785,-0.26118,1.46479,-0.18789,1
-0.43433,0.52293,-0.39554,-0.83778,0.73222,-1.64642,2.33962,0.5766,0.38741,-0.25883,-0.07056,0.32902,0.55212,-0.18371,-0.26387,-0.91685,-0.45324,1.42396,-0.05209,-0.10166,0.6981,-0.01247,-0.39923,-0.4119,0.07238,0.71619,0.26299,-0.21669,0.03548,0.79293,0.44053,-2.52458,-0.81863,-2.37004,0.22742,0.04342,0.50463,2.08139,0.96911,0.6312,-0.27863,1.71561,0.81662,-0.68604,-2.71042,-1.67292,-1.01614,-0.52926,-0.9355,0.41512,0.18309,0.06839,-1.01165,-0.5217,0.36257,0.30455,0.93372,1.5123,-0.52202,-0.37255,-0.86241,-0.23141,1.08027,-2.4133,-1.49777,-1.63774,1.14291,1.67479,1.615,0.15803,-0.37588,-0.90871,-1.25492,-0.7187,0.81171,1.23457,-0.50407,-0.72497,1.38117,-0.31354,0.77885,-1.09075,0.89115,-1.36801,0.21563,-1.13693,-1.17622,-0.68283,0.79069,-0.83268,-0.20212,-0.13392,0.63249,0.89294,0.80615,-0.38522,-0.17252,0.70388,0.60466,-1.58475,1.45125,0.31916,-0.07033,-0.55492,0.13486,-0.97044,-1.46947,0.71355,1.45092,0.51908,-1.3049,-1.42976,0.16617,0.14151,-1.99165,0.839,-0.26856,0.11327,-0.90162,-1.31339,-0.4991,0.72007,-1.29732,-0.64474,-0.63887,0.05121,0.55665,-0.26721,1.20408,-0.81707,0.50683,0.77639,-0.43254,-0.64916,1.71997,-0.32579,-0.06536,-1.10283,-1.11239,0.28304,1.17696,-0.12649,0.09279,0.15225,0.07651,-1.04154,0.14503,1.04139,0.93041,1.04061,0.73784,-1.56788,1.12982,-0.69682,0.54381,0.55587,-0.32698,-1.50031,1.44763,0.32596,0.94604,0.14708,-0.43181,1.88333,0.80184,-1.4646,-0.06847,0.40518,-1.17296,-1.17493,-0.8045,-2.30124,0.23298,1.08097,-1.91729,-0.12737,0.18975,-0.41569,-0.06261,-0.30951,1
-1.38052,0.21216,-1.34992,-0.56326,1.81586,-0.42495,-1.02353,-0.49303,1.5187,0.54072,-1.19921,-0.87353,-0.64408,-0.76307,0.53425,-1.29368,-0.43405,0.11266,-0.36344,0.21153,0.3342,1.77787,1.03052,0.41326,-0.13291,1.57583,1.98478,0.20842,-0.87564,-1.00994,1.55573,0.46241,0.91752,-1.71859,1.5187,1.57418,-1.62532,-0.20778,0.60643,0.75245,-0.42001,-1.71375,2.08686,-0.82054,-0.11018,0.02299,1.17692,0.74323,1.65959,0.88223,-0.32764,-0.2914,0.76399,0.36557,-1.55263,0.94903,0.34905,-0.60521,-0.20843,1.99895,-1.22361,0.06691,0.5113,0.3303,-1.98306,1.95698,0.734,-0.73004,1.30154,-0.48574,1.0121,-0.46121,-1.40207,-0.02818,-0.56704,-0.07552,0.32565,-0.84155,0.41624,-1.53723,1.37128,2.43269,-0.99958,-1.50893,-0.86401,-0.09668,-1.2533,1.09705,-0.83569,1.9996,-1.47062,-0.77009,0.60823,-2.00888,-0.45106,-1.4415,0.16196,-0.41022,0.58013,0.97964,1.0474,0.05553,0.85616,-0.39075,-0.82004,0.40908,0.7559,-0.88074,0.09878,-0.12361,-3.04533,-0.31892,-0.52996,0.03271,0.46798,0.44414,-0.66986,0.10753,0.10233,0.95513,0.40131,-1.0094,0.24803,-1.09045,-0.74352,-0.92284,0.54872,0.62205,1.34254,0.39167,-0.87052,0.87202,-0.89284,-0.16897,0.38512,0.1446,0.56078,-0.3033,1.67951,-2.27809,-0.28933,0.26292,0.1956,-0.40899,-2.32508,-0.59041,-0.49907,-0.45104,-0.41057,0.25386,2.18073,0.20911,0.04037,1.14282,-2.28689,-0.38762,-0.72646,-1.0018,-0.52369,-2.89237,-1.03528,0.13043,1.83087,1.85382,2.10579,0.0297,0.68747,-0.01451,0.75981,1.37715,-1.86883,0.49046,0.21277,0.53401,0.11489,-1.5989,1.27037,0.53758,-1.55261,-0.44789,0
0.99858,0.71931,0.45284,0.29032,0.912,0.32775,1.74276,-1.71438,-2.90571,-0.50158,-0.0595,-0.8501,-0.10336,0.9162,-1.7351,-1.93177,-0.96142,1.34576,0.67754,-0.60806,0.45049,-0.57571,-0.96903,-0.84699,-0.3441,-0.46119,-0.28164,1.03905,0.85113,1.13623,-0.87108,1.28346,-1.88419,0.52824,-0.16408,-1.6259,0.63584,0.44263,0.47354,0.76973,0.3596,-0.81037,-0.37555,0.10618,0.11421,1.28721,1.00725,0.80866,0.50872,-0.45136,-1.019,0.55469,1.15047,0.30105,-0.94347,0.55429,-1.72981,-1.03793,-0.65284,0.79451,0.23619,-1.27641,-0.07915,0.24964,1.96175,-1.66082,-1.20598,0.88165,-1.1272,-0.17691,1.33409,-0.42243,1.66178,-0.38428,1.61985,-0.58106,0.97675,-0.7946,1.03674,1.22405,-0.77698,1.38465,0.68315,-0.29169,-1.52102,0.70519,-0.22799,0.41241,1.62264,-1.74705,0.68042,-0.75644,1.11355,0.09697,0.49152,1.16663,-1.31466,0.4419,0.74825,-0.1875,-0.35139,-1.55944,-0.77957,-1.22485,0.54092,0.65706,-0.87586,-0.67476,-1.38302,-1.06819,-0.60326,-0.89857,0.40289,-0.83026,-0.04578,-0.2718,-0.85916,-0.06781,0.07188,-0.63705,0.14509,0.99184,-0.21353,-0.55839,0.42602,0.72707,-0.35579,0.59849,0.9211,-2.6493,-1.4004,-1.19051,0.06174,-0.39144,-0.95331,-1.02576,1.63287,-2.10076,-0.75841,-1.67202,0.80329,0.4142,1.68772,-0.46828,0.54994,-0.46669,0.07667,0.51955,-0.85178,-1.35567,1.94167,-0.35637,-0.1989,1.19341,1.16685,0.36934,-1.02997,-1.32329,-1.29066,0.59992,0.17608,0.86491,1.82142,-0.02121,0.04166,1.32301,-3.75277,-1.60032,-1.22505,-0.15944,0.99988,0.14241,0.62036,-0.46344,-0.74182,-0.5535,2.60641,1.09904,1.30454,-2.35194,0
-0.85431,0.07651,-1.79275,0.55891,-0.42418,-0.2402,0.9038,0.21959,0.11836,-1.46572,-0.19348,-0.49413,0.08832,1.19351,-0.52541,-0.08969,0.6977,-1.22343,0.94951,0.98051,1.03865,-0.26247,2.30794,0.44907,0.44304,0.53053,0.40723,-0.12291,-1.28517,-0.66327,-0.10081,2.09845,-0.63252,-0.07498,1.44034,0.4573,-1.0492,-0.79757,0.17725,0.17287,-0.25226,-0.02161,-0.01998,0.32694,-1.10231,-1.46919,0.51106,-1.56082,-0.14843,0.32466,-0.1065,0.58061,1.40603,0.02729,-0.53075,-0.20833,-0.5997,0.23483,0.89796,-0.92812,-0.80445,-1.48876,0.42638,-0.22304,-0.67777,-0.29867,-1.03068,0.96329,-0.28069,0.65895,-0.72496,-0.96089,-1.54248,-1.49998,-0.55178,-0.67598,0.45827,-0.84239,-1.40974,-1.01575,0.04134,-0.00858,0.34059,1.75037,-0.64117,1.26659,0.71871,0.46256,-1.52795,0.39298,-0.31908,0.83957,-0.16835,-1.52899,1.51431,-0.9659,0.73142,-0.18018,1.29982,0.37561,0.94336,-0.86642,0.59294,-0.77695,-0.05227,-1.43073,-0.24391,-0.08053,-0.74932,0.09091,0.03666,0.18499,0.38041,-1.32414,-0.73724,0.64067,1.13024,1.36674,0.9983,1.06944,0.22892,0.7093,-0.70447,-0.56298,0.04734,0.23614,-0.13311,-0.08265,0.40535,-0.67677,-0.9415,-0.65231,0.91781,-1.17095,-1.17434,-1.03499,-0.38774,-0.00016,0.24183,0.26819,0.53532,-0.47344,-1.0869,-1.29407,0.70205,-1.10448,1.48161,0.48453,-0.31619,1.31344,-0.26181,0.59476,-1.23402,-0.5884,-0.84669,0.90198,0.94295,1.09829,0.63468,-0.36172,-0.5066,-0.65485,-0.81498,0.77452,0.8458,0.16859,0.03677,0.45174,0.50166,0.31204,-0.34558,0.82578,-0.08579,1.82733,-0.58165,1.0241,0.29891,1.84097,-0.96184,-0.52227,1
-1.30948,-0.72697,-0.59336,1.30919,1.1438,1.05673,-0.15988,-0.96481,1.01636,-0.15801,-0.13208,0.56567,-0.48037,-0.76558,0.40154,1.05451,-0.44911,0.30357,0.98623,-1.82288,0.27895,-0.25854,-0.53089,1.12746,-0.09206,-0.10041,-0.93107,2.46975,-0.07436,-0.60523,1.49429,-0.12623,1.23603,0.65374,0.32229,-0.54012,-0.06253,-1.44256,0.3849,1.12487,1.77116,-1.11734,-0.61265,-0.58762,1.90086,-0.0187,0.65035,1.74331,-0.24451,-0.34782,1.33843,1.00902,1.38227,0.28599,-3.28798,-0.39166,1.32855,-0.06708,-0.26127,-0.11589,1.03447,0.44938,0.09433,0.15497,-0.54849,0.48389,-0.07168,-0.8764,0.99391,0.21341,-1.53647,0.42183,0.36224,1.11164,-1.44008,-1.57028,0.1273,-0.76562,-0.06307,0.37933,-0.39733,0.72609,2.41066,-0.03619,-0.12171,-0.40633,-0.37946,-1.17319,0.65389,-0.18086,-0.93907,-0.36257,-0.2679,1.15088,-0.18465,0.6789,0.22512,-0.18972,1.30571,-0.48381,1.52775,1.04298,-0.68761,-0.98136,0.98038,-1.77812,2.40089,-0.99855,-0.88694,1.11966,0.29449,-0.36243,-0.48328,-0.7001,0.34086,-1.2799,1.48299,0.38957,-0.68387,-0.37409,-0.40594,-0.33006,-2.00098,0.89634,-1.14002,2.05209,-0.43271,1.02446,-0.31338,-0.92366,-2.06386,-0.03652,-1.63339,0.90835,-1.89394,0.48254,0.0703,1.18926,-1.17465,0.87115,1.47486,-0.10288,0.42781,0.49045,-1.92914,0.54894,0.13029,-1.64245,2.26139,0.20964,-1.23095,-1.10336,1.62581,-0.75302,-0.5007,1.69711,0.49543,0.14017,1.77539,-0.46718,-0.47834,0.11281,1.02328,-0.35409,-0.05756,1.8499,-1.21538,0.44563,-0.37134,-1.90943,-3.57169,2.13209,-1.35215,2.308,-0.61703,-0.14863,-1.83694,-1.27243,-1.01843,0.10389,0
-1.85755,-0.73136,-0.90618,-0.08036,-2.42503,-1.44211,0.9461,-1.26281,-0.11993,0.49642,0.74962,-0.03185,-0.45156,0.92732,-1.18133,-0.21444,-0.54786,1.59661,0.37844,1.36524,0.85413,-1.01609,0.52801,0.79487,0.48603,-0.47771,0.51178,-0.51813,-0.21633,1.79657,0.49356,1.16929,-0.98993,-0.25699,0.40889,0.55091,-1.67085,0.95107,0.08216,-0.01131,-1.60189,-1.86618,1.89536,-1.46476,0.9994,0.16073,1.42028,-0.41331,-0.53158,0.45559,-0.96536,-0.28858,-0.28336,2.09119,-0.00933,0.08425,0.99502,-0.61933,-0.89416,-1.77425,-0.20645,0.46922,-0.0976,0.39057,-1.31909,-1.57644,-2.16303,1.19822,-2.09164,0.26148,-0.37267,-0.33921,0.98034,0.70117,1.55091,-0.89552,-1.67824,0.30969,-0.92981,0.37906,1.14327,0.25944,0.08468,0.09075,-0.45531,0.09014,1.05732,0.66735,1.35033,1.48604,0.61085,0.01998,1.14578,-0.1299,-0.22284,-0.53604,-1.87532,-1.27742,1.48556,-0.55854,-0.97695,-1.19158,-0.00783,-0.1118,-0.58626,-0.02558,-1.3297,-0.06398,-2.76901,-0.43622,-0.90591,-0.88939,0.42439,0.28087,0.20266,-0.34606,0.71892,0.48779,-1.51599,0.22852,0.85914,1.16039,1.53373,1.05526,0.2516,-0.89541,0.97391,0.34004,0.31461,-1.1021,-0.0692,-0.3791,1.67378,-0.85775,1.85057,2.1614,-0.44642,0.24059,0.14009,-2.09206,-0.31074,0.1094,-1.03346,-0.36706,-0.10298,0.08357,-0.03262,0.163,0.09136,1.4341,-0.34072,-0.70611,-0.58879,-0.167,-0.40045,-0.91522,-0.91144,1.0612,-0.7824,-0.2361,1.38743,1.78266,-0.19742,0.38143,0.41485,1.10722,-1.55997,0.48488,-0.48848,1.70003,1.05436,-0.03459,-1.50153,-0.35494,0.84946,0.0946,0.58704,0.21479,0.52851,-0.66873,0
0.65867,-0.74027,0.32948,0.39831,0.74062,0.79337,-0.97083,0.07758,-0.51936,0.89416,-0.00347,1.25297,-0.42272,2.48657,0.58119,-1.26889,-0.03518,0.81199,0.07997,0.57854,-1.08779,-0.59071,2.03349,-1.01909,-0.04042,-0.62725,-1.61011,-0.09585,-0.10326,-0.86871,1.82252,-0.3293,0.99531,-0.94031,0.56803,-0.09176,-0.05685,-0.00132,-0.01769,-0.0104,1.34564,1.61933,-0.03159,-0.60881,0.79388,2.15831,0.65337,-0.16673,-1.3285,-0.60926,0.16743,-1.8387,-1.34717,1.24458,0.11406,-0.34667,-1.50202,1.29849,0.24369,-0.52553,1.11836,2.06011,-0.3127,0.35472,0.49595,-1.23299,-1.45419,0.35794,-0.9445,-0.22654,0.6648,-0.63934,0.3363,-0.96699,-0.21098,-0.20806,-0.55388,-0.7258,-0.87721,-0.27664,0.41042,-0.25314,0.08265,0.34066,0.63109,-0.30125,1.01447,1.59214,-0.71499,1.95839,-1.17747,1.17798,0.49102,1.51457,-0.93344,-1.52473,-1.45347,0.72137,-0.17843,-0.29224,-1.47893,-0.57292,-1.30785,0.67329,-0.33624,0.43242,-0.37203,-0.80232,2.11505,-0.01788,-0.27956,0.01677,-0.61763,0.66763,1.73003,0.22388,1.51881,-0.05341,0.24589,-0.34195,1.26238,-0.00998,-0.46408,0.39551,1.07134,1.06478,1.22865,-0.08432,-0.58905,-0.18374,0.16317,-0.67844,0.24,0.2263,-0.70692,1.91643,-0.80288,-0.58874,0.66702,1.10057,0.13739,-0.52056,-0.34133,0.7235,-1.54027,0.41828,0.66234,0.89392,0.16153,-0.92069,-1.30016,1.53245,-0.25232,2.05797,0.78393,1.84742,-0.89818,1.14151,0.2733,-0.1882,-0.43984,0.9629,-0.40244,2.31506,1.97912,0.83867,-1.76853,1.31885,-1.23728,0.07944,0.80861,0.7822,-0.20287,0.78635,0.20931,-0.61134,0.08284,-0.80812,-0.06493,-1.41297,0
-0.42308,-0.68945,0.46719,0.21728,-0.16291,0.37713,-0.99568,0.29713,0.66712,-0.49287,-0.99125,-0.24489,-0.55428,-0.59053,-0.24701,-0.45348,1.13232,0.00563,-1.08956,-1.61588,0.43057,-0.51355,-1.60598,1.43081,0.39617,0.24464,0.11126,0.4621,1.25603,-1.53075,-1.2083,-0.48914,0.44787,-0.18071,0.88566,-1.67706,1.10535,-2.93735,-0.87512,0.88766,1.20275,1.04122,-0.02553,-0.97695,0.05169,0.07306,1.04815,-1.28687,-0.40217,1.54607,1.64184,0.33951,-0.03695,0.21054,-2.54411,-0.3778,2.48476,-0.1002,0.71844,-0.3721,-0.48344,0.63963,-0.74065,0.21203,-0.77276,-1.07018,0.60669,-0.24263,-0.36171,0.28574,-0.85262,1.55009,0.40106,0.31534,0.39654,1.22668,1.36237,0.7871,-1.24827,0.2989,-0.38868,0.77295,0.60806,1.40828,0.26616,-1.317,1.2532,0.80411,0.00916,0.85174,-1.86677,0.25855,0.36102,0.36328,-2.40538,0.19691,-1.90033,-0.19831,-0.24534,-1.9838,0.61306,0.2311,0.37897,-0.16764,0.79731,0.7506,-1.22398,-0.91462,-0.70998,-1.49907,-0.16054,-0.05194,-0.29621,0.41147,-0.00518,0.032,-1.75574,-0.24787,-1.13508,0.86904,0.41404,-0.52521,2.29231,0.02886,-0.44355,-0.82241,0.0851,0.06678,-0.97619,-0.37322,0.22933,-0.10661,-0.68583,1.41243,0.06301,1.20657,-0.69087,0.45258,0.25341,0.56541,-0.28989,-0.05695,0.16072,1.48106,0.546,0.72056,0.62596,1.51151,0.43301,-0.44311,0.19498,0.93276,0.36477,-1.04267,-0.64361,-0.54862,0.41251,0.1273,-0.9455,0.19016,0.85265,-0.40679,1.3508,0.82915,0.63258,-0.41302,-1.23723,0.78675,1.21902,0.72133,-0.88618,-0.93303,-0.02989,-0.55584,0.16139,0.76015,-1.03411,1.21793,0.99262,-0.78925,0
-0.45723,-1.68631,0.83858,0.25724,-0.52755,-0.01467,0.85663,0.20342,-1.83405,-0.10184,1.66438,-0.21344,-0.08144,-0.66833,-0.03804,-0.19309,-0.10396,1.52126,0.27406,1.07307,-0.6311,0.22703,0.92053,0.24025,-2.07188,0.71374,0.83604,0.2524,-1.36727,1.05359,-2.64279,0.16846,0.66932,-0.68907,-1.14272,0.43056,-0.52228,0.606,1.93829,-1.05821,-1.48418,0.53547,1.2753,1.82538,-0.65917,-0.56359,1.16742,0.02023,1.76526,1.1492,0.54677,-0.02154,-1.31467,1.20368,-0.44503,-0.39063,0.97265,-0.60038,-0.24472,-0.50555,0.23684,-0.36859,-1.40167,0.514,0.4802,0.61926,1.82562,-2.61716,-0.67188,-0.76017,-0.28627,-1.96788,0.14104,2.01869,0.25355,0.88419,0.02282,-1.00583,0.35902,-1.30684,-0.9109,-1.77202,-0.61334,-0.12808,-1.79719,1.97714,0.18083,-0.99363,-0.87973,-1.22889,0.40089,1.81091,-1.51345,-1.31817,-1.69644,-0.59398,1.63867,1.73019,0.24458,0.91205,0.07142,0.00583,0.51627,0.62698,0.27107,0.33129,-0.64187,1.42275,-0.69771,-0.75503,-0.85177,0.26862,0.2341,0.08898,0.96323,0.03205,-0.37804,0.83761,-0.98892,0.25092,-0.40764,-1.08025,1.1564,-0.08438,1.38869,0.63695,-1.19072,0.69729,-1.60904,-0.09487,-0.41817,1.51411,0.38718,-0.05756,0.08016,-0.53268,0.63028,-1.26899,0.13825,-0.19461,-0.3183,-0.81684,1.34099,-1.2547,-0.90257,0.59094,0.50739,-0.81182,0.5362,0.42925,0.43607,-0.40588,-1.20969,0.04377,1.12407,0.39403,0.40736,-1.65235,0.78797,0.43965,0.77162,0.58375,1.62285,-0.72302,-1.20106,-1.08265,-0.35091,1.71499,0.02606,1.49093,-1.1377,-0.07507,1.23641,-1.44409,-0.0093,-1.51766,-0.35663,-0.11248,0.27885,0.62174,1
0.97989,0.46947,0.62766,-1.24537,-1.86643,-0.42461,1.33091,-1.65069,0.12217,-0.23364,-0.35726,0.72439,-0.28219,-0.98513,-1.27445,0.35528,0.40731,1.00985,-0.26279,-1.04236,2.9984,0.92805,1.6902,-0.4683,-0.33386,-0.82219,-0.92403,1.05302,0.7345,-0.68828,0.08908,-0.22358,-0.44358,-0.78479,1.0122,0.28071,2.81476,0.78196,1.60365,-0.57879,-0.30302,0.72711,-1.24599,-0.10699,0.54259,-1.67538,0.05059,2.19487,-1.04262,-0.5664,0.19482,-2.47816,-0.04884,0.10102,-0.58198,-0.6343,-1.69869,-0.51148,-0.34014,0.00652,-0.08084,1.24173,1.22235,-1.09732,0.00873,0.49908,-0.46259,0.98103,0.14971,-1.41083,-2.14191,-1.11294,0.19758,0.45852,-1.81655,0.10409,0.48964,0.56212,-1.4199,1.05357,0.26715,-3.40817,1.51363,-0.01854,0.71456,0.93341,0.91746,0.44384,-0.79501,0.21871,0.27859,-0.70722,-0.86635,-0.01458,-0.46345,-0.42463,0.91454,-0.82104,-0.01117,-0.00135,-0.48575,-0.17354,1.02315,-0.51767,-1.06964,0.87412,0.51722,1.45318,-1.15663,0.55619,0.11789,-0.28392,-0.0376,-1.77413,0.052,1.12077,-1.01249,-0.40088,0.09063,-1.0071,-0.74465,2.27797,1.25145,0.124,-1.02436,1.13821,1.23288,-1.53343,0.16306,-1.46496,-0.15443,0.47382,-0.04731,1.08086,-0.15748,-0.18483,-0.31372,-0.30139,-0.57856,0.80714,0.96223,-0.79307,-0.73486,0.6284,-1.71422,0.59014,-0.61529,-1.2892,-1.58987,-0.46544,0.5854,-0.26276,0.6611,0.22553,0.62231,2.669,0.72645,0.9895,0.60685,-0.44501,0.48312,-1.9642,-0.3109,-0.42208,0.15548,-1.20637,-1.53712,0.98068,-0.13494,-0.50346,-1.79214,0.56657,-0.88132,0.69968,-1.4566,-1.40473,0.0017,-1.3487,0.3141,0.11923,0
0.02549,-0.68334,-0.94011,-0.65226,0.06424,-0.35216,-1.11601,0.67382,0.85708,0.12058,-0.07077,-1.23915,-1.87927,-0.29739,1.03773,-0.05152,0.27389,0.07704,-0.60485,-0.25203,0.66586,0.64008,-0.25394,-0.39162,-0.77198,-1.00788,1.25504,-0.88125,-0.24926,-1.05589,-2.10222,-1.69525,0.54072,-0.08162,0.75622,0.733,-0.84804,-0.6736,-0.77192,-1.43577,-1.78315,0.41522,-0.78864,-1.20606,-0.54196,1.04144,-0.26217,0.1709,-0.23425,0.38657,-1.32781,-0.40057,-1.32194,-0.78833,0.45471,1.12339,-0.2628,-0.73759,-0.79978,0.02559,-1.29054,1.5426,1.24319,-0.77369,-0.1253,-0.54616,1.45513,0.94885,-0.4069,0.72464,-0.10596,1.2484,-1.10976,1.6086,-1.04566,-0.21196,-0.88762,2.33076,0.15731,-0.09928,2.28336,-1.16467,1.28296,1.44264,1.70791,-0.34948,0.34496,-0.54423,-0.15912,0.99379,1.17157,-1.10414,0.72897,-1.0228,-1.02447,-2.12,-0.68541,-2.43388,0.25986,-0.50679,-0.15937,-1.2926,1.73017,1.00203,0.59266,-0.43949,1.82198,0.46089,-0.41518,-1.16825,0.24215,0.17122,0.21848,1.35248,0.318,-1.0584,-0.77866,-0.37362,-0.16069,-0.11655,-0.44556,0.34501,0.19213,-0.68146,-0.98328,0.08984,-1.39726,-1.83447,1.1374,-0.50706,0.43736,1.58875,-0.52925,-1.88578,0.11857,-1.04792,-2.92071,0.17586,-1.89469,-1.21696,-1.01753,0.23209,1.86342,0.79186,-1.55091,-0.26871,-1.40368,0.2674,-2.43833,-1.51218,1.10858,1.78742,-0.24889,0.56166,0.7901,1.37754,-0.27149,-1.11946,0.38751,1.09855,-1.2629,-1.0528,-0.64952,1.84514,0.27546,0.60973,-1.06232,-0.31212,0.25865,-0.71963,1.42842,0.5461,-1.38951,0.40966,-0.25074,0.82168,-0.50672,0.25109,1.33629,-1.44543,0
-1.65794,-0.6063,-0.4046,-1.27692,0.43225,-0.61284,-1.01832,0.79381,0.57847,-3.10154,-1.25294,-0.46168,-0.78215,-0.20077,-2.03321,0.40884,1.95399,-0.77343,-0.18043,0.9247,1.29178,1.97808,-1.43673,-0.40316,-0.10054,0.21682,1.22814,0.23685,-0.94885,1.01075,0.0875,-1.60824,0.59884,0.49534,-0.12537,-0.40544,-0.51685,-0.18405,0.62138,-0.17119,-0.68486,-0.76659,-0.42595,-1.2054,-0.42885,0.46547,0.2051,1.06027,-0.96853,0.35903,0.39708,0.0834,-0.15874,3e-05,1.39162,0.17223,0.10779,0.64326,-0.86684,-0.87023,-0.91291,2.22153,0.1887,0.03381,0.77531,1.82366,0.08286,-0.04252,-0.4933,-0.53491,-1.76078,-0.50749,0.67807,1.88578,-0.38602,0.8543,-0.7959,0.50603,0.72983,0.64962,-0.39846,-0.8623,0.00683,0.78824,0.80036,-0.7043,-1.81169,1.70235,1.02076,-1.19578,-0.24919,0.504,0.3721,1.6206,-0.22759,-0.97659,1.88204,0.88178,-1.44653,-1.74699,0.88319,0.47917,0.43435,1.54079,-1.65031,0.56519,-1.00731,-1.65445,2.59519,0.04032,0.77334,0.41624,0.32174,-1.17763,-0.25623,0.93097,-0.17469,0.34903,0.3999,1.1649,0.37258,-0.31287,1.66455,0.06069,1.638,2.00247,-0.43346,1.4856,0.13295,-0.04045,1.70799,1.56553,0.26973,-1.56945,-0.09733,-1.38939,0.36094,-0.06408,-2.76412,0.08215,-0.47855,1.26415,0.20716,-0.09668,0.60484,0.81864,-0.30746,-0.30576,0.08129,0.13654,0.43931,0.29731,-1.31126,0.40942,-0.05373,1.40013,0.03326,2.95859,0.31125,-1.65097,-0.12787,0.06033,-0.95651,-0.08297,1.89233,0.33194,-2.82198,-0.3865,-1.61309,1.69488,-1.30766,0.13334,1.11831,0.02902,-0.04328,-2.67182,-0.1561,-0.91933,-0.61061,0.77672,1
0.29713,1.16354,-1.13309,-1.61602,-2.31956,1.01944,-2.04083,0.6349,0.79514,-0.54483,-1.97802,0.73404,1.719,0.82834,-0.62747,1.19921,-0.32224,0.50172,1.91685,-0.07388,1.32535,0.95642,0.90999,1.77898,-2.09613,-1.49361,-0.60771,-0.08481,-0.13981,0.37934,0.36073,2.07862,1.8405,-1.34044,1.19462,0.92755,0.0835,0.61921,1.3811,0.88562,-0.95187,-0.18966,-0.10847,1.19414,-0.26237,0.61873,0.36674,-0.11912,-0.78591,-1.85588,0.68095,0.09451,0.82624,-0.37419,-2.60148,-0.79041,-1.87884,0.4969,0.29231,1.87079,1.06029,-0.51884,-2.24982,0.7289,-1.88875,0.86514,0.76354,0.15461,-0.31342,0.59569,1.2719,2.24132,0.83116,-0.39288,-0.35222,-1.16195,-0.01549,-0.21824,-0.3082,2.19232,-0.06452,0.94338,-0.48535,-1.16451,-0.49516,-2.03588,0.46159,0.80889,-0.79008,0.44654,0.73568,0.20289,2.56914,1.32221,-1.15434,0.96909,0.32976,0.34284,-0.35937,0.21981,0.91422,0.86352,0.08235,-3.77649,0.64058,1.52286,0.06679,0.40923,-0.82709,0.42267,0.60624,-0.67293,-0.03649,-0.8871,0.98485,0.13414,-0.06847,-0.34277,1.80678,0.4395,0.19868,-1.32872,0.68527,-0.33409,0.77482,-1.48954,-0.99683,0.8946,-0.78116,0.47849,-1.55784,0.95024,-0.78445,-1.11467,-0.79221,1.60899,1.46476,-2.49388,-0.00225,-0.88485,-1.13807,0.85163,0.32172,-1.32409,0.9227,0.02792,1.08742,-0.13283,-0.17104,-1.93558,-0.74713,-0.49488,0.82068,0.45442,0.38622,0.32313,1.42556,-0.33287,1.15506,0.35766,0.86724,-0.71152,-1.41671,-0.75967,-0.66929,-0.65357,-0.3592,1.06066,-0.63375,1.68601,0.44462,1.55392,0.04858,0.78739,-0.66664,-1.08242,0.29481,-0.37261,0.83111,1.41564,1
-0.94746,-0.34998,-1.74329,0.97258,1.45791,-0.39562,0.70236,-0.65756,-0.43021,1.59462,0.01147,-1.09122,2.42297,0.50893,0.56877,0.34673,-0.88941,0.74993,0.71071,-0.46105,-0.24048,0.12736,-0.19158,-2.73359,0.11374,-1.1681,0.16537,-0.34488,-1.54686,1.1937,0.22921,0.35707,-0.00557,-0.75931,0.21978,0.2746,-0.38728,-0.23201,-1.06785,-0.74323,-0.36899,-0.618,2.56639,1.39372,-0.78109,0.67526,-1.45331,-0.25575,-0.00373,0.77498,0.11202,-0.71625,0.64927,0.7622,-1.25654,1.03466,-1.54475,-2.84934,1.26775,-0.31871,-0.47918,0.96937,0.01416,0.60709,-0.57057,-0.55178,-1.02604,1.77641,-1.1855,-0.87633,-0.16148,-1.49679,0.54158,1.19677,1.08319,0.41336,-0.2213,-0.19172,0.34184,0.88173,0.32035,-1.05464,-1.34484,0.27138,0.49407,-1.60319,0.48366,0.05477,0.72792,-0.79591,-0.33666,-0.66331,-1.50911,0.62549,0.87907,-1.43294,0.10358,1.46866,-0.68563,-1.34327,-0.96861,0.19417,1.22165,-1.16572,-1.34458,0.83306,-0.75223,0.25184,0.23584,-0.86612,-1.24569,1.13138,1.87453,0.03965,-0.01192,-0.31976,-0.27418,-1.88831,-1.76791,-0.41804,0.07344,1.59304,-0.17484,-0.17647,-0.94153,-0.49455,1.39405,1.48493,-1.30589,1.63727,-0.57511,0.09483,-0.39094,0.24325,0.4087,0.71365,1.76914,-0.74365,-0.9805,-0.05116,-0.23099,0.79072,1.59617,-1.52401,0.33719,-1.45788,-1.48797,-1.83007,-0.90651,1.76388,-0.0089,1.41376,-0.03613,0.15537,0.91901,0.1609,-1.49641,0.04172,0.33965,1.10912,0.31502,-2.32153,-1.30516,0.46641,-2.06823,0.00692,-1.93733,-0.55476,-0.2904,0.16937,0.27433,-1.66717,0.76075,-0.02555,-1.47959,0.63698,0.62158,-0.10044,-0.4603,-0.14045,0
-0.73255,1.84089,-1.42282,-0.38718,-0.03086,-0.26434,-0.10438,-1.03109,-0.53418,0.55021,1.53555,0.80688,1.80095,-1.60758,-1.14674,-1.03838,-1.20262,0.27081,-0.17199,0.0791,0.45071,-0.27555,-0.04853,0.49245,1.78064,-0.78051,-0.80076,0.00796,2.1287,0.90889,0.88689,0.10553,0.48175,-0.56974,0.71718,0.90316,-0.6998,-1.11823,0.81418,0.20144,0.69183,0.97113,1.43291,1.34919,0.98656,0.11593,-0.97843,1.95444,-0.26851,0.83604,-1.62768,0.01333,-0.24447,-0.53797,-0.17108,1.08559,-0.64283,0.29877,0.87868,-0.14247,-0.57353,1.26955,0.19747,-0.02079,-0.1547,0.0258,0.31013,0.71149,0.26571,-0.20016,0.13823,1.35423,1.6571,0.3989,-0.10785,1.01203,0.26105,0.37338,-0.66862,0.51163,-0.30433,-0.72928,0.06664,-1.08814,1.55104,-0.43351,1.84539,-0.20561,-0.17987,-0.9773,-0.02738,-0.69584,0.83088,-0.07084,1.33006,-0.34772,0.06751,-0.45865,0.99021,-0.74658,-0.49247,1.36483,0.08824,-0.72922,-0.4641,-1.48838,-0.72997,0.02649,1.16401,0.10718,0.59206,0.26093,-0.53276,-1.10896,-0.03374,1.73517,-1.08145,1.29574,1.12359,-2.11612,0.65775,0.35154,0.18167,1.1638,0.98383,-2.41024,1.51728,0.42902,-0.70232,1.19153,0.6888,-0.39398,0.3612,-0.31637,-1.07114,-0.42454,0.55947,-1.05914,0.30119,0.04833,-1.42745,-0.18488,1.12355,0.4751,-0.30951,-1.91198,0.351,1.30982,0.54029,0.43698,-2.60157,1.32189,0.07512,1.66632,-0.11771,-0.73943,0.25166,-1.24143,0.86435,0.80347,-1.29133,-1.22738,0.60084,0.86048,1.2976,-0.88135,-0.29131,-1.09203,1.13069,-1.10038,0.49008,-0.48048,-0.40529,-1.03635,0.80054,-1.22498,-0.73168,-1.39654,0.8613,-3.1248,0
0.38504,0.17274,0.93204,-0.68549,-1.8942,0.29232,-1.46504,0.65142,-0.32754,-0.76279,0.21495,0.46425,1.49825,-0.50198,0.55623,1.74119,0.02654,0.36595,0.63136,-2.37909,-0.0635,0.81208,0.73807,1.74336,-0.04531,-2.21265,0.78391,-1.15885,0.418,-0.8691,-1.76905,-1.02662,0.59225,0.81237,0.64287,0.93341,-0.61395,-0.40203,0.39877,0.27976,-0.98094,0.3165,0.73723,3.45316,-1.61346,-1.68399,0.13557,-1.28171,0.97249,-0.3426,1.98145,-1.40642,-0.15447,1.65153,-0.7019,0.34776,1.62203,-1.97047,0.39855,-2.00368,0.55405,-1.14921,0.46427,-0.74909,-1.64336,0.23899,-0.85411,-1.11945,-1.09296,0.75793,0.74693,0.26651,-0.58066,-3.20826,0.94533,-0.08921,-1.02837,-0.28714,-0.84694,1.64072,1.00812,-0.41313,-0.06975,0.30211,-0.62694,0.17248,-1.43912,-1.04783,0.45078,-0.43518,-0.01055,0.00156,0.54641,-0.71013,0.3183,1.64567,-0.06938,0.75387,0.28118,-0.31881,-0.22824,1.43348,0.68977,-1.01207,0.5188,1.41395,-1.57169,0.78131,0.52339,1.57409,-0.50564,0.95258,-0.68786,-1.07922,-0.56333,-1.07723,0.16139,-0.64012,0.77533,-1.82953,0.07411,0.61473,-1.68521,-0.85819,-1.129,1.5274,0.49673,0.54014,-1.51502,-1.73792,0.76718,-0.03015,0.05777,-1.70136,-0.35001,-1.80553,1.47785,0.63821,-0.14262,0.32467,-1.4529,-1.20187,1.02209,1.4367,0.3156,-0.27986,-1.20864,1.66833,-0.4863,0.62838,-0.46394,1.73778,-3.22145,-1.17136,-1.00741,0.72005,-0.95714,0.06936,-1.4558,0.25644,-1.57801,0.00189,-0.5669,-0.61678,0.33326,0.87563,1.23902,0.97784,-1.57386,-0.37735,-2.22994,0.03248,-0.01486,-1.95812,0.11242,-0.23008,0.58167,-1.10592,1.40188,0.13017,1
-0.63958,-2.34993,0.5174,-0.8644,0.37636,-0.0431,-1.23416,-0.17111,-0.06578,0.34765,1.40872,-1.16524,0.38423,-0.0713,0.2365,0.19615,-0.38494,0.55384,-1.40673,0.70131,-0.99873,0.82613,0.59636,1.41771,0.23382,0.86501,0.96397,0.16278,0.28594,0.01788,0.17555,0.24237,0.58754,-0.39981,0.48016,1.05533,-0.31663,0.10415,0.31607,-0.30908,0.01462,1.3973,1.57202,-1.23526,0.20362,-1.12403,0.69814,0.29471,0.25186,-0.58532,-1.18279,-0.14843,0.76853,-0.4198,-0.83059,0.35282,0.21877,1.4902,1.25209,-0.26094,1.34281,-0.41661,-1.49056,-0.44796,-1.63662,-1.72028,-0.50447,0.80133,1.13552,0.2574,-0.03641,0.18703,-1.34069,0.0327,-2.78169,-1.47384,-0.97712,-0.82782,-1.17974,0.46674,-0.34424,0.3036,-0.8223,-0.17693,-0.46886,1.76018,0.68204,1.36837,0.34059,0.3459,0.39617,0.76251,1.18476,0.40222,-0.85712,0.14637,0.55831,0.10221,0.54847,-1.83933,0.16808,0.32124,1.51026,-0.02824,0.32074,1.13253,-0.22665,-1.07039,-0.12647,0.92264,0.58471,-2.48161,0.67439,1.25485,-0.90282,-1.69057,-1.71282,1.00324,-0.53521,0.20036,-1.47374,-1.0903,-1.24882,0.65885,-0.02634,0.49328,0.19878,0.78124,1.8085,0.00526,-0.22517,1.38005,0.50566,-0.97777,1.06134,1.03391,0.95428,0.6338,0.87761,-0.85185,-0.75021,-0.93737,0.23238,-0.30133,-1.23423,-1.04069,-0.94848,-0.78176,-0.81664,-2.00385,-1.58694,0.96365,0.02448,0.32623,0.62964,0.05875,-1.44354,-1.38562,-0.30488,-1.88149,0.2028,-1.28231,0.28729,0.97754,0.59252,2.62887,1.42766,1.96188,-0.05599,0.61749,-0.71319,0.28617,-0.67428,1.46643,0.41123,-0.28182,-0.33714,-0.47373,-1.45077,8e-05,1
-1.91095,-0.20731,-1.94851,-0.00543,-1.34236,0.37501,1.81556,1.17211,-0.37618,0.55763,-0.20523,-0.77949,0.27259,-0.89809,0.03922,0.12153,0.18343,-0.43579,-1.54324,0.69998,0.6319,1.98313,0.55,0.94336,3.09654,0.36029,0.2369,0.14707,0.03685,0.01263,-0.17812,-2.11344,0.64379,1.06676,0.34799,0.90133,-0.75454,0.80996,0.79491,-0.09285,0.24635,-0.63045,-0.1885,-0.686,0.21383,0.5488,1.197,0.01905,-0.71977,-0.65662,-0.26894,0.96931,-0.63837,-0.57856,0.87211,0.43826,-0.16661,0.71959,-3.39976,-0.58357,0.50136,-0.26313,-0.14935,-0.41533,0.18557,-0.67609,-1.84008,-0.74996,0.61159,0.36588,0.04663,-1.68406,2.02281,0.99934,-1.08983,-0.86691,0.23115,-0.63911,0.84245,-1.48305,1.73154,1.82179,0.53413,0.19555,0.75807,0.16953,-1.46563,-0.86584,-1.66604,-0.56196,-2.31623,0.73968,1.28085,0.59025,1.04713,-0.42433,0.31285,0.96712,0.45836,0.93258,-1.01241,1.27259,3.43066,-0.58021,2.0874,0.35288,-0.85559,1.71566,1.346,0.35158,1.60553,1.74789,0.72929,-0.72836,1.17796,0.94104,0.04782,-0.14631,-0.28843,0.24821,-0.10091,-0.42158,-0.66034,-1.80471,-0.22132,-0.10833,1.57841,0.81474,-1.6965,2.63135,0.58505,0.16042,-1.01143,1.08689,-1.22572,0.99342,-1.22461,1.85479,-0.7298,0.33273,-0.61314,-0.74345,-1.05305,0.96747,-0.4212,-0.73672,1.00647,0.57903,-0.62683,0.32608,-0.99739,-0.2183,-0.72723,0.61742,0.93184,-2.16266,-0.65001,-0.25581,-0.91553,-0.33374,-0.69616,-0.07249,-0.29283,0.66699,-0.88516,-0.64588,0.68336,0.8554,-0.26902,-0.02251,0.07181,0.81238,0.85301,-1.69995,-1.06139,-0.76115,0.05489,-0.16673,-1.54228,0.43961,1
1.70975,0.00301,-0.94665,0.62996,-0.53136,-0.15559,-1.66683,-1.03403,-0.96319,-0.93511,0.00885,-1.50154,0.81113,-1.47353,0.68332,0.63397,0.03477,-0.24811,0.78321,0.62273,-0.22378,-0.27612,-1.57963,1.07294,0.11733,-0.21707,0.2585,2.7301,0.4263,-1.71563,0.76066,-0.25885,-0.7401,0.16728,0.59192,-0.7548,0.58154,0.96543,0.17765,-0.38386,-0.64729,-0.55665,-0.72714,2.0801,1.29607,0.46173,-1.1604,1.03968,0.80438,-2.21505,1.30541,0.86416,-0.45754,0.51222,-0.87273,0.6821,-0.40186,0.0374,0.23904,2.41534,-1.17292,0.71962,0.74138,-2.24477,1.56754,-0.36009,1.44434,-0.43058,-0.59604,1.19977,-0.1244,0.8411,1.82058,-0.22052,1.74231,0.15172,0.48446,0.02185,0.00243,-1.03623,1.40035,1.42465,-1.44978,-2.03143,-1.17072,0.43374,-0.44805,-0.4548,0.4089,0.39221,1.27962,1.02245,1.63438,-0.11672,-0.33021,-0.25037,1.44705,-0.10485,-0.24394,-2.32039,-1.18412,-0.65151,0.32418,1.32611,-1.03965,1.376,0.02358,0.51619,0.43227,0.74058,-0.50457,-0.79581,0.93977,-1.55029,-1.62453,0.70835,2.04061,1.44236,-0.85283,-1.69318,0.7712,0.44228,0.32013,-0.00202,0.18115,1.56817,-0.02608,-1.02973,0.31193,-0.41561,-0.21975,1.25485,-1.40623,-1.15422,-2.21332,0.48968,1.53006,0.22482,0.7765,0.67843,0.57923,-0.50155,1.18666,-1.66832,0.95855,-0.72524,-2.05425,-0.18829,1.271,0.20614,1.31967,0.28896,-0.46497,-1.11423,-0.49882,0.09733,0.33492,0.41421,-2.11503,-0.99873,0.51473,0.79387,-1.62179,-0.48867,0.09732,-0.38438,-0.72116,-2.88116,-1.83206,-0.50071,0.57926,-0.69172,-0.84103,-0.2063,0.02504,0.12199,0.29788,0.60981,-0.24021,0.38371,1
-1.83988,-1.00765,0.53019,2.40514,1.41216,-1.22074,0.05183,1.29405,1.33481,-0.60888,-1.09265,0.44226,-0.71012,-1.81719,-0.96457,-0.88859,0.32225,-1.05233,-1.05102,-0.25812,-1.04407,2.0173,0.52597,1.5966,-0.6001,-0.07186,-0.16129,0.0081,-0.41059,-0.38,0.94084,0.50618,0.80856,1.26736,-0.24825,0.80434,-0.01076,-0.32197,-0.88561,1.51412,0.08667,-1.13884,0.33159,-1.42136,0.40635,-0.56164,0.49269,-0.82334,-0.03404,0.67069,-0.87428,1.80705,-0.91465,0.93922,1.57304,-1.39852,-1.50366,1.07338,1.52325,-1.66321,-0.92338,0.20168,-1.4718,-0.52128,0.74418,0.34165,0.25837,0.26366,-0.61345,1.16386,-1.80847,0.22225,0.83345,-2.6502,-1.13765,0.54176,-1.30985,0.71991,2.87852,-1.45366,-0.68385,1.84007,0.22217,-0.35766,-0.66844,-1.19497,0.37269,-1.73333,2.34218,-1.30337,-1.12754,-0.30147,0.31789,0.38218,0.8689,1.11477,0.66078,0.55092,-0.46387,0.13112,0.1903,-0.42842,-0.24457,-0.45784,0.78859,-0.56132,0.60907,1.04594,-0.25808,1.16901,0.13758,0.51712,0.19233,-1.02807,1.51832,2.33247,-0.22487,-0.37791,1.62346,-0.20498,-1.36641,1.31415,-0.9622,1.11616,-1.60981,-0.89119,-0.63999,1.13063,-2.21729,1.58785,0.93105,0.76912,0.98476,1.03575,-1.309,-0.26837,-1.33017,-2.47896,-0.80179,0.85571,0.3864,-1.46895,0.68946,1.229,0.50506,-0.56808,-0.32997,0.72961,0.52677,1.93269,-0.08868,0.83138,0.98873,-0.58907,-0.00749,1.32431,0.36419,-0.69579,-2.17956,1.41715,-0.38577,-1.78176,0.81989,0.5066,-0.6018,0.15796,-0.02922,-1.081,-0.1808,-0.65004,-0.2041,-0.31223,1.16397,-1.82763,-2.47642,-0.44292,-0.73,-0.45251,0.23621,0.76167,1
-0.60851,-0.56948,0.91983,0.52552,-0.60917,0.76208,-1.03208,-0.55054,-1.5517,-0.81814,0.1175,0.45713,1.29212,0.69581,0.16128,0.81542,0.11306,-0.29647,-0.04169,1.12974,-0.53848,-0.96079,1.62376,0.41368,1.5113,0.31379,-1.41071,0.27868,-0.50287,0.75492,0.34314,1.07819,-0.93902,-0.62514,1.50118,1.42753,0.16022,-0.71769,-0.04261,0.93272,0.51661,-1.00743,1.39643,2.83679,-0.52896,-0.54375,0.04839,0.71055,-0.46354,-1.79387,-0.33401,0.07475,-0.04412,0.90883,0.44453,0.81233,-0.25009,0.94415,0.97714,0.2775,1.06654,1.66136,-0.47361,0.77592,1.06534,-1.29306,0.31751,-0.2251,0.93041,-0.40818,-1.10294,0.32191,0.42971,0.78817,1.52228,-0.0728,-0.57752,-2.14723,1.72329,1.23653,-0.17098,0.08662,-0.77268,-0.41145,-0.10487,-0.25379,0.24286,-1.48358,1.3985,-0.37294,0.53666,0.93472,0.75357,-0.13878,-1.17381,-0.12185,0.39863,1.18808,0.98527,0.32402,0.42215,0.55474,-0.86477,0.1396,0.6703,0.89376,1.18793,0.13802,-0.29062,1.07954,-1.08887,1.00225,-0.84432,0.94554,0.74489,0.24398,-0.47828,1.36699,-0.00911,-1.87655,0.81045,-0.81745,0.37487,-1.27344,-0.36723,1.61276,-0.64321,-0.16672,0.14443,1.30652,-0.23892,-0.51133,-0.5914,-2.85805,-2.77101,-1.78985,1.3149,-1.01441,0.21966,0.00726,1.84495,-0.56391,1.71456,-0.62109,1.38563,0.88713,0.33589,1.50882,-0.2688,0.32673,-1.47635,-1.40214,2.4392,-2.105,0.1429,-0.27811,-0.21778,-0.59368,-0.08222,-0.66996,-0.34192,1.40852,0.74709,1.30889,-0.36971,0.49677,1.16912,-0.75475,1.62561,-0.44055,-1.07484,-0.35113,0.75446,0.62833,-0.22422,-0.39304,1.21452,0.59212,-0.19033,-1.19893,0
0.03462,0.62657,-1.15972,-0.6907,-1.32776,0.68556,0.66334,0.66437,-0.30704,1.25368,0.35149,0.55717,1.2871,-1.47768,-0.02192,-1.30289,-0.435,0.52638,-2.15628,0.45061,-0.3352,0.72991,0.33396,-0.29571,0.67743,-0.29685,-0.49303,-0.45416,1.00992,-2.81553,0.848,0.04092,1.49084,0.6424,0.10836,-0.66296,-0.49426,-0.35769,0.89584,-1.8088,0.5665,-0.00997,0.94636,2.31798,-0.41793,-0.34035,-0.34111,-0.49501,-1.68331,-0.9984,0.88167,-0.34318,-0.8924,-0.4911,0.81207,0.49917,-0.38832,0.26079,0.77704,0.58069,-0.03414,-1.00336,1.01297,2.66002,0.50715,0.34863,1.05134,0.40977,0.63194,-1.96637,-1.90758,1.11572,-0.74277,1.0734,-1.06358,-1.42321,-0.44435,0.41131,1.19317,-0.79953,0.6828,1.2333,-0.8637,-1.31586,-0.24364,-0.71194,0.70251,0.93938,0.30258,1.11701,0.03039,-0.33401,-1.25191,-0.60865,-0.12728,0.14954,0.34242,0.52663,1.70378,0.83245,0.57367,-0.57489,0.66481,0.80429,-2.91015,-1.18057,0.53873,-0.88323,1.25732,-0.79255,-0.98973,-0.19016,-0.00629,1.56751,-0.40766,1.52691,0.42239,0.5381,-0.95829,1.31561,-1.20947,-0.72138,0.47128,2.24601,-1.48164,1.55815,-0.35035,1.02113,0.7527,1.98767,0.65264,1.10891,0.66087,1.11756,0.44023,0.33302,-1.12734,-1.05393,-0.3575,0.78054,-0.36074,0.10479,-0.12311,0.10674,-0.21519,0.27493,0.9101,-0.29063,0.10291,-0.07875,-0.17357,-0.68306,1.05038,-0.58996,-0.44989,0.25902,0.94546,2.29725,0.57029,-0.55719,-0.34712,0.19893,-0.81632,1.06407,-0.20559,0.84237,0.26536,-2.23529,-1.00193,-0.62752,-1.66929,0.15929,-0.9018,-0.9134,0.50706,-0.07827,-1.85451,-1.04393,0.65379,-1.27114,0
-0.69113,-1.4142,2.27102,-1.51888,2.04628,-0.91197,1.20387,0.42953,-0.19627,-0.91069,-1.44102,0.08746,-0.26994,0.78042,0.60981,1.64942,1.85925,-2.38944,-0.13425,-0.66041,-0.76367,-0.24022,0.17453,0.15389,-0.64577,-1.07705,-0.49196,-1.81607,0.21314,-1.59787,-1.35665,0.08511,-1.43075,0.21046,0.91822,2.62772,0.82294,-0.45919,-0.35515,-1.05271,1.20738,-1.87967,3.01457,0.16035,-0.22514,-0.06835,-0.3967,1.60187,-0.46823,-0.04555,-0.84485,1.05523,-0.76058,-0.18188,-1.00549,-1.52191,0.75962,-0.75011,0.37508,-0.18159,0.52092,-0.50571,-0.68117,0.35297,0.10146,-0.56683,1.3023,-1.28785,0.02912,1.67781,0.72403,-0.54505,-0.00062,0.57298,0.83044,-0.98624,-0.43456,0.85603,0.49885,0.06079,-0.56639,-0.97452,0.86462,-0.1861,-0.83551,-0.09607,-0.84297,0.68804,1.08181,0.02635,-0.53616,-1.15437,-0.58799,0.00973,0.89435,0.64237,0.42597,0.0038,-1.07772,-0.01236,0.39702,-1.51275,1.04486,-1.07214,-1.16179,0.29961,-0.42796,-1.17906,-0.65469,-0.89386,0.15197,-0.86188,-0.01765,-0.46531,2.36126,-0.78359,-0.0041,-1.06492,1.0401,-0.37169,0.35929,0.75086,-1.65777,1.11794,0.21105,0.95141,0.73488,-0.44218,0.35802,0.20728,0.05545,2.3707,0.83472,-1.02056,1.26792,1.32349,-1.75027,0.64877,-0.03023,0.12825,0.95198,-0.42803,1.27749,1.02093,-2.39777,0.52471,-1.39891,-1.19288,0.99584,1.518,-0.09042,-2.18374,-0.96407,-0.05006,0.42289,0.85852,0.81767,-0.15576,-0.122,0.75009,-1.73564,-0.67794,-1.12741,-0.02808,0.96013,1.36079,0.54172,0.87121,0.79534,-1.27676,0.91948,-0.31658,-0.69213,1.76827,0.13784,-2.08216,-0.87878,-0.61137,-1.09611,0.31782,0
-1.57857,0.73072,-1.98921,-0.0305,-0.01684,0.81193,2.16253,0.31826,-1.25569,0.73828,2.8266,-0.28444,-0.595,-2.13009,0.13821,0.48302,0.96386,0.39181,-0.76593,-0.1733,-0.8927,0.21605,-0.55201,0.07445,-0.48808,0.91307,-1.07411,1.11625,-1.43468,-0.18239,-1.70102,-0.04967,1.03055,-0.10538,1.55742,0.98308,0.35514,-0.05014,0.24732,-0.11907,-0.01908,-0.07007,-0.59721,1.01797,0.44007,0.19441,-0.02243,0.04892,-0.39506,1.79995,-0.55065,-1.41595,1.01257,-0.14527,0.38323,0.65923,0.86468,1.11051,-0.14948,-1.42694,0.83302,-0.14355,-1.36573,1.56806,-0.46241,1.42739,1.13292,-0.72522,0.67162,-0.66408,0.55456,1.02373,1.26837,-0.73051,2.13763,0.8234,-0.15655,-1.265,-0.78956,0.10357,0.85902,0.01029,1.30125,0.44871,0.14592,-0.71158,-1.59955,-1.00793,-1.29785,-0.80198,-1.33549,-0.86808,0.64843,-0.63345,-0.88797,1.44402,-1.76824,-0.46329,0.51496,-0.81859,1.60401,0.54883,1.28575,0.33081,-0.11685,-1.17672,1.06548,-1.2815,0.56935,0.65845,-1.99226,1.64834,0.35113,1.4276,-2.01742,-0.45302,0.2676,0.18899,0.78588,-0.76989,2.03504,-0.23427,0.64796,-0.68682,-0.33435,-0.96854,-0.83073,0.2061,1.05407,0.74152,-0.73749,0.91482,-0.33924,1.63526,0.84295,1.17367,-1.16588,1.02394,1.88221,1.10554,-0.34176,-0.12634,-0.44274,0.22646,-2.26432,1.79202,-1.79122,0.59763,0.22922,1.60411,-1.70385,-0.65855,-0.13546,0.17221,-0.26684,0.90474,0.18022,-0.69615,-0.21534,0.06828,2.7948,-0.42974,0.6571,0.98194,1.14333,1.2693,0.8754,1.08651,-1.91058,-0.73588,0.46021,-0.14453,1.19878,1.44168,0.53741,-0.6423,0.98737,-0.42896,-2.36574,-0.27926,1
