v001,v002,v003,v004,v005,v006,v007,v008,v009,v010,v011,v012,v013,v014,v015,v016,v017,v018,v019,v020,v021,v022,v023,v024,v025,v026,v027,v028,v029,v030,v031,v032,v033,v034,v035,v036,v037,v038,v039,v040,v041,v042,v043,v044,v045,v046,v047,v048,v049,v050,v051,v052,v053,v054,v055,v056,v057,v058,v059,v060,v061,v062,v063,v064,v065,v066,v067,v068,v069,v070,v071,v072,v073,v074,v075,v076,v077,v078,v079,v080,v081,v082,v083,v084,v085,v086,v087,v088,v089,v090,v091,v092,v093,v094,v095,v096,v097,v098,v099,v100,v101,v102,v103,v104,v105,v106,v107,v108,v109,v110,v111,v112,v113,v114,v115,v116,v117,v118,v119,v120,v121,v122,v123,v124,v125,v126,v127,v128,v129,v130,v131,v132,v133,v134,v135,v136,v137,v138,v139,v140,v141,v142,v143,v144,v145,v146,v147,v148,v149,v150,v151,v152,v153,v154,v155,v156,v157,v158,v159,v160,v161,v162,v163,v164,v165,v166,v167,v168,v169,v170,v171,v172,v173,v174,v175,v176,v177,v178,v179,v180,alvo
-1.22227,1.2587,-0.15207,-0.0354,-0.11593,0.79957,2.62411,1.46077,0.38596,-0.37195,-0.96964,-0.02334,-0.42754,-0.9134,-0.47907,0.78406,1.22193,-0.95585,0.22572,-1.64287,0.95121,0.65334,0.35229,-0.43573,1.8511,-1.13689,1.35363,0.47229,0.94164,1.52428,0.6817,1.4823,0.72884,0.43476,-0.01483,1.00748,0.10055,-1.0923,-0.05402,-0.58011,1.24944,1.1312,1.15929,-1.13464,0.16353,1.03247,-0.57557,-0.53198,1.18076,-0.68096,0.07684,-0.19556,-0.03702,1.39018,1.03469,-0.00293,-1.87413,1.21821,-1.4809,-0.37089,1.31923,-1.36522,1.40473,-0.78804,-1.62673,-0.00372,-0.44579,0.59237,-0.02953,-0.35358,0.29905,0.50764,0.03325,0.61564,0.42502,0.48108,1.6217,0.08932,-0.16541,0.37089,-0.56675,-0.64237,-0.70157,-0.13579,-0.58012,-2.47939,1.36372,-0.6373,-0.70319,-1.13273,-0.16623,-2.02016,-0.91912,-0.38112,-0.61837,-0.0804,-1.20857,-0.41195,0.88838,0.36805,1.72641,1.05365,-0.21735,0.83902,-1.16206,0.23771,-0.00069,0.99828,-0.03042,-0.35989,0.09987,-1.50013,-0.06239,-0.96844,-0.24361,-0.92378,-1.12519,-0.96037,-1.27852,-0.94572,-0.30377,0.41995,1.73833,-0.63939,-1.40636,1.69109,-0.20248,-0.28357,-1.39891,-0.41276,0.29411,0.66705,0.85387,-0.6609,-1.19394,0.0656,-1.12237,-1.07992,-1.15068,-1.19098,-0.27581,-1.91912,0.23834,-0.76456,2.90229,-1.11679,-1.06717,-1.33791,-1.87469,-0.08846,0.56687,-2.37001,0.95027,-2.35454,0.87911,-0.2934,0.30913,-1.67536,0.06527,-1.42064,-1.16569,0.43262,-0.17679,0.78282,1.97903,-0.85807,-0.09279,0.37444,-0.58098,0.62202,1.16022,-0.71976,1.28792,-0.56018,0.53597,-0.49811,-0.03273,-0.63138,-1.8191,0.47949,0
-0.04463,-0.12763,-1.57489,-0.5673,-1.5531,0.92076,0.00429,-1.38382,1.09629,-1.53225,1.28186,0.33799,-0.29435,0.44887,0.94286,-0.78875,0.38328,0.5934,-0.00253,-1.0674,0.26367,0.04228,-0.36722,-0.11919,0.45208,1.24421,-1.00806,0.95699,1.53181,-0.51492,-0.35156,0.48512,0.05044,0.7398,-0.3134,0.96943,-0.30808,-1.00698,0.18863,-1.08765,0.10765,1.48403,-1.58543,0.0212,-0.97565,0.68368,-1.13479,1.01684,0.56459,0.82554,-0.95616,0.00252,1.94799,-0.10167,0.46852,-2.22311,-0.25455,0.92727,0.27435,0.64723,1.06822,0.58284,-2.217,-0.86453,1.1742,0.37067,0.53796,-1.62768,-0.84374,-0.86874,0.02616,-1.00753,-1.35572,-0.34474,-1.91194,1.29649,-1.89946,0.18198,-0.66811,1.05496,0.11777,0.17397,-0.20898,-0.93543,1.19789,0.68405,0.28098,-1.26827,0.53396,1.70635,0.90159,1.46489,0.94572,-0.25535,-0.18535,-1.20569,0.91872,-0.79091,-0.42742,-0.25009,1.12559,0.13709,0.60788,-1.40308,-1.17023,0.66289,-0.87979,-1.27882,-0.23329,0.03842,0.12151,-0.70119,1.28294,-1.86682,-0.51881,0.94163,-0.58918,-0.3755,-1.41176,0.42709,0.99565,-0.10465,0.0969,-0.24981,-0.27001,-0.98139,0.71897,0.67315,-1.18946,1.2633,0.98331,0.10258,0.90948,1.41667,-1.19336,1.30432,-0.25554,0.42541,0.11558,0.06186,0.62035,0.83941,-0.75949,0.35875,-0.62421,-1.32702,0.92206,0.89955,-1.33077,-0.49336,0.94076,-0.35663,-0.35063,0.61966,-1.06947,1.40803,-0.89697,-0.40767,1.10863,0.82899,0.47324,-1.52076,2.32323,-1.18188,0.92225,-1.07632,-0.45358,-1.30162,-1.0539,0.99747,0.73952,0.10318,0.4082,0.30026,-0.43956,-0.3584,0.15639,-1.24957,0.05404,0.54792,0
-1.69889,0.06152,0.1065,-1.318,-1.0989,0.61215,0.03385,0.84863,0.76925,0.37153,0.71093,-0.34274,0.91755,0.09336,1.58204,0.56052,-0.85637,-1.14632,0.77296,0.48019,0.99032,-0.52889,1.0215,0.91594,-0.14468,-0.80345,-0.08724,0.56022,0.25811,0.10171,0.08192,-1.90734,0.5854,-0.6606,-0.46721,0.32744,-1.05464,-0.28833,1.14832,0.25126,-1.45531,-1.16313,0.31909,-1.22906,-0.84466,-0.97912,0.42808,0.29631,-1.19792,0.047,1.01553,-1.08443,-1.05825,-0.29364,0.09649,-1.0093,-0.32825,-1.37295,0.10454,-0.15567,0.06275,-0.5527,0.84289,0.88573,0.33136,-0.15852,0.96495,-1.97703,0.17586,1.75263,-0.57008,1.22903,-0.14889,-0.20602,-1.84773,-0.19405,0.4967,0.9038,-1.17505,1.03024,1.1483,-2.14939,-0.66238,0.75715,-2.00863,0.29895,-1.31236,-0.53469,0.42628,1.48221,0.40765,0.56363,-0.41058,-0.27727,-0.76352,-2.17431,0.43796,0.1955,-0.13786,-1.92215,1.06634,-2.51491,0.35098,0.42494,1.31701,0.93449,-0.83913,1.15225,-1.17611,1.84968,-0.45613,-0.63733,-0.04545,1.44356,-1.17877,0.33758,1.68919,0.23354,2.145,1.20219,1.25627,1.26567,0.0531,0.12157,1.8479,-1.19988,0.6743,-1.38707,0.08503,1.04516,-0.81129,1.0791,1.7147,-0.19696,-0.95626,0.28134,0.31383,-0.62234,2.29117,-0.56607,-1.1673,-0.84566,1.26897,-0.02329,-0.0535,-0.61915,-0.75496,0.15604,-0.5258,0.63619,3.0701,2.40713,0.56543,-0.10364,-0.76559,-0.27058,1.57267,1.1222,0.58758,-0.63588,-0.73736,-0.03721,-0.38049,-0.76187,-0.40241,1.05087,-0.4369,0.19302,-0.9683,1.00917,0.51548,-0.25417,-1.63683,1.95488,0.92355,0.05327,0.18545,1.31625,-2.09842,-1.96709,1
-0.02205,0.37218,-0.82811,-0.47121,0.12426,-0.97267,0.71996,0.99738,0.61816,0.73404,-0.63981,0.02206,1.8678,-0.84221,1.17903,-0.55651,-1.92431,1.83582,-0.86575,-0.25855,0.73611,0.45556,-0.51189,1.01338,0.95738,0.55658,0.46632,1.08334,1.65126,1.09851,0.05101,0.70017,0.69925,1.3601,-0.63832,-1.19572,0.58702,-1.47401,-0.26697,0.45505,0.00493,-2.24477,-0.51398,0.41,0.58268,-0.43634,-0.13125,-0.4842,0.18502,0.52085,-1.70986,1.76476,0.66793,0.19931,0.0667,0.26515,1.21374,0.14689,-0.29933,-0.50063,0.57506,0.35048,0.42762,1.0247,-0.59505,-1.15962,1.38552,-0.25971,-0.43544,0.62811,0.79063,-0.57319,-1.4774,-1.14046,-0.8268,0.61312,0.7764,-1.82347,0.1646,-0.20936,1.27354,0.63687,0.08811,-0.78384,-1.53886,1.26158,-1.30269,1.51031,0.39469,2.10017,1.91122,-1.31178,-0.16404,0.37888,-2.16042,1.85035,0.09095,1.51681,-0.05904,1.44442,1.05957,0.06601,-0.49531,0.35374,0.95316,-0.59285,-0.41316,0.70676,-0.84112,-0.26949,0.83011,0.12327,0.3816,-0.01371,0.63279,-0.91804,0.17408,0.11825,-1.40942,0.89227,1.08162,0.73892,1.54342,-0.28958,-0.89735,-0.76328,0.61561,-0.06138,-0.67414,1.7713,1.41822,-0.71516,0.2269,1.73599,-0.17762,-0.01275,-0.97291,0.64036,-0.0029,-1.30486,-0.82532,-1.57649,-0.2932,0.29405,-0.56341,-0.62881,0.63263,0.6013,-0.01142,-0.8427,-0.99773,0.5091,-0.13886,0.73924,-0.3109,-0.68769,0.28539,0.82355,0.08482,-0.2292,-0.64301,0.17665,-0.04675,-0.98885,1.22583,-0.31963,0.60172,-0.46492,-0.46262,-0.76322,-0.88178,-0.22309,-1.31292,-0.50367,0.18027,1.56977,0.77721,-0.57916,0.02738,0.30485,1
-1.11412,0.32777,-0.38428,-0.48028,0.72384,-0.22347,0.7748,0.1939,1.22599,-0.90146,0.12456,-0.65981,1.05698,0.1592,0.73361,0.33811,0.19465,-0.33178,0.34852,1.14823,2.54015,-0.00767,-1.06128,-0.69917,0.49246,0.29838,-0.49488,0.87557,2.09374,1.15626,1.65093,2.32544,0.11793,-0.23878,-1.31714,0.84872,-0.44983,-1.56293,-1.67798,-0.17105,-0.14185,-0.11384,0.06075,-0.02998,-2.17865,-0.21871,-0.96193,-0.38334,-0.42002,0.63942,0.93127,-0.65603,1.00002,-1.73972,0.32536,0.57929,2.15771,-0.00259,0.99752,-0.87223,-0.31646,0.83785,0.73547,0.38898,-0.14451,-0.14029,-0.22849,2.59873,0.15886,0.89628,0.16663,1.50898,0.34595,1.09166,-1.00938,1.70363,-0.14765,-0.87819,0.61689,1.09137,0.21149,2.29449,0.48996,0.98034,-1.2688,0.83598,0.06136,1.45185,0.2212,0.4828,0.40129,0.95635,0.80822,0.3707,0.34935,-0.9385,-0.03072,-0.17875,0.50202,0.34122,-0.64247,0.75472,-1.27824,0.90608,-2.24594,-0.34073,-0.57243,-0.83674,0.39613,2.36941,-0.36985,0.75453,2.67059,1.33895,1.2482,1.11492,-0.9846,1.12924,0.03559,-0.24627,-0.605,0.03828,0.80609,-0.04372,1.09693,0.71662,-0.44394,1.53159,1.93925,-0.10853,0.51379,-1.45048,-0.21985,-0.80814,0.83371,1.7561,-0.23085,0.84208,1.31904,1.52397,-0.37528,0.25547,1.24006,0.49244,1.28406,1.35479,0.14734,-1.43696,-1.19687,1.00854,0.88988,-1.12509,0.15366,-1.85627,0.1408,0.59251,-1.28385,-0.78904,0.81221,-1.45313,0.88953,-1.68016,-0.40018,0.09747,1.34476,0.23461,-1.47614,1.19409,-1.75924,0.07595,-0.07737,-0.02675,1.98486,-0.28619,1.09655,-2.01435,0.29701,-1.37311,-1.83305,1.81365,0
0.75184,-0.86167,0.37068,1.64073,1.97813,-2.08705,0.17883,-0.11449,-0.49785,-1.73573,-0.44178,0.03781,-0.38509,1.12997,0.74654,-0.73572,-1.2509,-1.15049,-1.87961,-0.141,0.03083,-0.03722,-0.53266,1.31623,0.42291,-1.01926,1.06292,2.20215,0.26805,-0.08075,-1.1883,0.05394,-0.3641,1.57129,0.03769,0.10066,0.29598,1.14112,-0.03034,1.10414,1.17421,-1.33691,0.96654,-0.07039,-0.57371,-0.24793,-1.3899,0.36442,0.73295,-1.81533,-0.82249,0.78942,0.66975,1.22243,0.70988,0.52121,1.50158,0.1498,-0.52893,1.16106,0.44592,-0.01957,0.2877,0.78589,-0.01086,0.89809,-1.83697,0.47098,0.12154,-0.17391,-1.81413,-0.98844,1.07152,0.61279,0.41474,0.76003,1.25209,0.29744,-2.11805,-1.71217,-0.69516,-0.50695,-0.6654,-2.043,1.02849,0.67351,-0.85701,1.77468,0.23058,-0.81566,-1.84357,-0.3317,-0.45839,-0.59409,0.16047,-0.74384,-0.25875,-0.30537,0.04727,-0.3916,-0.80005,-0.38592,-0.56044,1.72045,-0.58095,0.51043,-0.38416,1.46409,0.94546,-0.63951,1.42724,1.12126,1.07002,-1.23962,-0.83736,-1.20854,0.70908,-1.29193,-0.96561,0.76865,0.11057,1.13332,-0.72828,-1.27229,-0.23259,-0.36513,0.4345,0.03998,-0.28769,-0.88488,-1.36944,0.00315,-0.55257,-1.1754,0.03846,0.41192,1.90151,0.8389,1.57026,0.79479,0.31153,0.32075,0.66456,-0.44332,0.36822,-0.46951,0.18463,1.97082,0.76874,-0.60538,-0.93512,-2.41851,0.19575,0.3115,0.01852,-1.4494,-2.17984,-1.12907,3.06391,-0.1204,0.29432,1.50374,0.50716,-0.49621,1.13276,0.99776,-0.55337,0.86234,0.87556,-1.26437,-0.09508,0.1756,-0.72957,-0.86257,2.56719,-1.23732,0.38756,0.85803,0.74276,0.29194,0
0.45729,0.99023,-0.78676,-1.75797,0.45437,0.57723,-0.97237,0.89027,1.06629,1.10848,-0.88814,-0.49832,0.0513,-0.21318,-1.05262,1.34192,0.97827,0.11057,-0.80864,0.39953,0.3407,0.24785,-0.42405,1.22637,-0.12064,0.66549,-0.14612,1.17593,0.05988,2.33984,0.62064,0.92947,-0.28083,-0.46401,0.8562,-0.74227,-0.19626,-1.14325,0.723,0.232,0.21361,-0.78252,0.38311,0.8348,0.21604,1.33989,-1.31966,0.00812,-0.84863,1.18966,0.13158,0.95349,0.50365,0.16248,-0.04426,-1.52886,-1.24507,0.79266,-0.33782,0.58149,-1.0041,-0.51037,-2.54284,2.43525,1.14164,-0.0366,-1.29292,0.62168,0.06339,0.61838,0.79577,0.5092,0.16595,-0.31131,1.90172,-1.24541,1.14653,0.77906,0.39037,-0.2025,-0.43958,0.83139,-0.94349,1.93065,-0.61461,-0.95043,-0.14862,-0.59467,-0.2121,0.06067,-0.37914,-0.24604,0.46654,0.8398,1.04159,-0.26899,0.37528,0.85268,0.68673,2.06715,-1.04071,-0.03593,-0.81823,-1.07207,0.48558,-1.22069,-1.66292,-0.92106,0.24082,0.40509,-0.8182,-0.2342,0.31319,-0.80275,0.32582,0.75419,-0.03387,1.09885,0.32931,-0.23829,0.27599,-1.303,-1.73561,1.06373,-0.95179,-1.38298,-1.27069,0.83221,2.9957,-0.12275,-0.12264,-0.86544,0.09781,-0.57382,0.30357,-0.15542,0.59199,1.81204,0.34156,-0.27027,-0.19623,0.78545,-0.21175,-0.0314,-0.2252,2.38178,-2.08356,0.4394,0.11965,-0.30429,0.87069,-1.27138,2.03729,1.28471,0.98183,-0.48638,0.77434,-1.36154,0.0025,0.58268,0.01371,-1.19331,-0.76924,-0.76512,-1.76255,0.76034,-0.78855,1.72043,-0.0616,-0.49339,-0.9234,0.19405,0.08634,0.58922,-0.49904,-1.76096,-0.2204,-0.58854,-0.23144,-1.65813,0
1.94106,1.16531,-0.65396,1.26978,-0.65931,1.27684,0.01483,0.62435,1.76626,-1.31958,1.36111,-0.41693,0.17831,0.23276,-0.41788,0.84727,-0.88219,-1.70212,0.17946,0.60965,-1.80469,-1.82581,-1.59121,-0.93556,-0.15038,0.75345,-0.16106,2.08466,-0.03735,1.87936,-0.37273,0.10088,-0.56479,0.11268,-0.46891,1.11052,-0.02248,0.94183,1.88731,-0.76221,-0.7344,0.22651,-0.70622,-0.20232,0.0321,2.3191,0.39673,-1.71919,1.11647,0.71362,-0.72526,-1.6391,-0.27769,-1.70903,0.91152,-0.37675,0.41721,-1.57714,-0.12024,0.42393,-0.93059,2.52498,-0.18425,-1.31745,1.41113,0.64361,0.83344,-1.62292,0.47564,1.00451,-0.08175,0.50983,-1.23831,-0.18622,-0.80632,-2.02403,1.43038,-0.65097,-0.02486,0.41785,-1.65403,1.97545,-0.86149,2.5304,-0.76649,-0.51138,-0.46523,-1.35461,-0.35261,0.01657,-1.74147,0.21852,1.72532,-1.0593,-0.49862,1.88162,0.55471,-0.69419,1.26041,-0.40223,1.60888,-0.45817,1.76219,1.69091,-0.40128,0.56519,-0.13341,-0.91229,-0.92221,-0.15172,-0.36712,0.35886,-0.10568,-0.48752,-0.79004,-0.97843,1.45744,0.22073,0.86491,0.22885,1.72416,0.38988,1.22634,1.38804,-0.74973,0.75535,0.43462,-0.70501,0.49506,-0.65318,0.37359,0.60943,-0.43045,0.5338,0.2757,0.38078,-1.47927,0.75544,-0.41045,-0.86541,-0.22005,-0.57939,-0.49384,-1.00544,0.01566,0.34597,-0.42802,0.2741,-0.42849,-1.38922,-0.2456,0.68587,-0.66732,1.44287,0.56576,1.52448,-0.02055,-1.50665,1.12808,-0.53641,-2.009,0.00753,0.93101,0.06572,-1.05984,-0.04338,0.25582,-0.69831,-0.33377,0.2448,-0.04264,0.78488,0.03289,-1.10705,1.52253,-0.37149,-0.27657,-2.14032,1.43392,1.22863,0
-0.30994,0.02385,-1.20158,-1.00167,1.33064,0.24609,0.0205,-1.35161,-0.0916,1.45439,-0.01125,2.19646,-0.49051,0.51936,-1.58166,0.87064,-0.74908,0.23881,-0.84652,-0.45685,-1.10789,-0.68792,1.22534,-0.97909,0.0525,1.13886,1.72961,0.00872,1.56576,-0.04646,0.93517,-1.51941,-0.07697,0.81029,0.4887,-0.36685,-0.28885,-1.51255,-1.25472,0.50056,-0.62447,2.30953,0.58612,-0.22895,-0.71089,0.68227,-0.20733,0.9721,1.40144,-0.62656,-0.71179,0.71388,-0.07542,1.68217,1.37985,2.07167,0.31096,-0.94506,-2.71504,-0.28316,-0.37533,0.57154,-0.7118,-0.11126,0.93163,-1.09351,-0.57447,1.44157,0.00615,-0.70983,1.40779,-0.64483,-0.48842,-2.08638,-0.5795,-0.5502,1.01516,1.21435,0.68223,0.60353,0.76897,-0.5486,0.22846,-0.47411,1.53226,-1.13857,-1.11328,-1.83601,-0.40551,-0.85469,-0.46793,1.49761,-1.09598,0.06007,1.1148,-1.22016,-0.72455,-0.96411,0.08702,-0.55504,0.59727,-1.57376,-2.04031,0.27311,1.63547,0.47813,-0.61025,0.17209,-0.16451,-1.54185,0.1348,1.00828,0.51099,-1.35962,-0.23527,-0.64462,-0.28811,0.82051,-0.13991,0.30663,0.74286,-1.62138,2.00986,0.53836,-0.64899,1.2953,0.1568,0.98897,-0.2274,1.38715,-0.72378,0.61598,1.55754,0.13848,-1.10957,-0.04064,-0.30059,2.29164,-1.19754,0.79921,0.99414,-0.20204,-1.27987,0.24257,-0.19302,-0.56109,0.18535,-1.36266,0.34745,-1.18504,0.89637,0.6453,0.34961,-0.25044,1.8107,-1.02805,-2.32955,0.34339,0.22625,-2.16115,-1.63737,-0.52163,0.1072,0.09203,-1.66943,0.69138,-1.87369,-0.61383,0.41477,0.89081,-1.41495,-0.95436,1.16174,-0.00204,-1.59973,0.76107,-2.10108,-0.2359,0.36467,-0.45717,0
-0.37348,1.041,-0.99133,0.6318,-1.77945,-1.22907,-0.51972,1.89742,1.85871,1.6674,1.07904,1.23349,0.9236,-1.64111,-0.56141,0.63001,-0.72238,-0.44808,1.52895,0.38724,-1.4098,0.76725,-0.01013,-0.99349,0.02631,-0.14595,0.4016,2.3483,-0.2935,0.56241,-1.29898,0.72416,-0.81513,1.00762,-2.10595,-0.38562,-0.99713,-0.45277,0.1934,-1.25015,-1.44499,-0.29429,-0.70857,0.37341,0.62481,0.9862,0.92154,-0.45564,-0.49673,0.05139,-1.10187,-0.75926,-2.46258,-1.02248,-1.1744,0.35461,0.2909,-1.02945,-0.16352,-1.31613,-0.00249,-0.19089,-1.07814,-0.67171,-0.36827,-0.46147,1.71172,-0.67798,0.58035,0.45216,-0.02212,0.19569,0.14768,1.18861,-0.40784,1.2857,-0.4013,0.51177,-0.26068,-0.76779,-1.58104,1.78363,0.54056,1.69922,0.55529,-0.86277,1.38575,0.23505,1.22085,1.63907,0.37483,-0.47811,-1.68899,-0.15293,0.61181,-0.10781,0.1277,-0.26713,0.00356,1.23007,0.33132,0.18634,1.24106,-1.15225,-0.35253,-1.05262,-0.85992,-0.32761,0.21931,0.09155,0.10088,0.25418,0.73038,-0.16224,-1.51524,-0.01822,0.33712,-0.78601,-0.16029,0.53533,-1.1581,0.65634,-0.49873,1.33847,-1.10685,0.2944,0.37779,-1.48232,-1.25683,1.52535,0.76288,-0.0324,-1.43337,0.06674,1.26988,-0.03937,1.29728,-0.50579,1.36,0.87785,-0.15887,-0.17209,-0.4688,1.61137,-1.96739,-0.9784,-0.69733,0.87436,-1.16155,-0.20942,0.58306,-2.00967,2.20876,1.28475,-0.17641,0.38444,0.84968,1.40367,-1.8463,-0.62182,-1.73552,0.14936,-1.38453,-0.8862,-0.34644,-1.46549,-0.66402,0.38965,0.70605,-0.61894,-2.00914,0.89863,0.8859,-0.05939,-0.91522,0.0925,-0.27386,0.45285,1.60676,-0.71385,1
1.14295,-0.99534,0.16554,0.99993,1.61671,0.98454,-0.30955,-0.41504,-0.32605,-1.08282,-1.64859,1.42504,1.60779,-0.75319,0.4074,0.67337,0.38163,1.09064,-0.47625,0.53171,-0.2217,1.20375,1.68508,-1.83794,0.52363,1.25313,-0.27204,-0.64962,-0.47038,-0.66994,-1.32939,-0.36198,-1.24661,0.03729,0.17805,-1.16552,1.66655,1.14209,0.17486,-1.04901,0.19148,-0.2631,0.34064,-0.61365,-1.54909,-1.59282,0.41178,-1.50139,-0.50817,0.89337,-1.23101,-1.11216,-0.02752,0.54837,1.99316,-1.42823,-0.14621,0.51144,0.55594,0.43507,-0.55267,-2.07727,-0.43353,1.08322,-0.40845,0.29903,-0.77995,-1.55755,0.14251,0.27047,-0.30592,1.33619,0.29645,-0.05756,1.84674,0.60432,1.03242,-0.15206,-0.26054,1.01546,0.37122,0.16518,-1.02814,0.02965,0.3413,-1.02781,1.97053,0.17086,1.2601,0.41207,1.69671,-0.8665,-0.36086,0.76996,0.62134,-0.45462,1.46723,-1.00447,-0.61505,-1.93548,-0.73929,-0.42997,0.81633,0.22667,1.1446,0.71785,1.00487,-1.90993,-0.24477,-0.79744,0.64728,0.497,-0.37637,-1.20262,-0.96842,1.32571,0.03798,-0.90624,-0.67729,-0.00775,2.22431,0.74659,-0.26885,-0.75152,0.50153,-0.3453,-0.79079,-0.11656,2.22646,1.73458,0.53472,1.2853,1.82608,0.65875,-0.66581,-0.09059,0.34875,0.60732,0.17338,-0.70756,-0.43001,-0.191,0.50424,0.98067,-0.33209,0.14382,-1.39847,1.03846,0.60759,0.05941,0.40113,1.76624,1.22087,0.03621,-0.3982,-0.31186,0.91202,0.7793,0.22317,-0.29459,1.37566,-2.27374,0.52078,-1.05216,0.05095,-1.96099,1.23866,1.60972,0.43782,0.61147,1.55642,0.28205,-0.96287,0.19197,0.94151,-1.65178,-0.40748,-0.33417,-0.00609,-1.02789,0
0.13303,0.63222,-0.39168,-1.16391,1.68108,-1.04829,-1.04274,1.54751,-0.29908,-0.48436,1.2896,-0.96804,1.30211,-2.21628,-1.49629,0.46217,-0.18015,-0.35568,0.95624,-0.53094,-0.42742,0.06333,-0.9823,-1.35283,-1.55907,1.20735,-0.5031,-0.73013,-1.43715,1.0673,0.3276,0.83882,0.38939,0.30947,0.19878,-0.07803,-0.49422,0.44742,-0.33547,-0.01177,-0.30239,-1.97346,-0.2397,0.32299,-0.03414,1.0445,1.28397,-0.27159,2.01862,0.95002,0.15565,-1.65234,-1.59237,-0.18658,-1.80605,1.80473,-0.68698,0.56027,1.60528,1.58096,2.04006,1.53375,-2.5885,-1.58922,0.85246,-0.32275,0.74662,-0.83781,-0.60819,0.33827,-0.61318,-1.44614,-0.05417,0.10502,0.21687,-1.38181,0.30567,0.36889,1.53048,0.14325,-0.64272,0.34649,1.36312,1.53015,-0.49951,0.78024,-0.78986,1.33682,2.41044,-0.22097,-1.16022,2.34197,0.73314,0.51025,-0.00333,-0.51101,-0.22426,-0.23719,-0.58841,-0.40934,0.59368,-0.07693,0.59791,-0.35857,-1.03538,-0.90969,-0.03935,0.19332,0.13297,-0.18885,0.9618,2.28518,1.591,0.06218,-1.02586,0.2096,1.02123,0.89313,-0.66322,0.94988,-1.32264,0.92474,-0.55168,0.46653,-0.45434,1.97348,0.02372,0.81706,-0.55044,-0.49805,-0.97602,-0.04687,-0.85971,0.3821,0.5736,-1.1933,-0.0289,1.08403,0.00186,1.24574,0.2859,1.32446,-0.44114,-0.62406,0.48608,0.1033,0.95641,0.42702,0.52859,-0.2313,-1.31465,0.28474,0.12998,1.49345,-1.76331,-0.39988,-0.00037,-0.07617,-0.03705,-0.23034,-0.44193,-0.8195,1.37984,2.73137,-0.87761,-0.17159,0.11626,0.75696,0.82073,-0.73019,-0.17626,0.20682,-1.99258,0.47801,-1.92718,1.7613,-0.74392,-1.03298,-1.6278,-3.08919,1
-0.23025,1.45216,1.55246,-0.15118,-0.28801,0.22117,-1.30726,-0.5226,0.70353,-0.22175,-0.83338,-1.01265,0.92514,0.23981,-0.7984,-0.82638,0.01586,-0.2721,-0.19402,-0.83364,0.80413,0.81399,1.2021,-0.64823,0.99663,0.931,-0.6711,-0.35089,1.61703,-2.04275,-0.61487,-2.2911,0.72921,-0.29759,-1.48852,1.43573,-0.15163,2.6614,-0.64029,1.49063,-0.71492,0.78906,-0.83385,1.65013,-0.5249,-1.17115,-0.18313,0.30416,0.45847,-0.61951,-1.12374,-1.01156,-2.09047,1.37593,0.66766,-0.16024,1.03055,-0.25443,-0.81063,0.82849,1.60502,-0.47939,-0.17516,-1.46534,0.16382,-0.16018,-1.04253,-0.71069,-0.83848,-0.17336,0.62234,0.59558,1.04263,0.08873,0.92387,1.3056,0.78603,0.53405,-0.22233,-1.38475,0.21692,-0.51325,-0.41171,0.08776,-0.86779,-0.86232,-0.45733,1.46648,-0.15142,0.95222,1.19286,0.62246,0.66338,0.85172,-0.16589,-0.69096,1.93438,-0.38515,0.86106,1.68072,-0.75238,1.76713,-0.54185,0.63739,-0.57607,1.61754,0.11746,-1.88992,1.52825,0.68977,1.71468,0.47302,0.24154,0.1396,0.15625,1.9245,-0.53806,2.44058,0.94888,-0.43145,-2.99004,-0.10669,-0.91136,-1.25535,-0.2292,1.43492,-0.15175,0.23281,0.44812,-0.12376,-0.34418,-1.12192,-0.99287,1.86292,0.26618,-0.20289,-0.4681,-0.28553,-0.79967,-0.18561,0.22884,-0.07731,-0.91189,-0.30161,-0.76224,1.03375,1.62532,1.97395,0.84476,0.66479,0.15519,-1.82779,0.75312,-0.51376,-2.6105,2.01442,0.22761,-0.01612,-0.20499,-2.02893,-2.18688,2.0279,0.47428,1.45309,0.92893,0.48876,-0.28168,-0.1508,-2.54661,-0.49874,-0.93065,2.42695,1.48899,-0.90552,1.42361,0.28601,-1.56163,-0.69024,0.34368,1.46834,0
0.03176,-1.26629,0.67609,-0.37484,0.65542,-0.4263,-1.34983,-0.21882,-2.37284,1.60021,-0.02528,-0.10516,1.5965,0.98968,0.27648,0.07222,0.589,1.72847,-0.13501,0.81401,-1.05096,0.45387,-1.17488,-1.13248,0.07987,-0.78305,-1.0286,-1.71715,0.44741,-0.29963,-0.40832,-0.29905,0.52718,-0.54059,0.41474,-1.45221,0.49537,1.51681,0.24814,0.46992,0.12499,0.88462,-0.56615,-3.60854,1.67372,-1.03204,0.33549,0.03738,1.97619,-0.029,0.22535,-0.54365,1.39307,-0.00275,0.07795,-0.72237,0.73182,-0.0539,0.72133,-0.55315,-0.56392,-0.06878,0.76444,-0.17648,0.10648,-0.90929,0.42813,0.38714,-1.22389,-0.49842,-0.16031,-0.41635,-1.88313,0.56815,0.37526,-0.49096,-1.09548,0.10927,-0.18108,-0.2633,-0.22851,-0.00753,-1.40452,-1.20484,0.12872,-0.77429,0.39124,-0.68977,-1.42672,0.55658,-0.32177,-0.9366,-0.97204,-0.18692,0.5317,0.73256,-0.22194,-0.78919,1.06094,-1.36872,-0.66414,0.6161,0.75899,-0.02077,-0.05353,-0.47769,-1.37686,-1.162,-1.05818,0.20696,-0.50706,0.78755,0.09845,-0.0883,0.87138,-0.33209,0.48967,0.01051,-0.77921,1.11216,0.30673,-0.40246,1.57408,-0.45435,0.51834,1.71807,0.85001,1.43378,0.50042,1.01227,-0.5817,-0.05402,0.5688,-0.83354,-0.6147,-0.58228,-1.16884,1.90842,-0.85063,0.07772,2.77051,0.10301,0.11235,-0.51743,1.02671,-1.89086,0.46714,0.78354,0.20817,0.54524,0.6353,0.39457,-0.6857,0.65029,-1.57373,0.16417,-0.17353,0.11244,-0.29259,-1.83901,0.17725,1.80845,-0.7068,-0.20564,-1.08005,0.14479,0.57993,0.04267,0.79543,-0.41468,1.18876,-0.45246,0.1132,-0.7936,0.99502,-1.19686,0.50502,-0.76767,0.22299,0.2304,0
0.86186,-0.2166,-0.18292,-0.16446,-0.14923,0.50837,-0.91642,-0.86505,0.87909,-0.70329,1.85209,-0.17599,-1.02333,0.82673,1.33045,-0.02086,0.16943,0.29032,-0.64455,2.21094,-0.05897,-0.70712,0.08616,0.94038,-0.21545,1.34574,-0.49592,1.33207,-1.82567,0.53945,1.08268,1.28464,1.14752,1.92294,-0.429,-0.95538,1.5872,-2.46076,-1.44073,0.13044,0.50923,-2.37454,0.91459,-0.0366,1.04959,-0.64863,-0.90647,-0.26507,1.50446,0.38558,-1.50133,2.26864,-0.7883,0.60467,1.50249,0.28835,-1.16249,-1.01866,-0.75809,0.35013,-1.59044,0.69148,0.42242,-0.44196,-1.9173,0.4914,-3.01122,0.36647,0.87303,0.19116,-0.36439,0.52185,0.58151,-0.62888,0.28546,-0.6178,0.94235,-0.36639,-0.47956,0.7891,-0.06213,0.45143,0.26789,3.19124,0.50612,1.42508,0.80255,1.58819,0.76499,-0.9023,-0.92719,2.15897,1.32547,1.09648,0.20829,-1.10579,-1.63994,1.21728,-2.75074,0.02461,-0.19328,0.799,-0.46341,0.34645,-0.85007,0.43467,-0.10543,-0.29334,1.05787,0.09949,0.27416,-0.40823,-0.11722,1.2683,0.30614,0.65514,0.5949,0.01406,-0.68527,0.15561,0.03352,0.92219,-0.28847,0.32257,0.58369,0.9986,-0.16796,0.34075,-0.36536,-0.89689,-0.274,-1.16125,0.53568,-0.22034,0.88345,-0.10506,-0.60793,0.12409,0.04486,-0.55635,1.94818,-0.09344,0.9576,-0.71884,-0.59421,-0.72414,0.24403,0.83196,-0.57133,0.36237,1.21021,-1.65825,0.58471,-0.18429,-0.6401,0.50458,1.24718,-0.35345,-1.15088,-1.46269,-0.25886,-1.00023,0.33365,0.97353,1.12144,1.06668,-0.07885,-1.64888,0.92871,0.1556,1.44618,-0.55336,0.84106,-0.64887,0.28739,-1.43667,-0.00443,0.04333,1.25019,-1.00571,1
0.01509,0.02231,-2.33176,-1.79299,-0.18176,2.69635,1.73808,-2.30773,0.15476,-0.43069,0.6809,-0.73453,-0.32469,1.28333,1.17799,-0.73283,-0.73128,0.39661,0.06628,-0.16446,-1.04826,-1.13825,1.2963,-1.90433,1.02708,0.92074,0.76284,-0.07192,-0.83579,-1.20992,-0.33374,0.96035,-0.40518,-0.77346,0.76571,-1.53341,1.13662,-0.64509,0.99091,-0.11383,-0.0025,0.52394,-1.36427,0.77156,0.39219,-1.37113,2.17545,0.31388,-0.3043,1.05282,0.42869,0.64571,0.74609,0.30211,1.94252,0.35918,-0.55382,0.35036,0.82295,0.9272,0.2132,-0.69322,-1.15885,-0.47356,1.16072,0.9792,1.3461,-0.35648,0.52102,0.72197,-0.19072,0.53007,-0.79305,1.13877,-1.25141,0.83225,1.34168,-0.4903,-1.28505,-1.24949,-0.15362,0.69178,1.61111,-0.48319,0.09621,0.5562,-0.10959,-0.98117,0.96509,-0.63406,0.96322,0.91248,0.40537,0.02333,1.29167,1.93008,0.72952,-0.05704,-1.12567,1.19437,0.06701,-0.14498,1.02644,-0.42268,-1.40548,-0.6713,1.17564,0.76885,2.04284,-0.25355,-0.83496,-0.00803,-0.60574,-0.09402,0.0371,0.05912,0.24788,0.7545,-1.71732,0.57896,1.11118,-0.597,0.17171,-1.79395,0.38831,0.33239,-0.47112,-0.03031,1.15179,0.40471,-0.33269,-1.03537,0.62451,-0.20289,-0.32367,0.50529,0.67437,-0.90805,-1.57345,-0.79129,-0.53719,0.10532,1.18679,0.19498,-1.75684,0.12634,0.1977,-1.59489,-1.69241,1.80737,0.99466,-1.43991,0.04433,-0.46469,-0.72098,0.79575,0.08181,1.40525,-0.25647,-1.35361,1.05049,0.9277,-1.3296,1.34827,-0.26951,0.14853,0.75255,0.01093,-1.32025,0.24005,-2.07266,0.00701,-0.59823,0.69566,1.22039,0.57529,-0.60464,-0.30807,-0.74763,0.22233,1
-1.83368,-0.09827,0.39151,0.39025,0.74285,0.1383,-0.29439,-0.842,-0.42071,-2.33371,-0.5936,-0.41212,-1.10393,0.49034,2.1573,-0.98653,-1.38685,0.40731,0.34255,0.34403,-0.59313,0.8415,0.81517,0.01889,1.11885,0.01146,0.1628,-0.40416,0.67223,-0.07292,-1.87885,-1.02805,1.44086,-0.7974,0.06333,-1.05844,0.79126,-0.07523,-2.86145,0.92903,0.46162,-0.22121,0.52019,0.4373,-0.21657,-0.29882,0.3711,1.43912,1.02898,-0.06086,0.74823,1.03119,-0.84094,-0.62873,-2.84236,-0.74967,0.44381,0.0752,0.28492,-0.137,0.41881,-0.38049,-1.89642,0.66591,1.89666,-0.52568,-0.86462,-0.10124,0.14383,-0.91052,-0.62281,0.97721,0.26335,0.50687,1.36014,0.069,0.68048,1.07288,-0.21041,-0.12386,-0.58108,1.51864,-2.12254,-0.11827,-0.35613,0.45705,-0.62333,0.77125,0.2088,-1.50106,1.90036,0.3535,-1.73426,1.08406,-0.44766,-1.16813,-0.0374,2.22359,-1.17088,-1.05793,-0.20741,0.33682,1.96051,0.07191,0.34916,-0.21804,0.05826,-0.95417,-1.16695,-1.57839,0.35111,-1.02096,0.89388,-0.89514,0.49323,-0.01106,0.2585,0.16823,1.18913,-0.13133,-0.84816,0.67208,0.03834,-1.09937,-0.84756,1.19292,-0.01984,0.76236,1.16245,-0.0939,1.68724,0.61273,-1.34582,-0.45041,-1.52402,-0.44735,-0.76808,1.34688,-0.23332,1.56884,-0.02295,-0.77168,-0.59083,-0.7218,0.30176,0.77538,-1.32071,-0.38069,1.18337,0.03016,-0.97661,0.68707,0.56748,0.77969,0.16895,0.4852,0.76797,-0.42674,0.89319,-1.2994,0.17741,-0.22535,-0.12384,0.66216,-0.08796,-0.85507,1.88379,1.06662,1.02407,-0.27494,0.47156,-0.72066,1.2801,-0.53001,0.8742,0.82782,-2.23725,1.63083,-0.08262,-0.65259,0
-1.35061,-0.10819,-1.02648,-1.40604,-0.82401,-0.2421,0.98862,-0.08379,-0.59132,0.05824,0.44401,0.41074,1.26259,-0.05252,1.54433,-0.62448,0.50295,-0.49298,-0.78894,-2.26505,1.54705,-1.38459,-1.03523,-0.95325,0.01486,0.20707,0.38002,0.46377,0.11486,-1.55359,0.50478,-1.14954,0.78802,0.49966,-0.94991,-0.68116,1.03449,-0.45912,-0.44916,-0.7249,-0.63707,0.63556,0.16997,0.06068,1.61882,-0.14533,-0.08919,-0.97314,-0.7055,-0.63363,0.96038,0.158,0.65602,1.83357,1.45029,0.19932,0.86957,0.89721,-0.05483,-0.2875,0.28633,-0.01172,-0.9503,0.53497,2.07177,2.67804,-0.9277,0.75198,-1.1838,-1.96013,-1.24351,1.20677,0.58964,0.18976,1.93021,-0.42057,-0.85118,0.16378,0.40682,0.52492,-1.43488,1.5819,0.56133,-0.53477,-1.52663,-0.81804,0.06973,-1.0093,-2.4784,0.48548,-1.34481,-0.3032,-0.01283,0.93064,-1.08959,-0.96606,-0.06164,0.50796,1.42294,-0.14613,2.42273,-1.86151,-1.56996,-1.47167,-1.0884,0.86998,-1.2264,1.80732,1.01308,0.0999,1.60057,0.4912,-0.28583,-1.64914,0.85219,-2.16784,-0.83883,1.13515,2.9531,-1.97185,-1.48998,-0.80214,0.13523,0.2381,-0.4535,0.24948,-1.72345,-0.43197,0.93345,-0.28921,1.94919,-2.85395,0.63418,-0.69254,1.77062,0.26354,-0.78797,-0.11554,0.17248,-0.1368,-0.91558,0.97705,0.99257,-1.13272,0.5727,0.93694,0.02013,-0.44503,0.0082,-1.03905,-0.76813,1.62459,-1.59022,0.65402,2.33568,-0.5931,-0.5254,0.46921,-0.54822,0.08603,-0.36208,0.3354,0.70805,0.07224,-2.30775,2.00202,-0.48406,-0.43464,1.59384,0.28192,0.45846,-0.45555,0.06321,1.68676,2.08,1.76332,1.7759,1.55708,-1.02942,-0.3523,0
-0.40533,1.36599,-0.78004,-2.12879,0.63336,-0.15222,-1.28488,-0.66508,-1.08122,-0.61204,0.93318,-0.0779,-0.02965,2.56922,-0.87013,1.13911,-0.62197,1.06362,-0.07967,1.24361,0.80175,-0.04864,-0.39821,0.96763,-1.74769,-0.0399,-0.18125,-0.49566,0.91514,0.75229,-0.75728,0.12822,-0.01017,-0.79272,1.99836,-1.47145,-0.87487,1.74838,-2.19371,0.04771,-0.77743,-0.8491,-0.30062,0.5706,0.29599,0.67728,-0.54335,1.56389,0.87946,-0.38465,0.16976,2.23251,-0.45581,1.52103,0.34177,0.67198,-1.24592,0.18297,1.25657,0.13135,-1.34582,1.38659,-0.60826,-1.12801,1.30445,1.05161,-0.31539,-0.42778,-0.83505,-1.97344,-0.39374,-1.21191,-0.10585,0.4042,2.16048,0.60628,0.60223,-0.15322,1.11713,-0.50748,0.92556,0.15391,-0.82208,-1.16948,-0.03306,-0.83715,-0.47507,1.13417,0.03956,0.98136,-2.27179,-0.77259,-0.79819,-0.64286,0.3303,-0.03518,0.87892,-1.58794,-0.90405,0.5893,-0.61271,0.10406,0.39428,0.58816,0.72555,0.67455,0.63122,-1.69196,0.4943,0.20516,-0.0789,0.51516,0.3601,0.55862,-0.90988,-0.16097,0.40421,0.50856,-0.98808,0.52742,0.87326,0.85319,0.14833,0.26985,-0.58528,0.38154,1.46191,1.05625,-0.88049,0.208,-2.15562,0.68447,0.6062,-1.49377,-1.39973,0.96513,0.54053,-0.06987,0.15212,0.71768,0.55322,-1.32948,-0.30842,1.93666,1.60163,0.76622,-0.09511,-0.41908,1.03385,-0.38444,-0.4738,-1.27566,-1.07041,0.33854,-0.20028,0.1429,0.33494,0.16068,0.69464,0.10797,0.75591,-0.75638,0.00692,0.80637,-1.36676,-0.13295,-0.03293,0.33121,0.48824,0.84679,-0.75653,-0.65859,-0.57132,-0.01344,-0.32051,-0.78946,-0.66117,0.17668,0.08411,-0.41138,0
-0.28394,0.11672,-0.04232,0.05376,-0.26295,-0.76924,0.93127,-0.04955,0.96877,1.06969,0.00223,-1.8584,-0.06442,1.90195,-0.3395,0.94893,1.9656,1.531,0.21083,-0.27601,0.16815,0.16175,0.93197,0.78393,-0.37477,-0.52739,0.15761,-0.81282,0.54873,0.24147,1.64917,1.02432,1.52741,0.08412,0.57553,1.11944,1.56159,-0.14531,-0.58993,-0.21668,-0.17747,1.08948,-2.39556,1.40465,1.29253,-0.38068,-0.24067,-0.13646,0.58626,-0.6242,0.84029,1.70202,-0.51695,-1.83859,-1.29552,0.4872,-2.39057,-0.41194,-0.21982,0.26889,0.03366,-1.20027,-0.0754,0.97351,-0.14016,0.37873,0.14281,1.31924,-0.63415,0.78582,-1.51836,0.62556,1.21048,-0.21989,-1.16292,-0.72218,-1.16895,-0.77953,1.8933,-1.82778,0.00156,0.18729,-0.12854,0.01348,1.00804,1.25655,-0.28129,-0.83099,0.06989,0.12717,-0.91435,0.65857,-0.71778,-0.19081,1.54587,0.27205,-0.80033,0.74249,0.08479,0.18341,-1.22008,0.31568,-0.42803,0.63395,1.94029,-1.21054,1.37459,1.34738,0.56899,1.62863,-0.9888,-0.9277,-1.32048,0.01106,-0.42459,0.88068,0.07551,-1.46158,-0.00568,0.02873,0.79404,-0.47472,-0.4122,1.20292,1.70528,-2.63157,-1.25983,0.27318,1.75198,-0.16924,-1.64413,-0.65194,1.75052,0.45227,0.58633,0.06189,-0.18697,0.34085,-1.50757,1.41764,0.27935,-1.4195,0.78305,-0.52494,-0.46167,-1.05504,-0.14867,0.6317,-0.41498,-0.39831,-0.81928,-1.48388,0.42519,-0.57148,0.68002,-0.5311,-1.71603,-0.69434,-0.18898,-0.44376,-0.41346,0.73607,-0.69807,0.43795,0.29618,-2.18115,0.00261,0.31146,-0.70976,-1.71577,0.44383,-1.51303,-0.745,-0.41865,1.01273,-0.57256,-0.06275,-0.71072,0.37038,-1.08981,1
2.836,-0.13245,-0.83523,0.00976,-0.58578,-1.56869,0.15756,-0.30898,-0.23643,-0.36844,-0.31582,-0.09111,1.80764,0.87408,-0.27867,1.90087,1.53234,-0.11741,-0.28196,-0.14744,-1.40446,0.74135,0.20894,1.23683,-2.62534,-0.43215,0.37879,0.04524,1.54979,0.27379,2.58277,0.78077,-0.81379,0.36678,-0.21561,-0.1042,0.03681,0.10265,1.91604,0.6094,-1.39826,-0.91476,0.2802,-0.27878,0.3459,0.48966,0.60544,-1.59397,1.2929,0.77987,-3.00289,0.5218,-1.82111,0.28881,-0.82825,-1.74862,1.24817,0.31725,1.26633,-0.70299,-0.94379,0.11205,-0.45118,0.4095,1.59653,-0.78065,0.48537,-0.73408,0.99279,0.8405,-1.9246,-1.12358,0.95252,-1.25433,-0.50486,-0.28778,-0.15574,-0.98662,0.73237,-0.14778,-0.00042,0.01813,-1.54902,-1.01499,-0.39034,-0.18215,0.964,0.13451,-0.42957,0.0777,-0.66567,-0.67297,0.0572,-2.19369,1.24872,-1.46221,1.93061,1.98155,-0.96696,0.3766,-0.20609,0.87183,-2.52604,0.8567,0.57901,-0.46638,-1.08264,-0.43444,0.36726,1.38311,0.15553,0.43714,-0.60296,-0.71921,1.40238,1.50468,-1.51115,-0.40157,-1.10852,1.29546,-0.20214,-0.91836,0.61525,2.18,0.25019,1.39814,0.90463,0.50957,-0.17874,-1.42533,-0.79643,0.13422,0.15281,-0.66587,2.39617,0.0054,-0.3935,-0.14301,0.2131,-1.73098,0.64424,-0.96553,1.2934,0.64918,-0.48182,0.06951,-0.41937,-1.40683,0.41905,0.54444,1.80009,-1.16557,3.61287,0.88885,-0.80976,-1.00833,-0.87403,0.04271,0.15186,0.70623,-0.91073,-0.24427,0.46608,-0.38905,-0.44281,0.28934,2.09377,0.26715,-0.77399,-0.41601,-3.70361,0.18853,-0.98295,0.8736,-1.25755,1.02203,-0.76635,0.75818,-0.44431,-0.61654,0
-0.65752,-2.86445,-0.15847,0.87132,0.26237,-0.264,0.50529,-0.76472,-1.0085,1.40731,0.76684,0.21251,0.68214,-0.76132,0.36693,0.63085,1.55413,-0.50214,1.13705,2.78801,0.35013,-0.29258,0.38359,-1.13688,0.86914,-0.16215,0.75034,-0.88526,-2.15577,0.73959,0.49594,0.99996,0.02293,0.07895,-0.86569,-0.7986,-0.90793,-0.03414,-0.1904,0.09233,1.50604,0.78283,-0.6874,-2.0491,-0.12804,-0.28465,0.5738,0.16188,0.51408,-0.68614,1.22824,-1.22917,-0.91377,0.59872,-0.11424,1.13049,3.61085,-0.44584,0.52493,-1.17607,0.25821,-0.74336,-1.01509,-0.48179,-0.52669,0.01853,0.49519,1.05254,1.38389,-1.24237,-0.56612,-2.60147,0.30224,-0.24237,2.172,0.47876,-1.34499,-0.90698,2.02948,-0.60269,2.24332,-1.1612,-0.30749,-0.50931,0.5599,-0.05627,0.81842,0.79238,-0.17419,0.48729,-1.27535,0.5309,1.30389,1.3048,1.50271,1.07602,-1.62312,-0.61351,-2.09573,0.45857,0.28119,0.71584,-2.01155,0.19446,-1.77176,0.65789,1.42083,-0.99928,-0.85945,0.03145,1.4984,-1.35586,0.07433,1.50603,-0.30862,1.06874,-0.74956,-0.59781,0.90772,-0.6211,0.03558,-0.15821,0.89553,-0.12945,-0.0869,1.32681,1.81217,2.29578,-0.11003,-1.24292,-0.61395,1.5385,-1.12566,0.04827,0.35255,0.76231,0.91666,-0.96884,-0.41979,-0.25147,0.06477,-0.00493,1.1139,0.4176,1.08177,1.76499,-1.01468,0.94889,-0.36066,-0.3201,0.09743,-0.32903,-1.68679,-1.05804,-0.45248,-0.79245,-0.1257,1.09325,1.71673,-0.06191,0.51093,-0.66951,-0.16695,0.55899,-0.57846,-0.84758,-0.94795,0.29528,0.42928,0.57513,-0.15803,-1.53607,-0.31447,2.721,-0.89875,0.35004,-0.20678,0.10242,0.75986,-0.67377,0
-0.78026,0.57411,0.82421,-1.69171,-1.25213,-0.75027,0.45084,0.9017,0.59909,0.06448,0.02427,0.05044,0.76735,-0.55689,-0.07304,-0.60003,1.47679,-1.19475,-0.38406,-0.72325,-0.30412,1.73169,0.48166,0.9109,0.62356,0.56556,1.5792,-1.91748,-2.18786,-0.06124,-0.7157,0.03218,0.88791,-1.08957,-0.53547,0.11461,-1.48341,-0.84249,-0.05142,0.1788,-0.43503,-0.23695,-0.68809,-0.58316,2.16285,-0.86782,0.99722,-0.83306,2.63653,-0.35337,0.65775,-0.80765,-2.01586,-0.48412,2.56216,1.04831,1.08093,1.78737,-0.42033,-0.17289,0.77617,-1.23028,0.03863,-0.21189,-0.54284,-1.35517,-0.94237,0.65949,0.14315,-1.32756,0.77852,0.60584,0.32687,1.10346,0.61799,-0.54224,-0.46761,1.00265,-2.15186,0.28128,-1.24448,0.00081,-1.01552,-0.3052,-0.88112,1.30887,-0.61247,1.40698,1.26647,-2.19319,-0.01065,-0.5896,0.0071,0.53258,-0.60361,0.35765,1.14271,-0.82596,1.15981,0.85898,-0.05339,0.18016,-1.11548,-0.14861,0.33256,1.07429,-0.38443,-0.7659,-0.32076,-0.96203,0.75468,-1.56846,-0.29577,-0.10657,0.03145,-0.61866,0.35412,-0.13183,-1.6595,0.32063,0.5259,1.39988,-0.3014,0.09378,2.79059,-0.02721,-0.32878,0.42641,0.97672,0.43586,-0.09774,0.67926,0.64329,0.86857,1.61173,0.1494,-0.83984,0.04843,0.51953,0.11885,-0.0393,-0.05224,-0.36686,0.14838,0.31961,-0.40512,-0.41482,-0.33981,-0.1569,-1.21235,1.7259,-0.15065,0.59514,-1.49725,-0.16595,-0.59346,-0.31386,2.42673,1.29761,-0.01741,-0.987,-0.25381,1.00687,1.34156,-0.24127,1.44446,-2.14078,0.57431,0.17534,0.77169,0.68475,0.31761,0.62597,0.21701,-0.30498,-0.57419,3.21417,-0.44376,-0.20466,1.63222,0
1.31301,1.3722,-0.16108,-2.3035,-0.6098,0.83668,-0.70295,0.47023,-0.18468,0.1896,0.85731,-0.41916,-1.18904,-0.24193,0.72409,-1.73181,-1.04391,2.96374,0.30931,-0.27083,-0.08089,0.47803,1.31633,0.09463,-1.63904,-0.14077,0.95099,-0.99713,-1.90956,-0.42647,0.44253,-0.94853,0.9361,-1.85696,-1.23303,-0.14411,-0.73248,-0.71849,-0.84991,1.55179,0.00982,-0.2761,-0.33218,-2.07375,1.72451,0.22435,-1.72041,0.6072,-0.71854,0.24024,0.90749,1.10922,1.32881,0.73759,-0.39978,0.75347,-0.24457,-0.18768,-0.63396,-0.3735,-0.51863,-1.43502,-0.01621,0.20068,-0.61301,1.60424,0.59684,-0.79243,-0.56816,-0.30948,0.4163,-2.03527,-1.23927,0.65839,0.22855,-0.17827,-0.51903,-0.39774,-0.65669,-0.00717,-1.46648,-0.6484,-0.25724,-2.08453,0.03835,-1.11675,1.1575,0.4247,-0.76296,-0.26577,0.30586,-1.91099,-0.40308,1.28445,1.32902,-0.98549,-0.31713,0.37778,-0.67325,-0.71107,0.13243,0.05469,-0.38167,-1.15222,-2.38893,-0.2537,-0.49428,0.19815,0.98216,0.02716,1.07668,-0.32309,-0.02868,-1.67268,0.27871,-1.34694,-0.35614,2.15975,-0.32726,-1.35617,-1.24382,1.15369,-1.16955,-0.30008,-0.17306,1.63256,1.09879,-1.57731,1.57526,-1.06517,1.4688,0.81887,-1.45983,-0.61057,0.44135,1.83459,-0.47518,-1.43772,-1.26098,-0.80253,0.46325,-0.86081,-0.83036,1.07849,-0.87109,-0.35045,-0.55673,-1.14618,0.97774,-0.79494,0.73717,-0.21487,0.99496,-0.10896,0.63774,-0.33116,0.1748,0.10772,0.11938,0.54614,0.40815,-0.21522,-0.04325,-1.74675,1.17383,0.67318,-2.12365,-2.12949,-0.94822,-0.6323,-0.88182,-0.58096,-0.22446,0.48335,1.25627,1.18987,0.05283,-0.87973,-2.43586,1.47618,1
0.52332,0.93965,-0.15021,-0.96678,-0.01815,0.20536,-1.16788,0.6034,-0.203,-1.25964,0.73584,1.38734,0.2559,1.85187,-1.49212,-0.82423,1.40766,-0.87542,0.09205,-0.80146,-0.10742,0.03258,1.31527,-1.56908,2.34331,-0.75091,0.5066,0.05022,-0.72701,-0.55913,-0.64652,-0.56807,-0.84364,-0.20469,-2.13843,-0.6302,0.13531,0.53343,-1.06208,-0.60364,-0.28965,-0.25435,0.54872,-0.31527,1.63285,-0.76975,-0.51702,-0.42646,0.06539,-0.82714,-0.26104,1.12004,-0.64924,0.72057,0.51727,-0.49907,-0.77768,-0.76322,-2.04302,-0.43683,-1.05808,-0.86248,-1.21126,0.03784,0.63622,-1.77792,1.40837,0.01553,0.06695,0.57386,0.8424,0.59022,-0.07476,-1.62753,1.63902,1.26494,0.21872,-0.18485,0.8075,-0.01474,-0.42466,-1.32675,1.69578,-0.07948,0.78442,-0.30289,1.26385,-0.20374,-2.41324,-0.37259,-2.26912,0.48494,-1.0372,0.61522,-1.06943,-0.05086,0.99472,0.26524,-0.56464,0.26926,0.42834,-0.44993,0.11471,0.01103,-0.07922,1.16694,0.12906,-1.36174,-0.44595,1.55785,1.92236,1.2201,-0.62404,-0.6705,-0.62384,0.42566,1.35485,-1.1337,-0.89529,-0.14272,0.12346,-0.58374,0.25708,0.41568,-1.57129,-0.79324,-0.88259,0.16609,-0.82627,-0.73175,-1.98143,-0.9678,0.39096,1.60002,1.54983,0.13577,-0.30296,0.41921,1.98175,1.05028,-0.52086,-0.86245,-1.48474,0.02964,-0.69644,0.54513,2.28975,-1.3927,-0.36695,0.91509,-0.00965,1.12012,1.47083,-0.36859,1.09918,-2.25599,0.71495,0.27333,1.4911,0.75013,0.94016,0.56425,0.50864,0.9177,0.12887,0.52669,-0.16223,-0.97633,-0.25485,-0.47104,1.1878,0.38353,1.08238,0.54962,-1.40219,1.39992,0.157,-1.35884,1.04961,0.23196,1
0.26289,0.35722,-1.10087,0.77967,1.24494,0.41904,-0.05198,0.53905,1.48621,-1.52632,1.13341,0.58871,1.25482,-1.06894,0.49254,-1.08828,1.27635,1.68078,-1.03697,-0.8665,0.95257,-0.02701,-0.55141,1.78299,-0.78746,1.10503,0.03576,-0.4045,0.29072,0.87812,-0.58483,2.16976,0.96782,-0.12266,1.43554,-1.55729,0.01636,-0.23715,-0.62188,-0.76692,1.88694,-0.28282,0.94058,-0.87483,0.1752,0.59384,-0.04,2.33085,0.40043,0.60968,1.04092,-1.43431,-0.72483,1.18161,0.53974,1.00577,-0.41337,-1.29988,0.91623,2.3291,1.00353,0.94978,0.4518,1.31943,0.54221,0.47601,-1.02281,0.94214,-0.23165,-0.21336,0.27204,0.76928,-1.68964,0.3929,-0.98173,-0.0906,-0.35271,0.4746,0.37581,-0.75597,1.36666,0.24471,-0.93655,0.56187,0.56109,0.13282,1.17357,-0.74458,-0.14264,1.4448,-0.36143,0.9723,0.27579,0.80059,1.35849,-0.32081,-1.46675,-1.08459,0.39399,-0.26289,-1.20148,-0.746,1.52199,0.35321,-0.90451,-0.3571,0.49801,-1.45976,-2.07136,-1.44168,0.36649,2.39926,-1.08251,-0.58151,-0.3782,0.31224,-0.01762,0.15282,-1.17687,0.95612,1.58665,-0.94419,0.50896,-0.04976,0.58118,0.66636,0.7388,-0.33171,0.00019,-0.67652,1.09216,-0.96012,-0.537,-0.02095,1.16901,-1.46193,0.26063,-1.60799,0.35161,-0.02453,-2.48033,-0.71623,1.33564,0.19072,-0.08443,1.43857,-0.75874,1.29144,0.53291,0.5946,1.35148,-0.60708,-1.68002,-1.31625,0.79845,-1.20568,0.3341,-1.94445,-2.14654,0.67432,0.39989,-0.83927,0.62083,0.71113,1.61062,-0.31667,0.97209,2.13688,0.64152,0.37395,0.26541,0.27302,0.1345,-0.47881,-1.5394,-0.56729,-0.024,-0.96767,-1.04447,-0.72775,1
-1.58928,1.262,-1.97045,0.89666,-1.26427,1.78027,0.21705,0.44444,-0.15996,0.82226,-2.09229,0.26366,0.48692,-0.02804,1.40344,0.71089,-1.02496,-0.82616,2.01633,0.88627,-0.61888,0.11737,1.90559,-2.09773,0.22844,-0.25876,-1.09717,1.21321,-0.95309,-0.928,-0.20074,0.09645,1.96753,-0.36994,0.38003,2.15016,0.20801,-0.87415,-2.38705,-0.55092,-1.34351,-0.2568,0.75281,1.01258,-1.22287,-0.4146,0.57395,1.03726,-1.31941,-1.05445,-0.17598,0.91777,0.5341,0.24295,0.73095,-1.24144,0.98309,-0.55132,-0.40474,-2.76418,-0.67849,0.79844,-0.71564,0.0071,-1.22506,-0.36771,0.30666,1.77209,-1.31806,1.34017,-0.50488,-0.34752,0.14468,-0.3818,0.96475,0.816,2.29187,-0.16686,0.27746,-1.62451,0.87068,-0.66945,1.86002,-0.35066,-2.06548,-0.89884,0.18013,-0.67986,-0.69983,-1.08657,0.31373,1.55056,-1.18409,0.24664,0.90545,-0.51238,-1.1225,0.53394,-1.10809,0.70217,-1.43436,-0.55247,-1.278,-1.57033,0.12177,0.42026,-0.74003,-0.14901,-0.23819,-0.98282,-0.75234,0.64012,1.61761,0.55397,0.99426,-0.57055,-0.44931,0.99883,0.55416,-0.18569,-0.95508,1.29102,1.28815,2.22244,-0.56434,1.68748,0.686,-0.21833,0.78112,0.36808,-0.08822,0.33846,0.17899,-0.50423,0.19177,1.47431,0.7893,-0.11915,-2.72747,0.18078,0.47665,-0.02033,-1.89673,-0.11036,1.48417,0.32576,-0.11526,0.27397,0.71745,-0.7611,-0.52509,0.58023,0.94678,-1.54338,-1.19304,-0.04294,-0.19921,1.00272,1.55287,-1.71272,0.04069,-0.428,0.0892,0.30595,0.75412,0.76985,0.61954,-0.7598,-1.49313,1.61702,1.09672,-1.32113,-0.39026,0.61673,-2.07772,-0.28579,-0.77906,-0.05729,-1.34181,0.43599,1
0.17435,-0.98854,0.12721,3.31118,-0.80731,0.35912,-2.01883,-1.13602,-0.5241,0.33434,-0.39633,0.4956,-0.73864,-0.39335,-0.97635,0.49299,-0.0352,1.28744,1.31892,-0.10599,1.70192,-0.21639,1.03392,-0.07431,0.09117,1.16592,0.59858,-0.57748,-0.34581,0.05674,0.6234,-1.41899,1.45881,0.6722,-1.78962,0.14812,1.13541,1.61298,-1.31448,0.22434,0.14015,0.23076,0.57198,-1.46621,1.76299,-1.29303,0.05754,0.63345,-1.28128,-0.08087,-1.56588,-0.9737,0.21973,-1.39984,-0.5415,-0.05098,0.49035,-0.50765,-0.19692,-0.09185,-0.27942,1.23095,1.32522,1.14013,0.20313,0.68883,-0.64336,-0.74957,-1.32662,-0.52491,0.93863,-0.2064,0.00776,0.71745,-0.05891,1.05044,-0.66433,-0.38771,1.19089,0.57594,0.33831,1.39195,0.26959,-0.41758,-1.84433,0.6762,1.08029,0.79371,-0.34678,-0.23541,-0.69939,0.43469,-0.31253,-1.54584,0.44965,0.79317,-0.86423,-0.19279,1.22821,-1.19795,1.29456,1.27779,-0.40749,1.03424,-0.33805,-0.65402,-0.0849,1.07666,-1.40315,-0.58809,0.62216,-0.45279,-0.35638,-0.64104,0.42007,0.66521,0.22997,0.74779,-0.0716,-0.92524,1.5248,0.66459,1.33301,0.25807,0.64633,0.11628,-1.6332,1.1796,-0.3234,-1.42227,-0.98948,0.23634,0.60436,-0.87385,-1.05168,0.90565,-1.29512,-0.38123,-1.11057,-1.03398,-0.84398,-0.08035,-1.74491,-0.30631,-0.44069,-2.22419,0.59849,-0.14434,0.12566,-0.75016,1.27948,-0.94154,-0.60883,0.71133,1.57542,1.06667,-0.69954,0.74755,0.01534,-1.82495,-0.29828,1.53334,0.2784,-1.15338,-0.16237,-0.65836,0.72291,1.29966,-0.55035,0.10119,-0.61889,-1.5441,0.33923,-0.4732,-1.16531,0.23667,-0.4489,-1.16016,-1.35349,0.23963,0
-0.63064,-0.03007,0.30342,-0.59197,-0.15075,-0.63923,0.79346,0.75108,-1.2257,-1.32952,-1.43055,0.87652,0.01472,1.20495,0.83611,0.54576,-0.51049,-0.8059,1.10351,0.71584,-0.90625,-0.27411,0.3789,1.19633,-0.16145,0.62695,1.01668,-0.37797,-0.19622,-0.02051,1.91011,1.39218,0.11027,0.70518,1.14787,0.60384,-0.11368,-0.36041,2.09002,-1.08099,0.28272,0.68229,0.6516,-0.10057,-0.72388,-2.59529,-1.5601,0.93544,-0.07081,2.62933,-0.44766,-0.67227,0.03887,0.80553,0.4351,1.8481,0.45988,0.20786,-0.99032,0.10416,-0.72357,1.31881,0.20884,0.71651,-0.91093,-1.68497,-0.88966,-0.18682,1.18334,-1.05071,-0.65947,1.31365,0.21257,-0.4429,0.46858,-1.65216,0.94672,-0.09237,-1.47198,-1.29407,1.32829,-0.34243,0.85814,0.08536,-0.56243,-1.0942,2.08543,-0.29169,0.95748,-0.51043,0.31314,-2.07101,0.18671,-0.52021,0.49195,-1.49433,1.86324,-0.75834,-1.25777,0.18369,-0.44796,0.30303,-0.97908,0.96927,-1.50466,0.45449,-0.98367,1.30018,0.1728,-0.23995,-0.13422,0.1353,0.11655,-0.99105,0.24066,-0.56337,-0.13161,0.39386,-1.63639,-1.31168,-0.43756,0.91933,0.10677,1.68066,0.30719,-0.68122,-0.13578,-0.33353,0.65575,0.04531,0.3145,-0.81432,0.47191,-0.10679,0.12844,0.05901,-0.52711,-0.02323,-0.24039,-0.12465,-0.81892,-0.35138,3.09839,-0.0396,1.37068,-0.26538,-0.71857,-0.97404,-1.01483,0.99088,1.28399,-0.76038,-2.04888,-0.04914,-1.47648,1.80375,1.58807,-1.3436,-0.24792,-0.91942,-0.86467,0.82234,-1.34223,1.31779,0.51903,0.60764,-2.66277,-0.53897,1.57522,0.38576,1.44906,-0.29836,0.38475,0.34528,-1.53492,1.08827,-0.1191,-0.6426,0.07705,-0.61031,0
-0.06797,0.94807,-0.40604,-0.92036,0.98663,-0.87029,-2.16852,1.29329,-0.03712,0.24327,0.26141,1.22653,0.63577,-0.79486,-0.05798,0.62166,0.40154,1.03179,0.61723,0.06099,-0.53272,0.17027,-0.61546,-0.57197,0.61179,0.25782,-1.41776,-0.60525,-0.53011,0.41611,0.49297,1.15136,0.77574,-1.96484,0.59248,0.41663,-2.58395,0.60857,-0.51146,-0.04744,-1.24186,-0.32476,0.53142,0.42646,-0.23996,-0.25327,-0.25363,1.41921,-0.0176,-0.18604,-0.06185,0.44078,-1.11076,-0.18268,1.42261,0.59838,0.63365,-0.05983,0.31834,-1.21142,1.46375,-0.48748,0.95942,0.3008,-0.66723,0.13201,0.52768,-0.49861,-0.42224,-1.60886,0.5579,0.15427,-0.44598,-0.51129,0.39987,-1.12485,-0.13127,0.01903,-0.41987,-0.74971,1.08325,-1.21063,-0.56764,0.53825,0.78864,0.60321,0.34539,-1.40119,0.6732,-1.21693,-0.33816,0.30081,1.04327,0.17303,-0.6932,0.11023,-1.58041,0.08613,0.0652,0.46731,-0.04326,-2.16117,0.43439,-0.0033,0.43293,1.78305,-0.13394,-0.6402,-0.58476,1.05931,0.67926,1.00197,-0.15668,0.09611,-0.1735,-0.35666,-0.377,-0.09573,-1.12433,-0.3883,-0.50017,1.33039,0.34115,0.20057,-1.26592,0.84339,0.45346,-1.10688,-1.46464,-0.41013,0.8012,1.64104,-0.6111,-0.90462,1.03759,0.21905,-0.36533,1.65357,-0.81823,0.76351,-2.61649,1.08895,0.85193,-0.70595,-1.83182,-0.14402,0.09415,-0.61072,-2.0572,0.233,-0.51153,0.70241,-0.54667,-0.83027,-0.07542,0.74497,0.01479,-0.65194,1.74872,0.28421,-1.22589,-1.1369,-0.11344,1.17233,0.13042,-0.62478,-0.90517,1.40146,1.18838,0.91363,0.56895,1.41924,1.61107,0.65984,-0.21318,0.94261,-1.46298,-0.76889,-1.53279,1.77047,1
0.68105,-0.23747,2.34215,-1.26812,-2.25015,0.18721,0.84087,1.68936,0.42505,1.74141,0.38833,-0.75303,-0.72759,0.27499,-0.03253,-1.98564,-0.59323,0.00051,-0.76803,-1.25834,-0.26105,0.24882,-0.85566,0.59252,-0.94227,0.58766,0.01881,2.41317,1.71116,0.13663,-0.40201,0.49894,0.77939,-0.71888,0.37208,0.72836,-0.36763,1.96991,-0.64544,0.92642,0.2973,0.64991,0.20409,1.92165,-0.46188,0.76767,-1.10405,1.29259,-0.57928,0.16662,1.69353,-1.2118,-0.45961,0.35606,-0.32224,0.36168,0.01903,-0.54865,0.29129,-0.18608,-0.23225,1.91497,2.42025,0.05474,-1.68812,1.98449,1.69271,-0.23577,-0.19762,1.60421,-1.74182,1.96987,1.15643,-0.32593,-1.00357,0.00515,-0.58122,-0.00986,0.32065,-0.81644,-0.92638,-0.79116,-0.17928,-0.60523,-0.48517,-0.35607,-0.57114,0.22274,-0.14942,-1.24002,-1.19398,1.48213,0.3694,0.56444,-0.8661,0.56027,-0.16134,-0.18183,-0.22312,0.25406,0.91266,-1.40911,-0.97963,-0.32178,1.1046,0.25254,1.17242,1.04029,1.39824,0.0583,0.02621,-0.97418,-0.40742,0.5974,-0.23056,0.79438,0.59821,-0.47811,0.67829,-0.26972,-0.23949,-0.60941,-1.8463,0.09974,-0.14357,1.03582,1.52986,1.26987,1.07487,-0.19951,1.62572,0.27025,-0.43571,-1.17311,-0.16031,-1.86218,1.23507,0.26993,-0.57428,-0.87737,-1.52525,0.38684,0.39594,0.39942,-0.1272,0.53523,-0.26873,1.78137,-0.08688,-0.81461,-1.27113,-0.68442,-1.14277,-0.89975,1.66265,0.68634,-0.72093,0.14007,-0.81897,-0.29526,0.06514,-0.25339,1.55169,-1.1687,0.28738,-0.74426,0.29861,0.11888,-1.69358,0.64188,2.40448,0.0225,-0.39845,-0.28807,-1.23653,-1.45836,0.29914,2.50131,-0.20443,-1.09148,1
1.17247,1.83589,-0.27304,-0.78965,1.05141,0.07788,-0.49167,0.00101,2.38462,-0.21022,-0.59491,-0.92161,-0.74075,-0.56207,-0.89893,1.89631,1.31898,0.03063,0.50448,-0.8005,-0.06648,0.52327,-0.38966,-0.46501,-0.84554,1.1401,-0.41903,-0.45182,-0.70326,-1.37503,-0.40191,-1.45368,0.06746,0.46287,1.58658,-0.64788,-1.31317,0.08845,0.39017,-0.36671,0.032,1.84389,-0.67288,0.11737,-0.46428,-0.77039,0.36834,-0.72157,-0.27409,0.49841,-0.77221,-0.06987,0.76248,-0.21562,0.94039,0.31994,0.43655,0.15695,0.33812,-1.77796,1.83768,0.33594,-0.00405,-1.67412,-0.20971,0.58327,1.38883,-1.3428,-1.09215,-2.15138,0.62143,1.91329,0.30988,0.02002,1.53669,-0.78047,-1.06849,-0.60218,0.53487,-1.65711,-2.2527,-0.03306,0.57597,-0.44989,-0.60813,-0.39335,-0.41155,-2.15161,-0.19746,0.21288,1.04206,0.30658,-0.2228,-0.35179,-1.77911,-0.09432,-0.00849,-1.17602,0.05447,0.32116,-0.48353,-1.40547,-0.48801,-0.61482,0.19019,0.16127,0.44234,0.5933,-0.54687,0.6511,-0.28524,0.41702,0.0658,-1.78478,-0.7494,-2.14891,0.24821,-0.93548,-0.81999,0.66784,0.60014,-1.62758,1.24532,2.13243,-0.84119,1.15961,0.24163,-0.99543,-1.38921,1.14171,0.55943,0.64941,-0.11062,2.53492,1.24115,-1.49993,0.96954,-1.6357,1.43476,-0.80307,0.06115,0.49095,-0.59944,-1.21356,-1.11311,-0.59247,-0.45954,-0.31402,-0.12657,0.38008,1.73754,-0.0242,-0.54964,-2.44779,1.00534,1.91987,1.21738,0.46292,0.93054,0.21499,0.45517,-0.30771,1.64425,-0.58135,1.09842,-1.07051,1.23094,-0.26815,-0.38852,-0.1551,0.44946,0.60382,-0.8386,0.39388,1.06802,0.62027,0.17467,-0.34979,-1.87913,0.53026,0
-1.25192,0.79318,1.28714,-0.99892,-1.0033,1.14424,1.80804,-1.50423,1.83414,-0.36693,-0.78617,0.81969,0.61895,-1.7817,0.60536,0.52135,0.86134,0.08137,-0.48757,0.39039,0.43588,-2.59707,0.24111,-0.18517,-0.65106,-0.90895,0.7273,-0.05652,0.47085,1.12635,0.18188,-0.19191,1.28465,-0.30095,0.25741,-0.61292,-0.88283,-1.03794,-0.1036,0.16675,-0.86956,0.74735,0.51956,-0.17229,1.72328,0.27156,0.71391,0.67947,1.56564,1.43757,-0.42398,0.1423,0.69975,0.92016,1.26257,0.88839,-0.82274,-0.01308,0.08738,-0.62029,-1.36535,1.08905,0.01922,-1.18303,1.36703,-0.96128,-0.9147,-0.35746,0.35282,-0.05304,1.26008,0.5668,-0.51018,-1.08586,-0.48867,1.41979,-0.23729,-0.38251,0.24699,0.39305,0.95532,0.16803,2.95706,-0.68809,-0.33074,-0.52441,0.90703,1.33019,-0.62015,0.09397,0.54177,0.958,0.92773,0.35911,0.75021,-0.16648,0.35853,0.61724,0.22704,0.92443,-0.06625,0.18238,2.10604,-0.54317,0.82213,-0.66219,0.67575,-1.7566,0.50138,2.48615,1.19068,1.19947,-0.36914,0.3533,0.30238,-0.36303,-0.90783,1.67761,0.27782,0.69115,-0.05677,-0.01519,-1.44618,-1.05655,-1.00782,-0.36294,0.92327,0.28064,0.52344,1.08514,-0.43088,-0.78984,1.14782,-1.34921,-0.20885,0.47522,0.52611,0.86762,0.93473,0.21062,0.60992,-0.36975,-0.42745,0.76905,1.73006,-0.45797,1.29266,-0.80245,0.81061,0.7728,0.21528,0.0451,-1.33738,1.48059,-0.41273,1.95718,1.21843,0.30099,-0.79993,-1.22588,0.31977,-0.69979,-1.12791,0.04108,0.45489,0.70783,0.0264,-0.76281,0.38408,0.02318,-1.40129,-0.3459,-0.71516,-0.19543,-0.49181,1.49897,1.21066,-0.57318,1.39426,-0.19378,0
0.53242,-0.37974,-0.20597,0.8911,0.33241,0.0061,-0.65953,0.92262,-0.58015,-1.02461,0.3935,-0.64498,-0.35186,-0.43221,-0.21308,-0.02012,-2.92991,-2.88955,-1.24647,-0.66662,-0.93083,-0.37881,-1.44283,0.47724,-0.45754,-0.07259,-1.88345,-0.70992,-0.59257,-0.7727,1.99779,0.82529,0.11218,0.90428,-0.09396,0.01166,0.3739,-1.33573,-0.62529,0.7235,-1.29243,1.69238,1.11579,1.68269,0.66274,-0.67827,-0.60486,0.32757,1.60946,-0.98582,-0.13376,0.02317,-0.01064,0.51107,0.13918,-0.43492,2.36618,-1.44022,0.62741,-2.62056,0.08407,-0.38694,0.01247,1.21925,0.33402,-1.28288,0.33774,-0.61363,-0.90442,0.30823,-0.8837,0.87112,-1.26878,0.84275,-0.49683,0.34343,0.37044,0.34914,-0.81194,0.85667,-0.40651,-0.39441,1.35763,0.30431,-0.74333,-0.10692,0.30327,0.73161,0.90666,-1.23437,-0.25603,-0.41704,-0.14058,0.868,0.4637,-0.75865,1.48494,-0.87817,-0.20899,-0.20249,-1.5878,0.05593,-0.49619,1.56133,-0.91117,-0.30071,0.20021,0.08364,0.28258,-1.15565,0.86383,-0.2119,1.90244,0.66363,0.10819,-0.42256,0.31989,0.21352,0.1817,-0.51844,0.56517,-1.11769,-1.04216,-0.5121,1.18583,-0.96376,1.47181,-0.13106,-0.1329,-1.22164,1.13597,-0.08256,-1.60303,-1.24608,2.61082,0.4311,0.57036,-0.75875,-1.48117,0.57314,-0.77898,-1.38217,0.47606,0.36302,1.32865,-0.7287,0.95944,0.44957,0.93328,0.36458,1.307,1.64132,-0.48884,1.27053,0.53786,0.77701,0.22184,2.92888,0.82659,0.72218,-1.57012,0.23426,-0.93092,-2.124,1.0807,-0.38888,0.16846,0.56656,-0.2356,-1.1311,2.21695,-0.54366,-0.36957,1.16942,-0.71629,0.61439,-0.64514,-0.27672,0.51998,-1.30843,0
0.39152,-0.72312,-0.23385,0.51977,0.55178,-0.13908,0.07302,0.90056,-0.65451,0.37297,-0.00025,1.58664,-0.13779,1.28653,0.442,0.2903,0.68103,-0.68742,-2.29012,-0.64876,0.28408,-0.71509,-0.05184,1.64583,-1.42834,-2.0526,0.12863,-0.27358,0.17867,-0.68501,-1.32341,-0.10284,-0.15233,-0.87377,-0.35791,-0.47384,0.43372,1.13013,0.51329,0.01911,-1.00259,-0.25774,0.54272,0.33325,2.01756,0.63795,-0.52198,2.09096,0.43144,-0.57558,0.53549,-1.4565,-0.59058,0.62973,1.69043,0.1769,-0.71588,0.44118,-0.20367,1.33063,-0.42394,-0.30971,0.0966,1.25606,-0.48714,0.24776,-0.20269,-1.04267,-0.53972,-0.80865,-0.40115,0.90523,0.29809,0.30516,0.34945,1.03922,-1.07637,-0.03902,0.08633,-0.36294,-1.60092,-0.95748,-1.46556,0.01058,0.07406,-0.12495,-0.25852,1.35903,-1.61396,0.49767,0.18793,-0.69986,0.13503,0.80377,-0.60518,1.33401,0.81231,-0.54165,0.25501,0.04602,-0.15399,0.66641,-0.49939,1.46756,-2.36772,1.45417,0.30513,1.18691,-0.63755,-1.47662,-0.68519,-0.87908,2.45035,0.30906,1.15953,0.83129,0.15729,-1.6267,-0.32242,1.38297,0.51766,0.12081,-0.45231,0.56648,-0.62988,1.05607,0.19534,0.59019,1.74942,-0.82619,0.05036,-1.46477,-1.08367,0.84754,1.79132,0.36354,0.08463,-0.76506,-0.72134,0.88892,-1.55403,-0.74488,-0.60409,1.44092,-0.78414,-0.13865,-0.74016,0.32137,0.03309,1.3217,-1.00425,0.14913,-0.74352,0.1935,1.07983,0.22313,1.54294,-1.59162,1.9986,0.81931,1.21367,-0.44472,0.30018,0.92761,0.5821,-0.072,1.32669,1.79258,-2.09785,-1.53749,0.25043,-1.03817,-0.13886,-0.29161,-2.18112,-0.08713,-1.01829,-0.80145,-0.39262,-0.75738,0
0.05094,0.23289,0.18013,-0.84241,0.52952,-0.61177,-1.34962,-0.69153,0.32809,0.22888,-0.39473,0.38891,-1.92729,-1.68868,1.10415,0.50194,-0.03487,-1.76422,-0.88114,1.55678,-1.87034,1.77148,0.07226,-0.25228,0.45054,0.04302,-0.5878,0.60802,-1.42512,-0.68423,-0.70227,0.43477,0.28205,0.89678,-1.70187,0.10283,-0.16194,-3.01727,-0.69568,-1.37965,1.00305,1.04038,1.19332,0.15665,-1.88302,-0.41631,-0.58967,0.06368,-0.55797,-0.46266,0.30046,-0.40729,-1.27441,0.60911,0.74665,0.69042,0.97017,-0.0091,1.17707,-2.217,-1.95673,0.40233,-1.88431,1.66874,0.84619,-1.5127,2.96663,1.44103,1.04078,0.4047,-0.40603,-0.5784,-1.28662,-1.07706,1.55199,-1.02423,-1.23416,0.02867,-0.92205,0.72472,0.52472,1.18605,0.45851,1.20354,-0.54103,-0.07294,-1.13131,1.8317,1.34345,-0.2412,1.07307,2.88715,1.29312,1.32009,0.14146,0.72317,0.43021,-0.30525,0.33787,0.78097,-0.18498,1.30212,0.48418,-2.39644,-0.0264,0.83781,-0.83079,-0.00111,-0.47424,0.07206,-0.33949,-0.21803,-0.11262,0.14955,0.47878,-0.37844,-1.11338,-1.07597,0.4063,0.88521,-0.38068,-0.55489,-0.00417,-0.16556,-0.60243,-1.60692,0.98877,-1.27935,-0.42924,-0.30602,0.63887,0.8062,-0.36831,-0.01276,-0.67686,-0.04479,-1.51983,0.57426,0.60601,0.38082,0.30683,-0.70185,-0.61441,0.13162,0.46893,-1.37717,-0.2798,1.48286,-1.87749,0.59909,0.15176,0.71005,-0.02272,-1.81121,1.20917,1.22445,-1.27633,0.44944,-0.71919,0.31937,0.20118,-0.68461,0.70936,0.20195,0.20396,1.92852,-0.35204,1.15682,1.25283,-0.4117,-1.68612,-0.64604,1.53457,0.14992,1.55565,-1.01088,-0.97594,-0.86524,0.39309,1.39859,1
-0.22294,-1.47873,-0.06681,-0.1258,-1.59176,-0.98571,0.38338,-1.14372,-0.44569,-0.88032,-0.621,0.17425,-0.29291,1.46206,-1.57543,-1.35798,0.14557,0.25465,-0.71496,-0.08258,-0.55782,0.6033,-0.94189,-0.16064,-0.23473,-0.39176,0.53093,-0.27979,0.24541,-0.80257,-0.73405,-0.17048,-0.58025,1.76531,1.22429,-0.48749,1.73725,1.15925,-0.05681,-1.68059,-1.17701,0.14894,0.77441,0.12067,-0.87772,-0.47867,0.55621,-0.24556,-1.19689,-1.1814,-1.80429,0.20312,0.61,0.91761,2.40482,1.0525,-0.36665,-0.56128,0.56718,-0.6835,0.69515,0.71532,1.62091,-1.19887,-0.57206,-0.70811,-1.20705,-0.62548,-0.19971,0.64947,-0.69667,-0.75993,0.09585,0.55435,-3.08025,1.46659,1.0526,-0.82633,-1.09299,-0.32315,-0.82175,0.32764,0.27943,0.3521,0.64362,0.33769,0.99904,0.18808,0.37498,-0.13129,-0.92751,0.90008,1.17363,-0.41809,0.52306,0.19843,1.36916,-0.92083,-0.39569,0.13762,1.06236,2.2028,-0.009,0.94338,0.90738,0.18885,0.03875,0.49753,0.27535,-0.80657,1.2135,1.12151,1.48594,-0.65809,0.47729,-0.00133,-2.6768,0.47261,-0.22399,-1.04238,-0.40291,-0.75966,-0.78447,-1.99473,-0.22347,-0.02859,1.08998,0.4695,-0.3552,-0.03421,-1.75515,-0.16693,-0.31905,-0.35629,-2.17502,-1.46714,0.12407,0.97135,-1.10542,1.72587,-0.6849,0.04687,0.94951,1.67944,-0.83015,-1.08131,-0.83985,0.10052,-1.00113,2.50445,1.57857,-0.07257,-0.74647,-0.53921,0.17288,-1.71257,-1.26175,0.95199,-0.51308,-0.96276,-0.01,-0.82467,-0.76499,0.64347,-1.80198,2.14788,0.45308,-0.07177,-0.83334,-2.24917,0.56151,-0.18987,-1.82979,-0.89962,0.98908,1.26941,-0.47103,-0.42742,-0.10311,0.87887,1
-1.17213,0.80084,-0.05603,1.08008,0.30476,-0.4144,-0.48906,-0.78093,0.21967,0.34352,-0.29625,-0.36195,-1.03268,0.00018,-0.13582,0.94628,0.48442,1.88878,-0.57705,-2.43271,0.43479,0.56336,0.16657,0.6099,0.05066,-0.58615,0.50369,0.73272,-0.26742,1.01793,0.78587,-1.40492,-0.2231,0.40795,-0.0859,1.3601,-1.14742,0.0233,-0.15421,0.21471,-0.07718,0.39438,-0.48196,-1.23764,-0.26588,-2.02071,0.46869,-0.33342,-0.62408,-1.12206,0.57643,-1.70622,-0.1255,0.4035,0.06766,-0.0556,-1.05459,0.36443,-1.19861,-0.23184,0.09444,-1.00558,0.2825,-0.38847,-0.77658,-0.33023,0.80721,0.03882,1.12572,0.26883,1.65612,-0.57774,1.10255,-0.31618,-0.85713,-0.01985,-0.16282,-0.80231,-2.85332,1.4713,-0.11698,0.25525,-0.29597,0.86024,0.61601,-0.19122,-0.05241,1.15728,-1.14572,-0.84838,2.01166,0.50172,1.44104,0.29643,-1.56818,-0.87413,1.35702,0.73233,0.41054,-1.52377,-1.89321,1.95361,-0.08144,-0.0718,0.615,2.11595,0.4584,-0.2393,0.22401,-0.34074,0.04194,0.0484,2.25879,0.96443,0.25998,-0.57521,2.08345,1.30053,-1.61954,-0.40478,1.90179,0.52252,-0.24034,2.5235,1.84952,-1.11353,-0.07106,0.75146,-0.75321,0.22679,0.25882,-1.78631,0.99508,0.42744,-0.99778,0.98366,-0.25811,-2.21406,0.11639,-0.08328,-0.86677,1.35662,-0.54425,0.48607,-0.05848,-0.3383,0.16183,1.20216,1.84477,-0.91455,-0.0148,0.70068,0.44978,0.33398,-1.82701,-0.70442,-1.43498,1.2739,0.69832,0.90738,1.22111,-0.20588,-1.98319,0.04164,0.95877,0.20056,0.03971,-0.71331,0.92798,0.32334,0.7711,0.00838,0.7276,-0.22886,-0.69073,1.22119,1.41983,-0.59733,-0.37287,-0.56453,1
-0.44531,-0.30484,0.17876,0.0414,0.61722,0.18748,-2.67298,0.89399,-1.16565,-0.05436,-1.16182,-0.52078,-0.47969,0.43264,0.11034,-0.42446,-1.29453,-1.05632,-0.92176,0.34885,0.64224,1.22016,0.59421,-0.64136,1.17139,0.15289,-1.78831,0.86944,0.00583,-0.8361,0.75656,0.71653,1.42921,-1.86931,-1.56284,-0.49235,-0.43295,0.84573,-0.45709,0.3399,-0.34799,0.24389,-1.34683,-0.53726,0.3237,0.67037,0.48782,0.36345,-0.53296,-1.03582,0.02986,-0.15683,0.64072,-0.89365,-0.44548,0.43442,-1.21842,-2.1195,-0.26755,1.0199,-0.9197,1.15549,1.12045,-0.56412,0.45581,0.1112,0.66282,-0.52053,-0.79982,-0.1363,-0.53382,0.64787,-0.45755,1.10579,-0.29483,0.60004,-1.02214,3.15848,0.9828,-3.13217,0.46269,-0.47481,0.30751,-0.8564,-0.69818,0.49264,-0.78997,0.11823,0.4841,0.26909,0.24983,-0.60691,-0.61801,0.88134,0.45913,-0.29075,1.12594,-1.46909,-1.06154,-0.38196,2.13746,-0.26376,-1.11904,-0.98526,0.82463,-2.32695,0.47574,2.16651,0.42774,1.20861,1.18083,0.98922,-0.00565,0.70941,0.92842,0.1775,1.54108,0.83299,0.99263,-2.66216,-1.69087,-1.43425,-1.03223,-0.5105,0.89296,0.86358,-0.20787,0.31038,0.25919,-0.0045,-1.73658,1.55737,2.10419,0.46293,0.24484,0.45104,-1.19059,0.08689,1.2343,0.87286,-0.0436,-0.4459,-1.98876,0.93884,0.9338,-0.0208,1.41049,0.51898,2.04122,-1.23162,-0.68893,0.24049,-0.37537,-0.77929,1.01884,1.55546,-0.32825,0.57289,1.0345,0.07559,-1.50643,1.37742,0.16016,0.66108,0.80854,-1.10095,0.8731,-0.42549,0.35426,0.91497,-0.35942,-0.30683,1.37401,-0.18621,-0.26234,-0.72626,-1.50486,-0.78253,0.35418,0.17675,0
-0.0288,0.38851,-0.34363,-0.30157,0.44033,-0.71509,-1.80288,-0.1864,0.56668,0.20328,-0.93027,-0.77511,-0.01373,-0.79787,-1.68797,-0.83555,0.12499,-0.32578,-0.61876,0.80198,-0.06305,-0.73788,-1.29156,-0.64981,0.30924,-0.89911,-0.26581,-0.03151,-0.26793,-1.24567,-0.70757,-1.96485,-1.78091,-0.67859,0.20855,2.38357,-0.07121,0.59311,0.5507,0.97915,0.38812,-0.01466,-0.97508,-1.54917,-1.0382,1.0067,1.13238,1.32459,0.02553,-1.38011,-0.33933,0.48714,-0.00117,-0.40895,1.00607,-1.10723,0.58284,0.15124,-1.03603,-0.01544,-0.089,1.52921,2.0839,0.73594,-0.45972,0.85277,-0.08365,1.23516,1.41372,1.2794,-0.80885,-0.22613,-0.75595,-1.66322,-1.26086,-0.40916,1.61266,-0.84944,-0.25015,-0.70797,-1.0677,0.63717,2.07569,-0.03107,1.05713,-1.46996,-0.09306,-1.00297,0.11541,0.31215,0.28316,-0.11891,-0.72363,0.07715,0.35681,0.91624,-1.76969,0.12283,-1.01147,-1.41433,-0.4816,0.68224,-0.68979,0.43203,-0.23979,-0.93187,-0.54612,0.87222,1.5526,0.09203,0.05059,-0.92043,0.24184,1.69195,-0.73004,-0.83904,-1.32611,0.44805,-0.21887,-0.64199,-0.24119,-0.53143,0.05321,2.78508,-0.75533,0.23212,0.11183,1.57217,-3.75082,0.16401,0.29531,-0.79821,-1.65171,-0.65659,0.52178,-0.28673,-0.47633,0.95731,0.9583,-1.32752,-0.94555,1.35027,-1.05196,-0.55104,-0.06594,-0.57947,-0.70315,0.1718,0.4562,0.5527,-0.47253,-2.39778,1.48787,-0.86846,0.75925,-0.05881,0.94796,1.64972,0.51799,0.34044,0.64571,-1.84815,-0.60757,0.90168,0.99064,1.23869,1.42026,-0.08589,-0.56714,0.57043,-0.0796,-0.02798,0.83388,-0.92604,1.2172,1.297,-0.5714,0.03519,2.37434,-0.8988,1
-0.01473,0.67522,0.69629,1.22827,-0.23961,-0.4462,0.29699,-0.33959,-0.11891,0.0785,-0.34726,1.25963,0.65589,1.00626,1.63978,0.2891,-1.16736,1.78786,-0.67628,-0.89474,-1.7935,-0.47514,-0.31659,0.16481,-0.76183,0.05526,-0.1462,0.65229,0.24208,-1.89284,0.73226,-0.42224,0.89423,-0.48266,-0.36674,0.69387,1.77925,-0.85482,-0.8877,1.10006,1.21624,-1.4624,-1.02687,-0.41184,-0.27129,0.32707,0.14621,0.14716,-0.29027,0.5011,0.65858,0.26082,1.09699,-1.61004,-0.34109,1.42252,0.37683,-0.06389,0.87361,0.12893,0.35823,-0.92765,-1.72532,0.39471,2.1145,0.69011,0.1442,-0.23206,-1.13039,-0.41865,-1.19377,0.53927,0.35757,0.76833,-1.18472,-0.44211,-0.83832,-0.41721,0.30512,0.23828,-1.95602,0.40643,-0.12738,1.12732,-0.14677,1.46893,0.43214,1.71855,-0.55947,0.93118,-1.03174,-0.84968,0.68166,0.37504,1.30781,1.14438,-0.01176,1.40497,-0.07546,-0.26632,0.70564,-0.38722,-1.5564,-0.46859,1.49602,-0.2732,0.5423,-0.85517,1.38398,0.14066,-0.56255,-1.79148,0.1032,0.62743,0.955,0.34731,-0.38837,0.49538,-0.597,-1.50143,0.48743,-0.75742,-0.49573,1.62045,0.81323,1.06421,-1.93938,1.98718,1.42977,0.10903,0.34368,-0.72236,0.58614,-1.27838,-1.31602,0.69277,0.58129,-0.12089,1.17754,0.52789,-0.61565,-0.43601,-1.45648,-0.6108,-1.12065,-0.80958,-0.43155,-0.07501,-1.13957,-0.97017,0.86403,0.60195,-0.10391,1.17711,-1.32031,1.67136,0.66354,-0.26535,-0.04665,-0.71071,0.56484,-1.57178,0.04439,-0.89146,-0.58684,-1.23905,0.78957,-0.87624,-1.01037,0.71598,1.06724,0.72236,-0.62498,1.76123,0.34278,0.74227,-1.92233,-1.11602,0.30041,-2.81633,0
1.22767,0.40792,-0.19323,-1.38969,-0.99718,0.33351,-0.17064,-0.07911,-1.10837,-1.26731,1.30428,-1.00742,-0.99496,-0.22939,-0.77633,-0.19393,-0.64852,0.77331,-0.96047,0.85138,-1.76878,1.2089,1.16435,-0.53971,-1.50583,-0.58528,-0.17369,-1.58554,0.9174,-0.09238,0.05349,2.62242,0.16536,1.28841,0.13927,-0.27417,0.26417,-1.68606,1.49666,0.16683,-0.70398,-0.80469,-0.55869,0.11521,-0.33725,-0.22936,0.19136,1.59981,0.76622,0.01724,-0.00668,-2.36995,-1.43907,1.49784,-0.85434,1.61375,-0.7778,1.21033,-0.80625,-1.68464,0.73843,-0.15234,0.04353,0.82378,-1.21745,-0.80625,1.54435,0.34477,-0.35505,-2.52244,-1.35345,-0.31449,-0.44314,-0.02253,-0.10138,0.24976,-0.16874,-0.23239,-2.2451,-0.00619,-0.0801,-0.1319,-0.27832,1.28335,0.04023,-1.53659,0.04383,0.09831,0.48085,-0.10542,-1.23276,0.32343,-0.37715,0.90627,-2.42141,-0.32799,-0.93491,0.81542,-1.14517,-0.67561,1.23193,0.57024,1.3755,0.63951,1.07909,0.24156,0.26533,0.99645,-0.73127,-1.63772,0.5654,-1.03954,0.72833,1.54816,-0.76436,0.09491,-1.79814,0.02963,2.03469,-0.07353,0.53524,-0.22475,0.37741,-0.13487,-0.12193,1.2365,-0.1663,-1.42905,1.73681,-0.53785,-0.78475,0.38506,0.35402,-0.7372,-1.24143,0.64594,-0.77866,-0.03793,2.79869,1.17294,1.00566,1.06279,-0.02306,-0.04063,-0.08395,-0.02762,-1.34985,-0.41994,-2.4213,0.51634,-0.39653,1.14969,0.27311,-1.7738,-0.13075,0.55908,-0.80969,-1.30787,-1.06125,0.71347,-0.20637,-1.26504,-0.33629,1.36331,-0.34671,1.45301,1.77476,0.4654,0.66646,-1.28033,0.19166,1.42445,-0.80969,0.64062,0.18921,1.21186,-1.56076,-0.41571,0.28637,-1.04086,1
-0.37528,-0.6544,0.23584,0.00276,0.76145,1.13794,-0.62471,1.03659,0.01333,-2.20844,-0.75051,0.306,-0.40131,1.46264,-0.08511,-1.24834,1.72672,-1.06288,0.42462,0.92328,1.33403,-0.15159,-0.11644,-1.27918,-0.29597,-0.05125,0.3299,0.22436,0.23127,1.23576,1.18278,1.04188,1.75887,-0.40494,0.03304,0.17678,0.20022,-0.65094,0.46415,-0.62224,-0.61926,-1.56653,-2.14035,-0.90586,0.19168,-0.3068,0.11155,-0.20198,-0.76683,0.08146,-0.03872,-1.3165,-1.46669,0.34083,-0.39114,-0.35255,0.9776,-0.5564,-1.16021,1.38392,-0.50761,-0.43824,0.11452,-1.3363,1.97831,-0.47769,1.70011,-0.07685,1.18585,0.50353,1.8247,-0.18738,-1.0116,-1.21475,1.52785,0.46011,-0.73054,-0.54306,-0.1316,0.20993,0.04671,-0.76372,-0.56159,1.58158,0.21481,0.97342,-1.01154,1.37408,0.59143,0.62469,-2.04221,-1.98213,0.31203,0.04853,-0.72997,-0.22762,0.17537,-1.05104,0.97605,0.44748,0.6827,0.13556,-1.06849,-0.56625,0.04935,-0.15347,-0.26532,-0.82537,-1.28828,-0.33486,-0.12961,-1.14957,1.05013,0.96454,-0.02914,-0.20302,-0.94621,0.03655,-0.88597,0.79678,0.99097,0.9138,-1.02486,-0.28711,-0.12127,0.63923,1.17842,-0.46003,-1.75701,0.6414,0.26224,0.44494,0.1883,0.70671,-0.27359,1.03518,0.39747,-1.6352,-0.71795,-0.94481,-2.07806,0.48727,-1.39962,-0.3769,0.19064,0.32088,-0.09383,-0.0219,1.23949,0.62396,1.49014,-0.24743,-1.41912,-0.81342,-2.06409,-0.37987,0.66916,-1.914,-0.71969,1.35194,0.27704,-1.2097,-0.02004,-0.64503,0.35152,-0.31966,-0.24458,-0.15487,1.44147,-1.43634,1.02396,2.63255,0.50161,-1.72291,-0.38611,1.13482,-0.34671,-0.73229,-0.81774,0.05541,1
-1.57409,0.5012,0.03253,0.05117,0.20319,-0.7047,-0.75683,1.52093,1.78543,0.68174,0.79483,0.73315,-1.01199,-0.61078,1.25315,-0.04159,-0.29655,1.18301,0.89675,-2.21314,-2.41566,0.93184,-1.20342,0.95543,-0.53026,-1.11034,-0.76097,1.09236,0.11043,-2.03139,-0.53203,-2.35964,0.0556,-0.10708,0.43181,-0.27263,1.74327,-0.8764,0.77725,-0.74079,-0.24075,0.05832,-2.0256,-0.5658,-0.72896,-1.13557,0.79819,-0.74518,1.08979,1.38356,0.22771,0.86288,0.30142,0.96421,-1.60275,-0.67702,0.85565,0.55373,-0.16037,-0.57293,1.62711,-1.03015,0.34942,-1.61828,1.7322,0.72356,2.15066,1.07565,-2.16608,-0.93403,0.9554,2.913,-0.6511,1.24852,-1.73172,0.30085,1.65249,-2.27392,-0.35905,-0.98962,-0.9433,1.31109,-0.67447,-0.99327,1.22953,-0.49132,0.30043,-0.67115,-0.72013,1.26191,0.087,1.56806,0.20356,0.04303,2.45067,-0.45968,0.94729,0.92186,0.82514,0.56262,1.01026,-0.34525,-1.43646,1.07653,-0.41615,-0.97271,0.35245,-0.50277,-0.47668,0.07141,1.14638,-0.95802,0.6432,0.85181,-0.80659,1.24262,-0.33851,-0.38928,-0.44244,-1.43675,-0.23099,-0.07814,0.82618,0.92465,-0.51546,-0.14256,0.93541,-1.45677,0.6515,0.23563,1.22441,-0.36915,0.34112,0.47687,0.40634,0.06184,1.24747,0.27823,0.79978,0.45413,-0.90826,-0.00339,0.06208,0.87459,0.26384,-1.00812,2.48558,1.3257,-0.56251,-0.01417,-0.15843,1.19976,-0.70906,0.53821,0.20346,0.77726,-2.90313,1.12479,1.11867,-0.15595,-2.31804,-0.56841,0.03202,-0.15444,-0.7596,-1.11488,-1.29238,-0.49443,1.08411,-1.43651,-1.42159,0.58622,2.1679,-0.39057,-0.41432,1.99755,0.65562,0.61436,-1.40021,0.02563,1
0.3367,1.0009,-0.69704,-0.11971,-0.00811,0.03598,1.09127,0.29982,-1.02917,-0.93405,-0.82215,0.59137,1.71531,-0.16265,-0.33527,0.23737,-0.24438,-0.80708,1.8485,-0.5723,-0.53293,1.35649,0.8181,1.41138,-0.51645,-0.2094,0.13812,0.50263,-0.05945,-0.38419,0.04857,-2.05202,-0.64314,0.3365,-0.75584,-0.13772,2.08233,0.10025,1.38351,1.0179,-0.2561,0.52579,0.52577,1.18392,-0.71052,-0.53732,0.04407,1.65258,0.38076,-1.89477,0.62928,0.14537,-0.08922,-0.85151,0.87822,-0.33154,0.96856,-0.30372,-0.13637,0.7118,2.19696,-1.04387,-0.69173,1.03842,-0.07647,-1.46452,0.58265,0.04109,-0.01672,0.68852,0.13417,1.72128,-1.49267,0.1897,0.16853,0.66748,0.34261,0.56908,-0.14186,2.38741,-2.14559,-1.23014,-1.37264,-1.12581,-1.05703,0.41231,-1.46351,-0.05206,-0.89845,-1.34518,0.91511,1.30036,-0.59079,0.24039,-0.10602,0.19317,-0.08965,-1.13501,0.97476,0.45911,0.79422,0.63304,0.68053,-0.44756,0.52055,0.10185,1.10329,1.34286,-0.21298,1.4267,-1.95591,1.38879,-1.30023,-0.47597,-0.32893,0.32119,-0.85754,1.16058,-0.20237,-0.07765,0.10964,-1.00119,-1.26197,-1.64735,-0.91081,-0.14668,2.57609,1.26492,-0.09222,2.15534,1.19619,-0.04691,1.50111,0.73793,1.69174,0.57966,2.24061,2.72488,0.54287,-0.56144,1.28457,-1.2672,1.2575,-0.4674,-0.49,-0.80864,0.93603,-0.54495,1.99215,0.45858,-0.83609,-0.42817,1.54107,-1.89038,1.23872,-1.45357,-0.52412,0.74261,0.15419,0.26928,-0.69522,-1.09778,2.74694,0.51879,0.36775,-0.18997,-0.78993,-0.12763,0.995,1.55063,0.66264,1.22125,-1.22754,0.96541,1.61344,0.6,0.51769,0.33927,-0.47416,-1.88945,1
0.73097,-0.11804,-1.18274,-0.53826,0.87389,-1.51968,0.02854,0.02771,0.95832,0.44712,-0.61185,0.74971,0.16533,0.56115,-0.19607,0.15163,0.76577,-0.32932,-1.70675,-0.65405,-0.67814,0.80802,0.05781,0.97473,-1.99368,-0.3651,0.99368,0.25814,-0.69103,0.50409,2.57284,0.41595,-1.57348,-0.99607,-0.09166,1.94504,-0.55054,-0.32158,-0.07386,0.37683,-0.12798,-0.80031,-0.93921,-0.17486,-0.47272,1.5639,-1.39175,1.28345,0.62886,-0.76058,-0.90728,-0.75169,-0.21993,-0.44267,-0.13242,1.44885,0.03507,-0.78334,-0.42127,-0.81734,-1.29509,-1.58039,0.30544,-0.94131,0.15383,-0.08187,-0.53641,-0.81354,1.78994,-0.96126,-0.06216,-0.98486,0.68328,0.52865,0.96365,-1.18327,-0.16146,-0.85108,-1.16733,-0.53017,-0.12811,0.23944,0.15325,1.26531,0.00253,0.63928,0.75744,-0.97469,-0.28679,-0.59717,0.339,-0.43513,0.95802,1.02885,1.39986,1.04532,0.15673,0.52062,-0.26907,-0.356,1.3641,0.75398,-0.30953,-1.15229,1.16361,0.03251,0.03424,-1.83666,-0.84946,2.00553,-2.13836,-0.29008,0.67593,-1.46,-0.19167,0.75697,-1.06357,0.33,0.33791,-1.71531,-0.47412,-1.34494,-1.16885,-0.11577,-0.45027,0.7869,0.09093,-0.11531,-0.20603,0.71259,0.14252,1.79774,0.87928,-0.60585,-0.76958,0.55017,2.74401,-0.24603,0.02133,1.01303,-0.25389,-0.47927,0.98874,-0.04607,0.28629,-1.23137,-2.64651,0.55076,2.00437,-0.42724,-0.13989,-0.96826,0.52493,1.97619,0.65795,-1.30905,-0.84539,1.61604,-1.14561,-0.61505,-1.84971,-1.04353,-0.34465,-1.1217,1.67335,-1.48873,-1.12129,-1.88959,0.79946,-0.08215,0.87219,1.56541,1.32867,0.20523,0.66192,-0.4666,-0.86839,-0.25355,-0.09644,-0.82918,1
-0.25745,0.80458,-0.70762,-0.84563,1.1597,-0.75268,0.25033,0.94109,2.64188,-0.55935,-1.01144,-1.11376,0.29209,0.86017,1.73749,-0.23158,0.43899,0.83836,0.53474,-0.26841,1.03789,-0.35105,0.88919,-0.00506,0.79497,-0.33121,-0.54021,0.82507,-0.56977,1.07627,0.06376,0.05837,-0.28285,0.74544,-0.11841,-0.57094,-0.25085,-1.4622,0.66911,0.34293,0.127,0.16064,0.9562,-0.19614,-0.67159,-0.86568,-1.85367,0.27906,-0.69293,-0.6036,-1.84399,1.11008,0.11137,-0.17214,-0.78619,0.74049,-0.03914,1.57493,-0.86635,-0.32253,0.44463,-0.31465,0.10734,1.73036,0.67303,-0.10971,-1.37448,0.71431,0.00746,-0.86827,-0.54696,-1.12465,0.46457,1.11876,-0.52485,-0.24113,-0.79418,-1.19992,-0.87801,0.39979,0.79617,-0.94688,-1.63625,-0.53605,-1.73639,-1.36484,-1.91351,-0.55602,-0.38413,0.71662,0.09244,-0.312,-0.24409,0.76488,0.1838,-1.25622,0.31563,-0.98879,1.05233,0.18069,-0.21043,-0.47718,0.51554,1.40792,1.06163,-1.10435,-0.53315,0.06436,2.2022,-0.60045,-0.34894,-0.38734,0.794,1.42279,0.30063,1.31115,0.32293,1.52545,-1.45931,-0.68019,-0.52043,-1.34827,-0.76897,-0.18705,0.58337,0.7213,-0.07681,0.07192,-0.76847,0.74065,-0.48628,-0.58239,0.5012,-0.74825,0.03871,0.30552,0.16744,-0.21731,0.82754,-0.4904,-0.3482,-0.63974,0.88466,0.25157,0.75379,-2.11773,-0.9851,0.48421,-0.70343,1.01474,1.73976,1.12466,-0.44836,0.37918,-0.36239,0.4845,-0.52502,-1.40593,-1.83557,2.92298,-0.18265,0.85444,1.34036,-0.65202,1.07255,0.83003,0.28127,-0.57643,-0.53789,-0.5288,1.46469,1.06244,0.14776,-0.08023,-0.24425,0.74429,0.93153,-1.15268,-1.47812,0.27887,0
-1.60805,-0.63774,-0.33934,0.05754,-0.57089,1.14937,-0.04143,0.50333,-0.44654,-1.13412,0.55195,-0.79568,0.13768,-1.6916,0.58187,0.5552,-0.5285,1.87031,-0.56307,0.39575,-0.03956,0.0584,0.76551,0.24142,-0.53598,-0.08443,-1.46039,0.63386,-0.338,-0.92015,0.07126,-1.52903,-0.3632,-0.12574,1.1741,-0.7154,0.3406,-0.71716,-0.06487,1.89069,0.41927,-0.35838,-0.90644,0.59359,-0.81148,0.10693,-1.19065,-0.05087,0.90864,0.7144,1.06283,0.81853,0.50292,0.18139,-0.62145,-0.59001,-1.48867,-0.70122,-0.26497,-0.56861,-0.05742,-1.06995,1.2525,-1.8815,-1.03051,0.92494,0.20296,-1.87779,0.21252,-1.598,-1.24488,-0.78566,-0.34338,0.49185,-1.57172,-0.72652,-1.00682,0.22197,1.09262,-0.01151,-0.82069,-0.43624,1.99031,-0.55469,1.53235,-1.48182,1.18587,2.12318,0.18991,0.7992,-0.70793,-0.87395,-0.8842,0.53764,0.93627,-0.44941,-0.39964,-1.41751,0.14154,-0.63738,-1.98962,1.07842,0.28259,0.36408,-0.73687,-0.20398,0.88082,-0.06059,0.53502,0.86819,-0.47512,-0.2045,-0.24173,1.31559,0.4423,0.21158,-1.78787,-1.00498,0.8458,-0.3501,0.81038,-0.41258,-0.0356,-1.90807,-0.13858,-0.5134,1.56049,-1.12369,0.74227,0.83285,-1.90284,2.32977,0.50107,-1.3072,1.76428,-0.72582,0.22979,1.01184,-0.61019,0.85924,1.05012,0.56421,-0.13411,0.02575,1.15244,-0.15536,0.65539,0.33598,-0.55539,-0.54541,1.94441,0.56004,-0.45221,-0.88189,0.42708,-0.58945,-0.03509,0.4185,-0.14291,1.17779,1.07973,1.49846,1.62204,-0.08583,-0.58768,-0.08591,1.2297,-0.12746,-0.5294,-0.62858,-0.76713,0.25319,-0.42267,0.64638,1.31855,0.00756,-0.66591,-0.05873,-0.67956,0.02881,0
-0.91165,-0.02997,-0.7245,-4.35374,0.12418,-0.76452,-0.71462,-1.13506,0.11156,-0.22921,1.13676,0.08777,0.1284,0.18651,0.95026,-0.89697,-0.77661,-1.36632,-0.52855,0.38433,0.4382,-1.86368,-0.53521,0.48747,1.01032,-0.08157,2.81648,-1.13351,-0.04707,0.40587,1.68637,1.27682,-1.2275,-1.09203,-0.19159,-0.88728,1.2036,-0.72912,-1.18144,1.24615,-0.75116,-0.56378,-0.52508,1.06098,-0.34214,0.04089,-0.79104,0.53868,0.4462,-0.82661,-1.36895,2.79398,0.7824,0.64337,0.4125,0.30594,0.48703,1.06096,0.50137,0.8075,1.04658,0.64356,0.41182,-0.24489,0.67562,-0.69341,-0.95869,-0.30735,0.93854,1.06766,-0.38247,0.87653,0.89941,1.1697,1.0321,0.84557,-0.53302,1.81558,1.12463,1.44132,-1.50498,-0.47901,2.13439,1.70334,-2.27902,-2.71023,-0.94453,-0.21983,-0.11381,0.90291,0.71687,-0.37611,0.18193,-0.12631,0.70254,-0.93626,0.45812,0.20741,1.12525,-2.52605,0.95896,0.34125,0.93978,1.04412,-1.45825,0.57618,1.46718,-1.90812,0.61742,1.56212,-0.50502,0.44398,-0.74708,0.05917,0.92569,-1.88747,-0.13291,-0.26057,-1.15287,-0.79941,0.9486,-0.69067,-0.22344,-0.66348,-0.78258,0.21194,-2.81119,-0.56298,-0.6882,0.1664,0.37961,0.18814,1.46823,0.82342,-2.11971,-1.74295,1.91695,-0.07609,-0.17364,0.96209,-0.16806,1.07691,-0.01454,-1.12439,-2.1518,1.14599,-0.98596,0.35009,0.10688,0.50214,-0.40365,-0.79501,-0.82501,1.1573,-1.02186,0.73553,-1.79465,-0.56834,0.90271,-0.04592,1.00388,-2.08481,0.87686,-0.63866,-0.19865,2.00676,0.14017,-0.57296,0.62998,1.52683,-1.30211,-2.70514,0.06782,2.12999,-0.84061,-0.50026,-0.27991,-1.58943,-0.1599,-0.06376,0
-0.60956,0.13922,-2.17838,1.60199,1.57113,0.28224,-2.30943,-0.61935,-0.25022,-0.94675,-0.56471,-0.68167,-0.90428,-0.20602,-1.60358,-0.61909,-1.0689,0.41165,1.08955,1.1725,-0.57973,-0.09706,-0.35835,0.58577,0.53113,1.24036,-0.94528,-0.23243,-1.01137,1.85191,0.036,-0.68977,-0.413,1.42792,-1.22863,0.55559,0.35017,0.72142,-0.08104,-0.41989,0.75003,-0.42414,-1.27154,1.31897,-0.2582,-0.36318,0.50914,-0.84826,-0.78565,-0.54208,0.92712,-0.43361,-0.14901,0.74549,1.09657,0.69372,0.33812,0.39481,0.65767,-0.31843,0.13018,0.70893,-0.26902,-0.00976,0.70633,1.73785,1.41631,0.4412,0.12728,-0.20399,0.73224,0.53615,-0.89656,-1.19215,-0.97477,-0.93755,0.03882,0.56678,1.36953,0.25424,1.97576,1.14233,-1.41302,0.64013,-1.40261,1.21306,0.86697,1.85496,1.75017,1.58652,1.22023,-0.41286,0.75598,-1.11286,-0.0515,-0.1825,0.80295,-0.06302,-1.39698,0.26447,0.45218,0.22151,-0.24898,0.38943,0.04917,0.94008,-1.34041,0.85469,0.15906,0.30188,0.34662,-0.59285,0.28373,-1.11812,0.35871,0.62719,-1.52697,1.06587,0.53931,-0.13617,-0.37214,1.5168,0.18247,0.24936,0.98384,0.88767,1.24277,3.0777,-0.48218,1.29891,0.59188,-0.45835,-0.91407,3.29468,0.35224,0.17938,-1.02772,0.32053,0.74348,0.17139,0.75719,-0.51849,-0.88634,-1.3544,-0.66826,-1.47384,-0.61758,0.86304,-3.06823,2.76739,0.98439,0.53725,-0.47513,-1.57448,0.09792,0.25582,-0.0598,0.49061,1.52937,0.72469,0.79168,0.26834,0.1016,-0.22505,-0.18926,-1.14226,0.40755,0.30421,-1.03519,2.54215,-0.04881,1.64332,-0.85543,-2.13256,-0.39302,-1.41411,-1.45933,-1.36424,0.04173,-2.61904,0
1.07721,1.61849,2.82658,-1.11485,2.79276,-1.13762,-0.71778,0.04092,0.98378,0.3843,1.71203,-0.7296,1.82793,-1.2875,0.07905,0.16137,0.03926,0.07065,-1.49217,-0.87984,0.71376,-1.03036,0.12575,-1.12126,0.57176,-0.86882,-0.75425,-0.08121,0.43562,0.64454,-1.92909,1.49765,-0.48899,-1.01575,0.18259,-0.16101,-2.39829,2.07397,-0.48454,-1.51227,-0.44263,1.09462,-0.39826,-0.09843,0.04771,1.59104,-0.68728,-0.78026,2.24953,-0.49692,1.00381,1.52263,-2.42869,-1.20048,-0.21315,0.53209,-0.35794,0.83804,1.80716,-0.20913,-0.79188,0.79516,0.92976,0.38179,-0.91983,-0.97782,0.21785,0.9826,0.2962,-1.77641,2.04706,0.97769,-0.51357,0.18178,1.37482,1.84795,-0.28335,0.87889,-1.74588,-0.25059,-0.56165,0.77096,0.27105,-0.95106,-1.00478,-0.18523,-0.33633,-0.91308,0.90063,0.34992,-1.42515,-0.1445,-1.8396,0.01812,-0.44346,-0.01683,1.09716,0.61849,1.10681,-0.45998,0.78932,-0.18181,0.26974,-0.59803,0.37037,-0.50552,-1.32108,-0.00922,0.03221,1.13392,0.85564,0.40636,-0.77031,-0.6347,-0.85024,-0.88385,0.60288,0.86095,1.48979,-0.96688,0.32695,-0.91739,0.82772,0.13833,-1.07919,0.18237,-1.08585,-0.16326,-0.29259,-0.53234,-0.2214,2.1594,0.65286,-0.93659,0.28858,-0.95082,1.87094,0.76713,1.5149,-1.73422,-0.308,1.09996,-1.70568,-1.19189,0.04429,-1.53757,1.69125,1.55082,0.51258,-0.89137,-0.43395,-0.39587,0.66388,-0.63956,0.0572,0.40254,-0.41128,-0.26919,2.02934,-0.8596,-0.38562,1.84322,-0.3962,1.20968,-0.52072,0.24676,0.27725,-0.57241,0.98957,1.65432,-0.07727,0.36877,0.43333,-0.57521,-0.60208,1.03717,0.11983,-0.18473,-0.6099,-0.69351,1
-2.2766,0.57703,0.66341,1.12841,-0.57146,-0.51338,-0.16867,-0.31953,1.0692,0.78911,0.20945,-0.62914,0.85308,-0.00647,1.73121,0.43071,-0.01604,0.23585,0.34108,0.17673,-1.65748,-0.41858,-0.13532,-0.7273,-0.85363,-0.97372,0.1009,-0.76338,-1.96687,-1.19784,-0.08446,1.03285,0.89075,-1.09515,-0.87218,-0.0692,-0.20287,0.75617,0.86791,-0.83911,0.55377,-0.26784,-0.09454,-0.38179,1.4311,1.1606,0.15449,-0.91399,0.74613,0.85959,-1.63549,-1.13649,-0.11458,1.12844,-0.33485,-0.04466,-0.72329,-1.0426,-1.1397,1.42814,0.889,0.72064,-0.22396,-1.61833,-3.35229,2.39122,-0.50321,-0.14015,-0.97752,0.62854,0.2542,0.36383,-0.77386,0.01697,0.03372,1.2239,-0.2671,0.71396,0.32505,0.24945,1.42329,-0.30039,0.38439,1.13548,-1.02429,-1.28204,0.27532,-1.32831,-0.88647,1.11227,1.0443,0.46663,-1.1057,-0.66017,2.07238,-0.49054,1.09804,0.70097,-0.02193,1.21437,-1.15654,-0.93642,-0.2183,-0.37164,1.01765,1.34776,0.1063,0.24941,0.74477,1.89264,-0.76238,-1.7543,0.56747,0.05501,-0.28178,0.74311,0.69586,-1.37725,-1.87314,1.97188,0.51005,-1.75929,-1.59614,-0.40878,-1.23514,0.39067,-1.4722,-1.27788,0.46272,-0.6802,-0.04906,-0.08172,-0.63496,0.62696,-0.13319,1.17873,1.36496,-1.25793,-0.71828,0.56769,0.11314,0.70236,0.87755,0.86226,1.9894,0.18439,1.04166,0.15925,-0.64335,0.36478,-0.48853,0.31554,-0.94484,-0.25668,-0.66428,1.09188,-0.76562,-2.09408,0.20677,-0.97132,0.40211,0.68553,-2.41425,1.57293,0.94394,1.26574,-0.25908,-0.12737,0.15264,-0.51064,0.33469,0.09334,-1.06738,-0.4038,0.88948,1.23458,0.30355,-0.22061,-1.71892,0.3607,1
-0.59123,0.68714,-1.2253,-0.02337,-0.22902,0.46567,-1.29411,-1.95282,-0.40445,0.10875,0.70557,0.24454,-0.3298,0.04874,-0.26307,0.56225,0.2038,0.55272,0.04076,0.94005,-0.07888,-0.45799,-0.64025,0.532,0.47523,-1.67521,0.69367,2.08855,-0.44148,0.98712,-1.45487,-1.50869,-0.3827,-0.97596,0.32194,-0.95816,0.65418,1.38699,0.8279,0.44653,-0.54538,-0.21335,0.47604,0.37982,0.4982,-0.51691,-0.5076,1.02243,-0.36621,-1.0296,0.8341,-0.70013,-0.17407,1.18693,-0.50972,-1.15759,-0.59027,0.81952,-0.03442,0.28216,0.17819,1.4777,1.15934,0.43542,-0.81448,-0.77093,0.34077,-0.47311,-0.20592,0.94411,-1.28129,0.81279,0.77806,-0.9179,-0.33264,-1.06939,0.13462,-0.3226,0.61957,-0.81606,0.23535,1.17088,1.03537,-1.64435,1.88271,-0.84029,-1.11423,0.29661,0.6158,-0.37818,1.59648,2.31911,-0.88206,2.13433,0.00496,1.13768,-0.32328,-0.07278,-1.66264,-1.54314,2.71686,0.84841,1.46141,1.22575,0.02259,-1.38343,-0.51082,-0.40002,-0.03044,-0.26998,-1.29498,1.30538,-0.60686,-0.78107,-1.57228,0.93961,-0.2646,0.5315,-0.20095,-0.58689,0.48396,-1.31605,0.5788,0.03891,-0.03733,0.81516,0.46426,0.01149,0.09751,-1.78354,1.74697,0.10495,0.93159,-0.86701,-0.39034,0.3041,1.15894,-0.52436,0.90497,-1.04796,1.47152,-0.58957,1.85427,0.19592,-1.05655,1.48868,0.91429,0.25131,-1.12092,-0.52263,-0.74098,-0.1296,0.36729,1.69546,-0.4353,0.23505,3.44715,-2.30126,0.56694,0.1121,-1.09673,-0.1866,1.41557,1.00707,1.15027,0.11572,-0.9425,0.5465,-0.79642,-1.19987,0.73285,-2.21422,0.79895,2.57669,0.71853,0.44497,0.10942,0.21358,0.01284,1.46068,0
-0.042,-0.4321,-0.93842,-0.6623,0.07712,0.87566,0.89991,0.35429,-0.59594,-0.05409,-1.70545,0.06673,0.49766,-1.43257,0.57894,1.36388,0.185,0.8551,0.84254,-0.11688,-2.23597,-1.67183,0.95723,-0.1909,-0.82257,0.23054,-0.59462,-0.13751,0.69132,0.17811,0.47302,-0.37171,1.2484,-1.29511,0.00317,0.27923,-1.54429,0.06089,2.19572,0.06601,1.59588,1.37851,0.43108,-1.56012,-0.02738,0.34075,-0.63129,2.03603,-0.79404,-2.46233,-0.43827,-0.90996,0.61546,0.51876,0.48734,-0.37905,-0.49324,0.85818,0.38553,0.89959,-0.8139,-1.07463,-0.72627,0.46758,0.26126,-1.39827,1.24175,-0.22146,1.54288,0.27038,-1.07555,-0.60643,0.21193,-0.77141,-0.95744,-0.389,-0.15584,1.80451,-0.59035,1.47852,-0.09483,-0.63137,-1.55631,-0.56429,0.69364,-0.89651,0.55679,-0.03703,0.99849,1.08912,-0.04933,-1.08084,-0.23805,1.97625,0.59393,0.93741,1.84591,0.8808,0.30301,-0.42395,1.1073,1.0832,1.77804,-0.39532,0.11496,-0.24732,-1.35946,-0.23967,1.51027,2.20365,-1.43469,0.36083,-1.91318,-0.42049,-0.05725,-0.31558,-0.36752,-0.35968,1.16535,1.68674,-1.48115,0.55167,0.9567,0.2237,-0.5828,-0.34806,0.03343,-0.24893,-0.95708,-0.37725,2.01147,-0.66377,1.76252,-0.55865,0.80551,0.43533,-0.22879,0.43987,-1.19715,-0.01771,-1.23614,0.30989,-1.57671,-0.80493,-0.69494,0.06113,1.60234,1.4903,1.95434,-0.32933,0.77991,0.26672,-0.84476,1.98141,-1.08585,0.27311,-0.98357,1.32502,-0.7768,0.31544,1.85831,0.87916,-1.183,-0.96213,0.79188,-0.24979,0.20801,-0.00757,-0.18349,0.65767,0.25286,-1.31297,1.09997,-0.05143,0.50824,-0.37193,2.41777,1.5903,-1.20706,0.3407,0
0.71827,-0.07173,0.54731,1.39761,-1.17214,-0.77212,-0.77329,0.96158,2.43182,0.60038,1.52225,1.52807,1.90947,0.78016,0.19772,-0.30186,-1.17346,0.5318,1.01776,-0.17036,0.59568,0.91938,-0.13478,-0.12619,1.47632,-1.4284,-2.5455,0.41137,-0.33826,1.25669,-0.25389,-2.10913,-0.87461,-0.04066,-0.345,-0.30463,0.34288,0.45584,0.17891,0.80113,1.47184,0.77598,0.34087,0.32007,0.48285,-3.38685,0.41118,1.18507,-0.01297,0.71507,0.63706,0.96107,-0.94057,-0.48408,0.62908,-1.05028,0.83972,-0.4935,-0.10858,-0.13686,1.00073,-0.71981,0.5228,0.3345,-0.41368,-0.62811,1.29235,-1.84915,0.89327,-0.24473,-0.8444,-0.07107,0.8439,0.33884,-0.11796,0.05454,-1.61352,0.29698,0.13632,-1.9899,-1.26907,-0.56609,-0.53376,-1.54188,-1.65838,0.69044,-0.0651,1.54567,-0.00158,-0.79346,-0.9693,-0.3176,0.48685,-0.28832,-0.18684,1.1616,-0.28133,1.43823,-0.7637,0.31253,-0.78847,-1.50519,-1.06575,-0.69787,1.71624,-0.04007,-0.80051,0.18306,-0.53094,0.59526,-1.57755,-0.78689,-2.56399,-0.21874,0.67066,1.62834,-0.76171,-1.56222,0.34242,-0.54142,0.29194,-0.28158,-0.07675,-0.52341,-0.28169,-0.57043,-1.06111,0.70267,0.02997,-0.27692,0.48143,1.45194,-0.5544,-0.16514,-0.87478,-1.06038,-0.34708,-0.81584,0.85605,-0.76089,-0.74389,-0.90791,-0.18865,1.09302,-0.69175,0.50776,0.06412,-0.23455,-0.16142,0.39179,-1.22217,-1.33578,-2.32596,0.20202,-0.49725,0.69697,-0.06404,1.14332,-2.94612,0.35501,-0.85068,0.6578,-1.33354,0.37419,2.13587,1.65788,-0.2525,0.12606,-2.14545,-1.30145,0.13684,0.53201,1.8284,-1.9072,1.06267,0.16165,0.24787,-0.19087,-1.19693,-1.68938,1
2.71096,-1.04391,-0.85466,-0.10041,-1.23327,0.28903,0.77836,1.11961,0.09148,0.17366,-1.30308,-0.51249,-0.30731,-1.19495,-1.05715,-0.79583,1.14349,1.9058,-1.0654,0.5828,-0.38161,1.60051,0.31877,-0.32385,-0.01108,2.1508,-0.3973,-0.53042,0.50421,-0.89861,-0.03883,0.81871,1.48265,-0.28621,0.56359,0.21525,0.74048,1.51611,-0.13304,-1.2489,1.07425,1.93905,0.51797,1.17809,-1.80836,-0.71564,-0.36901,0.85511,1.13837,0.9094,1.64158,1.04749,-1.07273,0.12005,-1.543,-0.65665,-0.64663,0.48314,1.25379,-0.51784,-1.05566,0.99814,0.92332,0.28544,0.59463,-0.65715,-1.78688,-0.05994,0.71014,-0.55315,-2.36436,-2.99179,1.05044,-0.33106,-0.93885,-1.93871,-0.20036,0.53923,0.53306,0.46559,-1.63814,-1.41493,-0.18155,-1.97394,0.59599,-0.17147,0.5216,-0.55115,-2.7664,-0.24006,0.43439,0.18428,-0.58258,-0.21378,1.62026,0.64063,-2.01746,-1.71848,-0.88069,-1.73808,2.0935,-0.64033,0.11317,-0.01174,1.28999,-0.97109,-1.21772,-0.3375,0.05494,-1.64277,-0.5291,0.9204,-0.39974,-2.31384,-0.30551,0.98951,-1.58689,-0.37294,-1.55445,-0.54029,-1.07023,-0.05063,0.1542,-0.02898,-0.65165,0.11542,-0.68125,-0.80548,-0.58586,-0.60002,-0.60996,-0.13632,-0.59807,-0.134,1.59182,1.38874,2.17638,-0.03424,1.15216,1.03993,-1.0701,0.68948,-2.21569,0.12452,1.80442,-0.64653,0.7565,0.7471,-0.13405,-0.6011,0.92328,-0.38656,0.06319,0.69073,-1.31622,-1.78083,-1.76361,-0.21082,0.19924,-0.76973,-0.74995,-0.59132,0.97715,0.684,0.38249,0.17616,0.60527,-2.38624,-0.42428,0.10953,0.30936,0.61963,-0.73681,1.03005,-0.72123,-0.24281,-0.58359,-0.62117,0.47514,0.19992,0
-1.39451,-0.96716,0.9746,0.31075,1.76834,0.60761,0.5095,-0.80451,2.01231,0.69853,0.89357,1.03905,0.71094,-0.32927,-1.61537,1.60525,0.88604,-0.52854,-0.44814,-0.98621,-1.49523,0.16203,1.22747,0.63942,-0.258,0.09471,-0.02272,0.3989,-0.36113,0.67386,0.28663,-0.28017,0.50756,-0.17159,-1.56643,0.34942,-0.52353,1.38878,1.22972,-0.2033,-0.72028,1.53804,-0.32791,2.20652,0.07809,1.26337,0.50578,0.54016,-1.12376,-1.0461,0.6474,0.80495,1.19025,-0.22163,0.29776,-2.03482,0.43728,-0.64153,1.29875,1.18901,0.65628,0.79148,-0.96556,0.80303,1.08551,-1.17418,-1.23832,0.73793,0.96196,0.29723,-1.53644,-0.7839,-1.71504,-0.25441,1.20528,-0.78681,0.54093,-0.20682,1.70736,-1.89997,-0.04451,-2.25961,-0.04754,-1.45747,-0.12669,-0.40787,0.15189,0.98,1.59728,-0.98991,-0.00544,1.95955,0.16482,-1.68039,0.17783,1.01622,-1.54579,0.86416,0.0607,-0.16419,0.13741,-0.09738,-1.20065,-0.3377,-0.00432,0.31795,-0.58373,0.56609,-0.17094,0.00354,0.4016,1.04453,-0.23417,1.4232,1.06003,0.10777,-1.13632,-0.61962,0.60463,1.82607,1.01106,1.55628,0.12433,-0.367,0.16226,-0.98651,-0.14745,-0.02593,0.01145,0.63589,0.23271,1.11209,-0.50344,0.53965,-1.24636,-0.00188,-0.4498,-0.28133,0.36103,-0.47873,0.48987,1.55691,0.34234,2.50746,-1.2259,-0.04534,-0.3375,-0.11204,1.66015,0.46021,-1.15568,-0.22765,0.72818,1.20905,0.23009,1.58802,0.93934,1.06692,-1.70872,0.44821,0.99604,-0.05141,0.75643,0.10623,1.55109,-0.38585,0.43944,-0.38558,1.07359,-2.24686,-0.36858,-0.19619,-0.43045,-0.97243,-0.17985,-0.01784,1.18968,-2.3807,-1.07591,-1.11012,0
0.22955,-0.91159,0.13052,-0.34955,-0.32705,0.9766,1.00236,-0.99724,0.29539,-2.02177,0.1357,0.83423,-0.12079,2.78658,0.80025,-1.37701,0.32928,0.38546,0.00063,0.28988,0.09533,0.19725,-0.20282,-0.30896,0.95993,1.46798,-1.21521,0.2961,-0.66078,-1.85025,-0.00082,0.60036,1.64694,-0.11399,0.06931,0.18932,1.90041,-0.68437,-0.71102,-0.3172,-0.31358,0.64721,1.69747,-1.23871,-0.66222,-0.49387,0.38744,-0.30286,1.90174,0.5737,0.46511,1.13563,1.28376,-0.43599,0.01927,1.75713,0.45476,-0.4899,0.09052,0.27894,0.30363,-0.09106,0.66,-0.87706,0.14715,-1.12476,-0.59152,-0.46007,1.68878,1.86813,2.01412,-0.83439,0.61425,-0.1716,0.47105,0.73177,0.09173,-0.12029,-1.0077,-1.24633,0.16307,-0.64249,-0.45662,1.13304,1.25835,0.57512,0.36428,1.02504,-0.09392,0.85129,-1.11683,-0.56819,0.26204,1.39339,1.37637,0.24476,-0.55472,1.34527,0.29989,1.73847,-0.66594,-0.82949,-0.60937,-0.04906,0.42316,0.52672,0.04316,0.7015,0.29901,-1.00988,-0.65762,1.27394,0.03671,0.16537,-1.37788,-0.5329,0.508,-0.22714,-1.19666,-0.5407,1.33386,0.60179,-1.37916,0.31731,-1.16796,0.05033,0.73087,-0.21953,-2.03702,-0.34832,1.06057,0.77055,0.141,-0.73576,-0.9667,-0.41905,-0.13403,0.75289,-0.22778,-0.24394,-1.0062,2.35592,1.14304,0.65985,-2.11812,2.17714,-0.52376,-0.26336,-0.94513,0.14922,-1.41629,-0.59749,-2.25682,-0.08172,-0.22884,0.90965,0.1761,1.3994,-0.44261,0.89558,1.09271,0.9611,-0.35743,1.73377,-0.3584,0.03224,1.17213,-0.44408,-0.64566,0.12315,-0.67517,-0.57279,-0.76208,0.2164,-0.81805,0.50872,0.1811,1.28403,1.03424,-1.55179,1
1.09697,-0.67583,0.4635,-0.86922,-0.66905,-0.38955,0.06158,-0.32559,0.21855,-0.21359,0.74938,-0.89287,0.44846,0.38535,-0.98941,0.93356,0.33642,0.56349,-0.7412,1.11661,1.09493,-1.18475,-0.10954,0.83114,-0.43652,0.89328,0.55468,-1.06263,-0.74289,0.9485,-1.45169,-1.97714,-0.10682,0.87927,1.30538,-1.0998,0.43655,0.61737,0.95214,0.26358,0.57646,0.15416,-2.39486,1.41821,-0.12214,-0.35368,1.75161,-1.09413,0.50102,-0.90491,-0.1736,-1.83143,-1.52992,-0.24988,0.53034,-0.02689,1.50528,-0.80552,0.31864,0.2792,0.38517,0.70096,1.27035,-0.36019,-0.69058,1.30914,0.72301,-0.01609,-0.54427,-0.22283,-0.24456,0.0156,0.20053,0.99259,-0.38205,0.22618,-1.45791,-1.03116,1.04708,0.68871,0.50965,0.00752,0.24161,1.61051,0.34323,-0.81301,0.53806,0.68315,-0.47013,-1.91513,0.55557,0.64127,-1.00645,-0.14581,-0.64461,-0.64262,-0.53238,-2.29041,-0.29717,0.07554,0.84734,0.25073,-0.71352,-0.00352,0.07704,-0.04373,1.90903,-0.32943,-1.12925,-0.62577,-1.65898,-0.52346,-1.68464,-0.15137,-1.16171,0.35928,-1.61715,-0.5127,-0.84026,0.17276,-0.93682,-1.41243,0.15228,-1.64717,2.55514,1.2468,-1.32339,-1.39716,0.5759,-0.34598,-0.16788,-0.43195,-2.52522,0.09638,0.8412,-0.26259,0.77662,0.99146,0.59144,-1.95961,0.05307,0.71717,1.44268,-0.53836,2.03603,0.46801,-0.30084,-0.46045,-0.77438,-0.84535,-2.02566,0.59057,1.46858,1.01808,1.88558,0.38752,0.17526,-1.84571,-0.05268,-0.78709,-1.29556,0.28275,0.68583,1.9207,-0.35272,-0.08018,-0.74891,0.81015,0.50855,1.38627,-0.58851,0.29572,0.09693,0.90585,0.65194,0.28854,-0.63413,0.24247,-1.49632,0.10433,0
0.2425,-0.08324,0.47395,-0.60873,0.51462,-1.61974,-0.12525,-0.44486,0.97116,-0.80471,-0.13831,-0.7798,0.39122,-1.03985,-0.88267,0.77397,-1.17901,-0.58813,-0.69263,-0.49227,-0.1943,-0.80625,-0.69047,1.2586,-0.64301,0.61593,-0.17268,3.12293,-1.73023,-1.91679,1.61071,-1.15707,-1.71698,-1.34184,-2.2573,1.57451,1.12577,0.36525,-0.21191,-1.02681,1.05384,-0.07872,1.82829,1.34808,-2.08465,-0.41124,0.52773,-0.16192,0.66251,-1.66344,0.69504,-0.98578,-0.08771,0.53446,0.06091,-1.58537,0.84775,0.77803,0.13208,-0.8715,0.56998,1.03145,-0.84616,0.1332,-0.35652,-1.56203,0.82376,-0.37397,0.85879,-0.16099,-0.1051,0.91606,0.64563,0.95372,0.54264,0.90769,-0.90667,-1.05409,-0.63182,-1.00554,0.83504,-0.68234,0.18793,0.41317,-0.61313,0.41478,-1.26273,1.02885,-0.12731,0.65593,0.60505,0.60184,-1.53997,-0.22511,-0.67601,-0.63458,2.46775,1.57168,-1.67015,0.15691,0.70998,-0.30236,0.5036,0.1284,-0.0234,0.14839,0.75027,-0.46546,0.8489,-1.82669,0.10697,0.99141,0.71064,0.96818,0.18106,1.2575,-0.43901,0.09486,0.12985,-0.22426,1.38274,-0.35352,0.37323,1.97306,1.64997,-0.94743,-0.35818,0.94282,-0.52344,-0.24661,1.49491,3.20929,-1.17347,-1.04656,0.29205,0.11422,-1.91208,0.52853,-1.03093,-0.173,-1.21619,0.17158,-1.49063,-1.75935,1.10483,-0.49661,1.18305,0.59614,-0.27253,-1.99038,0.15728,0.17042,0.46861,-0.47871,-0.81457,0.2447,-0.3456,-0.50683,-0.09353,0.67671,0.44214,0.39539,-1.33814,0.40691,0.30996,-3.19207,-0.28779,1.5626,-0.09569,1.39406,-0.57136,0.79214,0.58728,-1.19014,-0.14067,1.08505,-1.48502,1.13455,0.19542,-1.20605,1
-0.24339,-0.2826,0.54707,-0.75844,-0.27774,0.65099,-0.21563,-1.03546,1.26417,-1.53523,-1.13419,-1.64703,-1.09962,-1.68577,0.22176,0.11324,1.04243,-1.90172,1.41342,0.16293,0.20154,-0.59151,0.87126,-1.36946,-0.90091,-0.0106,0.4739,0.00935,-0.08286,0.54283,2.15447,0.02903,0.3653,-0.69875,0.71435,-0.48769,-0.32347,-1.61345,0.00984,1.2127,-0.51749,-1.54724,1.25418,-1.55392,-0.29573,-0.58227,-1.22043,-0.70913,-1.17625,-1.67899,1.48864,0.47166,0.29101,0.2727,1.09309,-0.32557,-0.14312,-0.18139,-0.5467,0.04437,-1.61465,-0.35596,1.28051,-0.35063,-0.30471,0.92847,0.74261,0.0429,1.10314,0.21973,0.96835,0.76776,1.48139,0.23087,-0.81799,0.46768,-0.12979,-0.19168,1.53995,0.26173,0.17791,1.16409,-1.15418,0.34759,-0.18661,-0.20973,-1.11956,2.09998,-0.33083,-0.28636,-1.01051,-0.60604,0.19506,-0.48946,1.55737,0.66536,-0.33008,0.28798,-2.4341,-0.09881,0.10303,-0.66475,-0.24851,0.21727,-0.15895,-1.4391,0.12313,0.50865,1.58739,-0.10915,-0.00356,1.17714,-0.11409,-0.09101,-0.61265,-2.04403,0.01267,1.93742,-0.03869,-0.86717,-1.39405,-1.00143,-0.77511,1.39375,-0.65495,-0.3808,-0.13342,-0.05667,1.34506,-0.70557,-0.08098,-0.64466,-1.41048,-0.70583,-1.6717,0.51072,0.23988,0.60061,-0.09803,-0.56816,-0.82467,0.18675,-0.9703,-1.02996,0.11177,1.33137,0.31603,-0.82514,-0.62251,1.69928,-1.38697,0.01928,1.97479,-1.77931,-1.27115,-0.30581,1.33275,-0.6711,1.66593,-0.36856,1.71079,-0.25088,-0.13558,0.46595,0.05308,1.51435,-0.6096,0.86129,-0.74714,1.12994,0.399,-0.42992,-0.06979,0.11495,0.74618,-1.19958,1.89162,-0.43966,-1.33804,0.43209,0
0.45703,-1.9081,-2.3121,-1.92644,0.56892,-0.15286,0.36884,0.49463,-0.19796,1.01546,1.00843,0.37756,0.2007,-0.77038,1.41347,-0.25146,0.04984,-0.8032,-0.8214,-1.886,-2.3472,1.72804,-0.52718,0.23779,0.3448,-0.95051,2.08221,-0.83656,-0.43497,-0.00872,-0.20713,-0.58808,0.36576,1.59816,0.42631,0.00138,-0.04371,-0.47485,2.10753,-1.22237,0.67184,0.41685,-1.16344,-0.54949,1.50339,2.00319,0.78183,-0.0568,-1.13085,-1.97981,0.24955,0.4978,-0.4433,1.4813,0.83887,0.45685,-0.94338,0.99566,0.14372,-0.5624,1.26495,1.52817,0.55786,0.34345,-0.78361,-1.86157,-0.42236,0.49588,-0.27822,0.24976,-0.47757,-1.50836,-1.78781,0.0946,1.1003,-2.01343,-1.49367,-0.67074,-2.22334,-0.51999,0.87585,-0.07866,-1.80113,-2.28364,0.63357,-0.11333,-0.48938,-0.03231,2.41237,-0.4873,-0.49364,-0.98996,0.18647,0.09511,0.21059,0.46865,-0.69163,1.49389,-0.30072,-0.81488,0.44675,0.46373,-0.9887,0.72593,-0.09545,-0.86853,1.56782,-1.00701,-0.68993,0.02449,1.34559,-1.021,-0.62791,-1.59951,0.02061,0.91771,0.26504,-0.48831,0.97897,0.87224,0.29833,-2.2855,-0.95361,-0.23295,1.05487,0.03876,-0.05154,-0.40171,1.3468,0.79838,0.25075,1.65617,-1.49761,0.85251,0.72672,0.6989,0.00861,-1.32992,0.53321,-0.57604,0.38629,-0.42508,-2.34302,-0.22596,1.47741,-0.72025,1.82919,0.12731,0.3991,0.14713,-1.34614,-0.56108,-1.24987,0.56829,1.10135,0.91608,1.3138,1.21367,-1.06374,-0.98776,0.87971,-0.12063,-0.22817,-0.1141,-0.52379,-1.0206,0.69502,1.84133,1.30499,-1.22827,1.85184,-1.42491,-0.06085,-0.99097,-0.54365,-1.46986,-0.20451,0.45241,0.62709,-0.96309,0
0.2397,1.46779,0.14078,0.67324,-0.33623,0.5711,-1.70648,0.22472,-1.49696,1.97752,-0.65642,0.98223,-0.02821,0.97937,-2.01935,-1.01879,1.31879,-0.45992,0.20478,1.83608,-0.19234,-0.19512,-0.44415,0.35887,1.02226,-1.20401,0.85944,0.43288,-0.09113,-0.69224,1.94274,1.5597,-1.60864,0.3584,-0.55736,-0.16999,2.32955,-0.4947,-0.34163,0.20676,2.16034,0.01222,-0.21873,0.00187,0.14977,-0.97361,0.24673,-0.26279,1.30242,-0.45037,0.81756,0.56117,0.559,0.80277,0.67318,-0.1799,-1.08145,-0.78166,0.76771,-0.67249,-1.88902,-0.0209,3.10623,0.94415,-1.28337,-0.63751,-0.41636,-1.40286,-1.55596,1.99113,-0.23587,1.6632,0.40632,0.50013,-0.09049,-0.33356,-0.55114,-1.09897,-0.58025,-0.56183,-0.47028,0.84314,0.08933,-0.08479,0.00602,-2.08952,1.66649,2.12807,0.56962,1.21309,0.52136,0.66696,-1.05212,-0.16989,0.17928,-0.29152,0.07346,-0.75469,0.21776,0.22497,0.27194,0.11029,-0.26256,-0.60888,1.25549,-2.34355,-0.54378,-1.53419,0.68491,-0.76821,-0.48382,-0.74678,-0.11976,1.64177,0.09803,-1.76666,-1.39438,-0.32501,-1.22061,-0.04815,0.94672,-1.43061,0.77187,-1.44307,-0.97203,1.0621,0.24802,-0.29481,2.76388,0.84291,-0.80341,-1.14481,1.52615,1.97629,0.11007,-0.0114,1.04204,-1.13951,-0.16535,-1.69151,-1.10466,0.47488,1.14137,-0.35122,-0.29839,0.82948,0.31253,-0.17199,-2.10596,-1.18563,-0.91835,-2.31918,-1.03925,2.25389,0.30831,3.04523,1.06295,1.18164,1.16328,0.15084,1.05892,-0.59334,0.3171,-0.90798,0.80743,-1.48159,-0.8126,-0.23602,0.33521,-1.39487,0.06542,1.15493,-0.89072,0.23817,0.15962,-1.20088,0.14094,1.04608,-0.42344,-0.64846,1
0.01317,-0.23645,-0.98215,0.12698,-0.79215,-0.72205,0.16754,1.38531,0.06724,-0.36589,0.78908,0.26637,-1.49239,-0.44363,-0.69124,-0.1191,0.1713,-1.35921,0.09058,1.73734,0.84082,0.07525,1.15692,0.81451,-0.60043,1.00412,1.27444,-0.86093,-0.32758,0.65969,-0.70806,1.49543,0.8285,0.91064,-0.85655,0.71646,-0.96822,-2.07024,-0.11287,-0.24974,0.35857,-0.01998,-0.36689,-1.20068,-0.2486,1.0874,-0.43698,1.39648,-1.00362,1.32586,-0.03738,-0.92368,0.75796,-1.68672,0.55654,0.20599,1.21353,-1.02256,-0.26566,-0.66241,-0.79034,1.32313,-0.28607,-0.95084,0.41377,0.26167,0.8924,-0.34542,1.20643,-0.86903,0.49925,-0.42973,0.62662,-0.66075,-0.43926,-0.95123,-0.29673,-1.57068,2.42412,-0.51967,-0.34092,1.25169,-0.53258,-1.0743,-0.86998,-1.68838,-0.57764,-0.25605,-0.06224,-1.33085,0.60541,0.71346,0.70683,-2.26118,-0.32168,0.70128,0.82514,0.59659,-1.70877,1.36638,-0.06754,0.46537,-1.3008,-0.52445,0.80446,0.25648,-1.0423,-0.18213,-1.00376,1.59139,1.05318,2.12173,0.04942,-1.05559,-1.2122,0.2618,1.95458,0.67655,0.17934,-0.7924,-0.28152,0.53282,-0.52696,1.28846,1.29602,0.90154,-0.08165,-1.39067,-0.29824,-0.68932,0.80483,0.85346,2.30897,-1.94219,0.97405,0.38107,-1.78989,0.78936,-0.70725,0.26221,0.18936,-0.18611,1.24406,1.05076,0.94761,-0.27025,1.01714,-1.6856,-0.16102,-1.24541,-0.3262,0.44769,0.63924,-1.37724,-0.11715,0.84891,0.29621,0.2301,-0.14912,-1.02085,-0.90532,-1.14806,-0.03247,-0.67273,1.00684,-0.07812,0.4192,-0.32547,0.4935,1.69707,0.34885,-0.13271,-1.31528,0.42117,1.13619,0.58058,-0.49809,-0.23553,0.46874,-0.64531,0
-1.72125,-0.44383,0.03651,0.30219,0.73792,0.49865,-1.61328,-1.1476,0.13736,1.10488,1.45174,0.15422,-0.15814,-0.84489,0.5159,-0.02212,-0.21254,2.58885,0.46542,1.72061,-0.35944,-0.96337,-0.02133,1.56884,-0.47533,1.87352,1.43974,-0.4246,0.54803,0.70328,-1.69681,-1.1275,0.42352,0.04103,1.44748,0.67489,-0.08419,-0.06813,-1.8501,-1.19082,-0.31319,-1.57025,-1.72911,0.40111,-0.74948,-0.73349,-0.66965,-0.86369,0.88616,1.66923,0.46382,0.70749,-0.78904,0.9306,0.45254,-1.48655,-0.05724,-1.26118,0.61683,-1.10722,0.53529,1.02104,-0.39213,1.37568,0.41769,-0.43622,-0.51253,0.50812,1.35194,1.0821,1.34198,0.86959,-0.15975,0.74511,2.60385,-1.23093,1.4551,-0.03519,0.60874,1.90223,-1.24841,0.30297,0.3527,-0.03999,0.995,0.3628,-0.49888,0.89818,-0.93889,-0.05074,-1.93599,-0.77946,-0.40657,-0.26657,1.50189,-1.3758,-0.17244,1.96371,1.12347,-2.24921,-1.94655,-1.63446,-1.41205,-0.23378,0.23952,-0.12146,0.76732,-0.14558,0.28828,0.99805,0.00781,-0.41289,-0.51462,0.44153,0.91785,0.38408,0.31947,-0.61784,0.96582,-0.05974,-0.1037,1.85086,0.12338,0.5078,0.40384,-1.02513,-0.21674,-1.84348,-1.49267,-0.55529,-0.14998,0.14651,-0.63197,0.47136,2.59772,0.11128,-0.3358,2.28101,0.86641,0.38519,-0.31592,1.3885,-1.11031,0.19849,-0.4785,1.21605,-0.40018,1.66552,0.88288,-0.81173,-0.73807,1.86058,2.48705,-0.59234,-0.4609,-1.91064,0.23592,0.27387,0.18002,-1.1393,1.15531,0.44198,-0.54909,0.22287,0.21471,0.89879,0.84792,-0.95056,-0.83411,1.58966,1.712,0.98107,1.50771,-1.3709,-0.22644,1.21985,0.79656,-0.00522,-0.43693,-0.71289,0
-0.37886,-1.10302,-2.02489,-0.17848,0.76956,-0.63301,-0.065,-1.18547,-0.15813,-0.83137,-0.15441,0.43626,-1.82998,-1.93931,-1.25184,-0.88335,1.00408,0.06949,0.67741,0.44507,-1.34503,-0.52489,0.52548,-0.72565,0.46897,-1.91983,1.45726,-1.26143,1.39733,-0.34647,-0.17195,0.54625,0.48284,1.42368,0.62638,1.45529,-0.78888,1.10273,-0.43316,-0.00277,-0.25515,0.07128,0.93267,-1.22943,0.2569,0.1416,-0.51845,0.94565,1.21426,-0.27299,0.37435,0.4746,1.34732,-0.05301,0.32579,0.99269,-0.2241,-0.42246,0.27853,-0.39109,0.74782,0.81921,-1.01455,1.09826,1.4129,1.1823,-0.7638,3.09866,0.0074,1.23461,0.52068,-0.61768,1.10733,0.43094,2.17567,0.73066,-0.43131,-0.83056,-1.33004,-1.378,-2.78541,-1.33038,-0.24532,-1.14187,0.58229,1.14523,-0.06063,-0.11196,1.43328,0.60972,-1.17535,-0.35206,-2.13942,-0.04372,0.26131,0.27766,0.1711,-0.48134,-0.7616,-0.10284,0.07706,-0.12494,0.57973,0.25043,0.31609,1.26112,-0.19159,-0.30342,1.4072,0.95677,0.15616,-1.29933,-0.90126,-1.99231,-0.29111,1.98715,-1.10069,-0.36615,-1.04565,-1.41259,0.7208,1.12128,0.55818,0.64358,0.98467,-0.88847,-0.50297,0.83241,1.23636,-1.42099,0.31289,-0.92399,0.27182,0.77753,-1.3565,-0.21305,-0.13916,0.16144,-1.52474,1.78707,0.2055,-0.24986,-0.31646,-0.00725,-0.61585,-0.59468,1.62829,-1.2152,-0.03562,0.11143,-1.28985,-0.03308,-0.91014,-0.81621,-0.3228,-0.08231,-0.13893,0.18547,-0.58996,-1.25037,1.69147,0.90068,0.09449,0.14276,-0.03707,0.90182,1.79558,-0.05712,0.35334,-0.50467,-2.97094,0.76817,1.20851,1.11496,0.69541,-1.50285,-1.53013,-1.49301,-0.90806,0.11959,0
-2.26243,-0.45143,-0.1915,-0.4666,0.81375,1.28965,0.77941,-0.523,1.03383,0.16449,-0.49221,-0.47143,0.09948,-0.24008,-1.91978,0.98699,0.85941,0.38566,-0.77572,-0.90002,2.7815,-0.22801,-0.95186,-0.66463,1.54496,0.79092,-0.1726,0.65632,2.35637,0.98253,0.20299,0.00078,0.66684,-0.34167,-1.18624,-0.43243,-0.29725,1.86629,1.04214,-1.02059,-0.87178,-0.73173,0.26478,-0.39318,0.26384,-0.62726,-0.27051,0.2389,-0.56308,0.08464,-0.42141,-0.08927,-1.49123,-1.52813,-2.54745,-1.11405,1.17781,-1.35214,1.13697,-0.0209,1.85931,0.91807,-0.48651,1.13005,-1.58893,0.16949,2.49019,1.13418,-0.2655,-0.10826,-0.18967,-0.61404,0.21195,0.32731,-0.34845,-1.84132,-0.65544,-0.75509,-0.97427,-1.59667,0.15716,-1.94421,0.94045,-0.46618,-0.93133,-1.24108,1.38455,-0.85257,0.20014,-1.21179,0.14351,1.7626,-1.17007,-0.13599,-1.76715,0.00345,0.69793,0.28792,0.13164,-0.16019,0.60424,0.73044,-0.46827,0.01261,0.02406,-0.89547,1.56046,0.21532,-0.24059,-0.01812,-2.17717,0.00522,0.33707,-0.8745,-0.84582,0.71338,0.55171,-0.18072,-0.8706,0.93432,-0.67046,0.47453,0.58837,0.89501,0.60003,-1.40666,-0.23804,0.72704,1.47091,-0.59894,2.20406,0.98115,-1.16159,0.6445,-2.26578,-0.56204,2.09107,0.48512,0.83664,1.25973,0.5901,-0.98509,0.59623,1.43739,-0.66171,-1.50407,0.84195,0.46699,0.24218,-1.90873,-0.02856,1.0308,0.24117,-0.17273,1.24069,-0.25295,0.92228,-2.38409,0.92587,-0.02934,0.46379,0.29745,0.4047,0.50301,0.89872,-1.31596,-0.12861,-0.17865,0.63882,0.05028,1.35901,0.62221,-0.37833,0.8765,-0.97954,0.59061,-0.0337,0.50033,-2.06969,-0.39509,0
-1.91958,-1.28087,-0.80809,0.24012,1.17784,-0.74898,0.00303,-0.81446,-0.98362,1.07368,0.62462,-0.40172,0.54755,0.10009,-0.14523,0.1509,-0.32331,1.68608,0.90854,2.77825,-0.82029,-0.0184,-1.81725,2.22304,2.57774,0.75877,0.47474,0.7772,0.74497,-0.21868,-0.99362,-1.07335,1.8649,-1.57922,-1.65041,0.30012,-0.46445,1.69884,-0.35553,1.41202,-0.65682,1.01391,-0.92065,-1.55016,0.62161,1.45483,-0.42443,0.1212,-0.40797,0.71118,0.24181,-0.22932,-0.0362,-0.96232,0.0232,0.34709,-0.58505,-0.19538,0.48732,2.11399,0.1311,-0.53812,0.70268,-0.75408,0.15509,0.57606,-0.17482,1.40563,-1.09568,0.88411,-1.40264,2.8065,-0.17746,0.22022,1.65357,0.6311,0.77036,0.41342,0.45568,1.41296,1.32533,0.17959,-0.48851,0.76176,0.19058,-0.06851,-1.24227,1.35601,0.49717,1.57583,-0.25709,-0.27499,-0.06033,-0.36996,0.70031,-0.18157,-2.95722,0.86136,-0.94439,-0.05789,0.55712,0.86012,0.13131,1.56641,-0.37103,1.36307,-0.56881,1.18974,-0.64425,-1.71912,1.31126,-0.29949,1.55453,-0.42541,-0.5598,-0.10309,-0.5169,1.45624,0.68362,-2.37268,-0.67473,-0.94458,-0.87907,-1.03014,0.4231,-0.17209,-1.62693,-1.77119,-1.06495,1.08168,-0.94731,0.48618,-0.4023,-1.5052,-0.25467,0.31053,-0.20899,-0.59168,1.4079,1.25682,1.10418,2.02843,-1.393,0.22963,-3.05839,-0.07586,-0.61524,-0.77702,0.79733,0.33839,-0.21531,0.57375,-0.35314,0.76605,1.1231,-0.22228,-0.11304,-1.2313,-0.485,0.08457,-0.22982,-0.37945,0.49669,-0.43433,-0.14829,0.48934,0.58906,0.04332,-0.33004,0.2413,-0.14954,-1.2229,-0.30795,-1.48856,0.3447,-1.4371,1.27466,-0.73754,-0.45547,-1.1698,0
-0.72478,-1.99249,1.90903,0.2954,-0.33856,1.04376,0.93953,-1.68057,0.79993,0.09895,-0.74638,-1.7631,-0.70794,0.20049,0.14634,0.65815,1.51765,1.71536,-0.95123,0.29569,0.57416,0.27803,-0.00311,2.14955,1.67843,-0.81645,1.46633,-0.15498,1.46851,0.70683,1.67681,-2.80035,-1.40074,0.03956,0.01526,-1.03406,-0.81257,0.40881,0.50296,-1.36885,0.25334,1.12474,-0.22571,-0.63941,-0.26616,-0.58744,0.2034,0.82132,0.32556,0.10811,-0.88871,1.26676,0.83691,1.95598,-1.10066,-0.4864,0.07716,0.73471,0.54984,-0.22161,-0.46068,0.08425,0.75382,0.98868,1.03111,-0.15502,-1.79265,-1.24556,1.26472,-0.60926,-0.44441,1.38692,0.32476,0.06062,2.0661,-2.49814,0.59021,-0.71676,1.78437,2.33434,0.75168,-1.28528,-0.23727,2.19473,0.01216,-0.18694,-0.15803,-1.48149,-0.78039,0.27695,1.44261,-1.4096,0.13037,-1.46272,-0.14314,0.57604,1.8512,-0.4754,0.41401,1.26027,-0.36616,-0.43943,0.5525,0.63723,-0.15408,-0.22744,0.8837,0.62742,0.68987,1.20953,-0.69569,-0.61281,-0.14772,0.01296,-0.04567,0.18079,2.13884,-0.06012,2.01254,-0.27385,1.43394,0.42397,-0.56356,-0.58822,-0.25352,-0.64247,-0.02903,0.62579,-0.35616,-0.87323,1.6726,1.06612,0.24362,-0.41355,-1.08561,1.80976,-0.14762,0.02041,-0.46228,0.05253,-0.54088,1.10296,0.31721,0.87996,-0.39603,-1.05446,-0.29733,0.87237,-0.58868,-1.40981,-0.74845,2.06271,0.49884,0.58114,-1.32644,-1.01211,0.04522,0.25069,-0.68941,-0.61414,-0.4571,-1.95289,-0.67241,-0.22972,-0.71315,0.92296,-0.9591,0.55093,0.32815,2.32812,-0.57004,-0.16939,-0.42665,-1.45883,1.56271,-1.40123,-0.82417,-0.68833,0.35846,-1.12039,1
-1.02873,-0.53673,-1.55466,0.0474,-1.32186,-0.40997,0.02965,-1.06612,0.40233,-0.67458,-0.71182,0.24928,1.14459,-1.60753,0.38386,-0.85865,0.43974,0.41529,0.22492,-0.40363,1.62723,1.09338,0.34893,-1.69145,-2.11676,-0.14054,-1.01579,-1.02822,0.44687,-0.07063,1.05682,-1.27858,-1.35552,1.40198,0.32244,0.31424,-1.444,-1.14901,-1.85337,0.8648,-1.62013,-1.92039,0.6849,-1.33568,-0.31418,-0.17607,-1.52175,1.80868,-0.55773,-1.33699,-0.80591,0.56484,-2.03085,-0.59209,1.20837,0.14355,0.43893,-0.24138,-0.8031,0.81215,-0.46428,-1.02591,-0.61072,1.01726,0.32751,-0.31184,-0.01671,-0.84619,0.07862,-0.45982,-0.73971,0.44293,-0.46722,2.0407,1.6019,-0.62895,0.03242,0.10926,1.00658,-0.79995,0.34544,-1.06272,0.98227,0.08183,1.65633,0.9376,0.95243,0.57162,-0.00749,0.20084,0.5948,-1.37162,-0.77547,-0.59313,-2.30086,0.28815,-0.26997,0.35269,-0.21793,0.49588,0.66042,-1.22138,1.32843,-1.47412,-1.70151,0.05084,-0.97444,0.0759,-1.37982,0.42416,-1.39376,-0.30882,0.34202,-0.58699,-0.58214,-0.26766,-0.55869,-1.26079,-0.31962,-0.35786,0.18751,-0.52687,1.70196,0.89716,2.7136,1.0238,-0.45306,0.81792,0.27709,-1.00744,-0.36783,0.06676,-1.18834,1.0344,-0.19296,-0.5041,0.98817,-0.17719,0.96636,-0.17394,1.00782,0.58524,-1.36969,-1.1784,-0.59777,-0.68372,-0.02918,1.69238,0.8484,-0.09851,-0.86777,-0.2914,0.85293,1.27816,-0.15616,-0.25476,0.31649,0.69885,0.79385,-0.63503,-0.61926,-1.72373,-0.54888,1.86013,1.17248,0.12659,0.9696,-2.4721,0.31144,-1.20391,0.39288,-1.32939,0.63691,1.46732,-0.75353,-0.39127,-0.06926,0.41684,0.84213,1.17365,1
2.27112,0.8446,-1.66522,-0.42241,0.76618,-0.84935,1.27908,0.72383,1.54111,0.3721,0.01854,2.80069,-1.63806,1.57231,0.25703,-1.61782,0.78863,-0.13969,0.54018,-0.13665,-0.06646,0.76074,1.07697,0.73638,0.94349,-1.01583,1.15566,0.3132,0.07141,-0.61558,1.01982,0.82582,0.47812,-0.59448,0.55266,-1.25951,0.34042,-0.95747,0.49419,-0.15524,-0.80818,0.95968,1.74756,-0.12358,0.975,0.36116,-0.44491,0.77522,-1.60629,0.30577,-0.01884,-0.3158,1.83093,0.45284,-1.85683,0.76174,-1.32819,-0.26855,0.41368,2.00986,1.70524,0.10655,-0.51608,0.66969,-0.72448,1.36056,0.09813,0.76738,0.37141,0.09899,-0.19546,0.83743,-1.37344,-0.3623,0.39036,-0.53892,-1.32533,0.36605,1.08464,0.58597,-0.51972,-2.20276,0.23868,-0.06281,0.99832,0.77006,-0.19242,1.70237,-1.20822,-0.17752,0.54894,-0.82339,-0.53694,1.84863,0.21285,0.16033,-0.07372,0.62381,-0.76807,-0.47258,1.2203,0.64657,-0.47351,-1.51563,-1.29752,-0.11124,-2.0165,-1.11104,1.31143,-0.34441,-0.60761,0.44641,-0.77487,-0.06225,0.71191,0.9447,-0.59116,1.46655,-1.89448,-0.43271,0.9313,0.14342,0.80287,2.26158,0.19034,-1.38751,-1.79062,-0.1651,-0.93095,0.92115,0.49372,-0.19648,0.22521,-0.23972,0.18076,-0.46049,0.35065,-1.52747,-1.17893,0.56839,0.69837,0.95467,1.09669,-0.2171,-0.45327,-0.25462,-0.51519,-0.87906,-0.16456,0.22029,-1.80351,-0.2965,1.18932,-1.63604,-0.47153,0.22307,1.14879,-0.05094,-1.93635,0.35157,-1.41823,0.90962,-0.93629,0.04058,0.46149,1.53727,0.85484,0.3051,1.06455,-0.32459,0.40561,1.42258,1.63197,0.02513,-2.02604,-0.6719,-0.10519,1.25436,-0.6014,0.20663,0
0.31245,1.16183,-0.72394,-1.31177,0.25388,-0.48134,-1.14016,-0.86798,-0.77727,0.39557,0.69669,1.67478,-0.21391,0.70892,-0.45645,0.20363,2.68375,0.48613,0.1721,-0.35429,-0.10152,-0.03288,1.60363,0.79313,-0.65901,0.493,-1.24403,1.21144,0.57923,0.00773,-0.36026,0.02524,-0.23644,-0.69791,1.2106,0.23828,-0.26782,0.07965,-0.6808,1.20764,0.4081,1.72585,-0.02098,0.41339,-0.32505,-0.38828,0.46303,0.70629,0.92708,0.67683,0.32219,-0.5461,1.07636,-1.29087,0.88984,-0.05806,0.56482,-1.18375,0.42665,-0.85297,0.73127,-0.35839,1.34549,-0.9501,0.62733,-0.27933,0.33658,0.58464,-0.57721,0.07466,-0.71652,-0.04288,0.1657,-0.18508,0.81383,0.80712,-2.08638,0.44482,0.3137,1.24993,-1.6431,-1.45973,1.00099,-0.18438,0.18232,-1.51845,2.12221,-0.92915,-0.94548,0.68486,1.19357,1.30985,0.39031,-1.02226,-1.04375,0.47835,-1.88219,0.93443,-0.56821,0.97332,1.26296,-0.8133,-0.62681,-0.76547,0.47771,-0.74225,-0.35995,0.01415,0.71361,-0.88119,-0.80695,0.75719,0.71634,-0.36837,0.36279,-2.05045,0.62803,-0.54026,0.50159,-0.0666,-1.62031,-1.01187,0.05522,0.89447,-1.9131,0.6388,1.67766,-0.49409,1.73771,0.88901,1.07876,0.10172,-0.60235,-1.12476,0.35125,-1.06809,-0.93838,-0.58731,-1.84067,1.75557,-0.78469,-0.21291,-0.39891,1.51047,0.62629,-0.65201,0.75432,0.59019,0.54315,-1.52333,-0.15071,0.88106,-1.29229,1.53145,-0.72226,-0.49298,-2.15117,-0.38326,-0.29756,0.9005,1.32434,-0.93187,1.18133,0.11078,-1.17849,0.52057,-0.21519,-2.11057,0.03407,-0.3726,-0.74471,-1.37584,-0.00631,-1.68828,-0.21035,-0.38618,-2.90976,1.03467,-2.16766,-0.2874,1
-0.49606,-2.28683,1.23974,0.16492,0.62313,-0.42935,-0.08074,0.1836,0.66506,0.06788,0.10942,-0.54293,-0.25732,2.00172,1.84412,-0.05711,1.02348,2.0725,1.71051,-1.67406,-0.8178,-1.034,-0.2071,0.79294,-1.04103,1.10602,0.30265,-1.3226,0.14677,0.63451,-0.42492,-0.99932,0.82538,0.40941,0.60444,0.11375,0.60027,-2.23144,-0.35939,-1.14552,-0.08352,-0.01657,-0.94092,0.99764,-0.73858,0.52681,0.107,-0.32394,-0.11546,0.11706,0.78757,-0.09255,-0.07008,-0.18303,1.08443,-1.08766,-0.07771,0.19801,-2.3107,1.74443,-0.98046,-0.01459,2.70435,1.40862,1.5264,-0.17983,0.64376,-0.85097,0.39425,-0.41314,0.70605,1.91848,-0.57329,0.18116,-0.10637,1.02542,-0.41294,-0.81228,-0.9049,-0.52463,1.73319,0.30154,0.20695,-0.34114,-0.29296,-0.82096,0.26846,0.173,-0.08359,0.02619,-0.9091,-0.54413,1.41039,0.16164,1.05548,0.3001,-0.29499,-0.78907,1.42797,-2.65283,-0.34097,-0.75287,0.82811,1.44355,-0.80775,-0.87448,0.30916,-0.01506,-0.38788,-1.25494,-0.0743,-0.2798,-1.67911,0.89595,-1.00165,0.5539,-0.93646,0.64755,-1.22532,-0.44641,-0.57229,0.66046,0.03699,-0.73333,-0.49843,0.33325,0.41935,-0.38334,-1.3222,1.11559,2.03447,0.53297,-1.50066,0.79061,0.60223,0.58288,-0.37071,-1.22687,-2.20453,-0.40033,1.07931,0.61318,1.18021,-0.65049,-1.16633,-0.55957,0.31612,-0.98465,0.30018,-1.09903,-0.56975,-0.30965,-1.6641,-1.5369,-0.61751,0.51969,0.81642,1.89395,-0.57964,1.18951,-0.2554,-0.05784,0.76137,0.20161,0.61586,-1.01246,-1.6191,1.63855,-0.44767,0.61317,-0.70306,0.01923,-1.00783,1.00147,-0.09181,-0.0471,-0.22415,-0.71894,-1.14665,0.08559,1
-1.81441,1.22551,0.04317,-0.42922,-0.16651,0.70223,0.11149,1.88573,0.22784,0.53437,-0.47217,0.64803,-0.76848,-0.66979,1.79918,0.66648,-0.75211,-0.29795,0.06597,-1.51675,-1.22409,0.41949,0.29601,-0.68914,2.27924,-0.54875,0.81058,-1.04761,-0.52078,-0.31071,-0.44027,0.09107,-0.26783,1.15661,-1.47311,1.08799,-0.62875,0.73496,-0.05234,0.15961,0.46784,0.48937,1.61065,1.06277,-1.49411,-0.30346,0.58347,-0.99813,-1.86073,-0.2203,-0.52426,-1.11243,0.23532,0.13632,-1.02715,0.73257,-0.67514,-0.90903,-1.17038,-0.58438,-0.31597,-0.55922,0.46497,-0.94069,0.77565,0.05309,-0.83692,0.90169,-0.27357,0.31055,-0.6825,0.04895,0.10865,0.30611,1.12302,0.95485,0.98391,0.36829,1.38658,-1.37691,-0.79096,0.70553,1.96497,0.26609,0.91321,0.37084,0.15685,0.02441,-1.08435,0.65866,1.53654,1.84785,-0.03184,-0.51827,-0.46676,-2.47943,-0.31598,-1.24761,-0.72119,0.80318,1.72178,-0.22291,0.71374,-1.30974,-0.21749,-1.681,-1.06668,-0.34732,-0.35402,-1.2682,2.07468,0.83891,0.07963,0.55031,0.1618,-1.51942,-1.08288,-1.06511,0.8727,-0.19072,-0.35146,-0.45543,1.86569,0.66359,0.23371,-0.40443,-0.03345,1.09448,0.49005,-0.42635,0.23869,1.00132,1.8901,0.91935,0.78511,-1.66008,-0.74591,-0.88851,-0.42698,-0.74422,-3.4257,0.06331,0.39517,-1.02078,1.76471,2.23122,-0.41847,-0.46431,1.03827,-1.21197,-1.49793,1.28752,-1.61553,0.32448,0.12326,-0.68748,0.08929,2.18713,-1.3461,-1.38431,-1.76105,-0.34321,-0.24557,0.18356,0.41172,-0.29176,0.24758,-0.0817,-0.07739,3.58254,0.44488,2.22279,1.35169,0.09117,0.06335,-1.20177,-0.21463,-2.23935,0.19866,2.07606,1
0.32367,-0.38438,-0.50116,-0.83309,-0.05565,0.93343,0.80713,-0.31783,0.57184,-1.97103,-0.47679,1.24984,-0.6453,-2.09949,0.06132,0.73262,-0.03905,-1.17669,-0.13065,-0.89411,-0.63209,-0.87169,0.76341,-1.57399,1.1577,-0.21001,-0.00013,2.01041,1.32254,0.5542,1.19926,-0.00101,0.65863,-0.89347,1.3248,-1.5591,1.47651,-0.87546,0.52418,0.09177,1.38144,0.91277,-0.1,-0.21236,0.08767,0.94001,0.15917,-0.54609,1.90623,0.42593,0.93622,0.07374,-0.06384,-0.77504,-1.24813,0.23707,-0.26974,-1.40175,1.12652,-1.95961,0.50438,-0.44073,-0.22516,-1.17319,-1.2589,-0.94555,0.30893,1.19532,0.23594,1.24632,0.27387,1.00383,-0.54375,-0.97116,1.33047,1.79629,-0.55722,-0.19294,0.48342,-0.86314,0.59322,-1.43508,-0.05436,0.86838,-0.1684,0.29781,-0.53116,0.78114,0.36546,0.7353,-0.96972,-1.00304,1.04397,1.16166,0.73432,0.28375,1.51382,1.50787,0.19141,1.0346,0.63429,-1.12832,1.97946,0.53755,0.22658,0.43842,-0.8939,-1.16687,-1.20873,1.20051,-0.4017,-0.56516,-0.71411,0.7275,-0.23169,0.35181,-1.9543,-1.09852,-0.25313,0.41414,1.28527,-0.85194,1.36588,-0.34507,2.45169,-0.44521,0.61489,-1.31139,1.28494,0.63862,-0.88785,-0.41121,1.03521,0.68085,0.20898,0.65776,0.59344,0.26394,-1.57381,-0.01641,-1.26922,1.37521,0.36686,-0.51717,-0.06372,1.23557,-0.89179,0.26935,0.02875,2.00466,-0.08343,-0.46216,-0.57872,0.47327,-0.66071,-0.12231,-0.09322,2.60511,1.13452,-0.06667,-0.09115,-1.1406,0.19062,0.03176,-1.00575,0.44671,1.75388,-0.64616,0.63765,1.41034,0.23817,-1.39909,-0.81463,0.55487,-0.74401,0.27206,3.1308,-1.34424,-1.60515,-0.78021,1
-0.35239,-0.56672,-0.44857,0.32209,0.11824,0.31429,-0.43611,-0.31736,0.05581,0.82663,-0.97377,0.17867,-1.50271,0.2966,2.53969,0.38567,0.56783,-0.67219,-0.26741,0.24502,0.26309,1.04403,-0.04657,-0.31787,-0.81829,0.3306,0.00224,-0.41582,1.94977,-0.3284,0.43772,-1.01383,-1.47963,-1.39674,0.84076,1.00048,0.57149,-0.25874,-0.8429,0.11322,0.49541,-0.98992,-0.9547,-0.90754,0.07104,0.26722,0.14212,0.12155,1.68907,-1.21844,1.03991,0.77399,0.22007,0.21689,-0.03202,0.37443,2.7725,0.00053,-0.31219,1.25153,0.42979,-0.22041,-0.65947,-0.3263,2.03262,0.77762,0.42922,0.16398,0.42312,-1.13247,1.7931,-1.21578,-0.1247,-0.65685,-0.29387,-1.32703,-0.81003,0.67185,0.7574,0.98818,1.58067,-0.14335,-0.98282,0.50456,0.58203,1.17381,-0.12207,0.79122,0.32669,1.25956,-0.05639,-1.55888,1.89049,-0.39738,-0.35176,-1.13094,-1.02941,-0.43638,0.37108,-1.66974,-2.01612,1.53043,0.38452,-0.28531,-0.05884,-1.25005,-1.36142,0.6955,-0.00445,-0.81601,0.33411,-0.08098,-0.36215,1.40999,-0.34603,-0.20734,-0.87223,0.82165,0.85657,-1.0783,1.42545,1.27003,0.33881,-1.07596,0.12478,1.68458,-0.20967,0.23798,-0.46275,1.09479,0.20349,0.2414,-1.42927,1.34944,-0.1325,0.09887,-0.99314,-0.33729,-0.44665,0.21149,0.05091,1.01498,-0.1684,1.02116,1.29801,0.66645,1.00126,-0.47512,0.62748,-0.70653,-0.87454,0.35976,0.64807,-1.00672,0.80146,0.01345,-0.05498,0.73581,0.77226,0.99031,0.25538,-0.23947,-2.09819,0.35719,-2.09959,0.20324,0.7172,0.24016,-1.71845,1.20068,0.35304,-0.76682,-0.50963,0.11791,1.69371,-0.76085,-0.15993,-1.17491,-0.96259,-0.4144,0
0.48569,-0.09547,-0.06403,1.82058,1.27068,-0.55704,-0.03515,-0.36046,-0.64702,1.51212,0.54594,1.43215,-2.1733,-0.28378,-1.50531,0.07727,0.15244,0.39999,1.04577,0.19809,-0.32174,-0.16941,0.40349,-0.57175,0.25375,-0.24535,-0.57587,-1.83559,-0.33188,-0.32969,0.44813,-0.83279,-0.77637,1.9386,0.52179,0.40735,-0.68797,-0.4827,1.66758,0.01192,0.19062,1.06309,-2.76576,-1.64582,-0.79014,-0.61484,0.7683,0.33721,-0.91695,1.62242,-0.35609,1.02562,-0.84475,0.71893,1.07546,0.90852,-0.13609,0.58785,-0.75493,0.24337,0.11689,-1.33869,-0.05959,0.73964,0.09749,-0.37361,-0.52135,0.10525,1.30541,2.51703,-0.7784,-0.1746,-0.27271,-0.29514,-1.10622,0.61989,-0.39425,0.97038,0.9649,-0.9303,1.81302,2.15272,2.27839,-0.34495,-0.64913,0.52203,0.97977,-0.04629,-0.87728,-0.78063,-0.76591,0.33157,-0.43541,1.15596,1.83107,-0.06454,1.13874,-1.05189,0.23846,-1.36951,-1.18698,-0.25363,0.17665,-0.11781,0.07281,-1.01647,0.30865,-0.19486,0.41872,0.24405,-0.2267,0.15703,0.3399,0.20896,0.12052,-0.50865,1.07478,0.12015,1.2308,-0.05836,0.63913,-1.4179,0.10385,1.6659,0.41532,0.526,-0.16028,-0.77166,0.12262,-0.95511,-0.24066,1.01964,0.17199,0.43241,-1.23322,-0.45647,-0.76526,-2.09395,-0.37299,0.12902,0.24632,-0.16084,0.97199,1.23733,1.49165,0.2632,-1.06852,1.81481,1.1863,-0.00246,0.0715,-1.59321,-1.20223,-1.71301,0.43228,0.02783,1.05388,-0.98665,-0.98958,-0.12387,0.73343,1.79956,0.89812,-0.42881,-1.33768,-0.82428,1.04216,-0.44149,2.54455,1.36472,0.91362,1.28508,0.12546,1.95311,-2.36388,0.29837,-0.11375,0.83204,-0.66264,0.32116,0
-0.39292,0.94625,0.20331,0.72055,-0.47868,0.45338,-1.33887,-0.00785,-0.23107,-0.13418,1.07916,-1.20503,-0.84173,-0.91525,-1.66053,0.12487,-0.95984,-0.42307,0.18021,0.35889,-0.2028,-0.53028,1.17599,-0.63894,-0.37638,1.17686,-0.19753,-0.45222,-0.85076,-0.50295,-1.50922,-1.06298,-1.12738,-0.35263,0.29051,0.39643,-0.04218,-0.58748,0.03027,0.76817,-1.05304,1.11585,1.46647,0.84394,-0.23941,1.4065,0.00405,0.65606,1.33862,0.80841,0.64466,-1.10723,-1.34114,-1.43034,0.90986,-0.6729,-1.38337,-0.75664,0.47867,-0.81291,1.59424,-0.89896,0.29249,-1.37921,-0.88724,0.6,-0.21132,2.01346,-0.15284,-1.76375,-0.98965,-1.08496,0.03039,-0.55172,-0.65182,0.22003,1.46645,0.28906,2.66302,-0.11457,-0.75585,-1.80029,1.54261,0.7834,0.35125,1.43476,-0.27278,-1.24793,0.41105,-0.25829,-0.51086,0.91596,-0.96448,-1.14795,-1.32415,1.95079,1.67787,-1.04052,-1.44119,2.0929,-0.04889,0.24407,-0.26238,0.93566,0.20062,-0.65564,-0.4501,0.42907,0.57365,-0.97801,-1.48521,-0.37144,-1.60833,-0.54278,1.48112,-0.87742,-0.36759,0.71766,0.64144,1.59508,2.34207,-0.05433,-1.41986,-0.1651,1.28015,-0.99431,-0.90726,-0.35252,-0.66519,-0.28474,2.20676,-0.57083,0.83867,-1.01268,-0.8977,0.50701,-1.14792,-0.66903,0.34219,-0.02663,0.49866,1.30555,2.16182,-1.42156,-0.23468,-0.51498,1.2177,-0.64216,-0.31346,0.44565,-1.87303,-1.88789,1.19273,-0.09275,0.24852,-1.10045,-1.47059,-0.68415,0.04645,-0.70236,-0.43811,1.55608,-1.28156,-1.09531,-0.28088,1.25167,0.89034,0.54181,0.48777,0.55289,-0.2194,0.05974,0.46564,1.17635,0.26638,0.00814,-0.66363,0.26988,-0.71205,0.43399,1
-1.17359,0.68843,0.6139,2.25438,-1.7233,0.71126,-0.32827,-2.25036,-0.80057,0.74347,2.01719,-1.26573,-1.3697,1.21444,0.51184,2.39829,-0.16687,-0.909,1.09036,1.53749,1.19827,-0.93275,-1.55434,-1.87369,1.16798,1.24723,-0.06671,-2.07753,0.5009,0.52014,0.48249,-1.92978,0.05294,-1.39454,-0.30302,-1.10471,-2.64291,0.8597,-0.6163,-1.18173,0.02348,0.10282,0.41756,-0.22262,-0.8921,1.38317,0.3964,-0.31223,1.05754,-1.22424,0.76414,0.7387,0.43313,-0.02509,3.03945,0.05978,-0.23194,-0.88005,1.4962,0.8393,0.96376,0.00331,1.28057,0.14549,0.45641,0.16097,-1.38659,1.09084,0.31423,0.87577,0.13868,0.85167,0.27327,-0.5308,0.59462,1.72759,0.55037,2.16154,0.55514,-0.3534,1.2933,-0.36665,-1.52437,-0.2001,0.69458,-0.70822,1.01202,0.92647,1.05497,1.51539,0.60947,-0.21377,0.91347,1.24256,1.39255,-0.57291,-0.15171,0.28219,0.20657,-0.13209,0.34273,-0.9212,0.01636,-0.22461,2.45947,1.08019,0.12524,-0.52051,-0.49032,-0.02506,0.28535,-0.01512,0.32269,1.32167,0.89822,-3.27728,-1.31946,-1.38922,1.34071,0.50512,-0.13141,-1.13468,0.01415,-2.65799,-0.88702,1.08036,0.40825,0.01417,0.79704,1.82986,1.01939,-3.28826,-1.18871,-0.92912,1.07597,-0.35004,0.37712,-0.32684,-0.37404,0.61323,0.99111,-0.61481,-0.71242,1.6408,0.18121,-0.17726,0.46576,0.52777,0.72341,0.2968,1.45925,-0.5275,-1.0059,-0.78193,1.07986,1.18029,1.97672,0.46514,-0.63723,-0.61967,0.95567,-2.14129,-1.33358,0.26112,-0.86504,-0.26735,0.16395,0.07528,-0.27021,-1.37269,-0.15141,0.12216,-0.91427,0.35484,0.1259,0.2332,-0.51671,-0.23953,-2.02323,1.09404,0
0.18992,1.97106,0.87351,-1.52936,1.53991,0.19103,-0.06889,-0.64189,0.03476,0.80534,-0.52761,-0.63664,-0.73673,-1.15607,0.45298,2.21631,0.02173,0.43255,-0.97706,-1.36784,-1.80516,0.44517,1.081,-3.01143,1.33311,-0.87954,0.78285,0.99932,0.37354,0.39814,-1.3891,1.04859,-2.70321,0.42651,-1.41532,0.26552,0.75095,-0.5322,0.15976,-1.54774,0.34381,-1.18677,0.52699,3.54497,0.76763,-3.12568,0.45809,0.90017,-0.80082,-2.09577,-0.69988,-0.01683,0.96462,-0.98271,0.70216,-0.13938,1.14284,-0.85841,0.78733,-0.23751,-0.60705,-0.1995,0.13311,-1.26218,0.74125,0.31416,-0.82837,-0.89326,-0.15973,1.35595,-0.26471,-1.30125,1.17065,0.24335,1.97003,2.07316,-0.60914,1.2544,0.59727,-1.24449,-0.97291,-0.45081,-1.38366,-0.1086,0.05996,0.16328,1.40205,-0.39866,0.81779,-0.46275,-0.34929,-0.53982,-0.97362,-0.86308,0.52204,0.93444,-0.48741,1.17308,-2.29032,-1.75503,0.69827,1.40117,-0.32141,-1.80413,0.11157,0.09105,0.69886,-0.18957,0.82312,-0.39713,-0.78741,0.62175,-2.34667,1.85581,-0.88839,0.57583,-0.26064,0.05501,-0.38634,-0.7577,0.20183,-2.1569,0.57083,-0.91435,-0.04868,-0.34655,0.69326,-0.45121,1.23748,0.81738,-0.37803,1.57202,-0.39724,0.27346,-0.53902,-1.22198,0.46744,0.56732,-1.59747,-0.10467,0.81053,0.53365,-1.67396,0.30379,-0.46495,-0.15982,0.54573,-0.71368,0.06664,0.52401,0.44501,-1.15439,0.64376,-0.71047,0.051,-1.09755,1.13574,0.96149,0.3836,-0.09939,0.23897,1.33991,1.70198,-1.10813,-0.06206,1.101,0.09957,-0.95671,-1.24285,0.858,0.4329,-1.46062,0.20361,0.38145,-0.24144,-0.20519,-1.53183,1.81207,-0.19853,0.30053,0
-1.74801,-1.23066,0.90464,-1.56913,-0.84101,-1.35439,-0.19741,0.50341,1.18314,-1.08666,0.40847,-0.07753,0.38359,0.68729,2.18994,-0.36299,0.39564,-0.08146,-0.61128,-1.13569,0.88565,-0.29712,0.86597,1.82922,0.5313,0.55787,0.03227,0.16047,-0.24711,0.13175,0.25286,-0.24341,1.00005,0.01473,-0.48067,1.1153,0.83487,-0.63313,0.39475,-0.5165,0.27329,-1.89065,-0.13594,0.116,0.34036,-0.81788,0.17777,-0.5153,1.89292,-0.845,0.64603,1.11416,0.20051,1.03476,0.21934,-1.31289,-2.20614,0.80717,1.25226,0.57171,0.16775,2.24878,-0.41002,1.554,0.80528,0.66983,-0.14644,-0.75552,-0.42718,0.45588,-0.05331,-0.28107,0.36252,0.35605,1.26033,0.43656,1.09059,-1.27839,-0.84145,-1.03411,-1.08534,-0.03769,-0.34613,-0.4432,-0.91051,1.3891,1.46375,-0.20236,1.60209,0.82544,-0.76876,0.27422,0.99837,-0.21079,-0.34589,1.21435,0.46051,-1.3792,1.05878,-0.22606,-0.20351,0.656,-0.69561,-0.0961,0.00258,-0.16517,-0.4563,-0.06066,-1.5269,-0.03782,0.57573,2.44502,0.50316,-0.62959,0.84448,-0.25403,-1.13178,-1.64162,-0.69705,-1.19621,0.07026,0.18269,-0.27526,-0.98678,-0.61955,-0.59227,0.38264,-0.81426,-2.52961,0.49744,-2.52328,1.0456,-0.7037,-2.09093,-0.51199,-0.33571,0.07091,-0.30471,-0.90214,-0.09781,-0.58558,2.20315,0.78051,1.07023,0.58151,0.04093,-0.69008,0.07389,0.61997,1.65119,0.80394,-2.86954,0.66472,-0.89073,-0.19228,0.11995,-0.59804,-0.01563,-0.41045,2.06086,-1.20732,-0.85599,0.09421,-0.16105,-0.32218,-0.98599,-1.52537,0.57343,-1.90703,-0.3471,0.50679,-1.66926,-2.13788,-0.36103,-1.36586,0.51843,0.22758,-1.61369,-1.13878,-1.20174,0
-0.92939,0.07382,0.42784,-1.56747,-0.11434,-0.94528,-0.12067,-0.69018,0.72385,-0.90407,1.47913,0.98801,-0.21752,-0.25359,0.31664,0.93727,-0.59631,1.334,-1.20939,1.59923,1.07069,-0.86696,1.5834,1.46477,0.69359,0.01007,-0.05271,-0.11996,0.3204,0.03856,0.36398,0.34332,0.78801,0.98477,-1.6663,-0.83366,1.74599,1.0033,1.09942,-0.67194,1.81785,1.41271,-1.74091,-0.13259,0.48479,-1.2903,0.14192,-0.26061,-1.24174,0.10295,-0.87577,-1.38508,-0.25809,0.95793,-0.21726,-0.80752,1.52243,1.88531,1.26818,-0.55334,-0.8,-2.11557,-0.11825,-1.26567,0.66726,-0.20226,1.24409,1.5668,0.96617,2.56323,0.56012,0.03013,1.55632,-0.15216,-0.02347,0.74921,0.26765,0.74032,0.8566,-0.29126,-0.69635,0.44294,0.71605,-1.30468,1.48305,-2.39292,-0.30581,-0.68559,0.01663,-0.63776,0.09916,-0.24514,-0.40628,-0.21199,-0.64298,-1.35004,-0.43824,0.51395,2.70762,-1.183,-0.27611,0.47642,-0.7226,0.36659,0.39257,-0.78646,1.64021,-0.07423,0.84107,-2.20978,0.63725,-0.51086,0.02084,-1.06585,-0.97306,-1.42107,0.87769,-0.18358,-1.54728,-0.2378,1.64816,0.55512,-1.52768,0.10618,0.1994,0.16521,0.03658,-0.80478,-0.57391,-0.31014,0.24474,0.63473,-0.42877,0.81787,1.21284,0.47275,0.71891,0.54334,2.84263,-0.74257,0.18252,0.72846,0.39078,-1.00146,0.15059,1.19112,-0.71272,-1.05992,-1.11086,1.22298,-1.5679,0.74409,-1.25166,-1.60531,0.897,-0.70927,3.28935,0.2283,0.06768,-1.49648,1.41657,-0.41608,0.77753,-0.50372,0.12968,0.91396,0.2357,0.55414,0.22026,0.27148,0.06728,-0.5646,-1.32993,-0.54051,0.22147,2.05803,0.11098,-0.15234,-1.64894,1.41717,1
-0.50176,-0.393,-0.02467,1.7423,-2.10372,0.11757,-0.39148,-0.07695,-0.64743,-0.39038,-1.16101,-0.84023,-2.67397,-1.00075,-0.67969,-0.87459,0.0429,-0.3168,0.39353,0.22755,-0.9017,-1.54204,0.99272,-2.34,1.56998,0.98039,0.90671,0.56959,0.46748,0.99042,0.44309,0.1195,-1.79486,0.46183,1.17769,-0.35892,1.62004,-1.54173,0.60494,1.29257,-1.47222,-0.34794,0.74029,-2.27693,1.32806,-0.86805,0.87231,-0.48056,1.91563,-0.48123,0.01608,0.6044,0.13968,-0.69696,-0.47464,0.50224,0.44887,-2.20906,-0.70632,1.27452,1.01841,-0.61574,1.31384,-0.66018,-0.60136,-0.17516,0.9582,-0.69515,0.63775,-0.11469,1.56738,0.42883,1.05437,0.19727,-1.15858,1.01187,2.41865,-1.04968,0.62289,0.68842,0.52381,-0.7438,0.16871,-0.96345,-0.65874,-0.26322,-0.58018,0.33524,-2.29049,-0.97449,-0.78291,0.59836,-0.68394,2.15718,0.08907,-0.22053,1.34262,-0.04191,-0.61675,-0.52428,-0.53019,1.92927,1.27216,0.6207,-0.47267,1.10169,0.90268,0.6613,0.75811,0.97243,-0.15665,0.6385,0.61561,-0.39527,0.20095,-1.66053,0.04088,0.28327,0.80789,-0.11341,0.3077,-0.46644,-0.32635,-0.80291,-0.59523,0.18165,-0.69468,0.04277,-1.09525,0.36826,0.79804,-2.75681,-0.23757,-0.24295,1.54277,-1.37264,0.27205,-0.66075,0.83637,-0.33825,-1.65882,0.94716,0.69007,0.21831,-0.76819,-0.26716,0.76418,1.0929,-1.89155,-0.01726,0.06364,0.38837,0.8398,0.69024,0.66795,0.35657,1.4903,0.46992,2.07314,1.92522,1.00445,0.8217,0.13649,-1.42439,0.01637,-1.07388,-0.61188,-0.84247,1.04271,-0.48614,-0.33576,1.29358,-1.06796,0.79398,-0.21515,0.846,1.13673,0.60446,-2.374,-0.39475,0
0.45666,0.2416,-0.43295,-0.49416,-1.47568,-0.88477,-1.59791,-0.92809,0.55527,-1.07672,0.27542,-0.84961,-1.19517,1.26951,0.03304,1.17217,-0.27572,-1.37161,-1.57489,-0.27327,0.04511,0.89645,-0.54351,0.45278,-1.25203,0.78645,0.07631,-0.58567,-0.65994,1.49149,0.31274,-0.23373,0.3686,0.68055,1.74258,-0.3625,-0.62917,-0.20721,-1.23436,-0.35703,-0.26854,0.84061,0.27152,-1.93076,0.02074,0.60411,0.16956,-2.08865,-0.24059,-0.23443,0.09518,-0.39108,-0.8758,-0.76969,0.26181,0.56864,0.90182,-0.38767,0.72054,1.06653,0.39248,0.71042,-1.53581,-0.21605,0.2167,0.84882,1.55858,0.87233,0.53602,0.86773,0.27672,0.43656,1.37992,-1.28723,0.19228,-0.44279,1.51479,-0.83762,-1.69151,1.18049,0.0131,0.48239,0.43277,0.5622,0.67056,-0.57462,0.88362,0.02711,1.27723,1.22816,-0.99401,1.21592,0.39868,1.10077,-1.16759,0.54823,-0.61504,0.48664,-0.80972,-0.10292,0.40023,0.20952,1.1358,0.70746,1.01992,1.14175,0.78626,0.06675,1.5315,0.36675,0.42432,-0.03389,-0.75182,1.55156,1.21038,0.79796,0.55268,0.35605,-0.1864,-0.72635,-0.45644,-1.07115,0.66861,0.62662,-1.46888,0.44625,-0.46172,0.07367,0.15158,-0.19897,0.91758,0.39522,0.68154,-0.07185,0.3501,-1.15924,-0.01331,0.4785,1.53118,-0.25922,-0.05077,1.55451,0.63823,0.95019,0.38337,-0.30854,-0.48597,0.78472,-1.20535,0.28384,0.14387,-0.07699,-0.32293,0.68042,-2.11475,-1.01464,-0.63352,-0.13969,-0.18061,-0.21277,-0.65498,-0.98432,-1.50158,1.40078,-1.12507,1.51015,0.25346,1.0985,-0.44598,-0.4685,-1.57868,0.46123,-1.66678,-0.22659,-0.30042,0.19109,1.23128,0.86455,-1.14237,-1.68896,0
1.32478,0.36479,-0.44979,-1.51435,-0.10231,-0.82541,0.98105,0.0498,-1.03244,1.11134,0.23401,-0.14176,-0.25604,1.3327,-0.51901,1.03024,1.06336,0.39865,1.34593,0.92962,-0.25322,0.1093,-0.0268,-0.85463,-2.13586,-1.60416,-0.5529,0.89928,1.74852,-0.39999,-0.79752,-0.24755,-0.33135,1.13633,0.38812,-0.41965,1.71906,-0.15857,-1.51179,0.92178,-0.2586,-0.40557,0.63125,0.49095,0.7134,0.02684,0.58918,-0.07469,1.04955,-1.03198,0.42618,-0.06405,-0.10027,-2.13272,1.14609,-0.20589,-0.51532,-0.83161,1.76411,-0.62033,0.93146,-0.12524,0.11593,1.00382,1.59522,-1.70991,1.44705,-1.14373,1.04467,1.28631,0.92312,-1.13195,-1.54718,1.52526,-0.98325,-0.40563,1.50648,1.99758,0.20726,1.31043,-0.05814,1.01034,-0.00937,1.46925,0.34751,0.80386,-0.50317,0.79733,-1.846,-0.45364,1.11095,-0.2841,0.81234,-0.18036,-0.76151,-0.80319,-0.12072,-2.57085,-0.53611,0.14508,0.31407,0.0348,0.23576,0.22511,-0.29382,-1.33314,-0.70992,0.89762,-1.58226,1.37897,0.25945,-1.11136,0.77021,0.84408,0.73073,-0.76277,0.7012,-0.62182,0.78882,0.20859,0.26687,-0.34001,-0.1885,-1.39398,0.74861,0.87961,-0.31474,-0.91271,1.16004,-0.84117,0.02745,-1.07618,0.05736,-0.37302,-1.22556,-1.42256,-0.78398,0.8542,0.99927,1.3438,0.08952,0.92376,0.11824,1.09692,-1.5409,0.96671,0.58253,1.93264,0.08759,-0.36901,0.50716,-0.5578,-1.31749,-0.40135,1.06278,0.13361,-1.16758,1.27079,1.28249,0.57251,-0.57971,1.24964,-1.28478,0.59606,1.10192,-0.8397,0.17614,-1.38844,0.14788,0.34881,1.08293,-0.19934,0.09712,1.13245,-0.10986,-0.63666,-1.20072,-0.91843,-0.25566,-0.2793,1
-0.36239,1.0209,-1.13387,0.16791,-0.33787,-0.17849,0.00252,2.1079,1.23905,0.57154,-0.12779,-0.2242,-0.84559,0.22915,0.22229,-0.57216,-0.43163,0.17108,-0.23568,-1.65716,1.85336,0.49534,0.13188,-1.42802,0.68899,-1.14314,-0.74744,-0.19461,1.06113,-0.82729,-0.73567,0.52124,-0.768,-1.00735,0.9455,-0.05444,-0.4797,1.18749,2.37891,0.11037,0.11948,-0.3138,0.43645,0.55273,-0.66054,-0.03984,0.67392,0.93435,-1.30675,-0.84737,-0.48133,0.26414,-0.5815,2.17145,-2.0316,0.35909,-1.39472,-1.66536,-2.36467,0.10392,-0.05392,-0.69772,0.59257,1.43496,-1.36511,-2.10301,0.24009,0.12375,-1.10319,-1.62938,0.22927,1.42382,-1.58384,0.86825,0.31044,-0.5337,0.09067,-0.64626,1.29772,-0.47264,-0.01519,0.43178,-2.44482,-0.14623,3.69289,-1.23637,0.69215,0.16243,0.46353,-0.78588,0.32823,0.69267,-0.66634,1.84313,0.65908,0.01304,1.70883,-0.0544,0.87753,-0.85079,0.90834,-1.01553,-1.05968,0.34788,-1.40039,2.132,0.40238,0.26326,-0.91561,-1.54385,0.39244,0.28737,0.98838,0.0826,-2.60759,2.28967,-1.36143,0.92226,0.81019,-0.39604,0.0977,1.1099,0.47012,-0.44252,0.31872,-0.393,-0.18539,-0.64538,0.41463,0.54323,-0.5063,-0.20136,-0.5152,0.06394,-0.06449,0.08259,-0.60003,-0.01972,-1.56737,0.56498,0.40921,-1.28152,0.46595,-0.15087,-0.57705,-1.23763,2.38454,0.14226,-0.23993,1.04959,0.6135,1.12501,0.05082,-0.19385,1.15755,-1.11651,-1.09844,-0.40274,1.06264,1.27153,0.68582,0.27298,0.82265,-0.57687,-1.1394,-0.6947,-0.71549,0.80423,-0.4875,0.90202,-0.69632,0.57198,-1.09851,0.82663,0.28437,-0.41551,-1.83689,0.54452,0.35489,0.8893,1
0.01993,0.57727,-0.55394,-0.01528,0.40626,1.59813,-0.48795,-1.50585,-1.6415,-1.1956,0.17845,-0.03963,-0.81375,1.14603,-0.77858,-0.55104,-0.43966,1.00779,-0.59004,0.64075,-0.14058,-0.05291,1.47194,1.58089,-0.31553,0.91046,-0.30868,0.6406,0.63289,-1.64284,0.2577,2.49768,-0.56304,-0.24502,1.34596,-0.85307,-1.75602,0.31912,0.38046,-0.6796,1.5932,0.0682,-1.41871,1.82474,0.19985,-0.09909,-0.84719,-0.75551,0.75239,0.12367,0.34287,1.55042,0.41984,1.03784,-1.13114,-0.53868,0.79289,0.14783,-0.1148,0.91234,0.15232,0.04407,0.23168,0.48472,-0.36314,1.05195,0.56565,0.41011,-0.08586,0.31888,-0.04583,0.39786,-1.90893,-0.46379,1.08635,0.00877,-0.06868,0.80489,-0.17252,-1.96526,1.83938,0.30125,-1.41231,0.19017,-0.29343,-0.12647,-1.49932,-0.41096,0.03265,-0.47469,-0.59849,-3.02589,0.81969,1.38781,1.54826,-0.7974,-2.33144,-0.90663,-0.64904,-0.41782,1.77985,-1.06761,0.79634,0.45777,0.81044,0.7175,-0.10828,-0.77583,0.12524,-1.29462,-0.90449,1.80517,0.16306,-1.59761,-0.10928,0.06642,1.19484,1.14507,-0.35826,-0.35448,0.54414,-1.03688,-0.71536,0.94041,-0.52473,-0.92009,-0.33519,1.20672,-0.47138,-0.22652,0.18502,-0.41518,-1.00564,1.14368,0.39363,-1.25147,-2.25679,0.44733,0.81129,-0.36272,-0.4335,0.68934,-2.40542,-1.07275,-0.69698,-0.99166,-0.69207,0.98533,1.05109,0.98599,-0.65659,-0.78011,1.02914,-1.10016,0.07918,-0.26106,1.2795,1.41741,0.43434,-0.51941,0.92023,-0.592,0.90017,1.64426,-0.38309,-0.86937,-1.15842,1.81729,0.04746,0.21956,-2.12052,-1.15554,0.76652,0.89107,1.44572,2.22189,0.2912,0.98559,-1.50283,0.74459,0
0.93325,-1.11861,0.18879,1.41344,-0.2437,-1.25184,1.67104,1.1576,0.2397,0.5803,1.23975,-0.80203,-1.29254,-1.48077,1.46722,-1.73543,-0.98835,0.87485,-0.44383,-1.05433,0.41423,0.57815,-0.38125,0.22942,-1.20366,-0.74687,1.07355,-0.11034,0.53533,1.3807,1.10239,-0.376,1.18241,1.69123,-0.49609,0.66449,-0.28784,-0.71992,-0.52365,-1.20983,0.16341,0.19406,0.63716,-0.62831,0.06057,0.0454,0.52484,1.4085,0.78873,-1.48272,0.60942,-2.02493,-0.41083,0.42106,-0.74081,-0.4038,-0.68992,-1.28453,1.25263,1.55834,-0.43802,0.39194,-0.24754,0.03531,0.50145,0.06757,0.84338,0.85813,1.16087,0.01855,0.09953,1.30694,-0.34506,-2.7131,-0.04448,1.69322,0.26824,2.30973,0.19103,0.58962,-0.46839,-0.97486,0.7786,-1.15966,0.76283,0.51417,-2.20699,-0.74978,-0.67667,-0.40278,-0.67096,1.6984,-0.05015,-1.06893,1.21604,-1.06951,-0.9269,-0.33935,0.18368,0.36218,-0.75898,-1.88735,-1.16804,0.18219,-0.40381,1.19186,0.5884,2.13401,0.55845,0.23317,-1.20267,-0.33588,0.29393,-0.67986,0.24511,-0.22259,-0.51363,1.89388,1.29923,-0.22578,0.79833,-0.77185,-3.70981,-0.75808,-1.22306,0.23685,0.42893,1.04555,0.56354,0.28576,-0.95976,-0.14442,0.96291,1.72957,-0.79483,-0.35236,-0.3949,-0.45337,-0.19515,1.17561,-0.07347,-1.20869,-0.49034,-0.11587,-0.75764,-0.40237,0.23606,0.89677,0.84296,-0.4797,0.06964,-0.01318,-0.62842,-1.71522,1.21947,1.6432,-0.56163,-1.42327,1.5129,-0.87131,-0.51798,2.39338,0.07303,0.05666,-0.6949,-0.17792,-1.67447,-2.03131,-0.97552,1.21537,2.16311,-0.04421,-0.43892,0.6372,0.92426,-0.58908,0.19656,-1.10125,-0.0509,-1.02728,0
-1.0762,-0.43443,0.72418,-1.62676,-1.19724,0.9857,-0.72494,-0.03532,0.4106,0.64348,0.43648,-1.21256,-0.28416,-1.74724,1.63784,1.06609,0.95564,0.29486,-0.23277,0.10367,1.27782,1.15891,0.76022,0.17705,-0.93216,0.99692,-1.2402,-0.91668,0.41148,-0.95223,1.4845,0.30353,0.36393,0.88588,1.0634,-0.17968,-1.32891,-0.94353,-0.74468,0.27887,2.34775,-1.11973,0.25824,0.63272,-0.34345,-1.70749,0.73096,0.09713,-0.81368,-0.77369,1.16473,0.35814,1.03215,-0.69955,1.88394,-0.88938,-1.73219,-0.48769,-0.47424,0.98356,0.29172,-0.11833,-0.59273,0.83789,-0.75181,-1.81894,0.42944,-0.07999,0.57551,-0.58046,2.707,0.36708,1.95604,-0.27382,1.18897,-1.03666,-1.4991,1.45306,0.21833,-1.51943,0.76719,0.02336,-1.45224,0.34512,0.98676,2.37627,-0.11028,-0.77151,-0.08814,-1.10644,1.31101,0.69875,0.6266,0.29414,-0.35883,-1.21537,-0.14793,-0.85559,0.53292,-0.41189,-0.72466,0.68395,-0.55968,-0.80536,0.68241,-0.18221,2.49635,-1.34761,2.47055,-2.1115,0.10681,0.67885,-1.20626,-0.55043,1.07875,0.74862,2.73507,-0.89909,-0.65111,1.07134,-0.98829,0.17312,-1.2357,-0.96585,0.45571,1.39092,0.0294,2.37255,-0.32618,-0.22567,-1.14504,-0.24426,1.09769,0.1367,0.6107,0.49667,-0.60225,0.05046,0.61963,0.96461,-0.13786,0.26514,0.90186,-0.02458,0.34303,0.78729,0.36639,-1.27591,0.45822,-0.45005,0.29151,1.28086,-0.25211,-2.90313,1.45403,-0.31501,-0.48901,-0.4496,-1.22161,1.9949,-0.9656,-0.34741,-0.76936,-0.77545,0.08218,1.90167,-0.01863,0.41631,1.66653,0.35487,-0.15996,0.32786,0.21491,0.01076,0.24471,-0.08929,-0.44347,0.75747,-0.27957,-1.99272,1
-0.51692,0.21884,0.24489,-0.63796,0.35635,0.01848,0.33855,-1.00774,2.28994,0.43681,-1.88472,-0.24282,-0.31782,0.58037,-0.46044,-0.35547,-0.15229,-1.6614,0.19708,0.78097,-0.36552,-0.2489,0.85214,-0.52191,-0.35921,-1.9124,-1.11147,-2.70826,1.04382,-0.037,-0.46175,-0.41145,-1.38231,-0.2388,-1.20782,0.34569,0.90403,0.83704,0.28105,0.14976,2.77169,-1.42182,-0.95784,0.02272,0.70043,0.28116,0.78048,-0.58485,-0.95104,-0.64852,0.14701,0.8616,0.43504,-1.85853,-0.05716,-1.63499,0.78338,0.74797,0.3359,-1.08334,-1.46556,1.36766,-1.87437,-0.49042,-0.35913,0.93282,-1.14046,-1.19875,0.34645,-0.1352,1.23256,-0.95359,1.59046,0.77167,-0.53733,0.64252,-1.03326,1.00843,-0.76808,-1.14511,1.0758,0.00893,1.07958,0.09421,1.23342,1.04965,-0.97432,-0.61027,-0.22263,-1.23483,-1.00121,0.46818,0.52976,-1.06357,1.06778,2.63921,0.86504,-1.84965,0.75882,1.05127,-1.36355,0.05809,0.84549,0.52407,-0.12773,0.30504,0.96746,0.87272,-1.14246,1.31254,0.02794,-1.13914,0.56412,0.70176,-0.34312,1.04058,-1.29669,-0.83394,-0.43606,2.40237,-1.42344,2.20096,0.50715,-0.47669,0.54525,-0.04383,-0.77661,1.22684,0.41025,-1.26923,-0.83325,0.56605,1.19537,-0.29318,-0.42307,0.52814,-0.15067,-0.21405,1.07687,-0.97719,-0.33117,-0.11923,0.6602,0.14887,0.88673,0.74581,0.63539,0.75504,0.10175,2.42538,-0.79092,0.62553,-0.13454,-0.43342,-0.40833,-0.04099,0.29323,1.89062,1.07173,1.20718,1.71516,0.4706,0.34088,-1.83327,-0.01336,-1.73033,-0.22621,0.0682,-2.2464,1.05307,1.5418,0.0121,-0.12323,0.87667,-1.32937,-0.54136,-1.12831,0.88554,0.16945,1.28582,1
-1.64539,1.88779,-0.06314,-1.70449,-1.64526,-2.28521,-1.09058,0.47572,0.08812,-1.00484,0.82058,0.60837,-1.15339,0.42135,-1.36295,-0.13239,-0.29317,-0.014,0.13374,0.1086,0.30471,0.46317,0.20326,-0.00413,0.20765,-0.20726,0.79277,0.40513,1.44338,0.18791,-0.92061,0.90498,-1.25144,1.12809,1.06574,0.032,-0.64593,-0.14198,-0.3981,-0.07442,0.84525,0.86093,-0.71023,1.02751,-0.90275,-0.63123,-2.00113,-1.17398,1.31508,0.13719,-0.61797,-0.6126,0.79666,1.53017,-0.08966,-1.94606,-1.23424,-2.07405,-1.09764,-1.49853,-1.28485,0.30252,-0.69485,-1.1125,0.90503,-1.27169,-0.50977,0.05491,1.85752,0.17734,0.15849,0.59198,1.45295,-0.68153,-0.11571,-1.28056,1.0736,-0.78749,-0.27163,0.9278,-2.00744,-0.17632,-0.41505,1.01387,0.01412,1.02892,1.18419,-0.55173,-1.53233,3.03321,-1.27019,1.06831,-1.09481,1.34574,0.21643,-1.39034,-0.4799,0.60885,-1.32212,0.4328,0.60899,0.14022,-1.08053,1.1586,0.33683,-0.65939,0.60341,0.91586,-1.11445,-0.64165,1.4251,-0.35641,-0.00322,-1.11352,-0.48044,-0.05916,-0.60986,-2.46483,0.24303,1.47883,0.94195,0.48475,-0.31179,-0.25613,1.10953,-0.73314,-0.82715,0.1053,0.24255,0.72267,-2.42114,-1.50059,-0.62549,-1.48294,-1.32089,1.60637,0.39146,0.52866,1.29537,0.30211,-0.52286,-1.15927,-1.93668,1.35875,-0.06664,0.99236,-0.40846,-0.70744,1.16164,1.94377,0.49026,0.21664,-1.2272,0.72084,1.52305,2.1508,-1.23354,0.78368,-1.86705,0.25224,-1.04068,-0.62005,0.68284,-1.42098,2.21681,-0.10426,0.01887,1.85802,-0.60292,-0.54458,1.56357,0.67108,-1.4312,2.5088,-1.96348,-0.70657,1.09118,1.54297,-0.30892,0.50363,1
1.51539,-0.22667,-1.01954,-0.45207,-0.00491,-0.19491,0.66477,0.05642,-1.10112,0.0163,-1.27077,-0.66197,0.68106,-0.5116,1.14541,-0.78999,0.7014,-0.13138,1.56916,-1.48645,2.50236,0.98596,-1.50325,-0.00398,-0.30923,0.28683,-2.1048,-0.08011,-0.18147,3.00039,0.41454,1.25236,2.01083,-1.78224,-0.76528,-0.77914,0.79682,-1.34552,-0.59434,0.47075,0.21794,1.97809,-1.75384,1.82285,0.85382,0.75303,-1.61613,-1.29015,-1.51924,0.22661,0.10753,-1.1449,1.29588,-0.45975,1.0783,0.90432,-1.19537,-1.69708,0.31722,0.40317,-0.37744,0.14195,-0.32829,-0.02945,1.28216,1.18918,-2.02734,0.63411,0.3272,-0.31233,0.75046,-0.60821,2.13362,-0.79039,0.28727,0.47545,-1.63495,0.46391,1.56033,0.30951,0.5904,0.87,-0.30133,-1.66402,0.62154,-2.26038,2.68096,1.9052,0.68223,0.45147,0.41338,0.1153,-0.20357,0.5331,-0.05047,-0.07125,-1.09919,-1.05129,0.51562,0.40075,-1.31466,-0.01356,0.37634,0.31246,0.79154,-0.29589,-0.91686,0.23367,-0.50219,0.37491,-0.58785,-0.77339,-0.7634,0.66694,-0.94476,1.43584,0.42703,1.55341,-0.90695,-0.33867,0.77315,1.85871,2.16563,-1.67996,-0.59379,0.94515,1.11554,0.94851,-0.50849,-0.0567,-0.60842,1.18521,0.13672,-0.02042,1.73585,-0.38114,-0.50449,-0.4444,-0.31178,-1.34901,-1.54009,-0.12795,0.37663,-1.06035,-1.47796,-0.92965,-0.77129,-0.41312,-0.38486,-1.20548,0.17397,-0.92619,-1.30186,-1.17243,-0.72461,-0.8725,-1.3307,-1.1385,1.49517,3.17602,0.4942,0.44704,0.67809,0.51011,-1.97566,0.03882,-0.03366,0.07533,-0.39189,-0.81808,1.79023,-0.51644,1.69355,-1.33183,0.73102,-0.51527,1.14936,1.32917,0.69433,0.84555,1
-0.53399,-0.19085,-0.28614,-1.03644,-0.65244,0.91371,0.32457,0.32091,0.38463,-0.56701,-1.098,0.26999,-0.35161,-0.25406,0.95069,-2.48486,-1.03991,-0.00859,-0.39021,-0.54238,0.09121,1.62768,-0.37812,0.284,1.15975,-0.77506,0.05527,0.30226,0.38792,1.59591,-0.81243,-0.41288,1.23178,-0.78225,0.44111,-1.26489,1.75374,1.72208,-1.27728,0.12082,-0.53671,-1.95004,-1.58446,-0.00957,-1.70151,1.39819,-1.42691,1.29285,-0.11571,-0.8445,1.51645,-0.83675,-1.54337,0.17913,1.27665,-0.70239,-1.33095,1.85907,0.54803,-0.19221,-1.59523,0.42224,-1.60093,-1.3001,1.26931,-2.97662,-1.64547,-0.5817,-1.23064,0.56409,0.68094,1.83378,-2.1327,0.32117,-1.18463,0.48503,-2.94254,-0.34391,0.0039,1.81649,0.67688,1.16095,-0.08852,0.78556,0.43563,1.31964,-1.35049,0.12377,-0.19856,1.74324,-0.77288,1.28667,-1.92964,0.69589,1.53903,-1.52386,-0.21179,-0.82312,-2.02985,0.25927,0.13255,-0.51601,-0.53039,0.21714,-0.78575,0.07671,0.10838,-1.4096,0.34157,0.31344,-2.05643,-0.29529,-0.81628,-0.76453,-1.07652,-0.85631,0.11208,1.66115,0.73367,0.12405,0.80196,-0.43378,0.51471,2.3527,-0.24722,1.48949,-0.58935,0.16942,0.03851,-0.04954,-0.28935,-1.04161,0.16736,-0.03985,-1.15103,-0.99542,0.02258,0.42108,0.68857,-0.2583,0.972,1.261,0.35312,1.72676,-0.04646,1.26515,-0.30596,0.57639,1.4036,0.58777,-1.06337,0.11306,0.39519,1.07537,-0.4204,-0.08102,-0.47207,0.02861,0.86758,0.15544,0.72962,-0.99162,-0.33267,-0.55925,1.60974,-0.76399,-0.85518,-1.20001,1.61262,0.22794,-0.60079,-1.91387,-0.17775,-0.50355,-1.08212,-0.30968,0.38788,-0.57037,0.9868,0.04115,0
-0.61417,2.11305,-0.01791,-1.43734,-1.57218,1.37818,0.26389,1.52067,-2.73276,-0.89996,0.47075,1.90356,-1.22019,1.78967,-1.17479,-0.83712,-0.48694,-0.34125,-0.49999,0.04086,0.61297,-0.78985,-0.08266,-0.17439,-1.52241,-0.90985,0.56877,0.00038,-0.90004,-0.64526,0.85971,-0.23185,0.69694,0.47506,-0.46504,0.15007,0.36418,-0.2551,-1.77222,-1.83715,1.01478,0.71253,1.37151,2.43286,-0.23013,1.64547,1.54299,-1.72464,1.02237,-0.93106,-0.68979,2.09902,0.00339,0.92978,0.60025,0.09192,-0.04214,0.42289,-0.83775,-0.96834,0.3776,1.14028,2.29052,-1.40412,0.53037,0.05332,-1.55656,-2.01864,-1.19135,1.08006,-1.40129,-1.61138,-1.49051,1.08206,0.02258,1.76441,1.4913,-0.51228,1.36073,1.0227,-0.85409,1.49581,-0.3373,1.74164,-0.54735,-0.69376,-0.51176,-1.47668,-0.44547,0.19356,1.88008,1.40995,-0.73343,0.37686,-0.04177,0.17167,-0.35474,0.64551,-0.78599,-0.34225,-0.58536,0.74029,1.7873,0.01442,0.54627,0.12822,0.64248,0.02604,-0.16386,1.47417,-2.2509,0.74759,1.4917,-2.03898,0.80475,1.13759,-0.32,-0.2988,-1.00086,-0.76862,-0.74272,0.86879,0.98593,0.20645,-0.39441,-1.52054,0.55538,1.58352,-0.69511,0.20791,-0.2144,0.39593,-0.40947,-0.80253,1.10885,0.89698,-1.54966,-0.55524,0.97876,-0.2985,-0.45872,0.74363,3.13625,1.45465,-1.17781,-0.21311,0.63093,-0.00923,-0.89307,-2.37535,1.10341,-1.69034,-0.30522,0.44235,-0.10631,-1.7149,-0.72223,0.17627,-2.09631,-2.18201,-0.22011,1.5495,-0.91754,-0.08493,-1.98537,0.58707,-0.61876,-0.07236,-0.86063,0.22491,-0.2303,-0.95198,1.02162,-0.12815,-0.46818,-1.28606,0.23983,-0.43889,-0.66396,-0.47045,1
-0.61261,0.10694,0.39683,-0.40454,1.15008,-1.9583,-0.0018,-0.63943,1.00359,-1.15307,-0.60124,-0.4985,-1.1964,-0.48319,1.05555,2.17866,0.55995,-0.62399,0.72168,0.52582,-0.27767,0.71073,1.11469,-0.71521,-1.02448,0.65652,1.04695,1.29159,-0.85205,0.69607,-0.37202,0.9393,-0.44358,0.08784,2.14739,1.56813,1.7009,-2.53067,0.9879,-0.97997,0.26569,-0.27935,0.34694,1.04906,0.29972,-0.593,0.19293,-0.10137,0.23598,-0.54441,-0.80599,0.44871,0.68952,0.33072,1.2086,-0.36028,0.03499,0.6065,-1.38484,-1.00481,0.07093,-0.8274,-1.04416,0.20953,-0.64305,-0.56242,-0.15808,-0.52564,1.06189,0.50166,-0.70101,0.5958,0.77292,-0.63072,-0.13624,-1.39078,-0.27569,-1.03156,-0.62645,0.71202,0.76745,-0.96228,0.49762,0.98095,0.97022,1.22207,-0.09147,0.23426,-0.41675,-0.5132,-0.80271,-0.61934,1.0218,-0.10108,0.71452,-0.85032,-0.31381,0.29815,0.65408,-1.43519,1.49844,-0.49669,-0.786,0.39649,0.14429,0.76124,0.6814,0.04033,-0.56777,1.23633,2.23527,0.51426,0.69617,-0.2806,0.61449,0.54444,0.38032,0.95195,-0.23599,0.63212,0.5053,-0.2207,-0.10949,1.07651,1.0317,-0.19487,0.96064,-0.15499,1.04955,-0.25193,-0.56799,0.29578,-0.16325,-0.36018,0.63172,-1.59123,-1.08967,-1.54017,1.14866,0.2562,-0.09017,-0.68541,0.92732,-0.44611,-0.01858,0.26136,0.63328,-0.98356,-1.50126,1.61408,-0.03987,0.4214,0.79668,-1.66542,0.83498,-0.9135,0.26057,0.02005,-0.01515,-0.144,0.43005,0.11855,0.65092,-0.61006,-1.68388,-0.51166,0.63314,1.14386,1.55686,-0.31897,-2.06711,-1.38187,-0.06128,0.71192,-1.43025,1.59552,-0.59997,0.92575,-0.11143,1.59764,0
-1.28814,1.17133,-0.21947,0.10669,0.4588,-0.44977,0.3458,0.15199,0.50045,-0.95682,1.07636,-0.86573,0.97862,0.63133,1.71992,-0.5053,-0.35372,-2.21116,0.09058,-0.25091,1.51823,-1.60047,-0.22558,-0.75387,-1.71289,0.88424,-1.60481,-0.78382,0.85448,-0.61856,0.38776,-0.36842,1.06265,0.30627,1.59553,-0.82493,-0.93398,-1.13335,-0.27847,-0.27801,1.07886,0.13984,0.38835,2.30747,-0.53032,-1.03723,-2.53146,-0.26405,-1.37678,-1.96286,1.16241,0.58445,0.31715,-0.01694,-0.22985,0.04694,0.59655,0.96053,-1.65566,-0.28461,0.39475,0.39431,-0.40039,-1.77096,-0.46588,1.0792,0.63917,0.55309,-0.21782,-0.38156,0.38635,-0.95906,0.26653,0.75961,-0.9315,1.55583,1.15109,0.0255,0.29408,1.39592,-1.22246,0.27911,-0.56201,-0.70587,2.28209,0.62423,-0.09136,-1.0968,-0.5046,0.79674,0.31652,1.01376,-1.25261,-0.17462,0.3853,-0.38712,-0.15764,-1.05482,-0.14235,1.27729,-1.01286,-0.78176,-0.319,-0.28686,-0.16789,0.9752,0.28579,0.054,1.24163,0.90713,-0.506,0.96649,-0.22358,0.66138,-1.32522,-0.32635,1.38438,-0.501,-1.05664,0.97647,-0.24253,1.06059,-1.07476,-2.31121,-1.06629,-0.50549,0.07605,-0.01583,-0.85135,-1.75091,0.97102,-0.2393,0.11029,-0.23258,0.15651,-0.37099,-0.06296,1.28633,0.38311,0.09703,-1.01984,0.55775,-1.12182,0.9742,0.47287,-0.89906,1.2964,-0.19228,-1.04549,0.8237,-1.81702,0.36815,0.66502,0.03681,0.0186,0.63236,0.29539,-0.92,-2.46995,-0.52919,0.8498,0.03736,1.56241,1.77635,0.09184,3.36661,-1.0302,1.21207,0.68903,2.05804,-0.62608,-1.26786,1.20372,0.22351,-0.69363,-0.39152,-0.84156,0.25647,0.53795,-0.93366,0
-0.70754,-2.57488,0.31826,-0.3374,0.65113,0.53368,0.00407,0.21773,0.41451,0.89056,0.87483,0.20339,0.32017,0.65317,-0.10905,0.93801,-2.34958,-0.78549,0.45789,1.19534,-1.02562,-0.75339,-1.54125,-1.57227,0.26478,-0.09337,-0.57603,-0.63221,-0.54077,0.77613,0.46052,0.1524,0.56059,-0.13593,-1.06469,-0.21374,-1.39631,-1.26674,-1.11042,1.29432,-0.41934,1.06016,0.60619,0.05693,-0.1023,-1.22134,-0.80971,-1.056,-1.3627,-1.11819,0.1919,0.36458,1.38936,1.97415,0.68505,1.0348,1.06133,0.23537,-0.19418,-1.73331,0.78174,2.08122,0.40703,0.32064,1.11163,1.0212,0.34022,1.95858,0.07689,-0.95078,-1.13632,-0.23799,1.02945,0.76189,0.11038,-0.15782,-1.03614,0.31942,1.38887,-1.65489,-1.95109,-0.62226,-0.96443,0.78501,-0.6061,-1.01254,-0.53154,-0.93864,-1.4162,1.27804,-0.32487,-0.67032,-0.14015,0.27905,-0.64251,0.62587,-0.9138,-0.10329,-2.05074,-1.29315,0.05351,-0.62231,0.96426,1.23322,1.13148,1.32591,-1.01409,-0.33498,-1.82802,1.39977,-0.25193,-0.03253,-1.16464,0.12558,-1.01396,0.33634,-1.18062,-0.68415,-0.76327,-0.51861,0.05262,0.04703,0.87991,-0.76866,0.27305,-3.20454,-0.47963,0.84594,0.50655,-2.81296,0.92597,-0.97242,-1.26418,-0.47903,-0.61988,-0.34056,0.44527,0.6904,0.07395,-1.3026,-0.60376,0.68285,1.41771,0.08563,0.10128,0.89259,-0.39045,-0.2269,-0.91261,-0.80468,-1.2397,1.99955,-0.70104,0.77889,0.64501,0.2442,-0.81643,-0.03026,0.48846,-0.44431,-0.01068,-0.93627,-0.1609,1.00348,1.42515,0.23339,0.224,-0.49908,-0.46355,0.32122,0.40507,1.81633,-0.11052,1.60351,0.53625,-1.34553,1.20075,0.22052,-0.15187,-0.06181,1
-1.3448,-0.54647,-0.55646,2.13984,-0.227,1.36463,0.15549,-0.19255,-1.33095,-1.13593,-1.05023,0.4182,1.46965,0.80033,0.81293,-0.07983,-0.32453,-1.23342,-1.82668,-0.1261,-0.30931,-0.31453,-0.27352,-0.20499,-1.01406,0.74575,0.26301,-1.89924,0.30671,2.22623,-1.97571,-0.89858,1.75451,0.66764,0.73135,-0.23574,-0.58199,0.41882,-1.41822,0.45063,-1.40729,-1.11492,-0.40579,-0.34731,0.29967,-1.33977,-0.87213,0.63909,-1.02544,0.20808,-1.4128,-0.39966,0.564,-1.50525,0.40621,0.3965,0.8522,-0.38126,0.2533,1.24486,-0.32979,0.45227,-0.16105,-0.97248,-1.21898,0.66368,0.54228,-0.12149,0.28959,0.96136,0.08873,1.05424,0.85789,-0.95715,-0.43117,-0.82227,1.78107,-1.10597,-1.05237,0.97191,3.51646,0.67799,0.28513,2.01459,-0.19047,2.14837,-0.25739,-0.27839,-0.03479,0.69965,0.96894,-0.81879,-0.4061,0.12407,0.54265,-0.20861,-0.95976,-1.34068,-1.24293,0.58192,-0.68238,-0.18457,-0.6535,0.61998,-0.46279,-0.75818,-1.87103,0.14044,-1.04685,-0.45243,1.20247,1.56843,-1.53159,1.6531,0.26035,-0.19999,-1.27675,-0.56703,0.21179,-1.19553,0.67882,1.14268,0.90029,-0.13025,1.11839,0.62879,-0.10036,1.60996,-0.18294,0.16697,1.177,1.02182,-1.25613,-1.14646,1.47456,0.53768,-0.82991,-1.21309,1.16527,0.50916,0.4764,-1.05462,-1.60771,-0.8261,-2.0291,1.1816,-1.24868,0.00099,0.56689,-0.86423,0.94742,0.29911,0.53601,0.48262,-0.39529,0.4036,-0.22737,0.59675,-0.71377,0.38524,-1.39819,-0.82341,1.38372,-1.20663,0.67596,0.48936,-0.7171,-0.54028,0.22975,-1.1523,-0.59421,0.66111,1.163,0.13605,0.05786,-1.23915,-0.09127,-0.37296,2.64311,0.31826,1
0.94532,-0.53497,0.19397,-0.10348,-0.66258,0.10716,-1.40946,-0.02425,0.19156,0.77652,0.08751,0.80557,0.31983,-1.0575,-0.18156,0.28157,0.6751,-0.28897,1.27277,0.35021,1.01492,1.03245,-0.11995,0.99081,0.77758,1.24811,0.18822,-1.77758,1.58678,1.09293,-1.01965,-0.4905,0.89125,-1.33937,0.56864,0.14439,1.25557,0.91426,2.81914,0.57791,-1.02394,-1.7386,-0.13289,0.60645,-0.3001,0.3332,-2.30636,1.69943,-0.75097,-0.38713,-1.67636,1.64241,-0.84717,-1.41371,-1.01747,-0.22977,0.00351,0.62247,0.72747,1.47939,-0.98634,-0.35019,0.42351,1.07692,0.29823,0.32553,-0.31587,-1.07463,0.13995,-1.84301,-0.21302,-1.54907,-0.50509,1.31231,-0.4085,0.23392,-1.15292,-0.52861,-0.90142,-1.30922,0.1401,0.10779,0.45124,-1.03489,0.10074,-0.34746,1.9473,1.34187,-0.1821,-0.64073,-2.14879,0.79916,0.56864,-0.32846,-0.29766,-1.50692,2.13441,0.25138,1.03533,0.8473,1.78701,-2.87075,0.29652,-0.33538,0.93085,-0.89053,-0.57685,-1.37228,-0.25287,-0.04395,-0.49389,-2.35745,1.36126,-0.99954,1.45611,-1.60732,0.0194,1.07293,0.78349,0.87916,0.41984,-0.23462,-0.60656,0.14668,-1.96219,1.73218,-0.3188,-0.21984,-0.99065,0.96184,-0.711,-1.48472,-0.44774,1.22638,0.40408,-0.57954,-1.15027,0.22858,-0.64063,0.74388,0.15172,1.65198,1.51265,0.30703,0.18863,-0.68602,1.17027,-0.36615,-1.90946,0.31289,0.48625,0.3805,0.94595,-0.77621,0.22133,1.32592,-0.0018,-1.69604,1.96086,0.00421,-0.34933,0.43028,-1.07413,0.05527,-0.26276,-0.06575,1.5324,1.55812,-2.0057,0.72941,2.59032,0.16888,0.59154,1.37539,0.53091,0.68441,1.12666,-0.8024,-0.13493,-0.26853,0
0.67503,0.14102,1.22686,-0.27813,1.0806,0.67775,-1.02889,-2.10895,-1.1631,-0.93924,-0.00383,1.02066,0.12289,0.42854,-0.72964,0.96008,0.32958,1.38118,0.67188,1.41965,-0.88015,1.45392,-0.94993,-1.319,-1.79809,1.17048,2.15187,1.4718,-1.81319,0.23977,0.12092,-0.14383,-2.52526,0.70887,-0.63129,0.82701,0.2004,-1.55141,-0.37924,1.37931,1.06908,0.96424,-0.69207,0.0042,-1.10188,2.13182,-0.0377,-0.85725,-0.99024,0.14991,0.96525,-0.81988,1.09396,-1.70574,0.06715,-0.71237,-0.03043,0.56254,-0.79828,-1.28496,1.56169,0.00813,1.447,0.20979,1.18213,0.50779,0.38062,-0.62716,0.63532,-0.46963,-0.55585,-0.81855,0.15698,0.02898,-1.80692,-0.59746,0.21659,-1.96777,-0.38067,0.02118,-0.13249,0.26847,0.14728,0.11698,0.45173,-0.76253,-0.79642,1.1578,-0.04856,1.36189,-0.96199,0.59565,-0.17688,-0.57663,0.25474,0.89235,2.08717,0.57842,-0.70907,0.50212,-0.22664,1.29562,-0.97389,0.96567,-0.27597,-0.50311,-0.41036,-0.2165,0.84117,-0.69988,-0.04391,0.70713,1.56974,-0.8609,-0.50555,-0.61235,0.873,0.2893,-1.01776,-1.39025,1.18382,-0.61489,0.13717,-1.49061,0.15783,-1.88317,1.04047,0.43833,-1.1457,-0.49998,1.99595,0.89481,-1.13721,0.70955,0.38224,2.1113,1.07423,0.20565,0.31216,-0.66241,-0.68968,0.77356,0.03475,-0.83876,-0.18363,-1.05089,-0.81638,0.32579,-0.56877,-2.26729,0.52744,-0.0564,0.75725,-1.94847,-0.06882,-0.38323,-1.62159,-0.57751,-1.26954,-0.17965,-0.44225,-0.35653,-0.75247,-0.25944,-0.72994,0.93249,0.37972,-1.59219,-0.57388,-0.23265,0.58291,0.49926,0.50945,-1.64084,0.29776,-1.6054,-0.65458,0.2042,2.11363,-0.94701,0
-0.04198,-0.06851,0.24782,-0.85232,-1.92942,0.93322,-0.49184,0.61065,0.40674,-0.6837,0.71458,0.94157,-0.92625,1.6718,-2.14939,-0.15625,-0.35629,0.63537,-0.00198,2.15981,-0.98308,1.08555,-0.16862,0.53065,1.32953,-1.7344,-1.31022,0.52496,0.68134,0.45973,-0.71571,-1.52832,1.58883,1.11737,0.8713,-0.15242,-1.20032,-0.02998,0.9874,-0.13843,0.28758,-0.54858,2.00913,-0.86379,-1.29508,-0.0767,-0.90039,1.03109,-2.15242,-0.11565,-0.23893,-0.34703,0.876,-1.13835,-1.22933,1.39699,0.95616,1.12918,-0.31463,-0.04441,-0.37466,1.90347,-0.16535,0.71235,2.12011,-0.7361,0.32092,-1.33337,-1.87843,-0.44595,0.05112,-0.14058,0.2318,0.46462,-0.80774,-0.92159,2.21189,-0.05803,1.76709,0.12981,-0.42979,0.7574,-0.75324,0.09462,0.28341,-0.06357,-0.74765,-0.04023,0.86035,0.55659,1.83212,-0.14987,0.04191,-0.81087,0.77569,-0.38742,1.12089,-0.20691,1.65979,-0.59913,-0.48482,-1.30238,1.1179,-0.39692,-0.12504,0.34861,1.40736,0.35033,0.60768,-0.14917,0.5444,0.60886,1.92912,-0.26916,1.45595,-0.42537,-2.96424,1.77491,-0.43013,0.80251,-1.64735,0.22606,1.26712,-1.00362,2.48379,1.50319,2.03491,-1.27891,-1.14694,1.48091,-0.76119,-0.04762,0.31975,2.82123,0.57156,1.84225,-1.23165,-0.86368,-0.99087,-1.36425,0.68381,0.05343,-0.56755,0.47594,-0.00702,0.79435,-0.78526,0.40841,-0.10072,-0.55925,-1.06298,0.20946,-0.21844,-0.96182,0.54624,-0.29399,-1.05581,-0.09595,-0.15286,-0.49819,-0.96119,-1.46717,-0.1839,0.77965,0.06588,1.06414,-0.60634,-0.23585,-0.03014,-0.76823,1.48811,0.43407,-0.30294,-0.31032,-0.29261,-1.06939,-0.74112,-0.58529,1.77712,0.79709,0
-0.25455,0.64716,-0.83669,1.34913,0.44272,0.28833,-0.86422,-1.07326,0.20884,-0.25283,-0.66083,-1.17434,0.5671,-0.72278,-1.58317,0.36327,-1.08648,-1.21101,1.30348,-1.05941,0.51435,0.70072,0.17121,-1.25884,0.47203,1.87327,-0.90739,0.10826,-0.15814,-0.87626,1.73805,-0.84014,-0.96844,1.03293,-1.7746,0.63947,0.59735,0.79666,-0.96595,-2.12427,0.35077,1.79688,0.32707,-0.72533,-0.55977,-0.71314,-0.01201,-0.5852,-1.90614,0.89548,-0.09434,2.59626,0.62786,2.56485,-1.74724,-0.95571,0.48511,1.79472,-0.64429,-0.03491,-0.63301,0.79764,1.46582,-0.2916,-0.97691,0.74253,0.41902,1.52429,-0.36626,0.70359,-0.83227,0.14023,-0.69269,-1.31386,0.66735,-0.02529,-1.25405,-0.30117,0.45611,-0.90366,-0.41351,-0.9533,-0.92701,1.01125,-0.3128,-2.41227,1.5921,-1.1969,0.86284,0.3338,0.92116,0.92321,-0.44857,0.55179,0.46647,1.47965,-0.45674,3.13296,0.47636,-0.89892,1.22298,0.70679,0.97036,-0.1099,-1.72304,1.88297,0.53482,1.29048,-0.19833,-1.67897,-0.10125,0.68069,0.20757,-0.15101,-0.80374,1.12285,0.58788,1.77566,-1.21631,0.66209,-0.13162,-1.20167,-0.50671,-0.73892,0.80974,-1.80425,-0.4243,0.66689,1.26634,0.20886,0.34715,0.17376,-0.49915,-0.76805,-1.68961,-0.07466,0.009,0.79239,-0.15039,-0.96517,-0.45949,-0.89461,-0.87077,-0.21531,-1.75806,-0.21869,-0.87761,0.2809,-1.73103,0.11143,0.31567,0.69685,-0.94339,-0.37876,0.77464,0.17422,-0.47222,1.46191,1.05514,-0.90595,-0.59115,1.17656,0.64433,-0.0716,0.52232,-0.64214,2.0254,-0.45076,-0.73097,0.45933,0.77644,1.55816,-0.08623,1.06736,0.67368,0.06427,1.44639,0.73563,0.9501,-2.13311,1
1.11663,-0.12808,0.17887,0.24254,0.47821,0.58577,0.30314,0.24768,-1.27686,0.37921,-1.54755,0.3931,-0.3797,-3.3107,-1.50591,0.15407,0.93623,0.09648,-0.77769,0.81045,1.1352,-0.34,-0.38488,2.14199,-0.04707,-0.2392,0.48156,-1.35225,-1.05056,0.20932,-0.89196,0.32859,-0.95429,-0.43032,0.3641,-0.99391,-0.15228,0.34384,0.75487,0.02229,0.88641,0.08337,-0.07948,0.35428,1.14005,-0.81712,-0.03988,0.30801,1.37874,-1.11231,-0.70018,0.3783,-1.91096,-0.58531,-0.02741,-1.96772,-0.46948,0.07626,-0.14534,-0.81414,-1.21127,0.69747,-1.39294,1.52919,1.94498,0.76056,-0.58037,-0.37225,-0.87045,-0.5574,1.14853,-0.05786,-1.27536,-1.86095,0.76298,-0.34158,1.65609,-0.09504,-0.57802,-0.14816,1.54363,0.34236,-0.52615,-1.00374,0.17321,0.42815,0.41322,-2.40629,-1.17031,-0.03641,0.75546,-1.27963,0.8422,1.11513,-0.45308,0.53267,0.75558,-0.09363,-0.80578,-1.46672,0.91818,-1.46229,1.05427,0.73876,0.90641,-0.73324,1.50962,1.21447,-0.17304,1.88105,-0.11539,-1.0021,-0.44404,1.03551,-0.33478,1.97377,1.03858,-0.27725,0.8244,0.7074,-0.72425,-1.44981,-0.60667,-2.6083,-0.7994,-1.55231,2.1603,-0.28952,0.34472,-0.57821,-0.03723,-1.03915,-0.97713,-1.56338,-1.27408,0.55173,-1.77729,0.83331,0.6909,0.42013,0.06686,1.43867,-0.35682,-0.16114,-1.81377,0.58207,1.22822,-0.10363,-0.19999,-0.97524,0.0963,-0.07404,0.19379,-0.58947,-1.14482,-0.72499,0.48828,0.20837,-1.25861,0.3087,1.09858,-1.74106,0.29385,-0.8126,0.83216,-0.3353,-1.07718,-0.89666,-0.61493,-1.46525,-0.40057,1.37039,-0.87052,0.31933,1.51782,-0.48523,-0.43401,0.09803,-0.22152,-0.72557,0
-0.75985,-1.77967,1.69978,-0.27944,0.05641,0.78158,-1.59647,-0.19242,0.73484,-0.14988,0.79691,2.13295,-0.08641,-0.85907,0.26058,-1.02802,0.0704,0.70289,-2.97614,-0.55875,-1.0533,0.98961,0.37338,1.09699,-0.35551,-0.11392,-0.76679,-2.05717,2.53827,-0.23392,-1.03239,2.37082,1.34971,0.13659,1.0784,0.31797,0.93057,0.58124,-0.10396,0.57206,1.23943,-0.05523,-1.46228,-1.03814,1.25204,-0.10472,-0.66118,0.38584,0.571,-0.99163,-1.05826,-1.83803,-0.32312,-1.54606,-0.29911,1.00398,0.97235,-0.27523,-0.95686,-0.0944,-0.17478,0.524,-0.12026,1.46584,-0.02511,1.64591,1.57615,0.27072,0.40659,1.15672,-0.61613,0.53247,-0.75778,-1.16697,-0.14348,-0.19706,0.03158,1.74158,1.41568,-0.89193,0.34887,-0.61212,1.4383,-0.13127,-1.09023,0.86653,0.99296,-0.64734,-1.09466,0.33437,-0.45777,0.63833,0.07695,-0.29723,-0.52942,-0.88488,-0.80501,1.16105,-0.30878,-0.21314,0.29038,-0.3753,0.4003,-0.84748,1.30806,-0.54735,0.2388,1.67854,0.40046,0.31792,0.7211,-0.82909,0.30732,1.4993,-1.12553,-1.72719,-0.71458,-2.69755,1.73352,-1.22191,1.25979,-2.45985,-1.05723,1.5535,0.14406,0.82524,0.20998,-0.61699,-0.41018,0.26388,-0.12097,-0.45865,1.0546,0.07749,0.9644,-1.19414,0.00949,0.21931,-1.35049,-1.13869,0.0531,-1.51453,-1.21892,0.27857,0.16315,-0.91717,-0.5648,-0.6015,0.81869,-0.78043,0.71119,-0.12176,-0.10807,-0.24558,0.57081,-0.44702,0.26274,1.58618,-0.23576,-0.01324,-1.16273,0.23068,0.55254,0.89619,-0.25932,0.28205,0.764,-0.38145,1.09191,1.39782,-0.26703,1.54898,0.14307,-0.46741,-0.70376,1.21299,0.21158,-1.30415,1.17441,0.0557,1
0.83803,-0.56066,1.28992,0.35707,0.61961,-0.83952,0.52643,1.17987,1.22546,0.06334,0.37941,-0.11653,-1.62034,-0.37582,0.12817,-1.81612,-0.25505,0.10485,1.13372,1.10715,-1.22139,-0.51591,2.25809,1.49756,0.13591,0.12223,3.07137,-0.42226,0.44709,-1.48167,-2.56347,0.21475,-0.25404,1.46805,0.11037,0.16001,0.6221,-0.70601,0.66706,0.59227,1.18965,0.46583,0.87477,0.52557,0.00029,-0.6778,1.1402,-0.74687,0.07882,-1.68375,-0.49309,1.72508,0.94656,0.08268,-0.79018,-1.46555,-0.96382,-1.08341,-1.24615,0.28306,-0.34925,-0.14877,0.31388,2.51973,1.32216,1.37522,2.07503,1.26741,1.31129,-0.384,-1.11964,2.60012,-0.65921,0.78081,-0.1335,-3.00122,-0.21635,0.50659,1.669,-0.47048,0.82305,0.06668,1.73445,1.00546,1.6074,-0.06167,-1.07535,0.1031,-1.1429,0.78328,-0.74904,0.22837,-0.11092,-2.37191,0.33074,-0.01635,-0.44802,-1.72768,1.05413,-0.59979,0.75655,-1.67533,-2.30585,0.60516,0.35771,-0.15689,0.38868,0.46314,-1.36912,0.32282,-0.3344,-1.03129,-0.80936,-0.15147,-1.35755,-1.11967,0.03388,-0.21269,0.44149,1.08505,1.60558,-0.55775,-0.85893,1.47241,1.98437,1.45275,0.72434,0.55697,0.81087,-0.76118,-0.61274,-0.83213,-0.87309,0.80843,0.44471,1.84084,-0.20628,-0.41279,1.67209,0.40335,-0.81005,-0.03164,0.75349,-1.00555,-0.9904,-0.36961,0.5552,1.65961,-1.38901,0.25521,0.04917,0.00411,0.18855,0.29944,-0.30197,1.06913,1.29213,1.10765,0.2591,-0.55671,-0.54541,0.76502,-1.09244,1.34153,1.14102,0.45849,-0.65236,0.21914,-0.82435,0.0119,-0.08186,-0.57342,0.24529,-1.01971,0.3158,0.61881,-1.14456,-1.68298,1.12319,1.38862,1
0.18927,-0.71688,-0.2648,-0.92314,-0.24827,-0.65,-0.80048,-0.0482,-0.71135,0.63734,0.55944,1.73824,-0.70783,2.17347,-1.87155,0.22023,0.40258,0.44478,1.39543,1.21365,1.95271,0.76946,-0.68868,-1.37594,-1.25367,-0.99747,0.1997,0.28589,1.20483,2.11584,0.12993,2.39472,2.24253,-0.81879,-0.65097,0.71874,1.66593,-0.36089,-0.88287,-0.54893,1.67544,1.3508,-0.14968,0.73543,0.8703,-0.21665,-1.17985,0.11957,0.9694,-0.02087,-0.07189,1.4316,-1.82336,1.30894,-1.88659,-3.22368,-2.29307,-0.2947,0.89187,-0.60158,1.49585,-0.53019,0.86523,-0.34807,1.25438,-1.25754,-0.73246,-0.33772,0.5368,1.7829,-0.51108,-1.37087,-0.43621,-0.58365,0.57198,0.09302,-0.50092,-1.55895,0.14825,0.0013,0.93079,0.59769,0.52136,-0.301,-1.31213,-0.71463,-0.50151,-0.91138,-1.32047,0.5215,-0.21596,-1.18594,-1.53073,-0.10693,0.65932,-0.61287,-0.30576,-1.75632,-0.77401,-0.8546,0.17656,0.25099,-0.21129,0.62439,-0.52224,-0.93887,0.38088,0.6465,-0.17378,-0.02641,1.3195,-1.10475,0.86818,0.47587,-1.28605,-0.36282,-0.38218,-0.09011,-1.59838,0.73981,-0.80514,0.08118,-0.07403,0.14735,-0.24262,-0.26769,0.1854,-2.15052,-0.22794,0.69512,-1.62767,-0.30861,0.37573,0.43787,0.27866,1.76026,-2.18494,-0.77119,0.06975,0.32313,0.09784,1.18228,0.26829,0.05934,-1.66708,-1.04679,-1.29396,-0.03291,0.27348,1.26342,-0.78422,-0.8767,0.09398,0.66211,-0.23932,1.24798,-0.21724,0.02676,-0.17746,-0.08492,0.64023,0.35161,-1.22259,0.36529,1.1253,0.16608,2.77421,-0.22189,-1.66698,-1.81201,-1.97844,0.33114,1.50877,-0.16237,1.24422,-0.69332,1.3581,0.06629,-2.156,0.33055,0
0.29055,0.18769,-0.94251,-2.13095,0.38352,0.15357,-1.26977,-2.61955,0.02467,0.30898,-0.27212,-0.97704,-0.27207,-2.35561,1.5962,0.9616,0.66152,-0.22456,-0.96187,1.2695,0.37534,0.8901,2.02461,-0.24321,0.57905,0.58109,-0.3554,-0.36749,0.71431,-0.66611,-0.65104,-0.8666,0.32634,0.68191,-0.1493,-2.77878,2.15562,-0.47528,-0.62848,-0.1702,-0.06092,0.09148,-0.986,-2.06283,-0.25304,2.19406,-0.26473,-0.0537,-0.80806,0.58343,-0.8455,-1.13106,-0.28876,0.28066,-1.03244,0.54194,-0.0868,0.55463,-0.53292,-0.26318,0.55346,-1.01254,-0.24936,-1.26764,1.65747,1.09759,-0.35073,-0.2209,0.10161,1.25092,1.31161,0.61837,-0.11713,0.96035,-0.39595,-1.45778,-0.06031,0.97126,1.1868,-0.85232,0.32849,-1.60324,-1.69369,1.05007,-1.81036,0.08761,0.13058,-1.41924,0.05575,-1.01393,-0.26379,0.85095,0.50126,-0.45641,-1.75798,-0.00441,-0.50331,0.36639,0.78908,1.16628,-0.02428,0.79656,-0.56252,0.20619,0.44188,-1.56584,-1.3647,-1.91755,-1.23506,1.46524,1.89766,0.23067,-0.13162,0.01628,0.75714,-0.26657,0.83467,-0.00252,0.01883,-0.14952,1.40611,0.24363,-0.46938,-0.56337,-1.1982,-0.23842,-0.25334,-0.62232,-1.14017,-1.68474,1.59244,-0.17976,0.02828,-3.05832,-0.29104,1.30123,1.08504,0.57755,-0.61809,1.13369,-1.38278,0.66542,-1.64895,1.33615,1.67011,-1.30101,0.80675,2.00392,-0.84812,0.25516,1.09796,-1.55372,-0.70582,0.79607,-0.0276,0.20005,1.54479,1.85366,-0.47514,0.96651,-0.98569,-0.80404,0.42405,-0.83815,1.04571,0.98534,1.26021,-2.23665,-1.34223,-0.11397,-0.51699,-0.63417,0.39144,0.62071,0.52701,-0.11009,-0.82563,0.46166,0.9498,1.39527,0
-0.94111,-0.1368,0.01035,-0.12624,0.44748,-1.10857,0.45464,-0.0509,-0.72743,-1.73153,-0.62851,0.8353,-0.63633,-0.08166,0.1452,-1.56856,-0.49661,-0.87434,-0.23464,1.4933,-1.54935,0.6374,0.37458,-1.05946,0.87372,0.36142,0.12818,2.87108,1.98656,1.32846,1.66163,0.57709,1.25491,0.53112,-1.12244,0.13133,-2.63903,-2.37342,0.73715,0.74779,0.89925,-0.58906,0.07546,-0.49969,0.60121,2.16518,-1.39873,1.30668,0.90909,0.32336,-1.69179,1.32523,0.11945,1.00819,-1.15436,-1.21742,0.46297,1.40283,-0.26972,0.71155,1.28904,-0.8028,-0.20821,1.59132,0.32371,0.28442,-0.50451,-1.25691,-0.20888,1.44104,-0.83859,0.6085,-0.89804,0.22665,-0.05476,1.03287,0.63009,0.4387,-0.78895,0.25009,-0.3259,-0.62372,-0.45061,-0.87221,-1.50967,-0.81886,-2.62269,-1.10476,0.34136,-0.66682,-1.56878,-0.29419,-2.42142,-0.02251,0.47096,-0.93747,-0.26941,-0.93479,0.4515,2.05537,2.01552,0.16699,0.37344,-0.56112,1.30869,-1.61326,2.31978,1.31509,-0.59663,0.49103,1.07707,-0.06521,-0.80159,-0.11491,0.811,0.56058,0.95195,-0.64886,1.50907,0.63641,-1.26114,-0.54117,1.99499,-0.71631,-0.41778,1.64545,0.14307,-2.13061,-0.33511,0.31285,-2.02237,0.61691,0.33135,-2.31464,-1.05334,-1.34409,1.08065,-0.31892,0.16344,0.01536,-0.52329,0.64721,1.35829,0.22311,-0.84743,0.47631,0.49252,-0.86507,-0.4356,-0.04836,0.07313,0.75126,0.87284,-0.3768,-1.90814,-1.9075,0.5597,-0.53271,-1.44743,0.78654,1.13246,1.20256,1.76588,-0.43043,-0.02031,-0.37733,-0.01235,-0.16968,1.8717,0.57153,0.8897,-0.97289,-0.12071,-0.47554,-1.41278,-0.78155,0.27833,-1.46722,0.36665,0.94016,1
1.18454,0.03059,-0.9844,1.01458,0.87909,-0.31454,-0.69664,0.88398,-1.70109,-0.17467,0.82122,-1.55148,1.7853,1.67786,-0.23395,0.76063,2.1085,-1.50389,-0.48084,1.75093,0.88658,-0.51659,-0.20877,-0.30293,-0.0897,1.16327,-0.36076,-1.04671,-0.42446,-1.16763,0.12173,-0.6842,-1.39701,-1.27193,-1.2775,-0.26173,1.09006,1.03717,-1.658,0.53962,0.40212,1.63874,-0.65557,-1.53348,0.18879,-0.20309,-1.3138,0.36895,-0.20733,0.4918,0.75309,0.66617,0.30796,-1.22876,0.17012,1.97573,-0.5453,-0.8154,-2.08141,-1.04592,0.35585,-0.96919,0.78173,0.24358,0.50111,0.29776,0.12147,-0.80743,-0.62889,0.89077,-0.35695,-0.50177,0.49202,1.14696,-0.94753,0.09468,-0.15274,-0.12276,0.31094,-0.73757,-0.13212,-1.10236,-1.83746,0.49959,-0.06914,1.23087,-0.17488,-0.38381,-0.55118,-2.14781,0.39834,1.102,0.12482,-0.01651,-0.14344,-0.2416,0.44537,1.1382,-0.58559,-1.15124,-0.74907,-0.42232,-2.09096,-0.95074,0.62137,0.66615,0.61079,1.82644,-0.36297,1.31344,-0.30031,-0.9624,-0.28821,-1.17514,-0.70253,0.41474,-1.51174,0.58254,0.84135,-0.16188,1.09213,0.13571,2.44711,0.44025,0.75134,-1.47443,0.89335,-0.73391,-0.3837,1.43812,-0.336,-0.83717,-0.57612,-0.55726,0.14066,-0.52106,0.82504,-1.72156,-0.77922,-1.04641,-1.52184,-0.16343,-1.14397,-0.97671,-0.98221,-0.33009,-1.54107,0.04563,-0.37753,-0.71008,1.09255,-0.33649,1.84362,-1.26678,0.51638,0.18646,-0.39434,0.03689,0.13738,0.30069,-0.90457,-0.24189,-0.25516,0.78629,-0.10635,0.4912,-0.19895,0.16667,-0.43209,0.08094,0.31289,-0.21757,-0.24746,-0.33175,0.04345,-1.69268,0.70355,-0.01109,-0.41249,0.02174,1
-0.85827,0.51884,-1.84974,0.46076,0.45993,0.38252,2.26439,0.61965,-2.61869,-0.21744,-0.09998,1.43282,-0.25769,0.82144,0.53685,1.80487,-0.08539,-0.07904,-0.02763,-0.58195,0.18384,-0.05478,-0.00661,0.71757,-0.0888,0.80765,-0.37072,-0.00506,1.50117,-1.13949,1.27464,-1.85771,0.85355,0.26882,1.64565,-1.27661,0.21884,0.19125,-1.03485,-0.9762,-0.07311,1.64509,-0.84751,-0.34434,-0.65948,0.28532,-0.8368,1.83883,1.89038,1.03006,0.11329,-0.63636,0.48558,-0.3336,1.64923,1.56176,1.26334,-0.38874,-0.18088,-0.0024,1.73991,0.185,1.55316,-0.02895,1.37072,-0.38477,-1.773,-0.04359,-1.38144,1.95414,0.81175,1.38729,0.44531,-0.79028,0.66826,0.6268,0.06057,-1.40736,-2.22863,0.23876,0.8725,0.1525,-0.86511,-0.93659,-0.90903,0.3041,-0.67892,-0.91029,-0.18126,0.98832,0.42817,0.43541,-0.8786,0.91774,0.83491,-0.25842,-0.39252,0.89106,1.39295,-0.81887,1.14397,-1.03815,-0.3433,0.68999,0.27627,0.75532,-1.47229,0.56712,-0.72365,-0.33659,0.86893,-0.97541,-1.02539,-2.57902,-0.03138,1.56133,-0.58181,-0.36007,-0.12523,-0.88375,-2.13848,-1.66502,1.49258,0.83775,-0.34915,-0.18611,0.39729,0.20475,-0.72273,0.87374,-0.25024,0.00739,-0.38356,0.35976,-1.92098,-0.53961,1.34799,-0.04226,1.43861,0.83506,0.39076,-0.10023,-1.16968,1.78571,-1.40345,-0.17954,0.27442,1.12158,0.571,-0.97818,0.7421,0.82591,1.95343,-0.21528,-1.07929,-1.97282,-1.06836,-1.95052,1.3819,1.13468,-0.84706,0.94067,0.60112,0.31958,-0.10199,-0.45202,-0.9024,0.39283,-1.00725,2.01908,1.15523,-1.5009,0.73993,0.45767,0.25089,-2.15518,0.35595,0.38465,0.01346,0.13687,1
-1.33029,0.37684,0.16167,0.88676,0.24688,-0.99753,-0.47779,-0.61186,0.49819,0.31913,-0.78267,1.5453,1.09785,-1.05809,0.59595,-0.43335,-0.39053,-1.55443,-0.88153,0.87639,-0.47321,0.01325,0.03694,0.53577,-0.82127,-1.12342,-0.47793,-0.74805,1.19231,-0.28476,1.26482,-0.4734,0.47462,-0.98302,-0.76653,1.11548,-0.82089,-1.05703,0.23165,0.44707,0.40337,-0.15495,-2.64636,0.8086,0.22055,1.00146,-0.09275,-2.25045,-1.55178,-1.16756,-0.16342,0.20626,0.53313,-0.11697,0.83357,0.91554,0.96021,-0.12562,0.75623,-0.36608,0.33519,1.13056,0.96067,0.72796,-1.74668,-0.82499,-0.05837,-0.84169,0.48847,-0.8948,0.04141,-1.02003,0.42691,0.21608,0.86106,-0.34113,1.28625,0.4522,0.79959,0.46849,-0.6921,1.1134,-0.13047,1.36945,1.26034,-0.48123,1.50429,-0.41381,0.39254,-1.04172,0.1204,0.0428,0.90295,0.29116,1.73461,-0.42622,0.36436,0.68467,-2.32863,-0.60716,1.08085,0.8068,1.12807,0.79061,-0.22611,-1.62209,0.23916,0.65054,-0.31184,0.34095,-0.05225,0.21318,2.10805,-0.44298,-0.16085,-0.28067,-0.5118,0.25847,0.65654,-0.4189,-0.69655,-0.47718,-0.83674,0.72208,0.47048,-1.02953,-1.32739,-1.01023,1.01462,1.05051,0.41605,0.01069,0.58724,1.39406,-0.76067,-0.77947,0.41632,-0.62023,-0.61069,-1.16505,-1.87172,0.22785,-2.3047,0.26082,-1.37342,-1.29888,0.62245,2.2377,-1.78861,0.12602,-1.58909,-0.10167,-1.28674,-0.79976,0.5625,-1.14627,-0.10862,0.33389,0.13618,1.58923,-1.35877,-0.72494,1.91355,0.36721,0.80219,-2.27008,-0.34237,-0.7992,-2.17487,1.11484,-0.6505,1.05358,-0.51194,-1.45028,1.03876,-1.26382,-0.87949,0.96025,1.41388,-3.08009,1
-0.4817,-1.49288,-1.26783,0.33539,0.36726,2.17101,-0.52835,-1.47869,0.53718,1.07468,0.32805,-0.13395,-0.28675,0.91572,0.12893,0.18435,-1.0592,0.48834,-0.87189,-1.34037,-1.86672,-0.69689,0.91484,-1.55698,0.64204,-1.06273,0.34351,0.85038,0.61161,1.18492,1.27665,-0.55508,0.01273,-0.59766,-0.15844,-1.06411,-0.23386,-0.64473,1.25307,1.35445,-0.13424,-0.89141,-1.47198,1.16788,-0.71729,-0.98666,-0.09775,-0.62886,-0.31986,0.64484,0.36199,-0.5542,-0.69874,0.9205,0.04583,-0.19975,1.05945,1.46815,-1.86145,0.12734,-0.54426,-0.06666,-0.45812,-0.16874,-0.76056,0.7459,-0.29929,0.47123,-0.17299,-0.97967,0.1071,-0.08585,-1.46952,-1.30534,-1.61662,-0.35507,0.71989,-0.23586,0.37839,-0.38783,1.25866,0.56548,-1.06138,0.26494,-1.10587,0.35816,0.4889,-0.0224,-0.58468,1.39383,0.23481,0.09788,1.44391,0.34813,0.5536,0.2202,-1.19773,-0.19486,1.77388,0.54622,-0.66124,-0.08893,-0.63396,1.53967,-0.82759,0.74052,-1.08589,0.3913,-1.89277,-0.44146,-0.33603,-0.82928,-1.55334,0.28751,1.3439,-0.24174,0.35971,0.46324,1.37629,0.80181,0.76386,-0.77682,2.25444,-1.40381,-0.46192,0.6552,-0.80734,-0.21501,-0.19817,-0.96166,-0.07553,-0.47801,-0.42274,0.22357,-1.06959,-0.38407,-1.30995,-1.16843,-1.05317,-0.43629,-0.06869,-0.63766,1.08952,-0.20889,-1.04486,0.39343,1.13514,0.05236,-1.18077,-0.37953,-0.31129,-2.76808,0.25703,0.96749,-0.53867,0.36097,-0.96549,-0.83122,-0.17732,0.69576,-0.03275,0.84324,-0.224,-0.98959,0.47601,0.68683,0.15634,-0.01637,-1.06601,-1.23619,-0.6595,0.9197,0.2198,1.04446,1.33394,-1.14064,0.63805,-1.18496,-0.6928,0.3151,0
0.71604,0.54597,-1.08552,-0.94711,1.41566,-0.05019,0.52761,2.12253,-1.48291,-0.11293,0.0248,-0.23071,0.18064,-1.08095,-1.87017,1.87559,-0.5929,0.18911,-0.9018,-0.26193,-0.94691,0.81597,-0.39686,1.30922,-0.37208,-0.58134,0.30913,-0.78656,0.13914,0.58899,0.96944,-0.01251,0.53193,0.56752,-1.86921,-1.38814,-1.87353,-1.00457,0.16294,-1.39474,-0.26645,-0.3233,-0.37479,2.69474,0.02467,-1.69619,-0.23601,0.96488,0.59556,0.11486,-1.1787,1.01004,-0.34096,-0.44559,-0.88588,-0.37262,0.0277,-0.08195,0.01528,2.16751,-0.43587,-2.12006,0.75341,-0.91119,-0.8525,2.02729,1.5327,-0.22116,0.07505,-1.22331,-0.72674,0.47614,0.96085,0.19059,0.3385,0.77479,0.78926,0.87597,0.08881,-0.04582,1.91557,-0.7888,0.45434,-1.13925,-1.05428,0.22862,1.14047,-0.52115,0.53815,1.09589,2.75709,0.53353,2.02572,0.45569,0.74081,-1.2377,0.54924,1.61732,-1.45584,0.04739,-0.36871,-0.75107,0.96741,1.04824,1.59174,-0.99455,0.05383,0.66659,-0.42233,0.42403,0.03585,0.28482,-0.23994,0.23013,-0.839,-0.05033,0.65012,1.12084,1.92609,0.58675,-1.57105,1.04629,-0.88223,-0.64612,-0.85609,2.13199,-0.40238,1.47943,1.63416,-0.90859,0.26649,0.37353,0.11931,0.03041,2.74424,0.66787,0.14325,0.05027,-1.4898,-0.70947,-0.80655,0.69424,0.13717,1.23726,-0.73408,-0.5502,-0.35774,-0.80292,-0.45558,-0.62421,0.34848,1.56315,0.22205,-0.07518,-1.27503,-0.35608,0.2119,-1.10653,0.76051,-0.48962,-0.95169,-0.94715,-0.25206,-1.0521,-0.54472,-0.43538,2.20517,0.2104,-1.64973,2.12621,0.81306,1.25547,1.25756,1.22042,-0.19017,-0.57239,-0.07049,-1.14092,0.76542,0.41302,0
0.05184,0.45399,1.45119,1.33676,0.58697,0.37146,1.52494,-1.49189,2.17108,-0.72003,-0.77584,0.29062,0.45251,1.03778,-0.01421,-1.02353,-0.65271,-0.79593,2.12344,-0.59307,0.33016,-0.73082,1.16001,-0.03986,0.46637,-0.59014,-0.85701,-0.41221,-1.57469,1.83388,1.12227,-0.59074,0.12343,-1.35397,-0.55864,0.68828,-1.13651,0.57425,-1.32467,-0.12018,-0.16254,-0.23288,-2.17136,1.0053,-0.5788,-0.10679,0.85206,-0.38889,-0.58872,0.91732,-1.08054,-0.55797,0.51197,0.32362,0.68744,-0.31577,-0.11753,0.84503,-1.58444,-0.48205,-1.25497,0.45326,-1.54499,-1.78011,0.19213,-0.60373,0.83254,2.29264,0.03994,-0.23111,1.00194,-1.34308,-2.03247,-0.66053,1.34661,0.89516,1.03022,-0.21461,0.97729,0.71663,1.52645,0.67475,1.09974,2.04987,1.26498,0.37752,0.10939,0.06512,-1.4816,1.46204,1.31418,1.32607,0.64204,-0.1152,-0.39028,0.36206,0.20881,-0.56251,-0.82317,-0.6113,-1.65074,0.56894,-1.03488,1.23244,-0.70044,-1.03988,0.69959,-0.78954,-1.19089,-1.02797,-1.41823,-3.07587,-1.29192,-2.87928,-0.21486,-1.43851,0.83443,-0.25417,1.20356,0.3279,0.57405,-0.06222,0.41097,1.84792,1.74431,0.08789,-0.16275,0.46392,-0.0279,0.60061,0.01,-1.01416,1.11418,0.55999,-0.60213,0.52763,1.3649,0.3587,0.99837,-0.35026,-1.07587,0.05773,0.91547,1.84272,0.1628,0.05284,0.50444,0.95987,1.30155,-0.15623,-0.03077,0.24163,-0.05662,1.83095,-1.99791,0.80087,2.12084,-0.22893,-0.52187,0.16573,-0.46764,-0.9018,-0.02421,0.04426,0.47318,-1.39189,0.91817,-0.14056,0.4788,0.02016,-0.01127,-0.844,0.29312,0.78477,-1.35353,-2.05624,0.36121,0.4756,-1.74191,1.51346,0
-1.38359,-1.32521,0.95003,1.11055,1.14185,0.42367,-0.82371,-2.24708,0.32852,0.29367,-0.16213,-1.32375,0.49144,0.07399,-1.61505,0.13496,-0.3007,1.70325,-0.16807,0.2865,1.3756,-0.99758,0.29536,0.3407,-0.74564,0.91463,-1.3296,0.43133,-0.72613,1.11218,-0.73316,0.27673,-1.67008,-0.38631,-0.04778,0.08559,0.94589,-0.22499,2.01314,-0.04181,-0.48892,0.30408,-0.00658,-0.80059,0.02633,1.18743,0.99007,-0.82353,0.94964,-0.04235,0.92862,-0.85325,1.38034,-0.61305,-1.00197,-1.04327,1.91604,0.61196,0.76177,1.30832,1.50253,-0.28152,1.2649,0.75034,1.02048,0.79129,1.40993,0.3784,-0.30409,2.21856,-1.18227,0.73022,0.24084,1.32751,2.42858,-0.01655,0.46447,0.53643,-1.66559,0.82464,-1.62735,-0.56997,-1.01888,-0.98291,0.54835,1.55873,-2.05394,0.73545,-1.62942,1.36513,-0.28436,0.20555,-0.05979,-0.32618,-0.40969,-0.15325,-0.40105,-0.93786,-0.03668,0.39257,-0.61565,-0.2331,1.06107,0.59439,1.30335,1.2612,-1.05266,-0.43861,-1.51146,-0.25862,0.5437,0.51057,-1.23049,-0.15599,-0.28227,0.74111,-0.42025,0.05709,-0.28927,0.08501,-1.47142,-0.73389,0.41939,1.00348,-0.80557,-0.26037,-0.13388,0.87628,0.38254,-0.36591,-1.65625,-1.89289,-0.05736,-0.27495,0.09065,-0.7342,0.79918,2.44092,0.6541,0.94054,2.55175,-0.48051,1.17432,-0.35542,-1.04087,1.18209,-1.73906,0.27618,-0.05764,-0.67023,-0.18391,-0.19383,0.1519,0.69719,2.65934,2.56307,-0.37737,0.39726,1.06139,-0.19306,0.61549,0.43105,-1.2316,-0.28128,-2.05715,0.46093,-0.10941,0.45898,0.7866,2.65879,0.62456,-0.5526,-0.75795,0.72047,0.32246,-1.23213,-0.16133,-0.54876,-0.69803,0.06792,0
-0.39168,-0.09977,-0.58974,-0.60772,-1.04954,0.1348,1.69709,0.76734,0.0388,0.4221,0.52781,1.12542,0.4602,-0.08503,1.45989,1.00625,-0.2804,0.73081,-0.49733,0.88023,-1.41842,2.44747,1.3276,1.32878,0.77434,-1.47192,0.77183,0.662,0.95827,-0.98771,-0.5668,0.00681,-0.33481,-1.95617,1.40368,1.42146,-0.51376,1.64308,-0.57745,-1.51274,0.49299,0.26388,-1.21062,-0.38679,0.00296,0.44155,-0.39713,1.6518,0.86219,-0.34788,0.17065,-0.47712,-1.42797,-0.27129,0.77298,0.44004,-1.06511,-0.46016,0.49004,-1.07181,0.36942,0.4999,0.61287,1.96589,0.59119,0.18627,-0.35489,0.17367,-0.07877,-0.62346,-0.33956,-0.92887,-0.35907,-0.62086,-0.61145,0.12426,-0.82163,0.72105,0.03823,0.27688,-0.50763,-0.35205,1.0243,-0.41538,-0.50651,-1.37742,3.06024,1.26106,0.83119,-1.45497,-1.15983,-1.02857,-0.3247,-0.13299,0.69448,-0.5912,-0.0361,0.69522,0.29563,-0.41105,-0.37017,0.30253,0.10113,-1.04714,1.31764,-0.56525,0.71182,1.95758,-0.29261,-0.2671,-0.11665,-0.17125,0.85497,-0.87039,-2.08014,-0.07468,-0.79539,1.06979,-1.23683,-0.71094,1.55863,1.53682,2.62058,1.97939,-1.93945,0.57515,1.25994,-0.45038,1.35523,0.48349,0.2949,-0.76493,-0.84307,-0.38669,1.26888,-1.47688,1.11391,0.02803,-1.69953,0.71245,-0.61772,-0.32845,-0.57679,-0.23107,-0.52195,0.65962,-0.07035,0.8183,0.63454,1.41092,-0.08386,1.74058,-0.27425,0.33756,-0.47289,0.17277,0.18625,-0.94459,0.7605,0.55563,-0.42444,0.83427,1.4296,-0.38593,-0.96036,0.03397,0.45841,0.47335,0.52745,-1.22479,-0.85718,0.22057,-0.52984,-1.29715,-0.14075,0.25417,-0.7795,0.48151,0.43712,0.06344,0
1.35457,-0.75331,-0.95153,-0.71823,1.97515,0.54275,-0.53971,1.80318,0.795,-0.40304,-0.0464,-0.87936,0.89264,0.65028,-1.81136,0.64131,-0.1791,-0.11557,-0.05115,0.29081,0.37134,-1.65442,0.55157,-0.60922,0.39068,-0.5116,0.77528,1.58795,-0.74683,-0.1998,-0.16597,0.14473,0.26287,0.5616,-0.21694,0.60374,1.00059,-0.09116,-0.90288,-1.05562,-2.33246,0.07027,1.12367,0.02988,-0.79083,0.07082,0.1317,-0.51846,-1.64057,1.20592,-0.66255,0.16619,1.39164,-1.33052,-1.89985,0.68863,0.09171,0.08507,-0.09001,-0.9699,-0.1386,0.96386,-1.20448,-1.2391,0.16087,-0.3228,-1.77814,-1.21497,1.07217,-1.56475,-0.21886,-0.07015,0.27358,0.04375,-0.39217,-0.7004,-0.88339,-1.6063,0.00206,-0.90826,-0.84862,-0.44726,0.3319,0.898,1.19084,-0.96753,-1.01094,-1.1308,-0.53594,0.89211,0.80107,1.05905,0.96886,-0.13874,0.8211,0.95537,-0.0218,-0.57054,2.32474,-0.4064,-1.43911,1.35694,0.30342,1.15694,-1.77248,0.35799,0.0645,-1.16592,-0.41939,-0.17108,-0.06978,-0.21419,0.81676,0.85755,-1.13613,-0.16316,0.86077,0.33219,-1.82238,0.33424,1.87973,-1.21164,0.04537,-1.01202,0.13488,0.23184,0.51458,-1.45295,0.40014,-1.05793,-0.44205,2.45881,-0.44625,0.56745,-0.67946,-1.03816,-1.18266,1.37554,-0.10914,1.54436,-0.18413,-0.84065,2.14803,-1.9368,-1.27013,1.01909,0.12619,0.85233,1.01134,-0.80878,0.78846,1.71076,-0.24365,0.57772,-0.89549,-0.07751,0.84444,-1.37871,0.89721,1.26637,-0.22444,0.4486,-0.62394,-1.5997,-1.46259,-0.71596,1.06799,1.646,1.652,1.18432,0.03325,0.30856,0.34522,-0.33078,0.42719,-1.59746,0.82384,-1.02737,-1.67851,0.82601,0
-0.1499,0.95646,0.12746,1.62986,1.54947,-1.63902,-1.64004,-0.79533,0.22115,1.81993,-1.00971,2.10244,-0.20183,-0.32953,1.24156,-0.19461,-0.25802,-1.18229,1.00698,-1.3047,-0.20117,-0.7187,-0.00539,-0.98222,-1.19144,1.92197,-0.54212,-1.94597,1.4557,0.74993,-0.12566,0.44983,-0.7423,0.36923,1.00258,-1.20925,-0.5415,-2.14525,1.15324,0.43982,0.27238,0.32651,-0.14937,0.12626,-0.08986,0.51595,0.94182,-0.14969,0.07797,0.69967,0.37066,0.40321,-0.3292,-1.59375,-0.59627,-0.22458,1.48077,-1.37335,-0.29127,0.72627,0.14226,0.48284,-1.16792,-1.21319,0.94939,0.14322,-0.38253,0.56251,0.91645,-1.21765,0.62581,-1.96812,2.07143,-1.53495,-1.37508,-0.52687,0.78303,1.76151,0.13883,1.06492,-0.78756,-0.73653,-1.08208,-0.10242,0.46465,0.71511,0.0452,-0.84358,1.23482,0.01465,0.30151,0.91488,-0.77632,-0.60529,-0.61093,0.76117,-1.39027,-1.00638,-0.58728,1.11091,-0.82206,-1.63133,-0.36678,-0.25803,1.6975,0.16771,0.25626,-0.35588,0.56808,-0.77636,1.74518,-0.0236,1.74609,-0.02982,-0.60734,0.05629,-0.81225,0.23878,0.92989,-1.52701,-0.89862,-2.70593,-0.24317,-0.6627,0.59246,-1.2031,-0.86984,-0.85203,-0.15367,-0.72447,1.31142,0.14616,1.92028,1.43942,1.08839,-1.56287,0.09492,0.35737,0.78687,0.83171,-0.29083,0.43738,-0.39538,0.28512,-1.70098,-1.45842,-0.53974,-0.18755,-1.32177,-0.36663,-0.27416,1.47096,1.04715,0.92112,1.90072,0.95275,1.20973,-0.89887,-1.16469,-0.25968,0.58253,-0.45902,1.47953,-0.66385,-0.34265,0.90906,0.65478,0.7633,-0.35522,0.9128,-0.10389,-0.83674,0.32469,0.68015,0.05209,-0.70406,0.48438,-1.44267,1.70458,-0.17338,1
0.61821,1.192,-0.10701,-1.05903,-2.46336,-0.56183,-0.01671,-0.92604,2.20468,-1.9856,1.46764,0.69136,-0.88638,0.33732,-0.42444,0.70292,0.88562,-0.69978,1.22384,1.55826,1.0598,0.9822,0.55875,0.99522,-0.13384,2.69324,-0.44384,-0.93208,-0.73918,0.28335,1.81657,0.40164,1.66927,-0.46763,2.01532,3.05493,-0.64398,1.19856,0.60884,0.57214,0.7081,-0.25498,-0.57528,-1.96786,0.3487,1.48995,-0.94353,-2.24847,-0.41679,-1.64204,-0.20647,0.02422,0.05119,1.8876,-0.00492,-0.4611,1.94378,0.75822,0.98606,0.05687,0.817,0.30765,-0.59641,-0.29383,-0.38622,-1.023,-0.83518,-0.3811,0.56538,0.03633,-0.41689,0.65161,1.98979,-0.57222,-2.17498,-0.28375,1.13063,2.2983,0.61674,0.66157,-1.63564,-0.64831,-0.47585,-0.84518,0.12689,0.05149,-1.6661,0.25668,-0.693,0.82215,-1.18673,-0.37546,-0.96066,1.63356,-0.66843,0.55183,1.1751,0.41947,-0.03429,0.65979,1.10201,0.29266,1.18632,-0.50178,-1.92533,1.84522,-1.00903,0.73463,0.57291,0.37553,-0.28447,0.08749,1.06431,-0.31725,1.07829,-1.59241,-0.56767,-0.02173,0.1598,0.28653,0.8813,-0.45924,-0.295,1.78613,1.11193,0.8936,-0.39456,-0.07369,-0.42062,0.83201,0.12623,2.54545,-1.43444,-0.70218,0.19475,0.10648,0.7701,-1.02267,-0.39157,-0.076,-0.81375,0.63059,0.90437,-0.8024,-1.34269,0.82132,-0.43094,-0.94854,-0.16625,-0.56984,-0.77429,1.3713,-0.22454,0.22823,0.12046,0.58368,1.4021,0.62579,0.6754,1.93574,0.56958,1.47559,0.7478,0.84055,0.0556,0.5649,-1.22165,1.12004,-0.0569,0.13847,-0.33512,0.53959,-1.20344,-0.93007,1.72551,-0.18891,-1.59406,0.0613,0.05834,0.20475,0
-0.0602,-1.76794,0.50484,-0.2387,-1.40737,-1.56852,-0.37442,1.30315,-0.18526,0.23179,-0.22453,-0.05636,-0.02002,-1.60573,-0.32198,0.81431,0.29496,-0.30373,-0.31457,2.19652,0.24992,0.17599,0.55913,0.11659,-0.4053,-0.12428,0.17471,-3.48293,0.34699,-1.16527,-0.64895,-0.63679,-0.66929,0.03033,-0.40609,0.07648,-0.44993,-0.61816,0.18825,1.97615,0.38856,0.89897,0.48378,0.72572,0.44279,0.84349,-0.6634,-0.18773,-0.71108,-0.13807,-0.06308,1.42522,0.38597,-1.00224,0.10578,0.09062,-0.4466,-0.05692,-1.31353,1.57096,-1.017,-0.62343,-0.49581,1.3496,-0.01064,2.6459,-0.71502,-0.77088,1.59434,0.71033,0.24361,0.03915,-1.31283,0.02376,-1.8672,0.02229,0.35257,0.30702,1.20013,0.04938,-0.37259,0.93142,0.11602,1.64792,-0.73116,0.04076,0.05897,-0.5717,0.54745,0.09137,0.80378,0.75147,1.02088,0.33824,2.25416,-0.61123,1.38233,0.11984,0.87836,-0.11393,0.78988,1.40863,0.2589,-0.91281,-0.45188,-0.84404,0.91489,-0.62573,-1.07474,-1.34249,-0.9117,0.78203,-0.75411,-2.05805,-0.58091,-0.4267,-1.07832,-0.26884,-0.89836,-1.02809,0.26299,2.27262,-0.07447,0.24761,-1.55796,1.49445,0.02461,1.08777,-0.08441,2.11252,-1.83875,0.33259,-0.09285,-0.98408,-0.26223,1.11566,-1.39103,0.26754,-2.2636,0.45608,-0.31159,0.734,0.23122,-1.03937,-0.16088,0.34192,-1.31271,0.24723,-1.30622,0.36487,0.67024,-1.2893,-0.77609,-0.02809,0.16613,0.16117,-1.4145,0.13835,-0.84008,0.54703,1.46837,0.19132,-1.75778,-0.69227,-0.21304,-0.24362,1.84217,0.98358,0.09451,-0.2635,0.62994,2.58554,0.31505,-1.37677,-0.30567,-1.19184,-0.36142,-0.32655,-0.2934,1.16823,1
