v001,v002,v003,v004,v005,v006,v007,v008,v009,v010,v011,v012,v013,v014,v015,v016,v017,v018,v019,v020,v021,v022,v023,v024,v025,v026,v027,v028,v029,v030,v031,v032,v033,v034,v035,v036,v037,v038,v039,v040,v041,v042,v043,v044,v045,v046,v047,v048,v049,v050,v051,v052,v053,v054,v055,v056,v057,v058,v059,v060,v061,v062,v063,v064,v065,v066,v067,v068,v069,v070,v071,v072,v073,v074,v075,v076,v077,v078,v079,v080,v081,v082,v083,v084,v085,v086,v087,v088,v089,v090,v091,v092,v093,v094,v095,v096,v097,v098,v099,v100,v101,v102,v103,v104,v105,v106,v107,v108,v109,v110,v111,v112,v113,v114,v115,v116,v117,v118,v119,v120,v121,v122,v123,v124,v125,v126,v127,v128,v129,v130,v131,v132,v133,v134,v135,v136,v137,v138,v139,v140,v141,v142,v143,v144,v145,v146,v147,v148,v149,v150,v151,v152,v153,v154,v155,v156,v157,v158,v159,v160,v161,v162,v163,v164,v165,v166,v167,v168,v169,v170,v171,v172,v173,v174,v175,v176,v177,v178,v179,v180,alvo
-1.54563,0.33279,-1.68205,-1.20339,0.90492,-0.06814,0.57947,0.52209,0.57368,-1.92407,0.64259,0.99849,-0.32343,0.65834,1.20879,0.868,0.14301,0.87601,-0.95742,2.04866,-0.58528,-1.40029,0.57702,0.65722,1.33358,0.11707,-0.64312,0.69473,0.87527,0.16731,0.81146,0.34207,-1.12382,-1.84239,0.9423,1.32918,-0.89732,-0.45863,0.56791,0.60551,-1.22758,-1.06751,-0.96494,-0.3027,-1.2227,0.50189,-0.48701,-0.93311,0.03512,0.85072,-0.71459,1.68744,0.31877,-1.87175,1.11878,0.23835,1.88322,-0.16441,-0.11855,-0.14379,1.23211,-0.11855,-1.2553,0.62874,-0.36535,-1.50199,-0.05489,1.17135,-1.58942,0.1514,-0.59591,-0.75907,-0.61651,-0.22627,-0.20866,-1.6357,0.39721,1.87783,-0.93987,-0.64368,-0.8739,-0.73141,-0.33114,-0.09249,0.17598,-0.98387,0.31712,0.95759,-0.41365,0.58265,0.72515,-0.63889,-1.21528,-0.10474,0.48071,1.27513,-1.81781,0.50743,0.48478,-1.34466,-0.74103,-1.17652,-1.04691,0.11324,-1.25056,1.57294,-0.39354,1.70328,1.95319,1.11531,1.81276,-1.89748,1.18483,-1.52445,1.67741,1.982,-0.00152,0.19375,0.48358,0.43341,0.04128,-0.68532,-1.65895,0.17335,-0.03144,1.08999,-1.04646,0.42717,-2.54852,0.89251,-2.15695,0.64068,0.37799,0.75875,0.97446,-0.55365,0.96682,-1.01164,-0.74217,0.3064,-0.72099,-0.41591,1.1444,0.56912,0.80922,-1.06325,-0.75668,-2.51024,-0.2816,0.31015,-0.80021,-2.22466,1.50951,-0.72536,1.41975,-2.95307,0.90157,0.39113,1.72917,0.10882,-0.11088,-0.27825,0.07588,0.82138,0.27328,0.43071,0.37661,-0.09141,-1.21447,0.39645,0.88889,0.20808,1.31179,0.19182,1.70713,-0.09794,0.06436,0.44185,0.80477,-0.59271,1
0.46946,0.51508,0.54961,-1.97395,2.32428,1.69914,0.06584,0.51959,-1.23604,1.19451,-0.17233,0.18525,2.22486,-1.18283,0.18201,0.07223,-0.07378,1.22916,-0.54218,0.73654,-0.41998,-0.04406,-0.82905,0.21631,-0.54142,0.13234,1.32048,1.28952,2.50482,-1.79797,-0.54045,0.46762,-0.46783,-0.12998,-0.68577,-0.39443,0.00581,-0.11708,-0.18844,-0.11959,-1.27063,-0.46391,0.92544,-0.48493,-0.46332,-0.33212,1.612,-0.56214,-0.30571,0.22863,0.07534,1.19042,-1.63375,-0.94124,-2.00845,1.5949,0.50726,-0.54612,-0.26534,2.47427,0.46448,-1.55526,-3.72647,-0.94168,0.20491,-3.28726,-0.27775,-0.45289,-0.1257,-0.95647,0.14372,-0.17416,-0.23685,-0.54001,-0.31401,-0.60154,-1.47208,0.57843,1.34031,-0.89197,0.35516,-2.78938,-0.01246,0.80846,1.97679,0.03333,-0.91522,-0.40488,0.51605,-0.87938,-0.12541,-1.19022,0.6356,0.60948,2.26539,0.54938,-0.72048,0.32941,0.32304,0.18491,-0.54013,0.5434,-1.42301,-0.80426,0.73624,-0.1305,-1.20057,0.10082,1.08545,0.78488,0.8548,1.08624,-1.10157,0.31899,-0.60185,-0.01705,0.34403,-1.18986,0.38041,0.0204,1.59566,0.28964,-0.01181,-1.19035,-0.12717,-0.91654,-0.98533,-0.77381,0.97677,0.02237,0.82949,0.01935,-1.58084,-2.33322,0.73481,0.72691,-1.4571,0.1845,-1.64588,0.02288,0.27721,-0.21279,-0.30594,0.38896,-0.4243,0.19685,-0.06233,-0.28875,1.15752,-1.41687,1.38008,0.52724,-1.22624,-1.98329,-0.68434,0.7659,0.39457,-0.25882,-1.77885,-1.48986,-1.26104,-0.82821,0.20619,-0.83918,1.00425,0.40796,-0.88689,1.12837,-1.06882,-1.8085,2.09583,-1.04341,-0.02309,-0.43118,0.3595,0.44054,-0.03902,-0.09556,-0.13905,0.53239,1
-0.29915,0.22341,-0.25376,-0.2571,0.39874,0.48794,-0.98046,0.3785,-0.528,-1.48436,1.37815,0.11321,-0.09366,-0.72068,0.82748,-1.83879,-0.383,1.72808,0.30322,-1.53383,1.24112,-0.30457,-0.02616,-0.38681,-2.23465,0.39353,0.1661,0.47468,0.42274,-1.30757,-1.05663,1.20047,-0.8567,2.15275,-1.2975,-0.56455,0.372,0.322,0.362,0.07208,-0.40361,-0.72461,-0.74011,-0.62271,-0.42646,0.31863,-0.10394,-0.76915,-0.20167,-0.5493,0.37706,0.36579,-0.32435,0.09415,-0.83032,-0.20094,-0.82251,-0.71044,0.83038,-0.97952,0.55355,-1.27391,-0.0298,0.4103,0.76793,1.42613,-1.67825,-1.43816,-0.07283,2.13487,-0.5788,0.68703,0.18526,-0.41995,0.34609,-0.78981,-0.89967,-0.30487,-1.48558,0.50587,0.09943,-0.96732,-0.3457,-1.13425,-0.39395,2.45912,0.65474,-0.12419,-0.53562,-0.94377,-1.85814,-0.80873,-0.87746,0.32446,2.07994,0.63797,0.51943,0.49732,1.33461,-0.46311,1.02199,-1.21011,0.87733,1.28153,0.11948,0.63736,0.82586,-0.58825,0.12803,0.64353,0.80446,-0.91031,0.82794,1.65556,1.50837,-0.95543,0.12394,0.92321,-0.63359,-0.04584,-0.2121,-1.51632,0.69062,0.17953,0.05735,0.22417,-0.54936,-0.43067,-1.14923,-1.63653,-1.25004,0.32655,0.51848,1.53736,-0.63512,-1.31421,0.7228,0.39389,0.79564,1.77189,-0.16309,-0.86396,-2.32698,-0.27572,-1.23056,0.75134,0.99566,-0.55718,-0.10321,0.03662,-0.2946,0.56027,0.27679,-1.38251,-0.37047,-0.17626,-0.18181,-2.27112,0.26207,-0.0176,-0.08376,-0.44557,-0.53752,-0.94074,0.43688,-1.13731,-0.85339,0.59579,0.88038,0.37742,-0.13006,-0.16029,-1.64048,0.62692,-1.42818,1.57709,-0.05372,-0.52832,-0.41472,-0.20026,1
1.7197,0.31785,-0.10528,2.35256,0.44452,0.31747,1.16316,-1.69503,-0.43451,0.13849,1.06431,-1.39634,-0.01767,0.90868,0.6778,-1.66827,1.17423,1.18935,-2.07646,0.49329,-0.45081,0.03955,-0.53577,-0.34162,0.5125,0.44558,0.79036,-1.33024,-0.71399,0.62328,-0.77762,-0.13904,0.10082,1.84189,0.13588,-0.3446,1.7922,0.89794,-0.56131,1.31443,-0.02013,1.44582,-1.68397,-0.02824,1.08278,-1.62522,-0.46299,-1.16939,-0.00839,-1.29141,-1.31394,0.58603,-0.16448,2.24103,-0.20583,0.67696,1.01923,-0.5688,0.35226,0.79024,-1.82434,1.53246,0.48908,2.66326,0.03713,-0.54915,-1.98751,-0.70978,-0.65464,-0.5975,-0.95953,1.00381,-2.42835,1.51941,-0.56255,1.05761,2.2254,-0.14503,-2.16715,1.44316,0.34419,-0.3495,0.42621,1.35233,-0.92509,-0.07078,0.67207,0.34049,-0.6333,-1.70623,-2.15048,1.01718,0.03456,-1.12762,0.03621,-1.41095,0.79754,2.57436,0.93541,-0.50709,-0.16208,0.28409,0.91046,1.11221,0.19014,0.41286,-0.04103,-1.21073,0.85636,0.38789,0.12882,-0.26408,-1.61446,0.93883,-0.75506,1.0852,0.90308,0.73563,0.16466,0.50518,-0.71146,-0.87972,1.3914,0.63548,0.95724,2.03956,0.49469,-1.60768,0.6421,1.65222,-0.05894,0.70949,0.30211,0.84616,-0.99821,1.23637,0.86106,-0.55412,0.9151,-1.32353,1.26974,-0.19611,-0.14502,-0.39278,-0.82581,0.01512,1.86696,2.86973,0.80817,0.25764,0.92582,-0.84456,1.71737,-0.24696,-1.53981,-1.30769,-0.9428,1.32821,-0.26149,2.11459,-0.33605,0.56975,-2.16376,-0.88036,-1.24307,0.29079,-0.64795,0.04349,1.1591,-0.87608,-0.32377,0.46216,-2.02571,-0.89955,1.27036,-0.15145,1.58348,0.22232,-0.42272,-1.61763,0
0.57616,-1.32447,-0.30796,0.50952,-0.31587,-0.76103,0.23819,0.54373,-0.36117,1.60223,-0.68006,0.98785,0.31208,-0.23213,-1.06653,0.78215,-0.48555,-0.40376,-0.73298,0.19086,-0.13597,1.71457,-0.71705,-2.05061,1.3165,-0.36338,-1.20101,-0.45956,-1.03127,1.35656,-0.058,1.0081,0.27964,-0.22095,-0.37048,0.73592,-1.65301,-1.94211,-1.25537,-0.62809,-0.59903,1.41859,0.89932,0.83316,-0.41103,0.17233,-1.58586,-0.50565,0.92061,0.33592,0.14704,-0.56841,0.67783,0.95339,-0.37105,-0.52877,-0.62207,-0.1387,0.63314,0.88202,1.86869,-0.43687,-0.67505,0.16002,-0.22153,1.77415,-0.18074,-1.59334,-1.47137,0.57773,0.69263,-0.93879,-1.33218,0.25456,2.27586,1.28841,1.52797,1.03921,1.62764,-0.07075,-0.88912,1.66852,-0.11601,-0.06523,-0.74169,0.47421,0.30772,-0.29829,0.99027,-1.61103,-1.8298,0.46457,1.09058,1.74798,0.2495,1.44047,0.75197,-0.90602,-1.38234,1.50853,-0.03329,-1.5462,0.3246,-1.01835,2.29532,0.15537,0.10763,0.27352,1.57806,0.53342,-0.262,0.91448,1.74711,-0.45182,0.38244,-0.31812,0.21589,0.0437,-1.24343,0.48811,-0.65404,-0.79195,0.1245,-1.4491,-0.22994,2.00615,-0.46215,1.93167,0.32013,2.16853,0.67785,0.49627,0.06525,0.978,-0.24024,1.40468,-0.95049,-1.27079,1.26142,-0.81713,-0.41266,-1.02488,0.02626,0.04161,-2.17065,-0.25769,1.18632,0.43957,-2.11599,0.00269,-0.20652,1.97636,-1.24943,-0.15354,-1.0092,0.62633,0.01864,-1.27672,0.47799,-1.01764,-0.63293,-1.07078,0.07142,0.96247,0.21711,0.37054,-0.88334,0.68493,0.02453,-0.9644,-0.0743,-2.93485,0.7707,1.89341,-0.70311,-0.42641,-1.66839,-1.08909,0.70815,-0.51194,0
-0.71024,2.65543,0.34903,-1.7042,0.82875,-0.01276,2.44655,-0.30004,2.56112,-0.1874,0.45488,1.78308,-0.0747,-1.87926,0.47215,-0.22449,0.62428,0.29594,0.28906,-1.14388,1.26624,-1.15317,1.03627,-1.8842,-0.16637,0.05088,-0.80067,2.43423,-0.31251,0.26462,-1.42685,-0.19855,1.0659,-0.29752,-1.33947,1.18085,-0.24542,0.78587,0.22376,-0.97104,-0.68671,0.20497,-1.34291,1.70428,2.68732,0.70523,-1.5696,-0.30834,0.66275,2.07001,-0.65493,-0.83239,-0.34115,0.28293,1.43678,-0.10986,-0.52192,-0.91866,1.59289,-0.42404,2.26185,-0.37473,0.55966,-0.54132,-0.49045,-0.92047,-0.35108,-1.36841,-0.69487,-1.35612,1.14643,0.82358,-0.44865,-1.32754,0.34338,0.59865,-1.05288,-0.29756,0.71309,0.07007,0.4929,-0.80857,0.89485,-0.05141,0.11779,-0.77856,-0.28964,-1.15566,0.6471,-0.57455,0.91291,-0.1125,-1.8319,-1.4345,-0.09603,0.01835,-0.91999,1.55362,-1.59478,-0.00553,0.81573,0.21298,0.63171,0.83311,0.11613,-0.56725,0.60882,-0.28387,1.75461,-1.5985,-0.17673,0.17836,-0.58025,-0.09504,-1.96839,0.43793,0.18096,0.81951,-1.35524,-1.63677,-0.46155,-0.75188,2.4479,0.69535,0.74327,-0.82755,-0.0071,2.32539,-0.21661,-0.23449,-0.52005,3.03247,-0.18928,0.30696,0.3926,0.56478,-0.13073,0.52971,-0.54421,-0.43509,0.25974,1.16086,0.821,0.58055,-1.36685,1.58025,-0.49777,0.23708,-0.20575,2.58841,-1.19379,0.38997,-0.53646,-0.07456,-0.30574,-0.49257,1.13027,0.47284,0.42671,-0.14063,0.21963,-0.40071,-0.38306,-0.48948,-0.7857,0.37442,-0.67601,-0.19816,-1.44572,-1.51216,1.67931,-1.09267,-1.57603,0.26892,-1.06355,0.95784,1.73209,-1.27872,1.09342,0.95108,0
-0.63455,-0.12717,-0.9005,-0.15343,-0.43112,0.58915,-1.07988,-0.24652,0.65739,-0.47271,-0.49116,0.52869,0.38433,0.96112,-0.70455,0.71808,-0.77105,0.03519,1.11153,0.46932,-0.21776,0.09309,0.04357,-0.19167,0.84286,-0.7526,0.92986,-0.72615,0.86314,0.85364,-0.05229,-0.76269,0.51944,0.78265,-0.54793,-0.7119,-1.20237,0.59989,-0.61996,0.94582,1.34163,-0.42646,1.06301,-1.71481,-0.46621,-1.50491,2.59159,1.13485,-0.69868,0.26407,-0.57105,0.50566,-0.60167,0.49709,0.44131,-0.32072,-0.22449,0.86552,-0.50934,-0.11444,-0.22465,0.65819,1.59691,0.24073,-1.81835,0.40614,-1.70427,0.84925,-0.9989,-0.09676,0.91727,1.88427,0.23801,0.91884,0.03248,2.321,0.59189,-0.91713,-0.29792,0.48572,-0.01395,1.28256,1.30202,-0.11387,0.61573,0.19994,0.76725,1.24534,-0.48267,1.41143,-0.80664,0.2615,1.12752,-0.06025,0.97877,0.38881,0.76232,-0.77244,0.28999,-0.38682,-1.57117,0.58673,-0.12573,1.79759,0.5133,0.01849,-0.32207,-0.11699,-0.9409,-1.9417,-0.67879,0.07072,-0.12182,0.56801,-0.57146,0.44336,0.62178,-0.0876,-1.18944,0.64529,0.1241,1.5279,0.48382,0.10185,1.14864,0.45377,-0.43385,-0.54627,0.58091,-0.3379,-0.75419,0.89496,-0.26258,0.70375,-0.87137,-1.24926,1.33425,0.58542,-0.65922,0.10078,-0.04258,0.09137,0.78483,0.08869,-0.12033,0.23153,1.43199,-0.1166,-1.94965,0.58057,-0.57119,1.65167,-0.61093,0.21411,0.93863,0.82851,0.5349,0.37273,-1.52612,-0.30144,0.42556,0.40721,1.4064,-0.49535,-0.55143,-0.66272,-0.03101,2.0695,1.24221,-1.19036,0.27437,0.52403,-1.04576,-0.78822,-1.83569,-0.14853,1.29482,0.02498,0.07726,-1.33104,1
-1.07734,-0.88438,-0.63927,1.66136,0.71089,0.09964,1.64827,1.32539,0.13018,-0.28178,0.47126,-0.39885,-0.61199,1.14084,0.85751,-0.41813,0.71392,-0.94832,-0.03566,0.26369,-0.7967,-0.84137,0.23714,0.90217,0.69542,-0.1336,-0.42537,-0.38514,0.3553,-1.33463,-0.59792,-0.20076,0.14764,-0.00552,-0.41647,-0.54193,0.73299,0.43612,-0.29022,0.24319,-0.81216,-0.3431,-0.26022,0.94008,0.03667,0.21521,2.55963,-0.87836,-0.79429,-0.22828,-0.73613,-0.21939,0.37391,0.30635,0.62526,0.69342,0.02658,0.53109,-0.69037,0.03095,0.62131,0.59401,-0.90168,-0.49551,1.82376,-0.39644,0.74109,-0.64007,-0.6342,1.67799,0.75168,0.88857,-0.49354,0.04936,-0.26962,-0.92436,-0.02928,-0.65808,1.34333,0.05218,-0.25221,0.05966,-1.08985,1.26817,-0.44194,0.74297,-0.72442,0.38952,2.43746,0.49755,0.24294,-0.0663,1.2883,-0.6767,0.42828,-0.3158,1.11584,-0.17333,-0.4163,0.1085,-0.03795,1.53901,-0.76285,-1.67573,0.75366,-0.24914,1.82021,0.59795,-0.39791,-0.63467,-0.48535,-1.16966,-0.89602,-1.01485,-1.22892,-0.64745,0.99163,0.00968,-0.06674,-1.482,-2.12491,1.204,-0.24862,2.41183,-1.05601,-1.25895,0.71228,0.9828,0.53735,1.36579,-0.0034,-1.55041,-1.03736,-0.25859,0.62842,1.23243,-1.36974,1.12038,-0.20031,0.16712,0.70888,-2.60469,-0.27062,0.56014,0.12678,1.1225,-0.32921,-1.16539,-1.73334,-0.61084,2.2008,1.46817,1.81138,-2.12383,0.0143,-1.01498,0.64074,0.08815,-0.58981,-1.11923,-0.2087,0.71319,2.61043,-2.1606,-0.65866,0.05817,-0.40483,0.86058,0.04559,-0.49819,-1.60813,-0.59254,1.45946,0.90314,0.05012,0.74053,-0.91402,0.28502,-0.7475,0.91612,0
0.50006,0.79012,0.25727,0.56701,0.55102,1.57647,-0.22688,-0.09104,0.77092,0.47355,-0.97925,0.52502,-0.68959,0.23722,-0.43515,-0.54619,0.60785,1.25857,0.3126,-0.26846,-1.52466,-0.52812,-0.54605,-0.34564,0.39379,-0.68173,-1.14528,-1.71876,0.24833,-0.05413,-1.11409,-0.53896,2.07976,-1.38956,1.07948,0.17705,0.27623,-0.85288,-0.55856,-2.44608,0.01676,0.21967,-0.5684,-0.32218,1.82041,-1.72006,-1.38576,-0.68542,-0.48414,-0.59098,0.24994,1.32668,0.49791,-0.62365,-2.37606,-0.77321,0.53527,0.51435,-0.98714,0.63785,-0.99644,-0.45547,0.34201,0.87568,-1.09631,-0.11407,-1.48986,2.22023,-1.69734,1.01467,0.15315,0.0846,-0.26468,0.67278,0.07737,1.45178,-0.9227,1.15886,0.98284,0.02875,1.25826,-0.99177,1.95841,-1.00408,-0.69682,0.37514,0.95709,-1.34687,0.34385,2.18872,0.79532,-0.24568,-0.62534,0.71021,1.2026,0.18543,1.87607,1.14154,0.1124,-0.08933,0.95756,0.16015,-0.61528,-0.67814,-0.2569,-0.31999,0.4115,-0.7834,1.75926,1.63752,-0.38921,0.22268,-0.14877,-1.17762,1.56797,0.1084,-0.54164,0.77457,0.91832,0.96858,0.26887,-0.19034,-0.00167,-1.4225,1.93884,-0.77334,0.63331,1.24152,0.26368,1.71888,-0.49823,2.27914,0.74285,0.84926,1.07165,-1.5639,0.23831,-0.50397,-0.80616,1.29003,-0.3088,0.41864,-0.72089,1.07056,-1.10597,-0.6763,-0.94043,-2.14164,0.29751,0.39656,-1.5104,0.32122,0.2213,-0.29187,0.85181,0.43678,1.03669,-0.49541,-0.23987,0.25608,1.46816,-0.03015,-1.83084,0.12463,1.36276,-1.43537,-0.00669,1.8465,-1.66629,0.73808,0.11771,-0.7398,-0.55107,0.37503,-0.82,-1.00466,-0.88468,-0.44878,-2.16627,1.5991,0
-0.10875,3.40532,-0.35329,-0.93134,-1.94245,-0.58473,-0.06423,-0.37213,-0.74968,1.51064,1.74071,1.23226,-1.99676,-1.03085,0.44784,0.30854,0.3306,0.49499,-1.14238,0.81742,-0.56333,-0.31466,-2.59878,0.37121,-0.82936,-0.69854,0.03954,1.76045,-1.09669,1.75537,-0.2089,0.01548,-0.42736,-0.98113,-1.04457,-0.04435,0.34428,0.15231,-0.5062,-0.04782,-0.35807,0.56957,0.59863,-0.56174,0.88564,-0.7085,0.5979,-1.22402,0.18032,0.62399,0.95295,-1.06173,-0.70684,2.64202,-0.72846,-0.55958,-0.41867,-0.35226,-0.10439,-0.00859,1.09794,0.028,-1.5597,-1.11178,0.02725,0.57264,-0.1575,-0.99446,1.06952,1.63385,1.69856,0.84419,0.20401,-0.10471,-1.23862,0.16602,-1.2369,2.09352,-0.97193,1.11538,4.34176,0.58342,-0.2355,-0.78628,-0.21007,0.46769,0.33321,1.66377,0.49761,1.07758,0.17293,-0.55053,1.38911,1.19936,-0.46162,0.59785,0.743,0.112,-0.69774,-1.70829,-1.12865,-1.55307,0.40211,0.50244,1.39284,-0.21332,-0.70313,-1.35116,-0.38953,0.65604,0.06848,0.35243,0.65988,-1.30462,0.20857,-1.21739,-0.1421,-0.34053,-1.75478,-1.19151,0.48117,0.53649,-0.21518,-0.53503,-0.06929,-0.68977,2.02409,-0.73707,-0.24097,0.73034,0.23381,1.07419,0.47238,-0.93794,1.51869,1.56944,-0.53333,0.3445,-0.32627,0.1656,0.47046,-0.51963,1.37922,0.34984,0.1658,-2.20081,0.03846,-0.99447,1.45651,0.2087,1.48838,1.09511,0.10692,0.04328,0.20266,-0.62683,1.09888,0.07567,-0.65097,0.53126,0.22963,0.23743,0.60151,0.80472,-0.15871,-1.10944,1.36225,-0.14255,-0.53495,0.54898,-0.37135,0.95994,1.61215,0.52471,-1.7057,-0.12747,-0.25632,-0.30423,0.5667,0.90783,0
0.59397,2.04015,-0.44586,0.66932,-0.66405,0.09156,-0.91337,0.71072,1.08148,1.40738,-0.86197,-0.35047,-1.10542,-0.06581,1.33805,-0.48687,0.45766,1.03335,-0.13225,-0.67531,-1.28615,0.05409,0.38723,-0.39462,0.16637,-0.5647,-1.06985,-0.70468,-0.46034,1.37011,-0.00811,0.83551,0.87699,0.49398,-0.4317,0.13048,1.03869,0.57601,-0.82561,-0.46398,0.6539,-0.08069,-0.02368,0.97896,0.72592,-1.49968,1.29929,0.51867,1.42841,-1.32705,1.12177,-1.3806,-0.2139,0.5555,1.0011,1.23622,0.52653,-1.64375,1.00776,-1.10778,2.2832,0.20376,0.69891,-2.41461,-0.05208,0.42727,-0.47535,1.14012,-1.50103,-1.87146,-2.59663,-0.72758,-0.76528,-1.01421,-0.02773,-1.44952,0.0555,0.00528,1.26406,-1.11735,1.23014,0.59823,0.66742,-1.08032,-0.69407,0.41234,-0.61901,1.10178,-0.16821,0.90943,0.33418,-0.11113,1.23698,0.53175,-1.2839,-1.71993,-1.96921,0.00547,0.60286,-1.56663,-0.79762,-0.79224,0.61977,-1.27208,-0.16951,-0.21436,-1.58416,1.37423,-0.13067,-0.28354,-1.7586,0.19766,1.3821,-0.23887,0.9517,0.31467,0.16924,1.24747,-0.62153,-1.35124,-0.67726,-0.48527,1.25926,0.53181,-1.22495,0.67218,-1.82961,1.21839,0.6616,0.4856,-0.99725,-0.41175,0.18267,-0.31936,0.34365,-0.24612,0.90598,-0.57509,-0.24199,1.3809,-0.53357,0.02852,-0.31432,1.34648,-1.16025,-0.3253,0.71654,-0.07848,-0.23967,0.65097,0.44981,-1.27819,-1.3133,0.19203,-0.57376,1.06126,0.48618,-1.19718,-0.18463,0.09125,0.31154,-0.88731,-0.09064,-0.49998,-0.82293,-0.0137,-0.11045,-0.19644,0.71412,0.32704,0.11253,-0.28297,0.9766,-1.34073,0.92889,1.32337,0.54904,1.41642,-0.30499,0.64069,1
1.10031,0.15379,-1.50675,-0.11221,0.828,0.56682,-1.28106,0.33809,0.25378,-1.67785,-1.17059,-0.4289,-0.34818,0.56524,-0.8018,-0.41947,-1.43862,-0.03962,0.39836,0.73427,0.42748,0.27761,-0.24233,-0.03287,-0.20306,-0.0192,0.83199,1.60505,-0.83705,0.8684,1.30442,0.4672,-0.49015,-0.10228,1.87325,-0.30452,0.70271,-0.26611,0.97358,-0.34429,0.4493,0.20755,0.27933,0.69926,-0.48019,0.83998,0.46363,0.79626,-2.25824,0.72369,-1.00899,0.98113,-0.29335,-0.44712,0.91477,-1.00136,-0.80668,2.21749,0.73114,1.29405,-0.38755,-2.01287,-1.07725,-1.79474,-0.91304,0.066,0.58412,1.90674,-0.68259,-0.10336,2.88293,-0.17024,-0.51051,-1.25812,1.78845,-0.1512,0.42213,-0.04937,0.55404,0.28361,0.75375,-1.02802,0.14194,1.35551,0.38735,0.27609,-0.52945,0.16437,-0.26523,1.47637,1.14044,-0.15638,0.10148,1.8527,-0.3757,0.21223,-1.82858,-1.35045,1.31316,0.34927,0.82382,0.16873,0.29008,-0.25965,0.2581,0.94764,0.18579,1.18136,-1.87599,0.09411,-1.40934,0.01393,-2.05198,-0.88362,0.30324,0.30341,1.62926,-0.94577,0.364,0.17568,1.6275,-0.38644,1.40762,-0.21957,-1.19327,-0.42784,1.17511,-0.7098,1.04198,1.16921,-1.2213,1.27144,0.69516,-0.1664,-1.00675,0.44923,1.94098,0.35807,0.35004,1.66837,0.48726,-1.45758,0.99406,0.49676,-1.23372,0.22771,0.92037,0.58499,0.5826,0.70207,-0.84425,-0.76523,-2.28523,-2.0772,-0.09595,1.16773,0.48414,-0.62978,0.36004,2.12271,-0.34277,-0.24421,0.66331,-0.0877,0.16094,0.18816,-2.53993,-0.80245,2.00633,1.02993,-1.2475,-0.4,1.05344,-0.18923,1.08769,-0.4039,-0.96634,-1.62292,0.16991,0.10619,1
0.5927,-0.81451,-1.3552,0.10105,-0.65291,-0.17683,-1.93499,0.73968,-0.44296,0.26683,0.24493,-0.04158,-0.11097,-0.83478,-0.85916,0.95593,-0.60557,-0.05062,0.51623,0.1276,-0.38402,-0.70246,0.49487,0.86924,0.15999,-0.43598,0.44174,1.25284,-0.64061,0.27431,-0.36815,0.29516,0.60763,0.22696,-1.08445,-0.97925,-1.9225,-0.7656,-0.0601,0.19267,-0.14593,0.18725,-0.22156,0.10127,0.09413,-0.54014,0.46931,-0.09485,-1.02569,0.97566,1.03122,-0.49264,0.58255,-1.22626,0.30994,0.74183,1.63569,-0.56302,1.71042,0.42704,-0.4003,-0.20306,-1.94037,0.53731,-0.2953,2.70886,-0.62463,0.50748,-0.05679,0.87562,-0.55737,0.23628,-0.748,0.60008,-1.26974,0.95491,-0.6657,1.30323,0.6816,1.2399,0.06269,-0.9729,0.68666,-0.43561,0.65486,2.55046,0.97213,-1.08368,1.49167,0.47253,-0.41711,0.54967,0.24779,1.16712,1.53149,-0.37611,-1.20786,0.11279,0.64502,0.96271,-0.47877,0.49351,-0.04229,-1.22965,-0.98168,-0.16142,-0.15786,0.09787,0.22303,-0.61033,-0.74909,0.31186,0.06616,1.49514,-1.15398,2.19214,-0.11622,0.89501,-0.24344,0.6121,-0.06311,-0.51995,0.54912,0.79487,1.55839,1.0196,-0.47565,-1.42414,-1.77556,0.32832,0.88558,1.79826,-0.30822,0.84774,0.0973,1.36812,0.10177,0.2652,1.16182,0.45066,-0.36669,-0.55849,-0.96651,0.79008,0.41126,-2.02819,-1.0813,-0.24878,-0.97351,0.15753,-1.98382,-0.21097,0.60901,0.85914,1.47563,0.08647,0.93562,-0.84831,-0.41829,-0.12992,-0.13389,0.58029,-2.05936,0.60598,0.51074,-0.14432,-0.20904,-0.00508,0.47057,0.45615,-1.13227,-0.9028,0.63444,-0.0938,-0.39824,-0.12183,-0.19063,-1.27909,-0.62268,-0.89074,1
0.72624,-0.49578,-0.62746,-0.31297,-0.39748,-0.28252,1.14636,0.49547,-2.05127,0.82955,0.1809,0.89133,-1.17603,-2.51682,0.66543,0.06827,0.60118,-0.75423,-0.23361,-0.24376,0.87815,-1.17407,0.80828,-1.95184,0.81489,-0.59019,-0.9083,-0.68721,-0.96877,0.0725,-0.46667,1.63362,-1.61053,1.3376,1.76088,1.49032,1.03203,-0.9782,0.45664,-1.6783,-1.23722,0.2979,-0.62147,-0.18579,-1.1362,-0.61425,0.17874,-1.75374,-0.55665,-0.55687,0.01553,-0.06418,0.82158,0.23639,-1.36373,-3.4743,0.48875,-1.34096,-0.43045,0.32854,-0.63432,-0.00105,-1.61709,0.56899,0.7587,0.66641,0.74122,1.71806,-0.04157,-1.1344,0.61455,-1.43323,-0.1241,0.81003,1.22262,-1.47047,0.35322,-0.7882,1.16983,0.78695,-0.8555,0.92652,0.00037,-0.75401,0.82382,-0.05428,-0.70924,1.67559,0.48723,1.12116,-0.70819,-2.09514,0.32578,-0.82574,-0.27295,0.09899,1.60123,-0.1854,-0.33832,-0.09277,-0.46649,1.50502,0.19698,0.36459,-0.25085,0.79982,-0.63533,-0.13603,0.8244,0.17631,0.75672,0.68886,-0.84282,-0.91694,-0.74536,-1.25474,1.44768,-1.6013,-0.65597,-0.74128,-1.63254,-0.29845,0.79174,0.19256,-0.77375,0.35474,-1.12126,-0.45488,2.03051,-0.96265,-0.52761,0.23584,1.09628,-0.51233,-0.2402,1.01849,0.51835,-0.08308,0.00722,-0.15676,0.1306,1.62115,0.23467,-0.34033,-1.1572,-1.34665,-0.44736,-0.66309,1.64308,1.2344,0.9346,0.19875,-1.55873,0.30656,-0.88731,1.96541,-1.17978,1.49379,0.70918,-1.38953,-0.91533,0.71611,1.59167,-0.85532,0.35071,-0.23764,0.34191,-2.04683,-0.30993,-0.04909,1.5347,1.29201,0.72533,-0.86642,0.11245,1.50848,1.16605,1.12624,0.73927,-2.53887,1
-0.91791,0.31773,-0.24429,0.76584,0.30915,0.12765,-0.59503,0.98238,1.75879,0.9408,0.34327,0.31267,1.70598,1.11631,1.30558,-0.84463,1.07323,-0.30413,-0.33566,-0.50657,0.08849,0.56116,-0.55561,0.42923,0.36969,0.19669,-0.22336,-0.27602,1.16814,2.3338,-1.03219,-0.23481,-0.57776,0.14149,0.33631,-1.33525,-0.81058,1.27786,1.5422,-0.09901,0.47272,0.8765,-0.75803,-1.3856,0.0583,-1.37073,1.09003,1.41317,0.4569,0.43713,0.49656,-0.92793,1.75112,-0.49151,0.15116,0.14614,0.17485,0.43195,-1.63628,1.37704,1.63603,-0.71799,0.32578,0.55036,1.25703,0.35619,-0.47345,-1.62788,-0.46071,-1.17517,1.12272,0.72342,-0.00733,-0.05671,0.99117,1.24717,0.70066,-0.44006,1.67241,0.81304,-0.23529,-0.05855,-0.12897,0.87988,1.32356,-0.49105,1.21507,0.53828,-1.70863,-0.28095,0.52051,-0.28901,0.47958,0.14046,-0.54935,0.44216,-0.52902,0.73786,-0.62354,1.08543,1.07033,-0.82966,1.74638,0.07459,0.32835,-0.00873,0.19139,2.49181,-0.34933,0.92882,-2.19025,0.65735,1.0677,0.12255,-1.98311,0.32998,0.21148,0.14015,-1.26864,-0.06651,-0.46387,0.83377,-0.78818,1.18471,0.24499,1.45936,-0.96194,0.20493,1.02918,-1.30725,0.20452,1.34441,1.23743,0.8359,0.20264,-0.31991,0.8721,0.30783,0.31696,0.3403,1.03271,-1.18064,0.7856,-1.17685,1.12455,-0.8954,-0.95946,0.87142,0.74406,1.02953,-0.40335,-0.82897,0.67187,-1.87704,-1.58609,0.97665,-0.12405,0.61681,0.56078,0.682,0.53297,-0.13739,0.72885,-0.04238,-1.30838,1.27115,-0.10483,-0.45442,-0.11222,-0.42229,-0.97265,0.72026,0.25706,-0.29611,-0.55632,-0.21538,-0.63994,0.51532,1.10205,-0.05276,0
-0.68305,0.0704,-1.74346,-0.14899,-1.28319,-1.11972,0.03631,0.48873,0.50944,-0.28848,-0.31037,1.23846,0.81869,-0.67021,-0.99009,-0.0616,1.28155,0.48589,1.56359,-0.7494,-0.43401,-0.08749,-0.23764,1.38094,1.50606,-0.28655,-1.5092,0.72786,0.22306,0.34343,1.38645,1.15898,-1.3552,-1.86172,1.82865,0.14411,-2.0047,-0.96828,-0.0118,1.74103,0.99691,2.20633,0.62852,0.99608,-0.19265,-0.11114,-1.10824,0.29614,0.07525,0.14948,1.53474,0.48051,-0.30122,0.13281,1.0085,-1.74109,0.71699,-0.79503,0.51613,-1.09586,0.55791,0.76004,0.20461,0.94346,0.9302,-0.18303,-0.06183,0.34059,-0.7127,-0.26614,2.66281,0.76863,1.30041,0.49324,1.19413,-0.81481,-0.66095,0.32233,0.40113,0.36424,0.70711,0.29834,0.91493,-0.25323,-0.48932,-0.58057,0.22571,0.28906,-0.65095,-0.44755,1.15566,0.74398,-1.52957,2.65274,-0.01733,0.1349,-0.40569,0.05028,0.58502,1.59263,0.33184,0.32433,-0.24343,0.66338,-2.41903,-0.39355,-0.57681,-0.13272,0.6099,0.27888,-1.80421,-1.92024,2.05163,0.23284,1.2413,-0.55984,1.67358,-1.49111,-1.52598,0.38994,-1.57123,-0.2459,-0.3586,-1.64131,-0.96017,0.72328,1.27144,0.6155,-1.2108,1.7282,2.14023,1.90627,0.74387,1.03924,1.00699,1.11449,0.8703,-0.0244,0.27743,0.37848,-0.2187,-0.14322,0.91926,0.15457,0.68427,-0.29133,-1.29507,-0.48337,-0.67507,0.21491,1.85154,0.75529,0.83123,-0.04139,-3.04145,-1.03312,1.22788,0.04905,0.04645,0.34381,0.44946,0.26952,0.69421,-0.06652,0.61639,-0.91877,0.68683,0.94381,2.2263,-0.38556,-1.07965,0.74183,0.35673,-1.07076,-0.34801,-0.74122,-0.9584,2.14879,-1.0534,-0.29036,0
1.52159,0.33785,-0.8109,-0.8398,0.53639,0.66018,-2.40172,-1.77904,-1.37942,-0.56917,-0.42227,0.19992,0.9208,-1.02382,1.90882,0.88412,0.23773,1.01754,-1.07353,0.42515,1.82095,-1.5503,-0.95076,-0.75327,0.55796,-0.59476,-0.03143,-0.62095,-0.45681,-0.6266,0.71342,1.58134,-0.26109,0.11947,1.12447,0.01051,-0.58775,1.0154,0.73785,1.0132,-0.0449,0.55903,-0.47684,0.72483,0.73654,0.2611,-3.13535,-0.75626,0.40155,0.62517,-0.47517,1.23352,-0.16057,-0.78499,-0.65827,1.63068,-1.92326,0.12683,-0.11818,-0.84356,-0.8607,0.21821,-0.61072,0.04522,-0.56805,0.0235,0.11735,-0.02094,-0.24788,2.23359,-0.37702,-0.12371,-0.80939,-0.9224,-0.36698,0.7695,-2.03804,-0.4853,1.41826,1.30663,1.83801,0.61574,-1.3759,-0.31042,-0.38329,0.9506,1.5108,0.55115,-0.04843,1.28672,-0.69753,1.45984,0.25393,-0.13914,-1.09258,0.37013,0.1747,0.90638,1.32076,1.24903,0.14609,1.39656,0.47092,0.36978,-1.26006,0.51124,-0.26174,-0.8304,-0.46545,0.42431,-0.21646,0.75307,0.2982,0.48212,-1.14903,0.17217,-0.55683,-0.33955,-1.0048,-0.3104,-0.89014,-0.84747,-1.68195,-0.43187,0.29202,0.6576,0.48872,-0.82476,1.97804,-0.88867,0.16151,-0.03584,-1.22272,-0.90355,-0.2211,0.5222,0.15317,-0.00486,0.77688,0.8903,-0.25062,-0.79118,-0.30488,-0.29345,-0.15984,0.5625,-0.45411,-0.90891,-0.42752,-1.22946,0.60641,-0.89413,-0.80368,-0.07715,-0.10831,-1.35548,-0.72783,-1.03359,1.90548,0.81162,-0.07153,0.75751,0.23401,-0.74333,-1.07714,-1.4138,1.42893,0.48574,-0.78451,-0.31407,-1.85996,-1.83046,0.14591,0.59958,0.68576,-0.98451,-1.51076,1.28054,-0.26337,2.04116,1
-0.94014,0.56909,-2.33341,1.1126,1.28591,-0.82445,-0.09238,0.37614,1.10599,-0.70309,-0.28115,-0.03185,-0.29998,-0.9579,0.91272,0.45664,0.49568,0.46945,-0.55524,1.84574,1.06781,0.08688,-0.76982,1.21136,-0.08865,-0.11517,1.34935,-0.01994,-0.05883,0.0809,-2.73239,0.75421,-0.29612,-0.44402,0.00294,0.37081,1.81507,-1.05689,0.88096,-0.46767,-0.22255,-1.60006,-0.22372,0.41394,0.78995,-0.92047,1.42001,0.93692,0.44289,0.17505,1.07705,1.17022,-0.30561,0.8193,-0.40883,0.26984,0.20254,0.5394,1.41196,0.76467,0.45127,-2.09239,0.45976,-0.4647,0.34748,-1.58665,1.5386,1.01726,1.12911,0.16164,-0.08525,1.52084,1.13054,-2.13909,-1.29367,-0.38264,0.75027,-1.55328,-1.85513,-0.94784,-0.22937,0.74184,1.47771,0.88272,-1.87457,0.08409,0.77208,1.32288,0.15684,-3.52798,-0.59813,-1.70658,2.27904,-1.63304,-1.28946,2.24884,0.79599,-0.50878,-0.98995,0.44738,0.38297,1.41032,0.15563,2.42132,-1.02227,0.3702,-0.32393,1.27516,0.2757,-0.26734,1.73868,-0.56633,0.69306,-0.44332,1.3824,0.56701,0.90564,0.26998,-1.59457,0.06293,0.52896,-1.49386,-3.95968,0.22001,0.28869,-0.02011,-0.75202,0.31725,-0.37294,0.47054,1.8735,0.58695,1.22444,0.14958,-0.18413,-0.3751,0.34364,0.06213,-0.19601,0.23211,0.27968,0.88542,0.06336,-1.49235,-0.31286,-0.52621,0.33926,-0.12344,-0.4935,2.05893,-0.50789,-0.62339,0.53006,1.04231,-0.39714,-0.67063,-0.54001,-1.72728,-2.403,0.21747,-0.16182,-0.08933,-0.40268,1.04163,0.462,-0.52818,0.00371,-0.31642,-0.56938,0.96932,0.53655,1.23262,-2.28843,-0.71579,-0.68588,-2.2854,-0.64227,3.40495,-0.9344,-0.71496,0
-0.6459,-0.05373,0.5813,-0.51495,1.16889,0.3911,-0.40421,1.02121,1.06303,-0.49457,-0.50396,0.92123,-0.38872,1.06253,0.06592,1.59714,-0.46975,0.74813,0.90521,-1.18611,2.21816,-0.44631,0.15014,-0.60159,0.75217,-0.64573,-0.22239,1.77198,1.88906,2.53072,0.94417,-0.65536,-0.32617,1.26283,1.08489,-0.31056,-0.68949,-0.02842,0.75338,-1.54277,-0.58041,-2.06938,0.35771,-1.65633,-1.15037,-1.4174,-0.38751,-0.15216,0.83757,0.57542,-0.97438,-0.0764,1.37989,1.44819,-0.16341,0.21476,-0.17257,0.24579,-0.19404,0.26497,0.94902,-0.48125,0.50088,-0.09771,-0.37797,-0.86971,-1.12023,0.28597,-0.55924,0.38335,-0.41307,0.93912,-1.85093,0.58742,-0.43986,-0.11035,-0.89019,-0.23635,0.39662,2.3221,-1.35059,0.11746,2.08656,0.52503,1.46987,1.77566,-1.42703,-0.30067,0.14423,-0.76537,0.16211,1.21438,-1.16325,-0.08048,0.53742,-0.45355,2.0739,0.52215,-0.6915,-0.36181,1.13975,1.73526,-2.31418,0.60026,0.4521,-0.57538,0.31555,0.10222,0.537,-0.08143,-1.11136,-0.11979,0.23869,1.28522,-0.16016,-0.06882,-0.56889,-0.34049,0.06834,0.27083,1.56507,-0.1018,-1.48722,-1.06091,-0.12424,-0.57132,0.22183,0.84112,-1.39129,-0.00991,-0.60996,-0.39277,0.29295,1.52468,-0.25184,1.23967,-0.07897,-1.64762,-0.67276,-0.93133,0.8304,0.01207,-0.99338,1.15704,-1.43889,-1.05245,0.50876,0.63553,-1.71941,0.50862,-0.02297,1.27603,-0.13203,0.03076,1.30386,0.82129,-1.91247,-0.12427,0.43615,1.17231,-0.76091,0.25917,0.22419,0.39558,1.00305,-1.16982,0.219,-0.78985,0.4202,2.54426,-1.69446,-0.06515,0.05391,2.41302,0.21702,1.04418,0.01502,-1.0966,-0.49439,0.39096,1
-0.53352,-0.41142,-0.46378,0.19398,-1.39383,0.74494,1.73403,1.46177,0.53345,-1.63554,-1.72254,0.7501,-1.57422,0.069,-1.78771,-1.187,-0.28701,-0.72988,-0.15886,0.11022,-1.02617,-1.01452,0.97264,-1.61266,0.27432,-0.14068,0.34225,0.72539,1.48602,0.59968,-0.24942,1.40572,-0.52105,1.30073,-0.89141,-0.20445,-0.18496,0.6084,-0.08849,1.04036,1.0586,-1.17807,0.6221,-0.43624,0.45351,-0.57895,-1.49221,-1.36858,0.3508,0.18125,1.35895,-0.3163,-0.80285,-0.48126,0.12394,1.75047,0.62176,0.17605,0.14551,0.20392,-0.1932,0.00146,-1.26302,0.35126,-0.04155,-1.59599,0.68828,-0.13277,1.10779,-0.32209,-0.34895,-0.21421,2.20547,-0.18811,-0.3733,-0.97091,0.50238,0.09052,-0.55376,-0.46519,0.35308,-1.92733,-0.65486,-0.68393,-0.33652,-0.10394,-0.75718,-0.96122,0.09359,0.36446,0.04512,-1.04239,-0.72181,-0.04599,0.15754,0.29578,-1.0232,1.62092,1.00588,1.10429,0.19637,0.51141,-1.01164,-0.38902,-0.26167,-1.53069,1.33593,1.11824,-0.90004,-2.30853,0.81972,-0.83241,-0.65983,-0.57534,0.28975,-0.61255,-0.12267,0.42772,-0.29682,-0.8764,-1.28265,-0.52072,1.37403,-0.27231,-0.6519,2.31364,0.30188,1.73393,-1.92763,1.68991,-1.35496,0.13428,-1.40743,1.10503,1.36852,-0.52135,-1.05464,1.11209,-0.97147,1.36325,0.30909,0.25123,-0.41915,0.86006,-0.1178,-0.47014,1.5792,-0.04315,0.72045,-1.06456,0.34961,0.04306,-0.82928,-0.45943,1.8993,-0.63849,0.56791,1.80909,1.70478,-0.63303,-0.47266,-1.09994,1.12283,1.62825,1.16364,-0.20696,-0.57817,0.58871,0.38901,-0.5086,0.41907,0.55715,0.50727,1.53597,-1.40854,-0.50918,-1.07413,-1.37661,-0.14433,-1.43736,0
0.55326,1.31095,-0.97326,0.50522,0.22212,1.17749,-1.90581,-0.89961,2.40713,0.14247,1.78414,-0.21365,-0.2621,0.48269,0.58925,1.25843,-2.68683,0.6535,-1.26531,-0.53728,-0.04488,0.27551,0.52531,1.191,-0.0068,0.83345,0.57334,-1.3792,0.05261,0.5029,1.06044,-1.61271,-0.5908,0.473,1.1975,-0.02045,-0.0867,-1.34788,0.07062,0.69344,-0.37402,0.73866,0.94264,-1.69925,0.47054,-1.62989,-0.71345,0.59865,0.31654,-1.17173,-0.62149,-0.01661,-0.29383,0.40293,0.62656,-0.79896,-0.62515,-0.85388,-1.67663,-0.54482,0.88287,-1.2037,-0.10928,-0.04124,-1.36342,-0.54242,-0.67368,1.08941,0.63562,0.43611,-0.15616,-0.11138,1.39945,-1.30674,-3.17493,0.65076,-1.02369,-1.69869,0.26416,-0.88176,0.61149,2.70214,0.9631,1.06874,0.45278,0.76999,-1.08964,2.24832,-0.71218,-1.93025,-0.41144,0.01598,-2.09679,-0.15785,1.69833,-0.03848,0.49635,0.37405,0.08604,-2.20768,-0.31704,1.29502,-1.12183,-0.74956,0.2418,-0.55597,1.98534,-0.84159,0.45659,-0.32322,-1.36704,-2.0764,-1.37154,0.0473,0.19598,-0.29231,1.57378,0.23659,-1.89205,0.00924,-0.31421,0.21128,-1.40105,0.11513,-0.19997,0.9026,-0.07034,0.53661,1.68398,1.14335,1.03005,1.0996,0.01656,0.26103,2.29624,-0.66134,0.20996,0.96954,0.40551,0.79399,0.28206,0.03048,-0.37269,-1.84904,0.10265,-0.58343,-0.02426,0.26492,-1.05694,-0.22238,-1.68075,-2.154,-0.62771,0.38914,-0.59685,0.36567,-1.41123,0.47073,-0.76135,1.14752,1.43366,-0.20122,0.49955,0.9158,1.11007,1.49923,0.03511,-0.9719,-1.21662,-1.15144,-1.54626,-1.52174,0.27781,-1.99163,-0.6485,0.94871,-1.92512,-0.9513,0.68017,-2.30886,1
0.30965,2.68362,-0.381,-1.15588,0.00402,0.1993,0.34653,-1.51967,1.00835,-0.05636,1.80995,-1.73366,0.36011,-0.24931,-0.27113,-0.47769,-0.82896,1.07414,0.53413,-1.04435,1.56468,-0.22666,0.33136,0.72315,-0.0899,-0.48779,-1.6641,-1.2312,-0.05124,0.88026,-1.55809,-0.77754,0.42734,0.22432,-0.07426,-0.1051,0.04251,-0.72002,0.42506,1.7703,-0.41068,0.44888,0.73891,0.54289,-0.72874,-1.69195,-0.96962,-0.41838,-2.30465,1.26837,-1.49883,0.51991,-0.71083,-0.43605,0.11739,1.429,-0.4227,0.20105,1.49313,-0.21023,0.78959,-0.77725,-1.17238,1.18542,0.19746,-1.53238,1.46964,1.5544,0.08969,0.04114,1.64594,-0.29741,1.10429,-0.24812,0.6003,-0.87794,0.2147,0.11619,-0.50728,1.00749,0.95247,0.59545,0.23204,0.08685,0.70852,-0.33175,-0.02726,1.20156,0.44844,-1.06476,0.36549,0.00258,0.77755,0.01277,-1.16918,0.52273,-0.66801,-2.80197,-1.47265,-0.33962,-1.51106,-0.40071,-0.79662,1.29313,-0.60068,-1.14741,1.71351,1.44232,0.27027,1.06777,0.38004,0.71539,-0.86928,-1.60146,0.49065,-0.71214,-2.2451,-1.96247,-1.05123,1.46042,1.07978,0.08483,-1.17422,-1.194,0.13791,1.51682,-0.98349,-2.38726,0.75317,-0.38939,1.22941,-0.59779,1.10372,-0.11577,-0.71411,-0.59536,-2.1067,-0.90305,-0.49437,-0.1566,-1.54103,-0.34344,-0.30081,0.21674,0.46448,0.03354,2.04191,1.03462,-1.1032,-1.09915,0.77895,1.10561,1.43199,0.28857,-0.16162,-2.29399,-1.46164,0.14276,-0.05525,0.86157,-0.57466,0.61877,-0.06845,0.24929,0.06597,-0.44923,-0.12238,-0.96134,0.773,0.71091,-0.02663,2.51591,-0.41962,-2.02147,-0.23199,0.25174,1.04037,-1.85125,0.755,0.24812,0
0.40724,-2.31075,-1.25521,-0.79212,0.22279,0.95443,0.75148,0.55557,0.57005,-1.61371,-1.05278,0.48444,-0.20061,0.60413,-0.73698,0.40473,-0.8844,-0.95312,-1.44263,0.67819,-1.52036,0.95685,0.98859,-0.50155,-0.80549,0.6022,-1.57878,-1.9002,1.13893,1.02172,0.28144,-0.69799,0.32915,-1.17798,-0.79168,-0.99184,-1.7071,0.78669,0.94156,-0.60516,-0.37397,-0.74195,-0.28557,1.65371,1.58764,1.03862,-0.55887,-0.90813,-0.90033,0.14491,-2.02199,0.30837,0.30675,0.67412,0.78786,0.25099,0.96062,-0.897,0.24811,-0.21565,-0.68627,-0.7029,1.14902,0.90947,-0.7827,-0.41536,-1.8238,0.88827,-1.07295,-0.37703,0.59487,0.79004,0.78706,0.88525,-0.48074,0.38737,0.15521,-1.10007,0.04992,1.74957,0.34301,0.70557,-0.44051,0.06311,-0.5826,-0.48403,-1.6468,-1.18992,0.41102,1.08882,0.46409,1.09491,0.16731,-0.14576,-0.4194,1.25604,0.71706,-0.40827,0.79689,1.28237,0.04901,0.79354,-0.00857,-0.03598,0.43012,0.86474,-0.87861,-0.17806,1.54615,0.12355,-2.53062,1.275,-0.57996,0.50201,-0.64391,0.08607,0.85228,-0.51475,0.35362,-0.48337,1.81969,0.03817,1.09867,0.52312,0.05367,0.60855,2.52805,1.18203,-0.45693,0.92076,-0.10757,-0.37366,0.00916,1.00622,-0.49301,-0.56253,-0.93453,0.66752,-0.16069,-1.69595,1.47133,0.3917,0.51865,0.84423,-0.87383,0.57883,-0.51252,-1.3407,-0.91205,-0.44087,2.2192,-0.50174,-1.6522,0.36648,-0.78385,0.06529,-0.14601,0.38958,-0.376,0.39242,-1.45122,1.29981,-1.73854,-0.21964,2.14285,0.91263,0.96638,0.34652,0.61063,-0.89282,-0.84869,0.17084,-0.10972,-1.00681,1.66119,2.1815,1.30172,2.09009,-2.02722,-0.13365,1
0.47927,0.31693,-1.88579,-0.56231,-1.72337,0.82586,-1.68655,-0.22375,1.221,-1.19901,-1.49008,1.58357,-1.04002,0.31008,0.09311,-0.54506,2.07968,-0.69135,-0.06674,-0.50698,0.99528,-0.48495,0.40519,-0.57082,3.19825,0.4045,-1.35745,-0.23488,2.11627,0.35689,-0.56228,-0.40661,0.6155,0.83713,0.08491,0.27255,1.347,1.04309,1.70394,0.63858,1.19985,1.33809,-0.73674,0.55121,0.99882,-0.92763,1.34905,-1.84604,-0.58751,1.20439,0.03645,-0.34038,0.42601,-0.22452,-0.34835,-0.43091,2.67858,-1.29011,1.80106,0.67951,0.96565,0.46514,-1.31879,-0.70455,0.54245,0.82156,2.23677,-0.84409,0.72983,0.18054,1.22047,0.74189,0.75209,1.26432,0.39929,-0.15196,0.04851,0.26969,-0.66931,1.3736,0.55924,0.04739,0.55093,-0.53326,-0.23266,1.69147,0.06071,-0.53333,-0.6223,-0.27882,0.26751,0.95436,-1.00105,-0.6538,0.08817,0.41039,1.39926,-1.34217,-2.04381,-2.05029,-0.10706,0.80801,0.95782,1.78797,-1.7362,-2.07272,0.76814,0.01476,-0.35106,-0.82437,0.95041,2.14835,1.53056,0.8547,0.55792,1.44232,0.38992,2.2076,-0.48742,-0.8184,-0.37913,0.91486,1.40435,1.52737,-1.26419,0.26638,-0.01189,1.57521,-0.40764,0.12381,-0.17157,-0.30606,0.61585,-1.39156,-0.56458,-0.46102,0.07279,0.5552,0.71841,0.17789,-0.46643,-0.54378,-0.4446,1.173,-1.42233,-0.50431,0.26113,-0.89594,1.72978,0.42394,0.31469,-0.27604,-0.55153,1.82659,0.58275,0.56632,1.15512,2.15629,0.15139,-0.50467,0.59217,-2.16665,-0.93479,0.43774,1.1127,0.49253,-0.58565,0.10818,1.69349,-0.63632,-0.68367,0.88337,1.35975,1.35249,1.56932,0.60337,0.4852,-0.05986,-0.95159,-1.26195,1
0.32005,-0.17089,0.89065,-1.13418,-1.49963,1.3104,-0.16768,1.60381,0.4571,0.78616,0.0161,1.03311,0.57754,0.63405,1.53062,0.64271,0.93189,-0.4896,-0.16223,0.01655,0.27114,-0.7241,-0.74041,-0.61924,-2.31977,-0.10192,-0.06704,2.38866,-2.08738,-0.07762,0.59762,0.45497,-0.64737,-0.3616,1.41048,-1.32026,0.4811,-0.55654,-0.19445,0.96016,-0.33166,0.91991,-0.06006,2.93652,-1.2856,1.14707,0.77273,-0.4443,1.1418,0.47928,0.39716,1.57968,0.32273,2.08632,1.14201,-1.09422,-1.21496,-0.49389,-0.54694,-0.34749,-0.79086,-0.02935,-0.95599,0.49862,2.128,-1.29723,-0.72883,0.18153,-0.13345,1.60353,-0.29951,-0.3865,0.89476,-1.14409,0.08165,1.00218,0.58349,0.78477,0.93078,0.73456,0.37337,2.25215,0.30258,1.14315,-0.48564,0.4673,1.67102,-1.72471,0.43927,-1.23485,0.85965,-1.78965,-0.87746,-1.09335,-1.25242,0.35357,-1.11929,1.58252,1.00522,-0.93153,0.54068,-1.06359,0.23966,-0.2238,0.46805,0.96396,1.27236,0.04039,-1.9191,0.76392,-0.69319,-0.0645,-0.4082,0.7074,-0.9736,-0.28057,0.36166,0.58272,1.16225,0.2175,0.43661,0.79321,-0.48604,-1.51831,-0.52174,-0.76544,-0.10396,1.06961,0.21019,-0.43177,0.09011,0.33146,0.93218,-0.08007,-0.34971,-1.29726,1.69614,-0.33152,-0.50665,-0.36413,0.08992,0.72778,0.20283,0.57522,-0.5388,-0.29628,1.71309,-1.01001,0.11962,0.86018,0.50265,0.58669,1.78433,2.0695,1.85545,-0.50489,0.69312,-0.6591,-1.10672,-2.39669,-0.0522,-0.46731,-1.43816,1.42201,-1.40248,1.0972,-1.6765,0.90355,-0.75363,0.89582,-2.28046,-1.16761,-3.01295,-0.01369,0.88361,0.43261,-0.40317,1.10405,0.00766,-1.70583,0
0.94857,-0.18625,1.17257,0.46564,2.69011,-1.3273,-1.49705,0.61205,1.29828,-0.10688,-0.02023,-0.73049,0.75019,0.24693,0.12366,0.37507,-0.71715,0.03986,-0.66438,0.04692,0.6259,1.13314,-0.0267,0.04581,-1.36528,-0.63437,-0.34211,-1.96745,-1.84089,0.28841,0.14016,1.54373,0.06002,1.04396,1.96872,0.41961,0.25367,0.52379,-1.16612,-0.48325,0.88437,-0.64881,0.74477,0.1533,-0.47405,-0.50455,-1.27672,-0.75808,-0.06426,-1.57033,0.65886,0.19976,2.06647,1.21403,-0.16536,-2.05058,0.87648,-0.87533,0.85279,2.44039,0.85414,-0.33826,-0.4035,-0.80068,-0.65572,0.92753,1.08859,0.59558,-0.342,0.23524,-2.01259,-0.60022,-0.13359,1.78855,-1.34015,-1.54273,1.20852,-0.42073,-0.87613,1.84152,-0.62743,1.06217,1.49661,-0.62471,0.39628,0.31209,-0.42504,0.10319,0.4299,0.92838,0.36317,-0.34279,-0.40563,-1.28903,-0.85991,1.11019,1.10169,1.27719,-0.53281,1.72406,-1.75954,1.60906,-0.50615,0.94186,0.07846,-0.33028,-0.63633,0.48722,-0.71149,1.96389,0.15474,0.87047,-0.87022,-0.02,0.67859,-0.02912,-0.06853,-2.27013,1.4016,-2.1402,1.23902,-0.30686,0.24202,-0.12453,-0.61185,1.64081,-0.78847,0.90581,-0.5021,-1.13778,-0.55814,-0.06657,-0.89078,-1.02758,-0.61521,0.22518,0.2766,0.34055,0.56622,0.43315,-1.93647,-0.48724,0.25008,0.62416,-1.01093,0.65033,0.4956,-0.06244,-0.48367,0.41633,2.55252,-0.07824,0.06822,1.35102,-0.66667,-0.40875,-0.00016,-1.06904,-1.83869,-0.83093,0.93989,2.12546,-0.36341,0.22028,-1.3393,-1.58266,0.34591,1.61911,0.12479,-0.22886,1.07648,-0.37393,1.49224,-0.42285,0.61782,-0.12953,0.81185,-0.21272,-0.517,-1.86194,0
0.02969,-0.61714,0.85041,1.43717,0.66027,0.15121,-0.0895,0.34916,0.5224,0.36308,0.01982,-0.13301,-0.57363,-0.19428,0.74432,-0.2,1.12219,1.96901,-0.2731,0.48333,0.52623,1.26094,0.39526,-0.16288,0.14337,0.61938,-0.68947,1.23795,2.33221,0.33999,-0.08766,2.20094,0.89974,-0.54733,-0.11433,0.91593,3.02545,1.04187,1.16201,-0.37822,-0.00211,0.20699,-0.18076,0.10558,0.21714,-1.54117,0.63947,-0.69029,-0.0398,-0.10572,-0.11649,-0.55897,0.78389,1.34192,0.13915,-0.28413,-0.75848,-0.54848,0.48383,-1.02134,-1.06889,-0.77247,1.68161,1.5618,-0.85089,-1.4775,-0.31702,-0.93931,1.64573,0.17792,-0.5671,-1.38957,-1.61981,0.9778,0.2646,-0.96143,-0.72868,-0.2874,0.86684,1.62423,-0.06288,0.28131,-0.40626,0.62473,0.66202,1.23107,-0.28833,0.0789,0.88832,-1.77047,-1.36652,0.07482,0.18929,0.14672,1.41331,0.58137,0.76057,0.97373,-0.92418,-1.5983,-0.21945,-2.38853,-0.64865,-1.40517,-1.32662,0.75681,-0.14156,1.58377,1.97806,0.67139,0.67451,0.55967,-0.37436,-1.25437,-0.95251,-0.42644,0.98301,0.93243,-0.50674,-0.13989,0.61011,0.28335,-1.63847,-0.86395,0.53692,-1.13072,0.03836,-0.40157,-0.34198,0.78643,0.52543,0.28051,1.54881,0.08746,-1.88684,0.92816,1.02093,-0.47065,-0.15995,-0.30737,-0.11256,0.15913,1.54183,0.06649,-0.73914,0.07854,0.18818,1.56591,-0.81191,-1.01027,-0.40866,-1.82205,-0.38496,-0.28487,-0.22702,-0.15797,-0.61372,-0.09608,-0.85232,0.60919,0.47771,-0.02302,-0.42433,-0.12292,0.17509,-0.77644,-0.08296,0.78345,0.60759,0.28587,0.9327,-0.40861,-0.22103,-0.80976,-0.42217,-0.45511,1.01249,-1.7511,0.30427,-1.21202,0
0.03592,0.54934,0.46306,-1.31344,-1.69557,0.25584,-0.05166,-1.10433,0.54853,-0.30279,-0.5382,0.23476,-1.70628,1.97482,-0.45068,-0.73421,-0.39203,1.0591,-0.16918,-0.06216,0.08544,-0.35028,-0.06539,0.05566,2.08322,0.20188,-0.58157,0.10399,-0.22037,0.54339,-0.69283,-0.75841,0.20571,-0.32047,0.30298,-0.25322,1.22062,-0.21525,1.4082,-2.22297,1.43535,-0.95826,-0.38,1.40273,2.30392,1.87752,-0.8963,1.39238,0.35254,-0.696,0.487,-0.21102,0.98485,1.69965,0.74094,1.78956,0.16969,0.0317,0.06637,-1.61558,-0.50299,-1.72707,-2.07998,1.88276,0.50319,0.22606,-0.12997,1.14707,0.68493,-0.98177,-0.61299,-0.36849,-0.87725,1.15261,-1.42471,0.23463,1.30371,-0.94862,1.58587,-0.1475,-0.31426,-0.36024,0.08208,-1.31545,-2.08039,-0.19,-0.00134,-0.29064,0.40578,-0.90128,-0.19533,0.07212,1.02772,-0.49853,-0.72798,-0.03349,0.01497,-0.60701,-0.84504,1.06817,-0.40718,-1.03493,-1.82932,0.20658,1.35,-0.84701,1.07394,-0.28906,0.65588,-1.12925,-0.83767,-0.66078,0.17973,1.44522,-0.55539,1.77467,-0.73712,0.33893,-0.50063,0.6544,0.99741,-1.2566,0.36791,0.41294,1.41452,-1.05834,0.7612,0.12844,-0.73018,1.46786,1.75479,0.41178,-1.00432,-1.39941,0.79056,0.78738,0.00942,0.89421,0.59437,2.98683,-3.19088,0.68589,-0.23194,-0.83186,1.21118,1.21044,0.9494,1.37302,0.80448,-1.49778,-0.5844,0.78882,-0.35596,1.25323,0.09529,0.33573,-0.14912,-0.01788,1.47845,0.95538,-1.1683,-0.68308,-0.76472,-0.80826,-2.02906,0.4387,2.05211,-1.12651,0.27239,0.60934,-0.1997,0.62313,0.85102,2.38683,1.41195,-1.63839,0.42669,0.17236,0.61581,-0.61473,0
-0.54333,0.84492,0.22364,-0.07202,-0.32048,0.0268,-1.8516,1.52094,0.34155,0.53888,0.90329,-0.58864,-0.07674,1.10805,-0.73487,0.89664,0.24306,-0.75704,1.51366,0.92931,-0.64253,-0.68263,2.10809,-1.38258,0.65193,-1.94723,2.00413,-0.18541,1.92432,-0.84476,-0.91169,1.17053,-0.87705,0.81264,-0.00381,-0.22034,0.24703,0.17457,0.57992,0.49661,-0.75228,-1.68262,0.99911,-0.17975,-0.84574,-0.84875,-0.94655,-0.74695,-1.31972,0.3149,0.74902,-0.98884,-0.12307,-1.14839,-0.09971,0.32963,0.98741,0.94334,0.60078,0.98408,-0.42185,-1.28332,0.38327,0.94654,-1.6099,1.90442,0.43453,-1.19687,-0.76356,0.54029,1.78121,0.33035,-0.60567,-1.45318,-0.0101,0.06418,0.20515,-1.42203,0.03203,1.6527,1.64341,1.38527,0.58699,-0.28771,2.08572,-2.5534,-0.19223,-0.79623,0.34121,-0.58014,-0.64065,-0.51691,-0.4818,-0.12923,-1.28285,0.14565,0.36989,-0.64982,-0.956,2.29531,0.78658,1.19098,-0.62917,0.28975,4.11231,1.05581,1.32235,1.44798,1.01346,-1.04206,-0.77095,-0.36829,0.65328,0.07125,0.26159,1.0039,1.68398,-0.13243,-0.48612,-0.98026,-1.48224,0.96896,-0.30461,-0.28599,-0.64461,0.95713,-0.0223,-0.71965,-1.4613,-1.52841,0.43651,-0.3721,-2.61714,1.4862,-0.70402,0.20262,-0.50141,-0.55541,0.8228,-0.07979,-0.09074,-1.71401,-0.26517,-0.20264,-1.74317,0.64352,-0.89417,-0.59299,0.3177,-1.54473,-1.78446,-1.23437,2.35376,0.57429,-1.44121,0.06184,-0.76205,0.51522,1.88541,-1.36657,-0.1393,1.06406,0.14537,0.5464,-0.47011,-1.42038,-1.31148,-0.09739,-1.2021,0.28868,1.34934,-0.48529,-1.58961,0.80769,-1.04892,-1.10596,-0.05685,0.47376,-0.74872,0.80681,0
0.5676,-0.39637,-0.16083,-1.81802,1.02978,0.2845,0.44508,1.33087,-0.41869,1.0712,-1.89952,-0.80397,1.36134,-2.06785,-0.42008,-0.84818,1.89407,1.37557,0.52367,1.7531,-0.50874,0.28107,-0.31119,0.46723,0.51481,1.1233,-0.5203,-1.21285,-0.16314,-0.30687,-1.7855,-0.53421,-0.48564,1.46261,0.40154,-0.40805,-0.38079,1.17033,0.44331,-0.05561,0.20455,-0.64005,-0.27678,-2.0916,0.72416,-1.39795,0.09715,-1.11097,0.13895,-1.6747,-0.69442,-0.20261,-1.08817,0.61974,-2.32556,-0.19753,-0.8346,-1.60521,-0.65924,-0.73292,-0.24019,0.18696,1.73884,-1.24138,0.42868,0.15229,0.15578,-0.03825,-1.34665,0.60191,0.63214,-2.29073,-0.92028,1.03714,1.00671,0.83993,1.79863,0.2788,-0.36328,-0.26914,0.19891,0.07304,0.59482,-0.83714,0.84511,-0.95308,1.32885,0.1509,0.58396,-1.69832,-0.27252,-0.11455,1.03617,1.9755,0.72956,0.687,2.10339,-0.239,-2.04279,0.10471,0.62317,-0.02323,-0.11992,-0.46913,0.49296,1.10586,1.42483,2.37097,0.48107,0.06916,1.0421,0.8442,0.37945,0.41697,-0.11289,-0.23505,0.57041,0.23603,0.17706,-0.84524,-0.11624,-0.0928,-0.99125,-1.35045,0.61376,-0.27264,-0.83185,-0.34159,-0.07293,-0.12496,1.31181,1.50891,-0.14443,-1.53886,-1.54652,0.43076,-0.79101,0.76067,0.40192,-1.05434,-0.61745,-0.82963,1.03593,0.29107,0.13264,0.60349,2.74696,2.22842,0.86428,0.39432,-1.71927,0.87155,0.19805,0.71022,-1.38429,0.32159,0.59145,0.20456,1.94546,-0.62424,-1.6823,-0.37101,1.91894,-0.31426,0.9143,1.43391,-0.00899,-0.95436,-1.00384,-1.48238,0.34548,0.49932,-0.89806,-0.43924,-0.15399,-0.37794,0.17386,-0.8988,-0.10292,1.0816,0
0.92144,-1.44457,1.27498,-0.41433,-1.34136,0.02146,-0.20116,-0.99664,-2.7347,-0.55038,-0.9902,0.97177,0.48977,0.75448,0.53196,-0.38108,-1.46544,0.71754,-0.18257,-0.90053,-2.87837,-2.42815,0.32582,0.43663,-0.49812,-1.22896,-1.08848,1.1749,1.28732,-0.35395,0.50764,-1.31343,0.68856,0.30312,1.59597,-0.02859,-0.27142,1.08626,0.85006,-0.4746,-0.63208,-0.50289,-0.67916,2.45462,0.26747,-0.56222,-1.42613,-2.66437,-0.88261,1.55388,-1.07361,-0.78802,0.08128,1.68255,-1.39492,-1.45264,0.01827,-0.39468,0.66425,1.72382,0.10522,0.17706,1.90771,-0.80827,0.74375,0.87027,0.65495,-1.66822,0.46875,0.8126,-1.9505,1.65671,0.97143,-1.23301,-1.07364,0.90096,-0.4565,0.91284,-1.44633,-0.71968,-0.07557,1.6374,0.5079,2.01166,0.71275,0.16056,1.2204,-1.09761,-1.57608,-0.88795,-0.10478,-0.0619,-0.53055,-1.71292,0.86686,1.17358,0.21239,-0.68194,-0.28833,-0.37094,0.43059,-0.29341,0.68844,-0.15649,0.35081,-1.46238,1.32652,0.67539,0.49141,1.17915,0.81594,-1.74568,0.8605,0.25612,1.28366,-0.58905,0.45664,-0.48547,-0.87978,-0.85534,1.1386,1.60265,0.69093,-2.75062,1.15952,-2.17807,-0.11251,1.14166,1.50117,0.07603,0.71866,-1.26408,0.38383,0.65784,0.22611,-0.22502,-1.21599,-0.60431,1.81242,0.25786,0.68531,0.48141,-0.08633,-0.42812,-0.29082,-1.20347,0.48089,-0.52365,0.14394,-0.77933,0.25105,-0.68657,0.01216,3.02883,-0.00953,1.62885,-0.96998,1.12782,-0.62096,-0.62051,-0.47185,2.57117,1.10261,1.01899,-0.46035,0.55806,-0.2812,-0.72811,-1.01273,0.94247,0.45975,0.68501,-0.20833,-0.60955,0.65669,-0.92871,-1.65782,-0.79226,1.18113,0.8604,0
1.06547,1.04127,1.08375,-1.63269,-0.39374,1.45569,0.61866,1.06245,-0.3,-1.26149,0.74911,0.0372,-1.17792,-1.88026,-0.34138,0.32558,-1.06825,0.30141,0.69953,0.61697,-0.37854,-1.58603,-0.91098,0.45475,0.50247,-1.01414,-1.32009,-0.18447,1.11485,-0.00521,2.36421,1.18796,0.37756,-0.7523,0.52176,-0.38696,0.00548,-0.18979,0.68239,0.33515,-0.05666,-1.18884,1.00801,-1.05484,-0.2517,1.22635,-0.4032,1.5048,-0.32983,-0.69239,-1.31663,-1.45199,-0.24845,-1.65361,0.45141,1.50304,0.54969,-0.76479,-0.45554,-0.22796,0.1544,-1.2742,0.7331,-0.05192,-0.11577,1.12296,-0.85585,0.01779,1.42929,0.38208,0.37197,0.09204,-1.26121,-0.45285,0.80158,-1.25971,-0.55865,0.65711,-0.59579,-0.32932,0.00388,0.5525,-0.86168,-0.24007,0.16438,-0.85895,-1.37095,-0.69787,0.28542,0.65179,1.58405,0.41336,-0.243,-0.6982,-0.77848,-0.43462,0.48187,-0.41572,-0.21603,0.63432,0.02245,0.29998,-0.07664,1.957,-0.71454,-1.47463,0.05059,0.84005,-0.12224,0.09925,-0.31859,0.56518,0.06129,0.02904,0.97837,2.43157,1.28435,-1.40114,-0.71992,1.18477,-0.16626,-0.12934,-0.86639,0.5044,0.908,0.65122,-0.82076,0.00904,0.01948,-0.68769,-1.62678,-0.31093,-1.96898,0.3249,-1.42672,0.36654,0.72177,1.20316,-0.53302,-0.35584,-0.42926,-0.70572,0.26521,-0.2135,0.06617,-1.61451,0.90886,1.70677,-0.38828,-1.92016,1.28489,0.93841,1.34653,-0.6317,1.0333,-0.46844,0.52265,-1.84705,-1.88414,-0.16576,-2.46402,1.1774,-0.54541,0.99229,-0.15699,1.54907,0.19564,-2.5079,-1.46328,-0.34363,0.52468,-0.43331,-1.29379,0.35999,0.29498,0.26242,1.18702,1.19889,0.10104,-0.5621,0
-0.1747,0.96011,-1.18933,0.59542,1.21211,0.34152,1.03451,-1.06614,-0.20302,0.07869,-0.38181,0.02842,0.46514,-2.26782,-0.21861,0.18677,1.64906,0.03645,1.77047,-0.19809,-1.0494,-1.27088,-0.44004,-0.48683,0.60803,-0.97582,0.72247,0.58948,-2.0408,1.12543,-1.51969,1.85612,2.66813,0.04472,-1.10597,1.13332,1.38011,0.17395,0.54757,0.91919,-1.22096,0.81293,0.54497,0.76854,0.58779,0.14852,-0.78527,-0.92912,0.06617,0.86377,-0.78743,-2.36657,-2.95121,-0.09412,0.94602,-0.11971,-0.15409,-0.91242,0.93493,1.05547,0.73751,1.35781,2.24891,-0.26883,-1.65725,-0.45355,0.16172,-0.14209,-0.12427,-0.1403,-2.02555,-1.38559,-0.20864,0.65202,0.67185,-0.19772,-0.92254,0.8398,-0.80959,-1.80617,0.46415,-1.11419,1.75211,-0.06853,0.13757,1.87731,-0.13039,1.99051,-0.49934,-1.01127,-0.62079,-0.79482,-0.50693,-0.74876,-0.76086,0.59939,0.34641,-1.29913,0.55614,-0.35725,2.48611,-0.36269,0.12095,0.01097,0.77851,-0.20407,-0.44285,0.12509,0.9817,-1.14989,0.52772,-0.74949,-1.76789,-0.35851,0.88454,-0.04945,0.6859,0.24443,-1.95,0.27789,0.32052,-0.75049,2.61483,-0.91708,1.69673,-1.199,0.58425,0.1053,0.10272,-0.01025,-1.86453,0.4562,-0.16068,1.19481,2.09959,2.3134,-1.06958,0.2443,0.3849,1.1417,0.6392,-0.56342,-2.66544,0.16653,0.75879,0.6142,-2.117,-0.23616,-1.25599,1.20991,-1.82329,-0.75936,-1.35086,-0.18292,0.29106,-1.76694,0.19118,-0.01224,-1.19635,-0.65261,-0.07055,-0.54704,-0.00546,-0.92334,-0.48499,-0.84641,0.24142,-0.10514,1.36713,1.02706,0.77471,-0.79002,2.23947,0.16858,-0.78079,0.74197,0.16589,-0.1895,0.97353,0.2023,1
1.23225,1.8377,0.9929,-1.30354,1.49262,-1.09023,-0.63819,0.7762,-0.37076,-0.59778,-1.32249,1.15417,0.58631,-0.92705,0.79639,0.17653,-0.65176,1.49932,0.05152,0.24041,-0.35249,0.38654,1.21502,-0.54942,-0.26179,-0.08921,-0.25844,-0.76815,1.14351,-0.83584,-0.98745,-0.89423,-0.19727,0.17391,0.16754,-0.54281,0.08226,1.01773,0.4955,1.74169,0.34761,0.97336,-0.00866,0.34663,-0.30131,0.97797,1.22862,1.85071,0.75047,0.53403,1.14949,1.29155,1.07977,-0.00226,1.836,0.79003,1.08645,-0.47483,-0.89888,-1.90659,1.2276,0.77263,-0.48749,-0.16397,0.223,0.84955,1.86122,-1.41679,0.68127,-0.10847,0.74432,-0.122,0.19104,1.21126,-0.38449,-0.97218,-0.97375,-0.05541,-0.62492,0.73078,-0.58592,0.23915,-1.37193,2.12712,-0.32198,0.3416,1.83077,0.15105,1.27761,0.47088,-0.29938,0.96444,-0.19928,-0.2674,-0.69651,2.11846,0.04354,1.54845,0.56492,-1.07025,-0.06312,3.07755,-0.56182,0.2724,0.76739,0.07668,-0.11066,0.65023,0.17487,1.33468,-1.90792,0.59909,0.85964,0.03995,0.73587,-0.58843,-1.31542,-1.22255,-0.20487,-0.81651,1.28142,0.45367,1.13011,1.60326,-0.60763,-0.11804,1.17944,-0.49982,0.95442,1.53302,-0.54297,0.75561,-0.04726,-1.04362,0.89343,-0.37227,-0.67082,-0.96198,-2.81246,-1.53349,-0.15163,1.76281,-2.099,-2.03845,-0.84331,-0.69817,0.48601,0.35979,-0.84763,-1.88968,0.00059,-0.88518,-1.22713,-0.39207,0.28943,1.26059,0.76343,1.20866,-0.45637,1.01296,-0.01748,-1.192,-1.18071,-0.79934,-1.70623,0.62342,-1.21819,0.64403,0.56471,0.91558,-0.38481,1.05666,1.93128,0.48018,-2.1794,-0.08235,-0.09853,0.20048,-0.5522,-0.21681,1
0.18052,0.38487,0.25816,-0.71212,0.01482,0.90644,-0.19897,0.71368,-0.24835,0.40538,-0.19904,-0.15614,1.50597,-0.46022,-0.98706,1.30564,1.29655,-0.97698,0.31953,1.49086,-0.65429,-0.6952,-0.30834,2.72551,1.54859,0.62654,-0.71212,1.33041,0.58221,0.06156,-1.64444,0.04376,0.14243,1.20273,-1.55555,0.83309,0.26333,0.09422,-0.0736,0.6492,-0.41777,-0.86208,-0.76268,0.24013,-0.10862,0.62458,1.26311,-0.93978,1.26484,1.16063,-1.37018,-0.43287,-1.4651,-0.59412,-0.28412,0.00448,1.28116,0.45568,-0.42604,-0.48883,-0.14922,0.00942,1.24658,0.1515,-1.09958,-1.16621,0.67083,0.62654,-0.48449,1.66885,0.48698,-0.37322,-0.63751,0.91101,-0.31562,-1.09321,-0.72052,-0.31423,-0.90662,0.67503,1.03092,0.45842,0.41678,-1.09651,0.74609,-1.84739,2.76915,0.25287,-0.91115,-0.89073,-0.17065,0.9646,-0.93452,-1.29525,-1.03851,0.82652,-0.50605,-0.07947,0.32226,-0.84289,-0.15187,0.67232,-1.49016,0.1531,-1.21293,-0.11072,1.06898,0.47015,1.19269,0.4126,-0.79999,-0.25009,0.01303,0.40051,0.15416,0.72462,-1.55063,-0.63609,-1.06926,-1.21698,1.01081,0.51698,2.00397,0.68519,1.99404,-1.44059,-1.04302,0.0302,-1.08159,1.54248,-0.47349,0.3158,0.83275,0.42823,-0.16337,0.04912,0.85413,2.52494,0.38626,1.06996,-1.92507,0.22561,-0.2259,1.07732,0.30461,0.781,-1.61044,-0.97109,-1.53286,-0.34547,-0.31451,-0.80638,0.77865,0.22277,-0.94188,-1.64294,-0.76546,-1.69646,2.13119,0.68798,-0.3582,1.22299,-1.34441,-0.64265,-0.49632,1.63552,1.54063,0.63451,-0.50949,1.83894,0.54072,0.20958,0.90271,-0.62578,0.22659,-0.89962,1.90644,0.79889,2.02835,0.92453,1
-1.9791,-0.25335,-0.77564,-0.16084,0.93914,0.11761,0.04215,-0.08811,-0.67858,2.06494,-0.62797,-1.09157,-0.12329,0.31064,-0.15937,0.15356,-0.63207,0.44505,0.60274,-0.02776,-1.37009,-1.79958,0.04301,-2.17574,0.28694,-0.18308,-0.69391,-0.15245,1.15571,-1.42412,2.72669,1.65753,-1.0481,1.96134,0.36192,0.6008,-0.6051,0.03383,0.31823,-1.14706,-2.08174,-1.17093,0.41817,1.27505,1.48972,1.16903,0.81554,-0.68255,-1.42228,-0.4713,-0.0706,-1.89085,-0.38666,0.19097,-0.70612,0.2543,0.18058,-0.02094,0.29489,-0.33701,-0.80233,0.2715,0.44768,1.30708,-0.81292,-0.10921,-0.654,-1.30038,0.58887,-0.9302,-2.03273,2.10197,0.36898,1.13105,-0.20402,-1.15036,-1.52756,0.75082,0.43048,-0.97178,1.68406,1.17332,-0.33619,-1.36788,0.84754,-0.10496,2.06056,0.09048,-0.66334,0.14545,-1.17412,-0.17541,0.10627,-0.17852,-1.77744,1.41759,-0.52913,0.91461,-0.99822,1.95511,0.71543,-2.80945,-2.62483,0.51537,1.0432,-0.82668,-1.68014,0.89502,-0.62497,-0.7906,-0.13935,0.4043,-0.05942,0.52719,-0.93447,-0.77574,-0.12541,1.03176,0.16639,-0.93953,1.25193,1.01166,-1.11806,0.47708,1.33435,0.35615,-1.65384,-1.76706,0.25597,-1.48492,1.04103,-1.14739,0.81334,-1.07004,-0.17643,-1.66224,-0.94324,-2.5411,0.15271,-1.20308,-1.36645,1.2707,0.60365,-0.29601,1.95976,0.70803,-0.6184,0.84604,-0.06601,0.18826,-0.91923,-0.89856,-1.00608,1.45771,-0.13949,0.75828,2.39628,-1.74253,0.75015,-1.18434,1.07929,-2.31033,-0.06158,-0.0446,-2.16777,-0.45353,-0.03845,-0.30175,-0.11576,-1.1977,0.87387,1.25692,0.67095,0.51221,-2.20648,2.0054,-0.63536,-1.68355,-0.6412,-1.33032,0
1.09708,1.03713,0.37283,-0.36141,-0.22066,0.13111,1.82429,0.42559,-2.02333,-1.5791,0.04926,1.12622,-0.06231,0.91773,-0.30243,0.72169,-1.30911,-0.221,0.25175,1.03999,-1.40098,-0.46481,-0.74507,0.89242,-0.20061,0.56369,1.11747,-1.25769,0.23167,-0.33999,0.10943,0.10888,-0.76919,-0.10201,-0.16165,1.36145,1.06239,1.1719,-0.19914,-1.39709,-0.18511,-1.21042,0.57549,0.35601,0.24963,-0.93179,-1.47001,2.20406,0.15475,-1.41517,-1.7528,1.3455,-0.85182,2.45751,0.61818,-1.71787,-1.77742,0.15657,1.25063,1.19742,0.40594,1.34732,-1.26264,-0.36113,0.00087,-0.05301,0.22276,1.31434,0.84296,0.48398,0.10664,0.83585,-0.17757,0.5689,-0.38661,-2.0473,-2.16207,-0.80131,0.82886,-1.42163,0.51548,1.51009,0.1556,-1.10084,-1.48422,-0.06358,-1.65154,-0.19187,0.55706,-0.29679,-0.96042,-0.55146,0.83244,1.14623,2.13333,2.36553,-0.19021,-0.91875,1.25144,-1.9513,-0.61432,0.0471,-0.1987,-1.48306,0.34341,-0.04419,-0.11231,-0.71713,-0.67622,-0.22566,-1.55475,-0.04865,1.24455,-0.61463,1.18049,-0.01139,-0.98649,0.112,1.19475,-0.95053,0.50257,-1.05768,-0.75716,-0.16392,0.07799,-0.81621,-1.81678,0.17407,-0.44455,-0.05968,-2.13027,-0.15408,1.22539,-1.36235,-0.57183,-0.63401,-0.25237,0.59091,-0.61383,-1.79827,-0.4766,-1.14266,-0.64061,-0.94136,0.52917,0.00714,1.7606,0.29504,-1.94766,-1.29457,0.28433,0.98765,-1.7549,-0.43141,-0.69433,-0.90187,0.79586,-0.91787,0.25822,0.7723,-0.09017,-1.25538,-2.33756,-0.20867,1.51117,-1.50785,-0.10378,0.33635,0.45909,1.34402,0.29526,-0.11663,0.85593,3.21597,0.53996,-0.47841,-1.11268,0.68395,0.41729,0.01302,1
-1.08315,0.1767,-1.89108,0.8984,0.55757,1.13566,0.65736,1.68279,-0.27911,0.95983,0.74051,1.75029,-1.24083,-2.21676,-0.81444,0.3263,1.34107,-1.28029,0.46497,0.88356,0.28465,-3.4698,1.13203,-1.92785,-0.28614,-0.23162,-0.4425,1.37502,-1.42351,0.70028,0.36472,0.15155,-1.33718,0.37301,-0.60561,0.62328,2.06571,-0.2045,-0.83989,0.37686,-0.23108,1.34415,0.17371,0.31591,-0.03713,-0.70312,-0.78044,0.26864,-2.07532,1.10348,0.69945,0.3473,-0.30831,-0.57191,-0.04699,0.78018,0.25703,0.90277,0.39537,0.59224,-0.60708,0.65866,-0.22998,-1.58217,0.62627,-0.31595,0.15202,0.5665,-0.32847,1.47044,-0.22629,-0.67973,-0.37318,-1.04065,1.83756,0.11584,-1.14304,-0.05192,2.09572,-0.57042,-0.24852,0.84886,0.4167,-0.49383,0.31967,-0.72197,-0.52817,-0.0091,-0.06142,-1.39009,0.36977,-1.1796,-0.65356,-0.10578,-0.38529,-0.20405,-0.46417,1.99926,-0.43044,-0.63952,-0.34012,-0.53391,0.32829,-0.22707,0.57688,0.51986,1.27497,1.29045,2.16165,-1.48656,1.64685,0.16776,-1.29892,1.57832,-1.5737,0.54445,0.43611,0.92531,-0.70922,0.35227,1.70524,-1.28819,0.97397,1.47697,-0.98465,-0.14023,-0.98491,1.22426,0.39961,0.73013,0.23444,-0.75061,0.49288,0.30013,-2.24347,0.54392,0.77934,-1.02303,-0.91801,-0.75561,-0.82564,2.09911,-0.65139,-2.22555,0.28986,-0.28731,1.21171,-0.108,-1.00517,0.58207,-0.77142,0.14482,-0.56316,-0.73883,0.55715,-0.90276,0.27551,2.79166,-1.31216,-1.54239,1.15537,0.31855,0.61369,-0.39902,-0.13653,0.77741,-1.28919,1.09466,-0.13007,-0.39462,2.46373,2.13623,0.02368,0.52266,-0.25772,0.85399,1.04054,0.40807,1.5685,0.68015,0
0.36985,-1.04646,1.46624,0.68441,-0.16629,-1.11864,0.81275,0.27527,-0.88632,0.41638,0.67791,-3.26816,-0.82713,-0.75973,0.38988,-0.76107,-0.21229,1.12075,1.23842,0.84189,-0.60751,-0.15209,0.56187,-1.41485,0.27819,-0.68198,-1.37795,-0.04521,-0.27043,-0.41256,0.42898,1.69027,0.27088,1.79528,-0.90322,-0.49627,1.22682,-0.55596,2.28486,-0.93062,0.80536,0.74094,-0.97822,-2.10298,0.57768,0.40527,0.07072,-0.36199,0.41109,0.87384,-1.54867,-0.29194,-1.6817,-1.5835,-0.42567,-0.89132,-0.86764,-1.20669,0.28587,0.81374,0.49484,-3.02417,0.01427,0.87487,-1.03549,1.56371,-0.3521,-1.8228,-0.11581,0.75519,-1.10142,-0.66078,1.70612,2.20031,-0.27891,-1.04441,0.96346,-1.10236,0.32939,-0.54517,1.31796,-0.4363,0.60274,-0.8962,-0.37436,2.08449,-2.03558,-0.53746,0.58675,0.75518,-0.53571,0.55121,-1.13635,-0.70251,0.55729,-0.70428,-0.51005,-1.02862,-1.3801,0.343,1.24866,0.88393,1.33533,-0.87782,-1.347,-1.21784,-0.37897,-0.26244,-0.91922,0.56011,-0.20853,0.6749,1.01289,0.72896,0.52909,0.23123,-1.34126,1.34176,0.66754,0.50749,0.59763,1.07123,-0.49313,0.77929,0.2573,0.70598,0.3722,-0.40624,-1.29279,2.10267,0.1834,0.86713,-0.73875,1.04511,1.1144,1.13056,0.95295,0.48402,-1.30326,0.57843,1.66585,-1.41541,-1.19335,0.26118,1.10256,-0.00025,-0.35309,0.1819,-0.32805,-0.02743,-0.14516,1.5568,1.14907,1.26741,0.7385,-0.37293,-0.12589,-0.85905,0.00553,-0.78554,-0.47816,0.83522,1.04328,-0.2868,-1.25148,1.91383,-1.04342,0.72929,0.07137,0.78706,-0.76736,0.80492,-2.1236,1.78181,-0.59554,-0.99916,-0.18461,1.20841,1.00054,-0.89648,0
-0.15838,0.08397,-0.73875,0.48671,0.64834,-1.12629,0.6449,-1.67928,-0.32908,-1.09028,-0.15745,1.12136,-3.11222,-0.54376,-0.24861,1.50267,-0.71632,1.7123,-2.25828,-1.3481,-0.51237,-0.24563,0.0947,0.50074,-0.03755,1.20645,-0.71329,-0.34172,2.0383,1.58112,-0.7055,-1.18354,1.11313,0.84054,0.13919,-0.82353,-0.0219,0.40924,0.96536,0.1076,-0.32167,1.17223,0.38745,0.90783,-0.53338,0.17265,-1.30018,-0.50284,0.25282,-0.63321,0.21648,-0.55785,-0.52226,-1.04941,0.12897,-1.51077,-0.80638,1.00886,-2.25811,-1.11868,-0.30171,-0.17336,-0.38691,-1.91367,-1.22476,0.60137,0.89412,-0.79349,-0.44854,-0.27373,-0.21108,1.20825,1.24605,-0.70188,-0.45446,0.92107,0.95652,0.02203,-1.82494,-0.23896,1.35538,-0.14463,0.36753,0.38889,0.12745,0.40744,0.1379,2.0212,-0.05523,-1.64083,0.07994,1.97819,1.38028,0.58065,1.38317,-0.50438,0.75229,1.00029,-0.34684,-1.68657,2.12024,-0.47224,0.77674,-0.59945,0.19455,-0.26165,1.05081,0.40285,-0.32455,0.68305,1.1787,-1.46003,1.13448,0.66141,0.21825,-0.05539,-0.15847,0.86358,-0.36584,-1.24509,-0.97426,-0.02838,0.47765,-1.61718,1.01568,-1.44944,-0.51797,0.94536,0.10064,0.39437,-0.86211,-0.19086,-1.41009,-0.64965,0.98182,0.1086,-0.13109,-0.04752,-0.44334,0.88375,-0.95217,0.35468,0.10783,0.36941,-1.64108,1.04541,-0.40807,-0.28575,-0.21908,-0.35947,-0.09096,-1.05093,-0.76074,-0.03874,0.74248,1.9948,2.86818,1.902,-0.53078,-0.64703,0.29605,-0.18236,-0.50282,0.13653,1.32371,1.58172,0.0477,0.8145,-0.23624,-0.56258,-1.19342,0.10149,-1.57552,1.03932,0.5427,-1.77443,-0.15413,-0.58194,-1.75131,1.6412,0
-0.99407,0.16947,-0.33796,0.94138,-0.19047,1.8257,0.11436,1.05651,-0.71653,-0.08675,-1.91099,-1.02879,-0.91446,0.60541,-2.14708,1.88947,0.08307,-1.24186,-1.0212,-0.9929,0.35229,0.5659,0.96139,1.12413,0.43058,-0.57735,1.41017,-0.14835,0.61515,-1.67793,0.01736,-1.1277,0.63237,1.40586,-1.76268,0.81952,0.92449,1.70406,0.73607,0.80038,-0.83315,-0.74135,0.33919,-0.45573,0.42329,-1.11604,1.90269,0.06066,1.97645,0.29685,0.4136,0.52403,-0.35551,-0.97315,2.07994,0.17116,0.1493,-0.50942,0.42837,-0.46436,-1.65265,0.02572,0.30604,-0.85175,0.36349,0.46942,-0.37128,0.0546,-0.74414,2.45016,-1.15281,-1.63364,0.00875,0.04554,0.81215,0.25179,-1.60097,0.25078,1.31239,-0.07137,-1.11619,-0.60407,2.46777,-0.91509,0.05833,0.35049,-0.0407,-0.59938,0.11769,-1.18639,-0.74854,1.27307,0.41134,1.34817,-0.13814,0.21259,-1.45682,0.15184,1.54089,0.0537,0.13437,1.87542,-0.44274,-0.09322,-0.55867,1.29319,-0.85223,1.58552,1.12289,-0.03168,0.7578,-0.3003,1.17643,0.73707,-0.75948,-1.33521,-0.09312,1.83725,-0.55013,0.10907,2.04682,1.87736,0.79385,-0.53621,0.07415,0.62338,0.97323,0.91451,1.08785,-0.44151,0.9829,-0.87425,-1.71756,-0.5873,0.88438,-0.21753,-0.69489,-0.93256,-0.50366,0.69112,1.66747,-0.65962,-2.56869,-1.3072,-0.90668,-0.23128,-1.30146,0.89001,-0.4812,0.83899,-1.26976,-0.81186,-0.69779,-0.98054,-1.15797,1.34039,-1.29861,0.95003,-0.42792,0.36994,-2.1156,0.60216,1.47121,-1.77425,2.03915,2.22385,0.45751,-0.98852,-1.49634,1.2274,0.56833,2.14876,1.16521,0.78549,-1.53256,0.61566,-0.08251,-0.7314,2.96783,1.10572,0
-0.43558,0.11333,-0.45673,0.51406,-1.83291,-0.15569,0.5682,1.09184,1.15642,0.40341,0.74673,0.79224,-0.81918,2.23243,-0.97358,-0.3961,0.02751,0.24139,0.68322,0.18955,-0.49127,1.1886,-0.06613,-0.06246,-0.78439,0.90221,0.22333,-0.71291,2.24598,1.62786,-1.22248,1.25049,-0.4124,1.71225,1.48962,-0.30169,-0.57949,-1.17188,-0.79835,0.01107,1.11767,-0.67582,-0.82498,-0.76104,-0.28169,0.60538,-0.60607,0.43918,-0.45177,0.14639,0.99386,-0.86328,-0.68546,-0.95672,0.04919,0.74918,1.37079,0.16396,-0.00805,0.70593,0.2801,-0.03709,0.48194,0.61081,-1.06096,0.10653,-0.09086,-0.32161,-0.92227,0.68698,-0.51592,0.5991,-0.80458,1.1924,0.82273,-0.99061,-0.48351,-0.72959,1.16156,-1.33871,-0.25643,-0.80913,-1.09221,1.1758,-0.45006,-2.38508,1.02674,1.25965,0.95296,-0.40824,1.09283,-1.29402,-1.5848,1.48514,-0.67791,-0.75146,-1.11779,1.01341,-1.02803,0.275,0.7548,-2.02498,1.91717,-2.14405,-0.58628,-0.39681,-0.69034,-1.30664,0.82199,-0.24312,-0.67144,1.14375,-0.38466,0.24584,1.27107,0.88362,1.81011,0.13192,-1.02482,1.84257,-2.12934,-1.5093,-0.01764,-1.10958,-0.61408,2.50328,0.09341,-0.84186,0.50257,-0.59235,1.11505,-1.04515,-0.47574,0.11889,-0.4394,-1.38321,1.09559,-1.11369,-0.70779,-0.95216,-0.06404,-0.16932,-1.24823,0.12704,-0.30983,-2.16092,0.50987,0.64768,0.99878,-0.25837,0.23351,-0.90573,0.6531,1.76067,0.39866,0.39643,0.27669,-0.36904,0.06118,1.41333,-1.31441,0.74666,0.84354,0.10658,-0.969,2.5996,0.31822,1.11601,-0.1905,0.02231,0.75139,-1.61481,-1.65787,-0.72196,1.05145,-0.17367,0.14283,-1.0074,1.4439,0.16246,0
-0.03706,0.46342,1.45083,-0.36944,1.33914,1.3014,-0.74625,0.05893,0.41691,-0.40671,0.33931,0.06551,0.3223,-0.49182,0.42601,-2.16057,1.70439,-1.81403,1.00503,2.29267,-0.00573,0.17765,1.2982,1.68051,2.54718,0.80764,-0.63399,-0.80526,1.14406,-0.62777,-0.14698,1.40618,-0.05267,-0.03926,0.09872,-0.63656,-1.07572,-0.01539,-0.34835,-0.74043,-0.44123,0.05286,-1.18313,-0.35589,0.63529,0.66705,1.89728,0.02996,-0.80002,-1.90486,-0.52658,0.52577,1.6458,-1.81065,0.25559,0.33619,0.42943,0.96974,-0.357,0.30113,-1.99262,0.60395,0.45912,1.92628,-0.86762,0.30607,-0.59459,1.03856,0.24916,0.76622,2.13245,0.06976,-0.39496,-0.27237,0.00191,-1.94342,-0.62032,-0.22348,2.45273,0.1978,0.85314,1.40901,-0.92527,-1.74537,1.54774,0.04846,-0.33858,0.01215,0.03207,-0.22926,0.12265,0.55766,-1.1853,-1.12244,-2.08555,0.48054,1.2813,-1.67416,1.26876,-1.55573,-1.82776,1.25003,-1.60375,0.35511,0.86894,0.5565,-0.44692,-0.15708,-1.89875,-1.76629,-0.78026,-1.07146,-0.8265,-1.47732,0.2407,1.06552,-1.06916,-0.04367,-0.39517,-0.81765,0.76099,-0.42095,-1.32336,2.30346,-0.6102,-0.79323,-0.80503,0.39506,-0.03064,-1.04558,1.37032,0.7127,-0.40375,0.628,0.40959,0.78242,-0.11886,-0.55979,-0.30992,-0.1733,0.04629,-1.49503,0.57389,-1.00553,-0.94223,1.7977,0.28187,1.40218,-1.0661,-0.15829,0.7932,0.99415,1.95105,0.85553,1.34103,0.16693,-1.1161,0.5087,-0.6889,0.21012,-0.25952,-0.06467,-0.43954,-0.11485,-1.283,1.12047,-1.11481,-0.09532,0.87283,0.1563,1.21795,-0.0832,-0.78095,-0.2839,1.79558,-1.37185,1.97977,-0.54468,-1.07743,-1.49736,1
-0.76133,-0.47776,0.00581,1.58814,1.31617,-0.44467,-2.35506,-0.8848,-0.25339,1.08917,0.4688,-0.15535,0.23517,-2.38521,-2.21051,1.13697,1.89744,-0.22085,0.30165,-0.27216,-0.76193,-0.1814,-1.20613,-0.45295,-0.35317,1.47354,-0.97177,-0.01108,0.60711,0.52944,-1.69559,0.30153,-0.45815,1.12935,1.18138,-0.06301,-1.85465,-0.08775,0.45486,-0.34578,-0.24999,0.57956,-0.03941,-2.7209,1.14566,-0.87896,0.34309,-0.50809,-0.81708,-0.90325,0.32522,1.64413,0.24483,-0.46607,0.25996,0.85517,0.70329,0.24897,-0.01464,1.00369,0.5924,-2.07746,-0.22225,-0.90267,1.1742,-0.24415,-0.09248,0.04048,2.24912,-1.53232,0.62186,0.21277,0.40874,-1.79904,1.24996,0.99481,-1.14316,0.25495,0.21342,0.1838,-0.97245,-1.01257,1.91628,-0.23217,-0.18058,-0.64643,-3.31623,-1.49501,1.20017,0.3811,-1.15238,1.14555,0.55144,0.05834,2.30094,0.66463,-0.97344,-0.33412,-1.22862,0.22137,-1.00135,1.00507,0.80491,0.12182,0.46224,-0.38885,-0.15011,0.98867,-0.35157,-0.57611,1.04419,0.98477,0.07299,1.04784,1.63588,1.8577,1.81958,-0.06998,0.301,0.04479,-1.15841,-0.77435,-0.03208,0.31636,-0.62123,0.83322,0.36325,-0.70443,-0.81111,-0.94189,-0.23074,-0.08977,1.22379,0.62834,-0.53841,-1.7747,-1.01721,1.11193,-0.98516,0.84731,-0.9496,-0.24397,-0.54188,2.90823,0.10239,1.75078,0.24649,0.80059,-0.47757,0.35146,-0.4708,0.81923,-0.71728,-1.87479,1.43876,1.32675,-0.44854,-0.66161,0.57041,0.6886,-0.61826,-0.0719,0.41836,0.44176,-0.48909,0.0748,-2.29786,-0.15658,-1.31885,-0.79194,-0.11497,-0.95762,-1.0438,-1.01718,-0.44552,-1.14711,0.26454,-0.59489,-0.1067,-0.79655,1
-2.3073,1.435,0.91126,0.06176,-1.58692,-2.0292,-0.10493,-1.33382,0.18596,0.35023,-1.7947,-1.75435,-0.24602,0.4748,0.88767,1.01311,1.02391,1.01472,-0.35677,1.39307,-1.82309,-1.50649,0.22311,2.28455,1.11516,2.0663,0.10888,-0.16115,-1.2953,-1.05613,-0.78501,0.61184,2.61493,0.35729,-1.51569,-2.6925,0.98483,-2.18621,1.08632,-0.03877,1.06387,1.74237,-1.36268,1.35114,-1.03017,0.5039,-1.11307,0.28982,0.74093,-1.70441,-1.02384,-0.45103,0.09139,-0.24382,0.3055,1.01783,-0.02419,1.54418,0.59667,1.24398,0.13856,0.55713,0.90949,1.24651,-0.56915,0.12534,-0.01342,-1.91292,0.07172,1.80197,0.81145,0.57706,1.67166,-1.05411,1.74165,0.34807,-1.7631,1.63231,0.17751,-0.00633,2.05375,0.80255,0.30809,-0.78688,-0.24048,0.61987,-0.79155,-0.03163,-0.96745,-2.56111,-0.13996,-0.22768,-1.46485,0.61472,-1.17189,-0.54118,-1.8685,-0.87537,-0.18612,1.15479,0.15335,-1.57659,-0.34984,0.39549,-0.60421,0.35547,-1.0393,-0.60885,-0.81136,-0.06298,0.22427,0.90655,0.01375,-0.0205,-1.00066,-0.46184,0.02841,-0.03842,-0.84006,0.8589,-0.05297,-1.22375,-0.63756,-1.19852,0.36863,1.65779,1.22635,1.14704,-0.77222,1.27175,-1.36321,-0.55741,0.28269,0.63656,0.27917,-0.5132,0.82061,-1.25449,-0.31519,1.96259,-0.58268,0.76983,0.27262,-0.66215,-0.70821,0.10998,0.15604,0.99999,-0.24774,-0.24451,0.23179,0.39702,-2.07312,0.03798,1.96994,0.14111,0.58932,-0.73591,-1.09206,0.45567,0.93205,-1.21564,-0.842,-2.18776,-0.3869,-1.87134,0.21272,-1.09779,-0.73442,-0.53292,0.53662,1.74496,1.34964,-0.85775,-0.30323,0.65239,1.19031,0.53203,-0.57448,-0.81012,0
-0.613,-0.91928,-0.32432,-0.01315,-0.03293,0.28428,0.23429,-0.04494,0.34192,-1.16921,-0.13948,-0.2474,1.62577,0.08409,0.20658,-0.42035,0.99366,1.19713,0.82754,-0.61023,-0.53469,1.10094,0.02435,0.01756,-0.53345,0.45169,-2.66322,0.46614,0.1992,2.00422,-0.77854,-0.11852,0.57783,-1.54169,-0.31573,1.09813,-0.07323,-2.30977,-0.77738,0.08951,-0.45626,0.43263,-1.45242,3.67636,0.84589,-0.98294,-0.20916,-0.23701,-0.05802,-0.85595,-0.19247,-0.57217,0.0023,1.33431,1.31447,-0.53771,-1.79857,-0.32619,0.043,0.94191,2.5624,0.19695,1.38521,0.90639,0.43495,-1.23093,-0.66947,-0.74299,1.13503,0.22514,-0.80312,0.32838,-0.21836,-0.15713,0.20913,1.97032,0.30968,-0.53196,1.10542,-0.80101,-0.11257,0.48911,1.91431,-2.09319,-0.73313,-1.17999,-0.23049,-0.5228,0.83646,-0.65015,-2.46774,-0.94852,-0.08627,-1.05728,-0.37682,0.33936,-0.03579,-0.9174,0.38717,-0.00962,0.45869,0.47434,0.34218,1.41095,0.464,-0.986,-0.10957,-0.05314,-0.67216,-0.99064,1.48289,-0.7875,0.19753,0.12432,0.22979,-1.0246,-0.88015,-1.20065,-1.59756,0.96167,1.78108,-0.68694,-0.77841,-0.86616,0.20816,-0.20953,0.57899,0.02273,0.14713,0.90404,1.75309,-1.67742,0.04756,0.72365,0.22273,1.17453,-0.26902,-0.71873,-0.81991,-1.51261,-0.61969,-0.11613,0.182,-1.21985,0.09818,-0.25603,-1.79451,0.46079,-0.17442,-0.95609,-0.32166,-1.12054,0.44321,0.13637,1.77785,0.29886,0.66012,0.55237,0.60144,0.39206,-0.93549,0.67936,0.37615,-0.58817,1.01775,0.18708,-0.28529,0.91387,1.03948,-1.91204,-1.10956,-0.60162,0.79679,-0.37741,-0.45155,0.99913,-0.52315,0.90923,-0.11311,0.51456,1
0.04889,-0.31966,1.31628,-0.29376,-0.54133,0.41409,0.02809,-0.78575,-1.66196,0.45859,1.39509,-0.73036,-1.08336,0.51236,0.42145,-2.68684,1.42033,-0.40723,0.71556,-0.49758,-1.24497,-0.01726,1.25814,-0.52786,1.54717,-0.00637,0.04125,-0.42898,1.37363,0.02094,1.48235,-1.13575,0.51814,1.27143,-2.18915,0.61179,-0.46003,-0.57894,0.75701,0.19532,-1.04648,-1.24607,-1.32215,-0.72839,0.25046,-1.06664,-0.01003,-1.47747,0.84718,-1.67595,1.27516,-1.16476,-0.38664,-0.61591,-0.22651,1.40058,1.64594,1.1133,0.89153,0.15685,-1.33428,-1.44085,1.02688,-0.53017,0.6812,0.56711,-0.72675,-0.53486,0.62159,-0.07678,0.62839,-0.55917,0.15732,-1.12387,0.14527,-0.06658,-1.70198,-1.29301,-0.26191,-0.36801,-0.5897,0.93944,0.21916,0.97765,1.39415,0.0074,-1.44187,0.50141,1.59872,-0.16011,-0.34807,0.5717,0.58814,-0.76752,-0.57866,0.47644,-1.74169,-1.43749,0.21942,0.43262,-1.08556,-0.44434,-0.71291,0.55143,1.56844,0.57783,-0.01286,0.89175,1.03182,-1.55453,-0.57024,-1.13273,2.11826,-1.43028,-1.67223,-1.53811,2.09431,-1.00299,1.65615,0.8758,-0.45086,-1.35078,-1.72792,-0.90015,2.13352,-1.86277,1.76009,0.27274,0.68169,-2.32985,0.41384,1.51644,-0.24684,1.58816,-1.00966,0.65944,0.71476,0.2095,0.79138,-0.26029,-0.46091,-1.2358,-0.53441,0.74984,-0.89602,1.61748,0.28526,0.41076,1.45259,0.08353,1.06756,1.38458,0.99062,1.01443,-1.00909,0.67797,-1.46221,-0.04778,-0.92619,1.68988,0.92246,0.75568,-0.58247,-1.15982,-1.1278,-0.36152,-0.35257,2.6285,1.20855,0.12345,-1.51972,1.38557,-0.67962,0.95515,-1.3135,1.00467,-0.57267,-1.38938,-1.08767,0.27516,0
1.65384,0.24172,0.25294,-0.27749,-0.44645,-0.56545,1.29722,-0.2263,-0.95489,-0.62837,1.17692,-0.13454,-0.35761,0.56084,-0.44986,0.33327,-0.78342,0.49261,-0.93087,-0.58164,-0.10992,0.15584,-1.32774,0.3219,0.74557,0.03368,0.41416,0.52116,-1.25717,-0.32082,1.36001,0.47688,-0.27872,0.03351,0.61538,0.36602,1.00006,1.39979,-1.23744,0.19126,-0.93403,0.55853,-0.88734,-2.15731,0.23116,1.0725,-0.85826,0.07984,0.48014,-0.20356,0.75015,0.07897,-1.83199,1.26971,-0.5109,0.64644,-2.68142,-0.14524,1.72207,0.98032,1.15335,0.08244,1.67916,1.69705,0.16293,1.70785,-0.3785,-0.55657,-2.05688,0.16401,0.47572,-1.30098,-1.10232,0.99516,-1.91396,-0.29384,-0.24751,1.34469,1.1859,-2.33672,0.34646,1.45351,1.30145,-1.52206,-1.15676,-0.25772,-0.66634,-0.14707,-0.45883,-0.18111,-0.39466,-0.13286,1.56378,1.67072,0.67496,-1.54705,0.80386,-1.66375,0.28592,1.06025,-2.77953,-0.273,-0.16127,1.49229,1.56583,-0.54071,0.57654,0.04891,0.86474,-1.08155,-0.55237,1.43227,0.46604,1.24854,0.75042,-0.27819,-1.26044,0.44576,0.42929,-0.49237,-0.34287,-1.22848,-0.592,-1.6631,1.12297,0.33985,0.15235,-0.39163,-1.00228,-1.27449,0.70329,-0.17702,0.32618,0.93196,-0.93579,0.1091,0.97281,1.15657,1.38042,-0.10475,1.0242,-1.47852,-1.14723,-0.21512,-0.27116,0.50978,0.6506,-1.56769,1.0294,0.66108,1.129,0.20695,-0.53049,-0.07136,1.28709,0.81987,2.0861,-0.17639,1.15484,-0.6511,-1.06907,-0.87485,0.87106,-1.34709,0.13967,-0.72082,0.41463,1.88134,0.53863,0.91851,0.5918,-1.71381,-0.7049,-0.56815,0.132,0.08801,-1.20257,0.71058,0.01212,-0.99304,1
-1.40338,-0.07041,-0.37489,-1.43906,0.056,1.0637,0.18069,2.08187,1.30807,-0.59604,-0.02186,-1.55087,-0.33126,-0.04945,0.06436,-0.27406,0.68144,-1.47021,-0.63354,-1.35518,-0.34348,0.40514,-0.2624,-0.48799,0.28949,-0.63365,-1.06988,0.48779,1.02725,0.06326,0.14679,-0.2657,-0.12456,-0.5518,0.25846,2.03532,0.60789,1.34833,-0.8627,-0.39003,-1.42242,0.04339,-1.09908,-1.55738,-0.04207,-0.34111,1.01131,1.51261,-0.76689,1.42463,1.43286,1.17754,2.03944,-1.60711,-2.32378,0.50543,1.00199,-0.35859,0.05177,-1.3243,-2.69718,0.06638,0.55613,-0.57424,-1.13653,0.11781,-1.48476,0.7055,0.07903,1.53944,0.58373,-0.6658,0.96089,1.61905,-0.67167,-0.90868,1.84813,-1.57359,-0.35619,0.71057,0.49761,-0.30674,-0.7379,-1.55483,-0.01989,-0.99721,-0.331,-0.40399,-1.30337,1.5068,-0.27027,-0.01304,0.44333,0.49093,-2.65433,1.59957,-0.48834,1.89411,-0.01233,-0.42898,-1.87984,0.56766,-0.43565,-0.87786,-0.03783,-0.12495,0.71963,-0.46711,-0.4654,-0.34756,0.31202,0.14428,1.34159,-0.96778,0.66299,-0.69544,0.65006,-0.38554,-0.71924,0.1313,-1.85571,0.63944,0.27126,0.14309,-0.62561,0.46131,0.62935,1.89973,-1.47469,1.89298,1.9323,0.10441,-0.89868,-0.28935,1.38365,-1.07309,-1.22224,-1.93597,-1.21396,-0.49426,-0.54417,0.38164,-0.47762,0.52541,-1.75581,0.73312,-0.05466,-1.37647,0.94305,-0.69537,-1.23702,1.24756,0.2673,-0.15629,-1.82988,0.99378,-0.48812,-1.54185,0.28975,1.09791,0.07102,0.21233,-1.56848,-1.45769,-1.51098,0.4252,-0.75199,0.75075,-0.81733,0.0445,-0.11635,-0.28647,-0.53734,-0.25501,0.50665,-1.50053,-0.26286,-0.91493,0.14452,-1.28705,0
0.85005,-0.6758,-0.09307,2.02047,0.42722,0.05654,-1.47154,3.11,0.05257,0.39497,-0.49299,0.82554,-0.6425,1.17541,1.75658,0.66285,-0.81939,-0.46214,-1.25212,-1.52154,-1.07679,0.81957,-1.59594,-0.23406,0.83551,0.19057,-0.05532,0.26312,0.82791,-0.42956,0.47265,-0.07224,1.11921,0.92958,0.71936,-0.24979,-2.0909,-0.44124,-2.56685,-1.44706,0.20791,0.81551,-0.10652,1.92297,1.31035,0.61849,0.39865,-0.98628,-0.33627,-0.51037,-0.34649,-0.71659,-2.04732,-0.02114,-0.76952,-0.68448,-0.35097,0.84629,-0.1255,1.29461,1.26533,-0.40096,0.00719,-1.93636,-1.256,1.11355,-0.57098,-0.98626,-0.91935,-2.44633,-1.77497,-0.99314,0.38406,-0.43098,-0.53603,0.10727,-0.29434,2.03629,-0.02608,1.64848,-0.65497,-3.26971,0.98542,-1.42691,-1.24009,-1.56716,0.40801,-0.62198,-0.56696,-1.16764,0.63319,0.60959,-0.20291,-1.53916,2.13816,0.43791,-1.39777,0.10803,-1.04413,-0.25976,1.01638,0.75012,-0.05078,-0.04336,-0.30922,-1.34191,0.37144,-1.27985,-1.11408,-0.68087,-1.51544,-0.80453,-0.12555,-0.75792,0.27083,0.38004,-0.1757,-0.34765,1.05164,1.63212,0.98004,0.13029,0.376,0.66574,-0.50981,0.45809,-0.69403,0.89914,-0.24863,1.4277,-0.15995,1.34102,-0.66147,-0.36632,-0.72148,-1.52939,1.80872,-2.30995,-1.64814,-1.87106,1.47056,0.00996,1.49552,0.87524,-0.0623,-1.55723,-0.16898,-0.36182,1.54524,0.33364,-2.20786,0.60498,2.17945,0.93858,-0.20151,0.02171,-0.08085,-1.15725,0.24742,0.53058,-2.17391,0.44507,-0.21377,-0.82123,0.56882,-0.23258,0.08804,0.4823,-1.04187,-1.73348,-1.28186,-0.61876,-0.27696,-1.1941,-0.23604,-0.21289,-0.4527,0.18895,-0.64157,-0.68084,0
0.11379,0.62415,-0.97044,-0.20537,-0.06385,0.48649,0.38999,-0.11143,-0.52967,0.46912,-0.50865,1.13811,0.16309,-0.19791,0.94678,1.04109,0.22246,0.3432,0.84912,-1.04426,0.21989,-1.33926,-0.32395,0.20479,-0.29583,-1.27883,-1.27168,0.88089,-1.26422,-1.29184,-1.4898,-0.32586,0.43106,-0.6521,0.65809,2.49521,-0.53218,-0.63832,-1.9825,0.29578,2.21327,0.09169,1.14449,0.10322,0.52589,0.51088,0.1134,0.86872,0.56291,-1.30596,-1.48267,-0.55759,-1.09459,-2.33692,1.2909,-1.07697,-0.20209,-0.89122,0.70187,0.61821,-0.65783,-0.26219,2.0185,0.29193,-0.04245,0.94266,0.12162,-0.96105,-1.14059,-0.38371,1.38452,-0.90197,-0.02988,-0.74714,-0.23256,-0.78448,-1.02302,1.09869,-1.26326,-0.76023,-0.18772,-0.2972,1.58658,1.34447,0.32545,-0.8874,-1.27158,-0.00662,0.03969,0.35345,-1.02451,-0.58206,0.55567,-0.05918,1.06492,-0.86487,1.3051,-1.19461,0.30797,1.45334,0.41672,-0.69266,1.3108,0.01643,-1.34523,0.10469,0.62825,-1.56287,0.84201,-0.4694,-0.90749,1.88301,1.55507,0.57484,-1.45444,-0.40237,-0.18897,0.65297,-1.53073,-0.11902,-1.51769,-0.29279,-0.22634,0.31763,0.46771,0.56185,-0.67729,-1.18233,-1.10616,2.79833,-0.71724,2.19289,0.26289,-2.60025,-0.17854,-1.2422,0.58854,0.15931,-1.07316,-1.34968,-0.92355,-0.1995,-1.6523,0.06653,0.37264,-0.03448,-0.87457,2.27477,2.48361,0.52602,-0.41826,-1.05913,0.93827,0.02123,-0.27569,0.31233,0.03763,1.13782,-0.034,-0.24753,-2.29865,-1.43957,1.46118,-1.3623,0.7685,-0.52846,1.28332,1.6113,-0.05105,-1.86615,0.13368,-0.33339,-1.73078,0.42892,-0.82183,-0.35745,2.03243,0.4308,0.61195,0.28314,1
-2.67455,-0.79035,0.65527,-0.32707,-0.84842,-0.61358,-0.34313,1.38183,0.86177,0.40696,-0.30609,0.18987,-1.02401,-0.09745,-1.40101,-0.09098,-0.03683,-0.36076,0.80379,0.50756,0.45793,-2.31677,-0.85164,-1.22892,-0.78506,-0.69048,-0.72631,1.36254,-1.30968,1.51818,1.31053,0.15222,-1.15138,0.52467,0.0187,-0.58566,1.64445,0.68447,0.69365,-0.55409,-0.11303,-0.36846,-0.23387,-0.82447,0.79603,1.80861,0.86742,-2.16599,1.71932,-1.31652,1.40827,0.82267,-1.31171,-0.31373,0.37034,-2.56758,-2.01363,-0.66246,1.68128,0.39887,-1.262,-0.61874,2.15263,0.9377,0.45555,0.8148,-1.10821,0.19532,1.12392,0.51522,-0.80481,0.91873,0.77196,-0.96793,1.19883,-0.0882,0.74642,0.8532,-0.03216,-1.40591,-1.09118,0.16612,-0.11409,1.49696,-0.74134,-1.93129,-0.23922,-0.39473,-0.60862,-0.43643,1.05586,0.22284,1.62035,0.62211,-0.28314,0.86073,1.48425,0.48893,1.0204,0.77973,-0.4538,-0.89841,-2.13529,-0.93296,-0.79125,1.09054,-2.29793,0.7887,-0.21449,-1.273,0.40556,0.55252,0.29719,0.62866,0.38545,0.88322,0.70557,-1.22349,-0.07248,1.96644,0.08756,0.15559,-0.06742,-1.23293,1.11587,0.27365,0.90792,0.14005,0.28877,-0.94072,-0.16819,1.01797,0.43972,-0.4291,0.76454,-0.36159,0.72077,-0.13739,-1.79624,0.02515,0.54613,-1.5701,0.17854,1.30472,0.76818,-0.25295,-0.78554,-0.94108,-2.90277,0.35659,0.14287,-2.10924,0.01422,0.12382,0.70029,0.43997,0.35937,-0.90287,-0.09253,2.19555,-0.85124,0.10215,0.25237,0.25253,0.14663,0.31269,0.76595,-0.51602,0.04049,-0.17588,1.30794,-1.21509,-0.37246,0.10395,-1.00219,0.77202,-2.05972,-1.24374,0.73662,-0.20772,0
-0.15522,1.28869,-0.52444,-0.18089,-0.65007,-0.2499,-1.79374,-1.13912,-1.43825,1.60641,-0.91915,0.10949,-0.1758,1.73579,-0.34595,-1.69369,0.34308,0.95673,-0.66601,-1.80894,2.04863,-0.71621,-0.02655,0.44286,0.52967,-0.25132,0.32427,-0.3312,-0.86819,1.33746,0.0625,1.07606,0.13558,-1.82944,3.67275,-0.27271,-2.26353,-0.86087,-0.57767,0.4772,0.2564,0.7666,-0.06404,1.06307,0.04797,-0.48825,-0.18636,-0.15426,-0.68958,2.39997,0.54467,-0.1948,0.89388,-0.07584,-0.21078,-0.96249,1.90511,0.73776,-0.92658,-0.21778,-0.04012,-0.7756,-0.82494,0.1014,-1.05927,2.03468,0.43027,-0.58931,-0.83999,-1.47644,-1.04115,-1.75122,-0.69909,-0.35597,0.9956,-0.73026,1.20302,-0.17285,-0.64251,-0.40796,0.66732,-1.85998,-2.7163,0.13731,0.11896,2.28149,-1.43807,0.26043,0.60962,-0.14689,-2.7007,-0.77574,0.24446,0.26602,1.65676,-0.72411,-1.09444,1.05514,1.9658,-0.7428,0.70658,1.01645,-0.74843,-2.19526,0.25319,0.13708,0.03989,0.74265,-1.23271,0.11558,-0.92338,-0.04496,-1.3513,-0.14919,-0.60171,-0.00757,-0.70807,-0.54493,-0.51852,0.73546,-1.21019,-0.62166,0.2853,-0.89383,0.38195,0.97828,-2.26679,0.87841,-0.50013,-0.41089,0.25766,-0.79006,0.30252,-0.21827,-1.03433,0.50686,-0.62011,-1.89728,0.50413,-2.60692,1.78232,0.50486,1.0352,1.244,-0.40057,0.14734,-0.37367,-0.17691,-0.83976,-1.10493,-0.79434,-0.08856,-2.22227,0.75625,0.83638,0.66986,-1.19498,-1.01659,0.16886,-1.69042,-0.33768,-2.81396,0.03508,-0.95121,-0.81324,-0.01378,0.00989,-0.91139,-0.58068,0.61992,0.67767,-0.63846,-0.36543,-0.04039,0.57673,0.65261,0.27852,0.38669,-2.54724,-0.35428,0
0.57846,0.34358,0.14021,0.92451,0.40831,0.79503,-1.28432,0.38965,2.01608,1.0181,1.40075,-1.06297,0.95707,-0.81762,-1.05029,1.0213,0.96191,-1.14209,0.70887,-1.03022,0.08978,-0.63744,-0.90271,0.61378,-1.15265,0.40282,-1.03401,-0.17443,-1.51505,-0.30359,-1.10792,0.9975,0.55495,0.19576,-1.21216,-1.05022,-0.34641,-0.81211,-0.78906,0.24456,-0.14289,0.60574,0.60247,1.30936,-1.70196,1.84488,0.53911,0.41527,-1.14724,-0.91844,-0.37128,1.97574,-0.92167,-1.46046,0.83128,0.21402,-2.02331,1.94898,0.40047,0.30201,-1.13725,0.3888,0.16853,0.79729,-0.21447,-0.94969,2.18874,-0.68437,1.01063,0.82133,-0.34783,-0.93183,0.32096,-2.57947,0.38801,-1.44922,1.3747,-1.57726,1.04747,-0.88998,0.00289,-0.85008,-0.16781,-1.59208,-0.89008,0.39362,0.05547,0.78894,0.86749,-0.56099,0.34213,-0.31284,-0.34643,0.92556,-2.511,-0.43474,1.79503,1.6044,0.50368,0.58158,-1.89024,0.04231,-0.46195,0.48053,0.58978,-0.27772,-0.41641,-0.95583,-0.98483,-0.12778,0.50104,1.81281,0.12683,-1.32049,1.63234,-2.87667,0.18737,-0.8593,1.84448,-0.20065,0.26966,-0.90847,0.03252,0.60769,-0.14713,0.41626,0.67655,0.22732,-1.33453,-1.98984,0.86961,0.67425,-0.88781,-0.29615,-0.0508,-1.84127,-0.67484,-1.37108,-2.1215,-0.90979,-1.73909,-2.91442,0.06907,-1.19664,1.02185,1.17268,0.254,0.36413,-1.06285,-2.55972,-1.10418,-0.28171,-0.99971,-0.50019,0.06261,0.15278,-0.94832,-0.40064,-0.51849,-0.80256,1.70644,1.00902,0.358,-0.05543,0.25889,0.07615,-0.5318,-0.43317,-0.90609,0.54846,-0.70518,0.68902,-0.85044,0.32594,-1.53039,-1.20941,0.03017,0.27726,-0.82199,-0.57367,1
-0.10682,0.92179,0.02496,0.98575,0.04023,0.79482,-1.26262,1.26463,0.78441,-1.28946,0.43263,2.78716,0.2454,0.80034,0.06912,-0.87394,-1.50726,0.89007,0.13011,0.20509,-0.13907,-0.21357,-0.18048,0.15017,-0.10559,-0.5254,-3.19269,0.99718,-0.74749,-1.08142,0.88769,-1.0606,-0.18031,-1.44534,1.70456,0.43405,-0.77625,0.67132,2.48242,-0.08701,-0.56964,-1.19428,-0.21909,1.66811,1.85433,-1.315,0.36787,-0.66095,-0.13776,1.17296,2.2221,-2.09757,1.4193,-0.39659,-0.14983,0.50035,0.38775,-0.22366,1.28367,0.84545,-0.59397,-0.81455,0.54856,1.08573,0.42706,0.02947,-0.8352,4.12728,0.18019,-0.98657,-0.50939,-0.01821,2.04774,-1.43879,-0.67475,0.10223,0.0401,-0.94526,0.18901,-0.53381,1.1504,-0.57146,0.09589,1.0642,-0.29987,-0.85567,0.05765,-1.22742,-0.59432,0.30236,-0.43704,-0.11288,0.62221,1.02893,-0.78735,0.33774,-0.36999,0.71335,1.95885,-0.57255,-0.74306,0.91951,1.93739,-0.4679,0.12589,1.04192,-0.36334,1.13261,-0.9914,0.42632,0.59388,-0.68257,-1.02511,2.03049,0.6353,-1.19402,1.12257,-0.41141,0.22606,-0.06342,-1.22644,-0.42297,-0.01016,-1.47395,-1.69703,-1.07772,0.77217,0.76872,1.04934,-0.2945,1.25378,-1.28734,0.40308,-1.71205,-1.25159,0.44656,1.37953,0.26461,-1.57649,-0.18453,0.6239,1.84544,-0.14349,-0.19562,1.23039,-0.72204,0.24369,0.39111,-1.71334,-0.81541,-0.20674,0.43342,0.2516,0.35894,0.16512,-0.58421,0.01225,-0.7974,0.78418,-0.75457,-0.87623,-0.21274,-0.9574,0.031,0.52078,0.41159,-0.15852,0.16673,-0.50132,0.71296,1.44204,0.82911,1.25699,1.49861,-1.18931,0.11644,0.10729,-1.14006,0.47858,0.84979,1
-0.32652,1.58879,0.41713,0.26978,-0.43542,-0.77445,-1.37302,-0.21326,0.47512,0.66919,0.26085,-1.19671,1.11529,-0.427,2.6013,0.79246,0.83091,-1.17493,0.5435,-2.56112,0.1826,-0.0384,-0.07374,0.76463,-0.35755,0.97496,-1.08822,0.40745,-1.2537,0.82116,-1.44819,-0.76166,0.37678,-0.17984,-1.49276,0.13581,-0.38826,-1.70539,-0.23231,0.41013,0.72524,-0.07535,0.80558,-0.50038,-0.40115,-1.38318,1.4142,-0.16229,-1.88917,-0.87248,1.26682,0.57715,0.43161,-2.0065,1.82747,1.50036,0.00334,-1.28468,0.76319,-0.59924,0.09342,-0.70751,-0.731,-1.5355,-0.65241,0.49509,0.04764,-0.24802,-1.13214,1.06436,-0.1878,-0.49985,2.04972,0.58093,1.91194,-0.36672,-2.81887,-0.68563,1.08561,0.22488,0.57984,-0.35643,0.92797,0.19096,-0.87552,-1.95911,1.71029,-0.83408,-1.42032,-0.00134,1.34903,-0.46549,-1.27413,-1.26993,0.26071,-1.11077,0.21834,-1.9759,0.06734,-1.13049,-1.85183,-0.85124,-0.14446,-0.27168,0.35874,-1.15187,0.5921,0.09045,-0.26014,0.92239,-0.0866,-1.06635,0.25083,-0.35121,1.03129,-0.04683,0.67749,-0.6852,0.61548,-0.5182,0.79918,-1.02607,-0.03327,-1.35389,1.42305,1.53981,0.13657,0.80865,-0.6791,-1.14326,0.21279,-0.26212,-1.05972,0.13933,0.68974,-0.99528,-0.58329,-0.1975,1.02699,1.45669,0.49416,-0.22301,0.76169,-1.31859,0.83525,0.05935,0.51318,0.23067,0.68903,0.0187,-0.14919,-1.87071,-0.02465,1.46326,0.46488,1.2232,-0.28911,-0.28916,-1.66854,0.05174,-0.13396,-0.12728,-0.82034,-0.01262,0.96778,-1.73204,0.52026,-0.79749,2.58727,0.80341,-0.33011,0.66133,0.09487,2.15414,-2.45951,0.62596,-1.57217,-0.3294,-0.18648,-1.64859,0
-0.20344,-0.3656,-2.10258,-2.25688,0.80874,0.56887,-1.13535,-0.30599,-1.31062,-0.24048,0.48088,1.19373,-0.08581,0.42734,-0.51264,1.74364,0.65603,0.78691,1.56504,0.61669,0.5196,-0.11213,1.32623,0.69183,-0.79296,0.13431,-1.00895,-0.15468,0.77813,1.25846,0.69487,-0.48597,0.51032,0.19191,-1.51434,0.07873,-0.59563,0.68436,-0.32068,-0.71328,0.02008,-0.58498,-0.30963,0.27004,-2.37293,-0.78089,-0.85591,-0.41443,-0.05122,1.8739,1.58109,-0.27367,0.10491,-0.28464,-0.47503,-1.04402,2.03168,1.09617,-1.05572,0.9562,1.49102,-2.34453,-1.55413,2.03743,-1.26987,-0.64109,-0.29895,-0.4844,0.26233,-1.11754,0.57982,-1.84616,0.08929,-1.13914,-0.85442,0.36843,0.19391,-0.5426,-1.89129,-0.41674,0.14634,-1.072,-0.19561,0.72781,-0.7699,1.10555,-0.51991,1.05653,0.49583,-1.15696,0.39312,-0.43228,-0.34371,0.51979,-0.62362,0.26152,-1.39099,0.05193,-0.73578,1.23711,0.40604,-1.4909,-1.64909,-1.08469,1.05842,-0.25794,-0.0989,-1.73026,-0.59241,-0.75079,-0.85105,0.3543,-1.3186,-0.67672,-1.11984,-0.53617,-1.27748,-0.3585,-2.10875,1.58656,-0.71485,0.07866,0.80629,0.88209,1.72104,-0.17776,0.91157,-1.0346,0.47975,0.46321,1.5573,0.24575,0.87104,-0.26491,-0.01552,1.34632,2.24291,-0.8797,0.36848,0.1327,0.00947,-0.82159,-0.90925,-0.21029,0.21029,-0.366,0.84011,0.94909,2.58062,0.44274,1.3202,0.75984,-0.16771,0.47385,1.06228,0.01482,-0.50228,-1.81274,1.62887,-0.08657,-0.22323,0.41886,-2.13777,0.57763,-1.1921,-0.37598,2.05695,-0.2138,-0.57348,0.58012,-0.10265,0.21714,-0.47684,1.17337,0.98698,0.02021,1.09656,0.0788,-0.85776,-0.14876,1
-1.32394,0.64858,-1.52832,1.43554,-0.948,-0.78721,-0.73289,0.34607,0.51861,-2.11952,1.21455,-0.54493,1.17113,-0.90917,0.38801,-3.26544,0.59266,0.16846,-0.11784,0.46927,-1.04648,-0.65526,0.45843,0.04956,0.73467,2.12924,-0.82523,0.93738,-0.38539,0.09585,0.23419,-0.97187,-0.17126,0.25547,-0.03448,1.0075,0.14785,-1.80138,-0.78732,-0.06493,-0.77963,-0.93904,-1.60983,0.65669,-0.11918,-0.08996,1.45602,-0.47287,0.75405,-0.21898,-0.96335,0.92696,-1.65238,-0.59868,0.54657,0.74555,0.3393,-0.55172,0.70823,0.71382,-0.02185,1.57444,0.16023,-0.33517,0.01103,-0.62155,-1.59519,-1.03347,-0.08615,0.36761,-1.41155,1.5957,0.16489,0.65871,0.17298,-0.12149,1.10385,-1.54804,-1.41638,-1.78525,0.60198,0.35318,0.51627,-0.07131,-0.32573,-0.06737,-0.75725,0.10396,-1.81074,0.49959,-1.31917,-1.87551,-0.65122,1.06538,-0.64579,-1.52045,-0.13812,0.93101,-0.03502,0.0417,0.37621,-0.17598,2.38047,-0.40506,-1.01011,-0.39172,-0.96689,-0.2263,0.22741,-0.24322,-1.44597,1.13761,-1.01899,-1.38836,-0.25976,0.90393,1.10153,0.04947,1.21929,0.43249,0.12815,-0.16688,0.07228,-1.13185,-0.66679,1.36531,-1.48669,0.95003,-0.04652,-0.49066,1.49955,0.21929,-2.5204,-0.94895,-1.14848,-0.32975,2.01628,-0.01648,0.52257,-0.51494,-0.79471,1.06147,-0.82174,0.01984,0.17899,-1.16128,-0.80737,-0.9868,0.26208,-0.22298,-1.88386,-1.10505,0.82812,0.83921,-2.58743,-0.24185,0.9161,-1.69352,1.44705,0.40779,-1.19918,-0.14958,-0.54165,-0.6803,0.74685,-0.35315,1.07042,-0.8162,-2.3288,-0.06824,1.45804,1.21809,-0.3345,0.17926,-0.56563,0.74279,-0.54355,0.01318,1.1856,-0.38818,0
1.39192,-1.26255,0.10346,-1.88316,0.06099,-0.00691,-1.50616,-0.73958,-0.67781,-1.1252,-1.3755,-0.32051,0.00321,-0.08963,-0.14281,-0.73786,1.00036,-1.16674,0.30321,-1.81691,0.68931,2.18767,-0.09616,-0.54263,-0.56298,-0.1065,1.28173,-0.24596,-0.43457,-0.04474,-1.78816,0.2451,-0.06097,0.69754,1.17514,-1.30786,-0.14448,-0.32009,2.28617,0.71216,-0.58065,-0.54752,0.48641,-1.45627,0.68365,-2.22765,-1.10443,-1.66225,0.917,-0.4802,1.22528,-1.47528,-0.23264,1.95258,0.25701,0.21044,-0.57029,2.32947,1.91983,-1.84088,-0.31382,-1.50697,0.82516,-0.82714,-0.28504,-0.05513,-0.02844,-0.63737,2.06148,-2.00172,1.05361,0.61566,0.2031,0.58388,0.09219,-0.59165,-0.13041,-0.5564,0.83275,1.43947,0.86392,-1.18161,0.18002,-0.25841,-0.02922,1.26404,0.66403,1.23261,0.51888,-0.16005,-1.4906,-0.79133,-0.86623,-1.93867,-0.17818,-0.52946,1.14202,0.08549,-1.73372,-0.99423,1.25643,1.14863,-0.67721,0.4159,-0.39221,0.64747,1.38212,-0.3676,0.27916,1.07338,-0.91539,-1.06431,-0.04434,-0.45355,0.07087,-1.12593,-0.78663,-1.43036,0.888,1.62646,0.29741,-1.67157,-0.35074,1.8319,-0.5621,0.41872,-0.25589,0.4574,-0.24,1.07858,0.18536,1.34401,-1.73808,0.72823,-0.03701,0.80553,-0.64989,-1.24984,-1.10389,-0.16588,0.11147,-0.19948,2.03944,0.86925,-0.24602,-0.47461,-0.00815,0.24167,0.43963,1.67993,0.74459,-1.15346,0.16572,1.11102,0.77034,1.80914,-1.70248,-2.20862,-0.29285,-0.36883,2.72145,-0.28786,-1.04178,-0.66599,0.22882,-1.33513,-2.37932,-0.08751,1.06962,0.78265,-1.3525,0.81062,2.25917,-1.60024,-1.72303,0.02063,-1.47925,-0.65952,-0.71743,-0.30544,1
0.77678,-1.6474,-0.23459,0.35166,0.65314,-1.70272,-0.69108,-0.79882,0.46933,-0.8608,-2.11154,-2.86144,-0.41347,0.12101,3.05867,1.05844,0.33888,0.5284,0.18585,-0.91411,-0.47012,-0.5968,0.72861,0.13902,2.69252,-0.67562,-1.15341,-0.23492,0.15841,0.64844,0.74732,0.66374,1.37306,-1.40033,-0.15354,-0.47663,-1.11914,1.52476,-0.04573,0.06652,-0.13042,0.77049,1.35772,-0.66062,1.25031,0.3568,0.3301,2.02,-0.1474,-1.59719,0.45065,-0.15683,-0.64526,-1.55432,-0.10039,-1.32416,-0.29218,0.25271,-0.86391,1.98103,-0.61144,-1.59476,-0.1526,1.2717,1.0108,0.34594,0.46744,-0.82279,0.80299,-0.03172,0.64018,-0.85573,-1.41221,-0.75464,-0.78838,0.60541,-1.42215,0.02657,0.52283,-0.62038,-2.84875,-0.75115,-0.04771,-0.36227,-1.16708,-0.40391,0.54689,-0.67034,0.72715,-1.19851,-2.59022,-2.50043,-0.53845,0.83767,1.01481,0.19514,-0.87154,0.18936,0.66152,-0.07993,-0.86443,-0.91051,0.27771,-0.05961,-0.35613,-0.09399,0.5772,-0.25961,-1.45777,-0.2198,0.32685,-1.3014,-0.45786,-1.12552,-1.27515,-0.12756,0.15935,-0.62059,0.50261,0.21082,-1.50319,0.30376,-0.40047,0.66214,-1.05207,-0.67816,0.80683,-3.06985,0.30671,0.15072,-1.52577,0.7713,-0.29518,-0.77183,0.3015,-0.27253,-0.82463,-1.91254,1.83002,1.10763,-0.05199,-1.70323,-0.18455,0.77036,-0.18137,0.06885,-0.29802,1.03263,-1.1444,-0.2241,-0.98647,-0.72966,1.27735,0.75429,-0.0953,-0.21549,-2.35956,1.25742,0.24824,-1.41004,0.80591,1.40306,0.32088,0.82362,-0.31737,1.42417,0.37173,-0.96249,1.14487,0.29443,-0.0938,2.14557,0.73403,-0.5853,0.15193,0.88527,1.09648,-2.02192,0.69245,-1.13011,1
0.0775,0.46739,-1.30298,-0.08071,-0.74658,-0.02148,-1.24527,0.37947,0.68007,-1.73684,0.36009,0.45021,-0.68397,-1.42737,-0.30793,-0.22712,0.82707,-0.01096,-1.3105,-0.46693,-0.3508,0.28078,2.12355,-1.54308,-0.03416,1.86592,-0.10871,-0.55048,-0.07479,1.60915,1.27257,0.80796,-0.02466,1.14353,0.69137,0.4812,1.86237,0.66412,-0.36827,0.96263,-0.88868,2.07707,0.6077,0.20837,1.1534,0.50772,-0.41725,-0.35951,1.31714,-0.35985,0.3095,-1.73407,-1.8441,-0.97727,-1.14478,-0.39888,1.13405,-0.48823,1.71082,-0.53728,0.66684,-0.12446,0.21523,1.63491,0.14616,-0.14443,-0.04085,1.04412,0.25495,-0.04494,0.49912,0.59815,-0.70986,0.56628,0.34295,0.98732,-0.99429,-0.44341,-0.18566,-0.11587,-0.21483,0.39907,0.31249,-0.39042,0.68906,0.95699,-0.06357,1.81115,0.04482,0.32964,0.30911,-1.3453,-0.70759,3.00285,0.31392,-0.07264,-0.49488,-1.16467,-1.51476,-0.73435,-0.68871,-0.0804,1.10435,-0.44178,-1.35447,0.21415,0.21033,0.232,0.84144,-2.73306,0.8909,1.64121,-2.23236,0.76916,0.64966,0.39889,-0.08879,-0.55796,-0.54938,0.1093,-0.30941,-0.54024,-0.7682,-0.05866,0.72118,-0.78737,-0.87139,2.04017,-1.04716,-0.77388,-1.24495,-0.05624,1.04691,1.23289,-0.83044,0.15287,0.18946,-0.24774,0.54926,-0.40811,-1.07636,0.2385,-0.35036,-0.70763,-0.75933,-0.52968,-0.06726,0.75981,-2.50974,1.67188,1.93337,-1.07248,0.4927,0.9264,-0.9263,-0.81177,-1.4549,1.09397,-1.36087,0.60019,-0.09725,0.45141,-0.42279,1.04335,0.44624,-1.44194,-0.99584,1.05853,-0.07635,-1.17241,0.82031,-0.36483,-0.7169,0.97212,1.69902,0.21698,-1.72112,0.04576,-1.71918,0.6505,1
0.87331,-0.30759,-0.03406,1.06893,-0.71166,0.39288,0.7255,-0.1232,0.19914,-0.58544,-0.61333,-0.70848,0.22281,-0.30463,-2.05198,1.19204,-0.06495,-0.02911,-2.36326,0.17277,-0.69262,0.82218,0.44193,0.54797,-0.54397,-0.65269,1.01306,1.57259,0.7501,-0.37545,-0.28031,-1.45158,1.20798,0.45756,-0.76593,-0.11953,0.05245,0.16116,-0.90834,0.57802,0.15714,0.37852,1.34055,1.48658,1.87088,1.77537,0.44122,-0.40389,2.03651,0.96907,-0.62779,-0.55468,-2.38209,0.32165,-0.74316,1.49768,0.28362,0.53414,-0.81418,0.52328,-1.42173,1.05571,-1.3097,-0.28927,0.72766,0.05253,1.6311,1.09203,-1.63823,-0.26437,0.26128,0.56939,1.25936,-0.17277,1.15404,1.02744,-1.92549,-0.34222,0.47492,-0.64643,1.65699,-0.7247,-0.02911,-0.90542,-0.72689,-0.50907,-0.00189,0.36967,-0.05311,1.96745,-1.64788,-1.23042,0.01865,0.1074,0.44804,-1.06459,0.18876,1.25959,0.09398,-0.27891,-0.28809,1.58162,-0.48758,0.58988,1.47317,-0.39373,0.06596,-0.54397,0.14214,-0.59425,0.59663,1.78405,-2.41125,0.80807,-0.56459,-0.62186,0.24823,-0.74405,-0.21697,-0.27447,0.24247,-0.61636,0.24709,0.71955,-0.6013,0.70618,0.84818,-1.88893,0.52411,0.29067,-1.08845,-1.1188,-1.54786,-0.45565,0.69126,0.32294,0.27222,-1.71715,0.60055,-0.63512,0.45029,-0.47129,0.30204,-0.78283,-0.04255,0.08073,0.28531,1.03515,-0.48015,0.5424,-0.78579,-0.29756,0.331,-1.61263,0.43469,1.45303,1.85104,0.02453,-0.62383,-0.23798,1.46732,0.46489,0.09288,0.36445,-1.5,0.49256,-1.54197,-0.21167,0.02753,1.63062,0.88478,-0.67602,0.14803,0.38952,-0.66909,0.61425,1.07934,-2.26435,-0.48041,0.65866,0
1.10726,1.32126,1.06917,-0.70456,1.22766,0.29164,1.0257,0.70835,-0.5166,-0.61012,0.78133,0.47658,0.89503,-0.13533,0.49883,-0.92421,0.61442,0.53489,-0.23216,-0.28635,-0.86023,0.24872,-0.20439,-1.39838,1.27224,0.439,0.96521,-0.30331,0.71073,0.49418,-0.42024,-1.14622,-0.43815,-0.89642,-0.344,0.22094,0.35354,-1.29968,-0.57658,0.42243,0.9938,0.71549,0.12476,-0.1827,1.33173,-0.551,1.70254,-0.20754,-0.37615,0.50529,1.33496,0.18343,-1.48692,0.59368,-1.10619,-0.73235,0.04319,1.60233,1.29228,0.22388,-1.95039,-0.74263,-0.08546,-0.21086,0.68106,-1.51409,0.23628,0.98151,-0.3381,0.22145,-0.44689,-0.32767,-0.28715,2.19024,-1.10563,-0.20262,0.41979,-0.26711,1.37868,0.56048,0.36439,0.05248,-1.04689,0.25932,2.86109,1.23699,1.57598,-1.49051,-1.0411,0.2753,-1.79596,0.38573,-0.32729,0.53865,1.0449,-1.83474,-0.34834,-0.17464,1.09738,0.09275,0.26378,-0.19535,1.48577,0.71094,-1.12909,-0.43152,0.72407,0.2156,-0.2828,-2.27453,0.59564,0.59911,-1.02864,2.08118,-0.45968,-1.6344,0.48714,0.56059,0.04648,1.69316,0.12766,0.8482,-1.24631,-1.73494,0.23215,-0.60422,1.28619,0.1246,2.22937,-0.33941,-0.04404,-1.44202,-0.31433,1.19882,-0.86585,1.19491,-0.85459,0.2191,0.16373,-2.08015,-1.52,-1.61661,0.61605,-0.54739,-2.12642,-0.45877,0.41243,0.93114,-0.45701,0.25787,0.12462,-0.00412,-0.43308,-0.6823,-0.52091,0.65168,-0.3518,-1.96084,-0.0857,1.34948,1.46832,-1.09762,-0.03398,0.8082,0.33973,-0.47335,0.51887,-1.03466,0.42266,-0.03351,1.27688,-0.84013,0.03899,1.0446,0.00565,0.4453,0.37192,0.07848,1.60047,1.74802,0
0.91325,1.41808,-1.14908,3.38645,-2.07991,-0.08342,0.68967,-1.77461,0.41874,-0.51898,-0.18751,-1.41083,-0.78825,0.3957,1.19368,-0.71947,-0.97119,1.24177,0.71535,0.79955,-0.26272,0.23773,-0.88801,1.05901,-0.30179,0.76863,-1.09574,-0.54546,1.30638,0.03758,-1.04638,-0.39691,-0.09006,-0.87607,0.63887,-0.23681,1.00828,-0.26252,-0.54994,0.18959,0.23301,-1.65216,2.69419,0.06988,0.798,-1.1074,0.22788,-1.36066,0.47514,-0.34156,1.24029,0.90324,-0.69277,-1.425,-0.09991,0.12972,0.4312,0.92297,0.59779,-0.22516,-0.61396,0.02769,-1.48636,-0.69972,-0.93815,1.37378,0.26576,-0.18178,0.49677,-0.65729,0.96874,0.73725,-0.93033,-0.63098,0.74494,0.7962,-1.30316,-0.45961,-0.19276,-0.18303,-2.71512,-0.22207,0.84665,0.13795,0.02282,-2.03755,-1.09776,-1.26876,0.5995,-0.0268,-0.30699,0.25791,1.73816,1.03237,0.06498,0.10316,-0.77554,-1.58028,-0.25572,1.01185,-0.71728,0.53739,-0.74565,1.07964,-0.71624,0.63784,-1.75387,0.04323,-1.25297,2.02381,-0.62739,-0.35917,-2.44638,0.01604,-0.89143,-0.99717,0.12339,0.68085,2.17457,-1.1862,-1.10301,0.85637,0.17812,0.42403,-1.01052,0.91841,-1.13166,1.09627,1.20602,-1.40165,0.93698,0.2451,-0.05624,-1.10105,-1.62388,-0.51071,0.52721,1.87162,0.58847,-0.65688,0.60734,-0.08229,1.04994,0.66245,2.05928,0.10768,2.14243,-0.07985,2.32195,-1.4358,0.41531,0.98007,0.21787,-0.43818,1.44507,-0.25543,-0.01033,0.62858,0.78785,1.72991,-0.59626,0.83385,0.78494,-0.79851,-2.10265,0.98556,-0.08717,-0.33438,-0.36512,0.0782,1.3595,-0.00284,-1.81047,1.49981,1.22878,-0.02522,-0.32413,-1.2525,-0.16256,-0.61036,0
-0.74142,1.12754,1.5104,1.3885,0.67966,1.44099,-0.04,2.36716,0.79779,0.70467,0.47103,1.11758,-0.44067,-0.10885,1.77453,-0.12528,-1.67691,0.48344,0.31531,0.32446,-1.37199,0.13011,-0.49619,0.61558,1.38002,0.45433,-0.66884,1.36559,-0.39315,0.35931,0.7434,0.14813,-0.46498,0.6647,0.311,-0.11785,-1.64015,0.22918,-0.61371,-0.86391,3.25969,1.13696,-0.64296,-0.11613,1.8736,-1.52781,-0.86422,1.0318,0.17781,0.84454,-0.61691,0.86454,-0.51183,0.6517,-0.61515,-0.14207,0.71372,-0.95775,0.52806,0.7799,0.32081,-0.57639,-0.54825,0.6188,-0.47456,0.48901,2.80747,0.7092,-1.31861,0.01086,-0.4693,-0.01239,-1.62712,0.56702,0.20651,1.06051,-0.17713,-2.51654,0.0492,-0.78644,-1.62952,1.5239,-0.37238,0.26535,1.26351,-0.30284,-2.05766,2.48991,0.52504,-0.97225,0.39249,2.35852,0.58408,-0.1994,-0.30153,1.83297,-1.18765,-0.65659,1.06386,0.73663,-0.33191,-0.9833,-0.37678,-1.29646,-0.18852,2.13917,-2.3185,0.18625,0.2629,-0.00085,-1.74974,-0.21,-0.10161,1.71324,-0.2084,0.01516,-0.82561,1.71555,0.9876,0.45104,0.98754,0.76894,0.96501,-0.25952,-0.5499,1.0973,0.12747,-2.48027,-0.57284,0.16572,-1.49822,-1.82916,-0.11801,-0.18745,-0.80364,-1.18739,0.22144,-1.53773,-1.60026,0.02214,0.72615,0.88494,0.32243,0.20783,-0.73031,-0.71752,-0.4343,-1.28925,-0.10582,-1.99655,0.40196,1.19002,-0.66109,1.39842,0.80468,-0.49859,0.32224,-1.0688,0.93416,-1.69683,-0.23716,0.80345,-0.64554,-0.36298,-1.82626,0.8677,-1.24754,0.70455,2.04148,-2.77693,1.27133,-1.24926,-0.38437,1.11376,0.37018,-1.73339,2.24862,-2.8747,-0.44808,-1.45331,1
1.10049,-0.71342,1.92648,1.37118,-0.98137,-0.17377,1.95692,-0.11654,0.1439,-2.15486,-0.76742,-0.66346,-0.56683,0.31466,2.1446,1.0598,-1.27892,-0.46782,0.70802,-0.79312,0.41558,0.53057,-0.49672,-1.02589,-0.20454,0.75996,1.04188,-1.12008,1.10954,0.52626,-0.60559,-0.83564,1.50429,0.91551,-1.92551,0.44604,-0.33094,0.4575,-0.46937,-1.70246,0.04452,0.33465,0.10386,0.96896,0.76126,-0.63501,-0.26339,0.8231,0.97598,-1.31789,-0.18965,0.48153,1.40492,0.96264,-1.03239,-0.86669,-1.04173,1.08864,-0.26862,0.90665,0.86397,0.24801,-0.46132,0.49013,-0.09311,-0.76968,-0.695,-0.26258,0.02689,-0.72925,-0.49763,1.02047,-0.02351,-1.77551,-0.23441,0.69921,-1.51547,0.60783,0.32892,0.05737,1.0026,0.56709,1.02272,0.7562,-0.67279,-0.86273,1.59336,-0.42031,0.00155,-1.18814,-0.73915,-0.00428,0.20863,0.7571,1.11738,-0.89392,-1.58538,0.21319,1.03207,-0.08996,0.01985,1.54658,-1.17049,0.38091,0.23782,0.81055,1.5752,0.26648,0.78575,0.6353,-2.27815,-0.25185,1.89834,0.5617,-1.01068,-0.69489,1.87054,0.72879,1.17104,0.29992,0.56986,-0.21006,-0.29911,-1.43451,1.76061,1.06243,-0.11625,-2.13212,-1.56163,0.72812,-0.15613,-0.49701,-2.23685,-0.42418,-1.04359,-0.97449,-1.76663,1.9585,-1.95831,-1.60353,-1.34823,-0.58606,-0.2119,1.21253,1.16239,0.31445,0.51671,1.90621,-0.49516,-0.79045,-1.63473,-0.03005,1.69013,-0.83136,0.26529,-0.5071,0.95934,0.37585,1.39439,3.23231,1.56409,-0.67786,-1.23866,-0.14509,0.8866,0.03385,0.07181,-0.76767,1.80188,-1.48025,-1.06387,0.25303,1.56254,-1.20934,0.92946,-0.07069,-0.30947,0.71495,1.11218,-0.9658,1
-0.61749,-0.13077,-0.28018,-1.58832,0.4432,1.13655,0.14135,0.38264,2.03702,0.32003,-0.29084,-0.54647,-0.89168,1.41481,0.21269,-1.14249,-0.3597,-0.3722,-0.56233,-0.55859,-1.30511,1.0019,-0.96926,-0.5269,-1.9959,0.06775,2.2347,-0.60825,-0.64332,1.19319,-0.08408,0.87158,1.00507,-0.35647,0.88502,1.68717,0.08805,0.49964,0.91557,1.74462,-0.18859,1.33308,0.88701,1.67359,-0.18401,-0.01333,0.03761,1.30771,-0.14187,0.68368,-0.29515,-0.91067,1.33226,0.17105,-0.76801,1.36406,0.73484,-0.27878,-2.2458,-2.16586,0.31039,-1.17929,0.50976,-1.19637,-0.33179,0.36673,-0.55531,-0.0075,-0.11641,0.0737,-0.77089,-1.13203,-0.17004,-0.24261,-1.33097,0.7546,-0.64411,-0.04957,-0.82551,0.60863,0.85206,-0.56012,0.2699,0.35195,-0.53644,-0.90002,-0.15722,-1.49812,-0.71441,-0.0702,0.4097,-0.09441,-1.66936,-0.30224,1.17873,1.05601,-1.46137,1.44143,-0.30908,-1.51965,-0.43675,1.70077,1.7474,1.77685,0.06159,-0.85954,1.10498,-0.82635,0.38948,0.08251,0.01689,-0.29189,1.83571,1.36974,1.2615,-0.77027,0.74272,-0.13187,0.18622,0.39995,0.22912,1.08641,-0.42519,-0.16858,-1.43665,2.77041,0.57052,-2.12271,-0.2789,-0.63182,-0.52931,0.36278,0.49767,-0.25605,0.23051,0.12927,-0.13772,0.27234,-1.07536,1.28371,-0.44357,0.03397,-1.56936,1.46133,-1.03217,0.91089,0.06276,-0.27835,1.7028,0.28414,0.22406,1.07367,1.10729,1.02595,1.27204,-0.62941,1.18693,1.77693,0.64216,-0.83344,0.3076,0.77645,-1.48158,-1.49346,0.20444,2.32189,0.23337,0.31812,-1.90239,-0.99582,0.15,0.34902,-0.68447,0.5883,0.9316,0.46267,1.19839,-0.79228,0.76764,-0.01355,1
1.45755,1.83177,-0.54724,-1.78456,2.21123,0.43842,-1.09347,-1.69334,0.6517,-0.93146,0.87131,-1.08497,-0.87709,-1.4032,-0.8616,-0.69274,-0.06122,0.97096,0.38841,-0.09442,1.08566,-0.9867,-0.26763,0.40954,0.66943,-0.70387,0.22941,-0.94369,-0.52473,0.49696,-0.64167,1.05051,-0.59467,-2.43042,-1.64551,0.904,1.02193,0.24461,-1.30073,0.90891,0.1076,-0.67763,1.02836,1.38971,-0.66422,0.23672,-0.89038,-0.06106,-0.85533,-0.73822,0.77807,-0.3796,-0.63793,0.09016,0.76823,0.6988,1.82698,-0.36889,0.04272,0.16176,0.51776,1.91562,-0.97666,0.45404,0.70828,-0.7337,1.49649,0.63583,0.12641,-0.96809,0.49288,-0.91352,-1.71041,1.97424,0.41927,-1.6789,1.31217,-0.2501,0.03311,-0.04666,-0.8208,2.03024,-0.46505,-0.18594,1.28062,0.9145,0.30326,-0.12383,1.55757,1.0886,-0.63683,-2.11082,-2.43803,-1.72862,-0.84445,-0.28582,-0.22425,1.88826,0.49628,-0.50837,0.89837,-0.86861,0.14692,0.40638,1.2366,-0.39955,0.97753,-0.37388,-1.1244,-0.18851,0.018,0.17421,-1.11874,0.18125,-1.13351,3.01096,0.67222,-0.04281,-0.90123,-0.64574,1.14357,1.47786,0.32467,-0.06729,1.02905,-1.38119,1.08762,-2.15274,-0.28946,0.39559,-0.50877,-2.7709,-0.18063,0.51557,0.92737,0.57827,1.44694,0.46131,-1.25079,0.91981,-1.14512,-1.82604,0.82965,-0.57279,-0.7655,0.76125,1.51651,-0.40798,-1.49528,0.69359,0.03913,-0.44424,-0.12789,-1.47226,-0.55392,-0.98745,-0.67921,0.70036,0.19887,1.57537,-0.49015,1.02956,-0.01401,0.48835,0.30868,-0.66591,1.93176,1.07669,0.34232,-0.94241,2.59828,2.78066,1.41051,0.68169,0.70638,0.36346,-1.61015,0.94591,0.03512,-0.57441,0
0.75812,-0.66598,-0.74609,1.0798,-0.22679,-0.34669,-0.51655,-0.05464,-0.31412,0.27112,0.24085,-0.24456,-1.9032,0.18363,-1.11892,0.34197,-0.27743,0.87222,0.8973,1.60467,0.82679,-1.70893,-0.15064,0.67482,1.29806,-1.33448,-0.45648,2.26248,0.41299,1.08161,0.38695,-2.12002,-0.44271,0.29199,1.55794,0.35289,0.74589,0.66488,1.15956,-0.08233,0.19756,1.12509,0.02487,0.55453,-0.40832,0.71773,0.45764,0.26361,-1.28102,-0.23733,1.34839,1.40375,0.70737,0.63255,-0.15067,-0.58905,1.85969,1.105,-1.82358,-1.30791,1.53449,1.59233,-1.50309,-0.7548,-0.35446,0.84749,-0.30784,2.1059,0.82245,1.0848,-0.43796,1.22016,0.28692,-1.81036,-1.05957,-0.84654,-1.86676,-1.42022,-0.27536,-0.17596,-1.74308,-0.31581,0.09991,0.37684,-0.2063,-0.20841,-0.64895,0.73094,0.60474,0.96993,0.37789,-0.75007,2.16664,0.02089,0.37711,-0.04444,-0.48148,0.58576,0.87595,0.17352,-1.3201,-0.95027,0.21932,3.70047,0.2614,-0.08942,-0.53804,1.07852,-0.85999,0.85045,0.08222,0.17567,1.34812,0.54603,0.22773,-0.03815,2.06422,-0.64052,1.21916,-1.20884,-0.89525,-0.60382,-1.91954,-0.61025,-0.57976,-2.57487,0.67849,-2.07182,0.85068,0.78279,-0.19824,0.43171,-0.45777,0.4444,0.6602,-0.87172,1.53899,-1.54314,1.77284,0.50158,0.55625,0.74277,-1.04447,-0.688,-1.36708,1.09945,1.64827,0.512,0.59114,-0.28528,-0.12376,2.40173,1.21912,0.59371,1.21007,-0.38329,1.3351,-0.18471,-1.35482,-0.11701,0.0092,-0.58827,-0.78001,0.40129,1.27323,0.65969,1.41181,1.68164,1.21299,0.99768,0.62275,0.78072,-0.86961,-1.37547,-0.03296,-1.16029,-1.36065,-0.84488,0.808,-0.5571,0
-0.85764,0.04889,-0.76812,1.36388,0.42477,-0.08495,-0.46479,0.33806,0.96524,1.75189,0.44731,0.75475,-1.10341,0.23131,1.18444,-0.52408,-1.94085,-0.7705,-0.45792,0.27441,0.21288,0.38527,-0.38683,1.24376,-0.50966,1.70669,-0.10893,1.65718,1.06385,1.3476,-0.50438,0.86346,-0.49024,1.45102,-0.35356,-1.12565,-1.28575,-0.27119,-0.08448,-0.02418,0.58031,-0.94148,-2.3969,-0.26335,0.22627,0.66759,1.64608,-2.47197,-0.66548,-1.10326,0.13758,-0.3561,-0.58716,0.93628,-0.00809,0.66505,0.29908,-1.57137,0.8838,-0.36983,0.99217,-1.04152,-1.45837,-0.26461,-0.03669,1.11861,0.87022,-0.23907,-0.28741,1.24748,1.2963,0.97719,-0.94922,-2.34659,-1.70618,-0.19137,0.52085,-0.91579,0.27688,0.33795,1.81112,-0.21009,-0.73255,0.54946,0.16882,0.34993,-0.48893,0.62329,0.27533,-0.39062,0.54317,0.10556,0.43753,-1.81223,0.22241,-0.64027,-0.96718,0.89123,0.01708,-1.98374,0.32256,-2.80958,0.21777,0.49422,-0.80973,-1.13952,-0.47179,1.25466,-0.05615,-0.78039,-2.34746,-1.45434,-0.46741,0.62619,-0.38031,-0.56236,2.38925,1.36053,-1.25772,-2.06761,0.1297,-0.87558,0.96327,-1.31034,0.76748,0.58359,-1.58881,0.70785,0.62809,-0.98957,0.63686,1.39095,-2.39607,-0.21752,-0.73047,-0.05061,-1.55682,0.98461,0.12325,-0.52085,0.81595,1.48601,0.46506,2.18251,-0.03215,1.10476,0.49436,1.37609,1.95307,-0.74424,2.23019,-1.28711,0.47681,0.964,-2.89419,1.41809,-1.45546,-0.7961,1.8296,1.4472,0.06392,-0.00699,0.21185,-0.78939,1.75132,-1.43592,-0.07829,0.01192,-2.19968,0.02229,0.42524,-0.4964,-1.21619,-0.45051,-0.66674,2.03448,0.65542,0.12156,-0.66347,-0.88866,0
-0.50169,-2.43353,-0.49133,-0.34335,-0.36808,0.55081,1.15438,0.47117,0.5724,-1.34992,0.60201,0.41065,-1.47828,1.27489,0.26587,1.60348,-0.36834,-0.3944,-0.76206,-0.7272,0.00497,0.05616,1.44806,0.47296,0.11131,-2.15277,-0.11482,1.68088,-0.49091,-0.84937,-0.55924,-1.27026,-1.74255,-0.55019,0.80494,-0.10253,-0.83223,2.27408,0.06314,-0.94937,0.56663,1.03998,-1.32461,1.52468,1.18136,-0.30106,0.83354,-2.12724,-0.804,-0.22554,-0.44069,0.14799,0.12307,0.16873,-0.70027,0.58874,0.76226,-0.04653,-1.06373,1.28444,1.14086,0.41506,-1.17381,0.78465,1.47606,-1.77852,0.11321,-0.98388,-0.04583,0.48395,-0.22364,-1.12316,-0.18178,1.43126,-0.37893,1.19387,1.47634,-1.089,-0.02742,-1.31808,0.46448,0.98301,-0.17387,1.13431,-2.97351,-0.02009,0.30987,-1.02115,0.42111,-0.90296,-1.08792,0.50641,-0.30222,0.48175,0.6434,-1.07498,1.5053,1.481,1.34301,1.21712,-1.07043,1.16003,-1.94682,0.29489,-0.92238,-1.33079,-1.26998,-0.61311,-0.06869,0.23291,0.68036,2.26331,1.23772,-1.39134,0.78515,-0.46718,0.65643,0.35849,0.35762,1.67082,2.28247,-0.2812,-1.14992,-0.13365,-0.65979,0.21473,1.37771,-0.7716,-0.44235,-1.86401,2.07625,0.28681,-0.00049,-1.79127,0.21559,-0.61967,0.00614,0.59237,1.89381,1.88809,0.89464,-1.31235,-0.26808,0.27069,0.76521,0.06596,0.58973,-0.39409,0.88077,-1.12343,-0.51344,-0.49036,0.26969,0.24303,-1.47839,-0.09318,-0.297,0.54066,-0.64991,-1.17238,-0.35145,1.04351,-0.60842,-1.1228,0.91823,-0.33609,0.63307,1.2053,0.91736,-0.00032,0.7266,-0.41641,-0.45494,0.12034,0.06093,0.50964,0.69736,-0.71807,0.74752,-1.07915,1
-0.22613,1.77403,-0.7073,0.61578,0.92996,0.56444,-0.60468,0.00903,-0.282,-0.65816,-1.24901,0.97497,0.41054,0.40162,-1.04522,-1.29548,-0.45939,1.48874,-0.04922,-0.35654,0.20011,1.08083,-0.25397,0.52162,0.2842,0.94991,3.44217,-0.62309,-1.36417,-0.16365,1.32898,-0.51828,-2.06454,0.53395,0.32493,-0.43343,-2.03188,-0.58839,-1.12513,1.39592,2.30365,-1.56019,-1.15814,-0.49445,0.57389,1.66108,0.07045,0.14164,-0.32794,0.45859,1.33886,2.26213,-2.02435,-0.61216,-0.64448,-1.00776,-0.01172,-0.10586,1.26536,0.66942,0.40482,-1.01777,-0.40341,0.71422,-1.09375,1.03422,-0.02747,0.97584,-0.08407,0.44955,-0.31005,-1.40212,-0.09391,2.46453,0.2795,-0.98574,-0.76162,-1.1868,-0.0467,-0.98074,-0.46717,-0.2253,0.13839,-0.38542,0.37718,-0.2267,-0.79981,0.90527,-0.28652,0.07818,0.52934,-0.49453,1.14417,-0.61984,-0.13107,-1.46975,-1.00711,-0.4609,-0.0858,-0.68983,-1.4805,0.34182,0.64906,0.25632,-1.38657,0.54039,-0.0495,-0.57461,-0.29381,-0.90517,0.54843,1.24691,-2.65301,-0.53296,-0.83601,-1.44137,-1.15594,-0.47351,-0.79804,0.04834,-0.48389,0.27774,1.64214,0.27614,-0.9856,-0.60244,-0.92699,0.25241,0.0171,0.16652,0.40927,-0.24503,1.47098,1.2274,0.39948,0.66287,0.6778,0.55187,-0.92812,-0.32265,0.29167,-0.24225,0.85681,-0.80627,-0.35354,0.16619,-0.97133,-0.18958,-1.47992,0.37921,1.70377,-0.43375,0.1216,-0.00253,-0.82456,-0.37713,-0.60544,-0.0633,0.9248,0.89466,0.78945,0.24816,1.19908,0.29739,1.04015,1.04161,1.25834,-0.81391,0.92611,-1.24073,-0.11776,1.94042,0.54231,0.20972,-1.39014,1.21401,0.90267,2.39798,-1.23987,1.51355,0
-0.38485,-0.16381,-1.55418,-2.54701,1.27522,1.70712,1.35685,0.97283,2.3553,-1.2476,0.01905,0.33442,-0.39599,-2.95267,-0.39035,0.76547,1.66155,-1.49629,1.6708,-0.37512,-0.24412,-0.11388,0.26737,-0.01914,0.86379,1.86434,0.06821,0.2224,-1.10907,-0.22076,-0.57017,-0.11414,1.15622,1.16663,0.59047,0.21724,-0.37401,-0.75769,0.49515,0.83074,-0.72399,-0.65991,-0.38764,-0.44171,1.72268,1.98311,-0.38834,1.71879,-1.27957,1.87139,-0.53308,-0.49329,0.62418,0.65455,-0.91136,0.73615,-0.69655,-0.41176,0.03028,-1.17518,1.19184,-1.5566,-1.02145,-1.07908,0.87715,-0.00132,-0.83652,-0.67041,-0.18735,0.19781,-0.13033,1.85576,-1.03316,0.85977,-0.87405,0.73816,0.52414,0.79314,-1.30945,0.88623,-0.40952,0.25307,1.2578,1.20901,-0.49327,-0.51059,-0.03047,-0.2513,0.90572,1.29513,-1.01404,0.45296,-1.98442,0.71311,0.79913,0.99095,-0.10183,-2.15879,0.88205,0.54012,0.33016,0.42892,-0.24326,-0.2919,0.54182,0.16855,-0.83911,-0.15107,0.07041,1.32387,0.15566,-0.3263,-0.67385,0.5767,-0.23881,-0.14893,0.9336,0.73956,0.22209,0.65201,0.57058,1.06372,-0.89978,1.07249,-0.69479,0.14171,0.10598,-0.94263,-0.33563,0.2106,0.50118,1.01629,0.50685,1.03475,-0.13608,-0.56025,-0.67744,1.46262,-1.88392,-0.44285,0.70748,2.19706,-0.34122,-1.10135,0.88044,-0.08172,-1.45741,-2.05688,-0.02981,-0.45605,-1.61063,0.53971,-0.44971,-1.88988,1.5046,0.17365,-0.02532,1.36185,-1.28057,-0.88504,0.89984,-2.05628,0.69383,0.6743,0.47544,-0.41031,-0.66383,-0.48302,-0.47089,-0.31601,0.62745,-0.83713,-2.07778,-0.29332,-0.06471,-0.49211,0.9236,-0.82106,-1.64701,1.73953,1
-0.30753,-0.14656,1.58545,2.03268,0.2869,0.36024,-1.27114,-0.04903,-1.33323,-0.5705,0.88435,1.10761,-0.46673,-1.12131,1.07287,-1.53239,-1.12295,0.81715,1.70885,-1.06631,1.54214,-1.32007,-0.76243,-0.23665,-2.20566,0.18724,0.58824,-0.04728,1.61662,0.83423,-0.83879,-0.12871,-1.67221,-0.11356,-1.17405,-0.91837,-0.67989,-0.78563,-0.25904,-1.09855,-0.35825,0.88163,1.62497,-0.49411,0.05823,0.07553,-2.49169,0.71431,0.60584,-0.85693,1.2521,0.38338,-0.87661,0.33247,1.22176,-1.68999,1.01434,1.65511,-2.05876,0.46201,0.20427,-0.16348,0.26908,0.20233,0.86087,-0.03151,0.71183,1.90469,2.18912,0.20889,-0.56218,0.76528,0.09442,-0.84672,0.37138,-2.05202,0.92517,-0.69331,-0.16392,-0.28844,1.34853,-1.21987,0.64539,1.0029,0.18499,-0.92447,-0.55588,-0.23243,0.58377,-0.00559,0.53403,-0.16782,0.77667,-0.18112,1.15487,-1.55261,0.33088,1.83776,1.78621,1.44727,0.26585,-0.31642,0.78839,-0.17918,-1.51726,-0.91125,1.36369,1.08292,-0.30277,-1.5009,-1.06217,-1.22396,1.05888,0.40143,-1.17876,-0.28142,0.22088,-1.35138,1.42774,0.61223,1.11241,0.36957,1.48353,-1.12797,1.09782,0.85058,-1.35378,-0.63937,1.46423,1.22031,0.42477,-1.27223,-0.7817,0.90037,-0.10545,1.67452,0.2552,0.95269,0.42083,0.31594,-0.05568,-0.17523,-0.72149,-0.05944,1.00706,-1.65143,1.54639,-0.45101,-0.59734,-0.20175,1.2754,-2.09054,-0.04234,0.47937,-1.52365,-1.19367,0.49577,1.43788,-1.00818,-2.14394,1.48056,0.54733,-1.57395,-0.53271,0.7236,0.4101,-0.19083,-0.14795,-0.16924,-1.91578,0.9769,-0.25427,-0.38278,-1.16432,-0.82848,0.00641,-0.0213,1.33312,1.30594,-0.04277,1
0.28354,0.35654,0.70162,0.38089,-0.77441,1.20394,0.06445,-1.68799,-0.15131,-1.65139,0.63658,-0.55743,1.1756,-0.96245,0.32643,0.94239,0.17688,1.38297,-1.68875,-0.355,-2.19103,0.87449,0.64183,0.39703,1.01453,-1.19931,0.30196,0.48392,1.75574,-0.35853,1.48777,-0.25529,-2.29363,-0.69755,0.96704,-0.30001,0.552,1.77893,0.56158,1.62662,1.3317,-0.71274,0.64622,-0.45679,0.4885,-0.10587,-1.91429,0.15065,0.29865,-0.52459,0.30342,-0.91925,1.53719,1.10372,0.69919,0.3501,-0.14535,-0.70698,-0.47589,1.53727,-0.44985,-1.35354,2.41317,-1.57117,2.28578,0.8117,0.76789,1.24072,1.56296,1.17432,0.92912,1.07304,-1.69919,0.09332,0.00208,-0.16833,0.93171,-0.21659,0.03955,-0.6689,0.324,-0.51196,-1.74856,-0.38141,-0.47866,0.37959,-1.1909,1.63276,1.45008,-0.24568,-0.70256,0.34605,-0.80914,-0.04042,-1.4602,0.29669,0.6814,-1.27173,-0.09478,0.34716,1.86851,-0.75807,2.47657,0.61824,-2.75372,-0.36487,-0.35312,1.08945,-0.31745,-0.25613,-0.12237,0.7577,0.62477,-0.95373,-1.72428,0.81751,1.14836,1.62312,0.71051,0.26957,1.70077,-0.30629,-0.31183,-0.81576,-0.13684,-0.94069,-0.75462,-0.72949,0.78149,-0.68416,1.08821,-0.03337,-0.82075,-1.79242,-1.50351,-0.94117,1.7159,-0.34709,0.62135,0.38335,-0.55145,-0.70367,-0.91302,-0.97153,0.91737,-1.51798,-0.57461,-1.44757,1.84192,1.19636,1.81601,-0.77864,0.18048,0.20821,-0.06227,0.23013,0.66426,0.08975,-1.68774,2.61944,-0.48657,-0.47366,0.47686,-0.13417,1.27025,1.12905,0.36344,2.0711,1.39381,-0.0376,0.88157,-1.10899,0.52693,0.62852,1.54278,0.00089,-0.63983,-1.04156,1.00285,0.34433,0
-0.0686,-1.47088,0.62022,-0.48936,-1.84304,-0.06717,-0.78856,1.11696,1.20815,-0.51226,-0.60907,-1.2058,-0.55494,-0.65582,0.42792,-0.50529,1.44922,-0.38033,-0.47621,0.0537,1.62721,0.45928,0.30447,-0.30988,-0.02755,-0.16937,-0.37104,-0.07822,0.9965,0.44395,-0.57558,-0.57992,0.23851,-0.04953,0.67137,-0.6682,-1.56436,0.16695,1.56537,0.38886,0.18041,-0.18435,0.14611,0.76131,0.15662,-1.57333,0.08124,-0.68852,-0.67815,-0.90777,-1.11962,-1.4978,0.83966,0.75861,0.8844,-0.04788,0.43294,0.59562,2.04444,0.07794,1.07801,-0.32378,1.2341,-0.29414,0.03706,-0.84524,0.06819,-0.02074,-0.82887,-2.40436,-0.53434,0.2905,0.54311,0.64653,-0.11464,-2.31217,0.10477,2.0584,-0.44122,0.71422,-0.59993,1.11553,1.50113,-0.2349,-0.6717,-0.32273,-1.70936,2.65272,0.99694,0.55604,-0.10898,-0.75648,0.70131,1.45578,-1.81695,-1.43797,0.71915,-2.1469,-0.76668,-1.85791,-0.61913,0.21117,-1.74985,-0.48383,3.55619,0.96965,2.88429,0.07419,-0.17334,1.58002,-0.12838,-0.47941,1.47969,-1.72138,-0.956,0.68043,0.0695,-1.98674,-0.90987,-0.58159,1.45082,-0.83426,-0.1902,-1.08404,0.22136,0.09928,-1.7598,-0.19893,-1.79674,0.84211,0.60507,-1.5754,1.53182,-1.23056,1.00654,-0.96904,0.25139,-1.09554,-0.87902,-0.20631,0.53304,0.24604,0.73079,0.59924,-0.11496,-0.1946,0.28684,-0.33667,-0.05031,-0.22391,-0.40077,-0.54166,0.70817,0.51552,-1.48853,0.93268,-0.79232,1.4448,-0.52454,-0.29466,-2.09452,0.01683,0.50546,-0.11879,1.59519,1.09151,0.15597,1.82969,-0.381,-0.17613,-0.11464,1.83638,-0.5459,-1.95621,-0.72692,-0.73089,-0.93248,0.34753,-0.12956,0.84843,1
1.05506,-1.38436,-0.06393,1.06049,0.08919,0.05929,0.22494,-0.3483,-1.26254,0.45114,-0.4526,-1.28734,-0.14941,-0.10521,1.28699,-0.2404,0.94011,-1.4987,-1.34967,-0.60032,-0.01178,0.89673,1.06608,-0.15694,-0.36058,-1.30716,-1.83446,-0.21479,0.57631,0.15245,-0.17516,0.96651,1.05791,-0.17011,-0.59424,-0.25181,-0.23819,1.00628,0.8069,0.27512,0.09161,0.08646,-0.30638,-1.45837,-0.93387,-0.08333,-0.48676,0.22105,0.32809,-0.03275,0.64252,-1.56962,-0.41966,1.3769,-0.4345,0.58299,-0.04098,0.6625,0.15867,-0.70497,0.51038,-0.57927,0.45316,-0.11785,-3.02184,-0.56032,1.06592,0.60246,-0.37048,-0.16918,-0.4361,-0.58111,-0.75673,-1.03381,1.98956,0.8987,-0.73821,1.20238,-0.16287,-1.19794,1.34943,-0.05429,-0.08369,0.41169,-0.01652,-0.28199,-0.23712,0.17681,-1.28144,-2.16209,-0.28309,0.36459,1.76735,-0.45211,-0.63349,0.26707,0.34737,-2.39442,-0.87877,0.18042,-0.58325,-0.05422,0.51162,0.5708,-0.69421,0.45796,-0.0802,1.95099,-1.21097,-0.1401,0.88821,-0.47913,0.17045,-1.12886,1.25559,-0.65256,-0.52552,-1.00788,2.38411,0.42595,0.77201,-1.0976,-2.00289,-0.45527,-0.17275,1.37935,0.82247,1.472,-0.58533,-0.38443,1.91097,0.64826,-2.147,0.95149,-0.46852,-0.7063,0.68529,-1.11578,1.76294,-0.1901,-0.39992,1.36856,1.67465,-0.35902,-0.82316,-0.6116,0.62875,-0.9368,-0.00767,0.51088,2.13054,0.9131,0.6345,0.62157,0.59718,-0.7915,-0.81287,1.16873,0.66398,0.50416,0.35499,-1.33496,0.88357,-1.17629,0.26156,-1.28767,1.51294,0.01949,-0.96687,-0.15481,0.10883,-1.18989,-0.46197,-0.74715,1.2798,2.332,0.64034,2.03419,-1.81579,0.74603,0
0.38195,-0.01176,-0.46665,-0.13675,0.66015,-0.85894,0.08781,-0.26801,0.71989,-0.28185,1.92408,2.55855,1.00425,-0.11603,-0.94277,-0.04092,-1.502,-0.34781,-1.06378,-0.34682,-0.45496,0.17449,1.05402,-2.19009,-0.3733,-0.56048,1.12733,1.07544,-1.04219,-0.23346,0.2288,0.54265,1.13055,-0.09334,-0.77696,1.4889,-0.87942,1.80129,1.53802,1.05179,0.90115,0.20117,-0.06217,-1.25015,-1.34489,-1.89676,-0.8668,-0.43592,0.67997,-0.52692,-1.96117,0.52978,-0.32463,0.00687,-0.55996,0.78563,-0.78198,0.80679,-1.8394,1.62736,-0.10543,-0.47661,0.09793,-0.35803,-0.17838,-0.41271,-0.98417,0.41627,-0.10051,0.17966,0.75471,-0.48286,-1.16928,0.97047,0.60912,1.69069,-0.69573,0.6636,0.66887,0.6015,0.50519,-0.40754,0.38389,0.1147,-0.33358,-0.64942,-0.10459,1.72246,0.10347,-0.35585,-1.10801,-0.26916,-0.02397,0.25406,-0.031,1.73097,-0.79189,-0.19927,0.62013,-0.47656,-0.34371,-1.17934,-0.09998,0.64495,0.82918,0.06563,-1.17298,0.0522,0.64678,-1.52242,-0.34822,-1.06835,2.21324,-1.03648,-1.53369,-1.93831,0.13645,-2.23251,1.20447,0.08009,0.29111,0.49512,-0.50124,-0.3499,0.96618,-0.04266,-0.04207,-1.99136,0.27045,0.69531,0.78054,-0.60761,-0.17772,-0.00942,-1.06806,-0.70303,0.45984,-1.86776,0.0859,-0.17259,0.98048,-0.05711,-0.43185,1.53783,0.26465,0.79972,-2.11706,1.75261,-0.24255,-0.64306,-1.41561,-1.6106,1.82632,-0.50599,-0.90733,1.3093,0.05277,-0.59961,-0.89148,-0.15243,0.67754,-0.87867,-0.55886,-0.21892,0.25345,0.75482,-0.45516,-1.16345,-0.5569,-0.76492,-0.46746,1.15693,-1.59001,-0.49522,-1.16037,0.60691,0.78148,-0.47283,-1.46792,1.17338,1
-1.43402,0.45872,-1.21643,0.01715,-0.27597,-0.27287,0.41356,0.67995,-0.85167,-0.29341,0.3913,-0.02439,0.32812,-0.84264,0.47436,0.57738,0.38425,-0.49862,0.90765,-0.64943,0.0078,-1.79606,-0.43312,1.67305,-0.8657,-1.11039,-0.02562,-0.72853,0.54982,0.37597,1.9006,-0.22523,-1.10752,0.1114,0.28262,-1.20794,-1.08459,0.29669,1.65136,-0.96975,0.09078,0.03245,1.34698,0.11583,2.10044,-0.09629,-0.14972,0.03352,-0.28553,-0.5153,-0.45867,-0.72021,-0.10257,-0.32509,-1.29607,2.17185,-1.34698,2.09336,-0.30554,-0.11517,-0.32965,1.63079,-0.01261,-0.88754,0.09064,0.67667,0.33543,-2.90131,-1.46752,-1.60825,0.915,-0.64603,-0.75068,-1.50731,1.38366,-1.27298,-0.81262,-0.31894,-0.1309,-0.19185,-0.1227,1.72881,0.67895,-0.53727,1.22324,-1.09702,0.54281,-0.35657,0.50588,-1.14012,-0.28432,0.11552,-1.25649,2.45412,-0.1696,0.88118,1.39257,-0.04594,-1.16547,-0.9014,-0.54044,-0.05568,1.0733,-0.59163,-0.44776,-0.02507,0.58323,-0.99269,1.55715,0.93684,0.73618,1.19031,1.09074,-0.50786,0.93976,1.51939,0.93574,0.33759,1.74276,-0.02225,-1.02248,1.24867,1.33746,1.91926,0.87569,-0.92776,1.49836,-0.25405,1.32327,-2.07052,0.1264,-2.36731,3.13298,0.65965,0.11977,-1.16598,-0.34804,-0.25693,0.72331,-1.30547,1.74171,0.74419,-2.32619,0.85955,1.71318,1.75994,-1.914,2.10969,0.97304,-1.26771,-0.03961,-0.88355,-1.00023,1.95287,0.29011,-1.42744,-0.08809,1.38156,0.76663,0.54849,1.75939,1.56628,0.8415,1.50517,-1.32438,0.037,-0.00466,-0.60762,0.59518,-1.50637,1.0939,1.11543,0.17544,0.2996,-0.12453,-0.61771,-0.61527,0.37653,-0.30399,-0.43497,1
0.40206,-0.52439,0.87032,0.74854,-1.12071,1.16876,0.1253,0.04855,-0.55025,-0.24614,1.3415,-1.0634,0.34195,-0.31662,-0.61996,3.10877,0.0201,-0.70877,-0.52467,0.80537,0.62617,-0.11831,2.13135,-0.06142,-1.62254,0.39939,-0.85914,-0.5546,-0.82341,-1.57099,-0.47855,0.77972,0.12116,0.59102,-0.40706,-0.10207,-0.25745,0.19411,-0.52798,-1.00855,0.48653,-0.76074,-0.87874,0.00372,1.01879,0.50911,-0.5351,-0.78403,-0.98426,1.17545,0.00577,-0.10954,0.37462,-2.53927,-0.7677,1.37774,-0.32232,0.40094,-0.30846,-0.8161,0.5292,1.20863,-0.41797,0.27209,-1.24897,1.1329,1.10303,-1.24083,-0.67662,-1.3945,-1.15043,0.36574,0.342,-0.34962,-1.14378,-0.03476,-0.51388,-0.78126,1.15825,-0.70721,0.49431,-0.8066,1.82338,0.65348,-2.2898,0.22987,0.3349,-0.77074,0.06503,1.3658,0.58017,0.28879,0.525,-0.27361,0.2249,1.47216,-1.04933,0.17019,1.10204,1.09035,0.7018,1.37164,0.82584,-1.52428,0.77154,0.63528,0.89702,0.18968,0.08619,1.25722,1.47825,-0.83197,1.94942,2.10698,0.68269,-1.07456,-0.2449,-0.247,0.28775,-0.16665,0.34784,0.20727,0.16773,-0.74177,0.5548,1.11343,0.59064,1.17705,-0.25287,0.85446,-0.12478,-2.16677,0.60809,1.55725,-0.27121,-0.42936,-0.86894,-1.29711,1.10562,0.04936,-1.2147,0.43232,-1.54344,0.71777,-0.93502,0.77838,-0.36109,0.52067,-0.69361,1.88127,-0.88135,-0.43015,-0.99844,1.26389,0.0483,-0.83759,-0.16383,-2.17342,0.57874,1.63395,1.81078,-1.441,-1.68619,0.31207,0.43109,0.30417,-1.70213,0.90369,0.91152,0.45323,1.20072,-2.29251,-0.20198,-0.30156,0.07266,-1.40977,0.31821,-0.21732,0.34446,0.89829,0
-1.25706,0.64601,0.59651,0.5185,-0.03553,0.68935,-0.05747,-0.40328,1.41098,-0.2945,0.11772,2.5809,0.63859,-0.0946,0.86954,0.35849,0.60435,-1.97577,1.38843,-0.44545,-1.04275,1.12147,-0.57505,0.28942,0.61068,-0.29542,1.00661,1.80332,-2.23024,-1.09745,-0.94107,-0.2307,-0.32613,0.69223,1.40608,-1.79537,0.09977,0.18923,0.05441,-1.33712,0.3214,0.56666,-1.14394,0.37299,1.28376,-0.40354,2.1445,0.74481,1.32392,-0.01102,1.37368,0.31839,0.93905,-0.41241,-0.05948,-0.11606,0.67362,0.10669,-1.37493,-0.37221,0.43836,0.97385,0.16928,-0.41769,1.3371,1.22314,0.43332,-0.09168,1.10485,-0.66644,0.03323,-1.09618,0.20777,0.67307,0.48327,-0.38558,0.14714,-0.42502,-0.46474,-0.6411,-0.79043,-1.16365,-0.46011,-1.10429,0.00343,-0.48142,-0.25906,-1.85759,0.7631,-0.96569,-1.75142,0.57932,0.814,0.33462,1.13297,0.81867,0.84665,-1.26699,1.19403,-0.41714,0.33815,-0.5838,-1.26958,-0.86207,1.5332,-0.32547,0.24136,-0.61946,0.62807,1.01446,1.11265,0.78084,2.41156,0.38938,1.16868,1.15711,-1.63384,-2.19466,-0.54267,0.30889,1.53583,-0.45333,1.20859,-2.41255,-1.36156,-2.01769,-0.98726,-0.49265,0.7591,0.75165,0.525,-0.80426,-0.23512,-0.26859,0.32626,-0.40471,-0.28975,-0.83267,2.0418,0.12957,-0.08132,-1.38202,-0.92812,1.02218,0.69167,-0.31777,0.08821,-1.60259,0.39607,0.26542,-0.17012,-0.54849,0.0253,-0.88609,-0.61583,0.12122,2.23039,-0.06614,0.30625,0.61702,-0.64475,0.8528,1.55495,-0.46495,-0.59021,1.80451,-0.96295,-0.73904,-1.31239,0.07452,-0.1188,0.65673,-2.0434,-1.42272,-0.26919,1.29004,-0.37547,1.47785,0.73127,0.96702,0
1.68889,-0.77627,-0.58243,2.12603,-1.01641,-2.01218,0.49192,0.50289,0.92271,-0.18234,-0.38615,0.84399,0.10046,-2.0983,0.06152,-1.43436,0.88896,-0.98414,1.15115,0.66242,1.24681,-0.72924,-0.36031,0.73199,-0.15266,-1.08574,1.74747,0.56267,1.06811,-0.88967,0.44574,-0.36065,0.21468,-1.04255,-0.47822,-1.79199,0.02739,1.24413,-0.44308,0.64081,-0.85958,-0.42859,2.13439,-0.70752,0.27783,0.13565,1.29992,-0.67036,0.72224,0.49725,-1.32098,0.38776,0.17354,-0.28348,1.18572,-1.10232,-0.01278,0.91063,0.77296,0.63866,-0.55674,-0.2241,1.0171,-0.50142,-0.66658,0.09685,-1.69541,0.32847,-0.83137,-0.43294,-0.84292,-0.53655,0.87219,-0.11104,-1.12676,-1.13988,-1.1226,0.65035,1.22991,-1.38229,1.59217,-0.60002,-0.01961,-1.43265,0.09316,0.55581,-0.99878,-0.38763,0.46056,-0.99573,0.19524,-0.8734,1.17085,-1.26907,0.79042,0.26653,0.30912,0.93748,0.05539,0.85318,0.54282,-0.54466,0.5273,1.15049,0.64359,0.04212,0.37627,1.14501,-0.35675,-0.89945,1.89751,1.11102,-1.86201,0.17079,-0.7923,-1.99764,1.13712,0.3432,0.29573,1.21487,-1.97754,0.4973,0.74503,1.44436,0.07564,-0.26276,-0.58161,-1.33636,1.47279,1.39606,1.11294,0.75417,0.55824,0.17083,-0.82773,2.65299,0.49066,0.71303,1.48935,0.06119,0.39384,-1.15719,0.32977,0.00215,-1.22851,-1.54073,-0.88708,-0.506,-1.69066,0.81871,0.49111,0.19238,-0.22853,0.6421,-0.42408,-2.44282,-1.05756,-0.86167,0.49612,-0.93585,0.56728,-0.01148,-0.21255,0.50946,0.21528,1.07781,0.19436,-0.07043,0.09374,-0.07249,0.42916,-0.54232,-0.37881,-1.36432,0.37149,-0.58693,-0.54595,1.3536,1.11175,-1.74873,1
-0.86091,-0.69213,-0.09839,-1.93706,0.37096,-1.293,-0.02341,0.62727,0.0855,-1.1539,0.4623,1.22684,0.87097,1.13535,-0.02848,0.06918,0.64205,-0.41387,0.36846,-1.86936,0.59903,0.70952,-0.42535,-1.15796,0.21909,-0.28077,0.77347,-0.02179,1.64462,0.57521,-0.1794,1.79427,-0.58706,-1.25561,-0.06197,1.20245,0.4593,-0.40836,1.2388,-0.13538,1.64987,-0.8097,0.27376,-0.8684,-0.25955,-0.48832,1.32214,-1.21603,-0.59104,-0.37505,2.31989,1.00945,1.08132,0.88221,-1.48263,0.00862,1.45646,0.65398,1.35694,-0.61145,0.00229,0.96349,2.93569,2.00304,-0.77151,-1.54259,-0.12519,-1.53024,0.47914,-2.29478,1.26645,-0.4072,0.1428,0.17148,0.02029,-0.56177,-0.86091,0.04323,0.05485,0.53514,0.72346,-0.67942,0.61198,-0.27399,1.00939,-0.42541,0.89088,-0.33362,-0.01136,0.50457,0.33932,0.25548,0.61204,1.28097,1.08905,1.19119,-0.01473,-1.44123,-1.08428,-0.2566,0.46052,0.85494,1.14827,0.53377,0.29842,-0.14871,-0.6033,-0.57702,-0.0046,-0.81922,1.53695,1.04674,0.0284,-2.28682,0.18624,-1.64456,0.36225,1.66769,1.1788,-0.88391,0.18926,-0.16376,-1.56945,0.63958,0.75217,0.04879,-0.19926,0.61034,-0.28318,-0.30686,-0.37848,-1.07099,-0.34087,-1.20255,-0.09315,1.09214,-1.53843,-0.55526,-1.0046,0.20457,1.4892,-0.39601,2.14484,0.38273,-0.96459,0.50025,1.35972,-0.26568,-0.65795,0.28771,1.49075,0.14428,0.72564,1.6622,0.23439,0.11638,0.67765,1.562,0.02418,-0.70526,-1.38308,-0.67514,0.66612,-0.13381,-0.65293,0.3926,-1.06066,0.67904,0.53642,1.34868,0.64191,-0.77476,0.44853,0.11854,2.42187,0.50302,-0.07632,0.69996,0.68881,0.77671,1
-0.5211,0.94016,-0.69276,1.07631,-0.63227,1.23408,0.06711,-0.72787,0.50996,-0.54506,-0.8812,0.48189,1.08884,-0.55357,-0.80536,3.22874,-0.44842,-1.22415,-0.24148,-0.64978,-0.40597,-1.00392,0.94127,-0.01255,-0.37514,1.42463,-0.04609,0.12159,1.89061,0.58131,-0.00132,-0.26141,1.46194,1.04571,-0.02453,-0.20154,0.64018,-1.7648,0.19278,-0.02154,0.31865,0.20605,-0.74445,-0.11784,1.9105,-0.39916,1.50316,-1.03271,0.92692,0.36478,-1.37337,-1.29403,0.85195,-0.83587,0.57857,-0.3703,3.01453,0.65048,-1.14934,-0.30297,-1.2741,1.42558,-2.47215,1.03243,-0.89951,1.05942,-2.67884,0.67394,-0.99048,-0.58438,-0.02593,-0.00727,-0.41801,-2.27366,0.43947,-0.40601,-0.10846,-1.42837,-0.0497,-0.0306,0.8746,1.66226,-1.23966,0.46972,0.541,0.393,-1.58244,0.43345,-1.67268,-0.82409,0.3498,-1.51645,2.304,1.33824,-1.23973,0.98281,-0.54251,1.04944,0.24238,-1.46287,0.8008,-0.16595,-0.62014,0.68442,-0.54819,0.7095,-1.13938,-0.49488,-1.31816,0.07982,0.31032,-0.5764,0.12468,-0.52979,-0.81376,0.56212,-0.79362,0.27732,-0.28667,-0.57756,-0.81632,1.2558,-0.60132,1.97088,-1.01723,0.39982,-0.15782,0.9063,-1.24539,0.73862,-0.03184,-0.93798,0.53791,0.31199,0.36347,2.2681,1.17236,0.54791,0.91064,0.88878,0.4258,0.18568,0.1743,-0.32705,-0.33554,-0.08337,-1.50622,1.35755,-0.20732,0.36372,0.96775,1.44278,-0.75704,-0.36288,0.30626,1.22172,-0.30892,0.17467,-1.04948,-0.58997,1.87574,0.10196,0.62015,-0.53526,-0.0095,-1.26093,0.7369,0.61543,0.77211,-1.0004,0.13515,-1.12296,1.19054,1.09472,-0.10886,-0.27926,-0.43455,-0.47458,-0.68131,1.02437,1
0.04548,0.98767,1.32388,0.73743,0.51559,-1.27265,0.36548,0.91884,1.52976,0.84915,-0.5198,0.1296,-0.54222,-1.01909,-0.32075,-0.59151,0.15328,-0.0331,-0.02479,-1.56659,-0.01137,-0.79897,-0.16865,-1.27033,1.40378,0.02076,-1.08281,0.84343,-0.86617,0.69297,0.68584,-0.88176,1.50465,-0.44925,-0.03573,-0.0171,0.93912,-0.63972,-0.34226,-0.71495,-0.63684,-1.60254,0.11455,0.38841,0.57553,1.06103,1.52978,-0.75906,-0.37327,-0.44672,-0.00792,0.7918,-2.87236,-0.15953,-1.61835,0.86688,-0.36209,-0.95059,-0.89755,1.81002,0.36645,-0.009,0.52844,-1.24529,-1.01754,-0.11495,0.06957,0.08081,-1.55231,-0.29988,-1.5828,-0.6427,0.27922,2.20282,-1.11038,0.28839,0.06411,0.20252,1.5727,0.12328,0.87522,-0.4868,-0.90541,-0.23373,-1.07938,-1.9096,2.06266,0.48651,1.49356,-1.27667,-1.97801,-0.50789,-0.34014,0.10903,-2.05964,1.93875,-0.61313,0.59389,0.33253,-1.32441,0.81875,-0.74778,0.7719,-1.52214,-0.8447,-0.85527,0.28673,-0.2945,-1.13016,-1.20108,-2.408,0.2984,0.89643,-0.71856,0.39204,-0.30531,-0.18375,-0.3957,0.997,-1.39868,-0.45479,-0.04557,-0.12677,-0.11681,0.55997,-1.06533,0.64572,1.40331,-0.49748,-1.54272,-1.52254,-0.86901,-0.74399,-0.81635,-0.52089,0.09436,1.5594,0.74753,1.71426,-0.15604,0.43393,0.54353,2.01619,-0.40876,-0.27878,3.13762,-1.52042,1.25482,0.30897,0.55359,-0.70683,-0.73456,-0.19051,0.72954,1.00387,-1.02058,-1.84781,-1.24809,-1.34745,-1.02031,-2.02887,1.3871,0.00139,0.03337,-0.34421,0.04847,0.76877,0.29187,0.18515,0.58871,1.65664,0.16059,-1.01404,1.56358,-0.45515,-0.50845,-1.2408,-0.22923,-0.81864,-0.05993,1
-0.20304,-0.438,0.08656,1.72603,-0.14629,1.18469,0.79443,0.10613,-0.18072,0.6041,-1.10966,0.1322,0.83521,0.40719,2.05538,-1.70367,-0.14314,1.24588,-0.8771,-0.33727,-0.57052,-1.1125,-2.23896,2.44262,0.21223,1.32165,0.71955,-0.88549,1.94826,-0.16458,-2.28413,-0.33995,-1.22909,0.59146,-0.77883,2.23925,-0.11875,0.84709,0.23743,0.12594,-0.06775,1.63352,0.71314,-0.51211,1.17602,-0.04336,1.16284,-3.20774,-0.5872,-1.31794,2.71544,0.32903,-0.91864,-0.19419,0.40827,-0.24751,1.02821,1.0373,-1.13088,-1.03395,-0.83366,-0.10768,0.11131,-0.03664,0.75197,-0.97729,0.08097,-0.31214,0.65494,-0.53069,1.17835,1.34658,-1.95339,-0.08203,-0.90794,-0.49605,0.59602,1.37755,-0.96739,-0.76467,-0.11176,0.21451,0.78648,-0.73184,-0.47051,1.19564,0.43171,0.81006,-0.30686,0.91492,-0.08236,-1.18664,-0.34296,0.07665,1.08153,-1.17092,0.1247,0.43274,0.55649,0.10742,0.99068,-0.13434,0.25438,0.35219,-1.44444,-0.15436,-0.78909,-1.05657,1.51064,0.71962,-1.31984,0.53252,0.13383,0.13175,0.14778,0.05727,-0.03208,-0.49859,-0.44368,0.60699,-1.99029,0.04251,-0.43484,-0.18793,0.10879,-1.67106,2.24931,0.22848,1.07242,1.0835,-0.07689,0.21896,-0.51995,-0.07605,-0.35995,0.85186,1.71532,2.60207,0.43175,-1.37151,0.51772,1.02863,-1.70483,1.52953,0.75345,0.01155,1.0712,1.52564,0.60186,2.23559,-0.57042,1.43395,0.73192,-0.8357,-0.87256,-0.69008,-0.6781,-0.18016,1.69041,-0.07652,1.80153,-0.38473,-0.03924,-1.20562,1.58873,0.29276,1.61044,0.5131,0.21827,0.00947,-0.10234,-0.69612,-0.25355,-0.30293,0.60836,0.19279,0.68663,1.13967,1.55281,0.79183,1
0.99096,0.69356,1.61476,0.32716,0.59403,0.25601,0.85642,0.22702,1.54879,0.59815,0.30136,0.0227,0.21949,-1.08314,-1.29852,-0.60668,0.39953,-2.68179,1.76321,0.93998,-0.52532,-0.05637,0.28023,0.02313,-1.41529,-0.5649,1.00475,-1.79208,0.04213,-1.14358,-0.12423,-1.99063,-1.76314,0.58046,-0.65309,0.2135,0.15722,0.76977,0.35535,-0.10194,1.01377,-1.09064,0.42705,-0.12327,-2.28753,1.04471,-0.11639,0.08689,-1.42995,1.08168,-1.30965,1.72363,-0.98659,-0.19968,1.75039,0.74904,-1.12829,-1.68983,-0.17817,-0.88321,-0.12196,-1.30402,0.6497,-0.19161,1.07758,-0.47504,-0.46757,-0.02192,2.55631,-1.00435,0.3328,-0.17555,0.76477,-0.03831,-1.34224,-0.75337,-0.11486,2.44197,-0.29071,-0.36661,1.26343,1.54074,-0.48939,-0.07655,1.95028,-0.13228,-0.02359,-1.0444,-1.00353,-0.3831,-0.51298,1.67644,-1.21568,-0.90472,0.28038,-0.66779,-0.10526,-1.71573,0.20678,0.04261,1.02131,0.39353,2.11465,-1.64365,0.51338,0.00673,-0.05271,-0.62852,0.25085,0.05914,0.02415,-2.25808,-1.62902,0.90442,1.51585,0.82982,-0.33066,0.66703,-1.31958,1.25691,1.03156,1.38456,1.26135,0.89587,0.34098,-0.39337,-0.22421,1.19069,2.70739,0.20125,-0.54403,0.24039,-1.40667,0.30475,-0.50096,0.5872,1.02602,0.99016,-1.16168,0.29463,0.21232,0.49887,0.56598,-1.56115,-1.23708,0.39909,0.73199,0.53484,-2.20496,1.12042,0.62599,-0.33035,-0.50909,-0.3384,2.47132,-0.1435,1.25888,-0.91589,0.87833,0.54228,0.15183,0.66863,1.15068,-0.06968,1.07747,0.43457,0.59867,-1.2636,-1.15506,0.60292,0.29103,-2.72023,0.28111,2.32042,0.57109,0.14114,-1.58907,0.31625,0.20246,-1.09666,0
-2.31347,0.68059,-0.84988,-0.14319,-0.39509,-1.33169,0.97661,-0.40913,0.44111,1.11256,0.28975,-0.61698,1.13753,-0.35054,-0.13128,-0.04744,-0.72806,0.67058,0.41324,0.87095,-1.27786,-0.39075,0.19702,-1.50932,-0.32183,-0.78772,-1.36604,-1.56327,-0.69684,0.26029,1.40744,0.60479,-0.97931,-0.81538,1.29387,-0.10338,0.77474,-0.95334,1.69702,1.47007,-0.82399,-0.89,-0.66993,0.88158,-0.6201,-0.4181,0.53549,-0.98927,0.53627,0.18799,-1.61575,0.48498,0.23462,2.23199,-0.2282,-0.50312,-0.33907,-0.31994,-1.8178,0.54118,2.20362,-0.36644,0.39765,-0.10103,-0.13309,-0.92964,0.29167,1.15115,0.4144,-0.50907,-0.24012,-0.87577,0.43068,0.17275,0.04804,0.41452,-0.29484,-0.64323,0.03341,-0.0194,-0.86186,-0.13903,-0.85922,-0.69815,-0.08621,-0.41364,-0.21723,-0.44026,0.1286,-0.21421,0.30147,0.08039,-0.4995,-0.25183,1.58601,0.20986,-0.91584,1.09744,0.04175,-0.91709,0.1304,-0.53882,-0.21866,1.47285,0.99449,-0.01517,0.4721,0.7027,-0.50314,-0.44026,-0.93026,1.60504,-1.05166,2.10215,-0.4555,1.04957,-0.0819,0.99003,1.01912,-1.18234,0.50288,-1.10402,0.3131,0.195,-0.4232,0.39031,1.20778,0.35851,0.25169,-0.51821,-0.55689,0.86605,0.76775,0.05752,-1.91067,0.16648,-0.67765,-0.28625,0.26904,1.59576,-1.12368,-1.3318,-1.24616,1.64891,0.64416,0.04201,-0.1488,-0.22787,-0.32909,-0.43272,0.01813,1.01387,-1.03062,0.05522,-0.65892,0.91443,1.05625,0.60154,-0.86815,0.25132,-1.48393,1.27621,-1.75099,-0.46399,1.04579,0.90152,0.46548,-0.59562,1.16886,-0.54757,-3.64801,-0.37717,-0.96006,0.00553,0.72087,-0.00664,-1.52267,1.07133,-0.44734,-0.47183,1
-0.49215,-0.84744,-0.287,1.02845,0.32123,1.14377,0.81269,-0.47173,0.50236,0.77995,0.13852,0.06773,2.11369,-0.52931,-0.88612,1.12941,-0.59837,-0.56744,1.05849,0.27454,-2.07665,-0.50294,0.03773,0.58797,1.23618,2.02215,-0.56584,0.57832,-0.63701,1.36295,-0.31118,-1.29723,-1.37445,-0.69867,1.00258,0.22266,-1.048,-1.6052,0.61816,1.85782,-0.22762,-1.49003,-0.78557,0.1349,0.60729,1.33666,0.56113,1.17934,0.55548,1.06103,-0.25212,-0.50223,0.86527,0.50256,-0.48341,-0.58209,1.2665,-1.3778,0.08813,-0.42022,0.78016,-0.01561,0.59268,0.39976,0.61859,-0.87588,-0.30969,-1.3493,-1.61367,-0.08844,1.33421,-1.01388,0.02944,-1.12051,-1.69019,1.63968,0.01873,-1.3171,0.80592,1.53921,-0.2097,1.70633,1.76016,-1.15617,-0.27494,-0.25521,0.04025,-0.13579,1.08582,-1.17376,-1.29118,-0.3211,1.12315,-0.40074,0.9206,-0.17798,-0.33016,-0.96856,1.23839,-0.17365,0.63312,-0.50889,-0.2348,0.3489,0.16124,-0.12243,-0.35613,0.81592,1.18114,-0.4163,-0.13477,0.759,0.04719,1.45991,0.22523,-0.26141,-2.6834,1.48262,0.16789,-0.60442,-2.25381,0.92432,-0.03299,-1.14912,1.30382,0.83834,0.42319,-0.52544,-0.83626,-0.89677,0.4582,-1.40526,0.42364,1.39923,-0.09256,-0.92746,0.74933,0.50615,-2.2492,1.76641,-0.27262,-0.19391,0.54809,-1.68672,-0.33603,-0.01121,-1.49849,0.59532,-1.11223,-0.15218,1.31118,1.60294,-0.66675,-1.5676,-2.23137,-1.33901,0.83198,-1.21467,-2.91561,1.22743,2.87682,-0.21201,0.65657,-1.35823,-0.61876,0.41519,-0.82593,-0.7914,0.20192,-1.05189,2.61764,-0.85457,-0.01119,0.20294,0.35641,0.93157,-0.41707,-0.23096,-1.01912,1.16945,1
-0.39548,1.68031,-0.40472,-1.17887,1.72802,-0.01581,-0.66155,-0.25605,0.9528,0.11359,1.36237,-0.25961,-0.47367,-0.20151,-0.9137,-0.21955,2.62483,0.92217,1.27685,-2.09602,-0.56877,0.18318,0.22192,-0.58671,0.11057,-0.7114,0.92054,1.06922,0.16581,0.35648,-0.26208,0.35594,1.4846,-0.25537,1.29436,1.95636,-0.95331,-0.79995,0.44873,-0.08985,-0.9756,-0.2849,-0.83226,0.20165,0.32224,-1.69166,0.97942,0.7645,1.17575,0.23914,-2.00613,-0.04389,1.06661,-1.46855,1.42512,0.45385,0.14555,0.29966,0.51496,0.46867,-0.46642,0.15317,0.87116,-1.01617,-0.60085,-0.28723,-0.17774,-0.40457,-0.32928,-0.34589,-2.0151,0.81656,-0.35527,-1.20463,1.96413,0.28994,0.15744,-0.24627,-0.93958,-1.08809,-0.18675,0.37948,-0.58017,-0.63357,0.70633,1.76919,-2.50612,0.80009,0.15768,-1.14112,-0.6343,-0.06869,1.73993,1.15404,0.17857,1.42007,0.10526,-0.24453,-1.05752,2.04421,0.00336,-0.90729,1.07742,1.15086,0.1145,-1.09897,-0.07886,-0.62175,-1.14312,0.61511,1.01343,-0.82477,-0.31839,-0.42126,-0.98104,1.71515,0.19314,2.46833,0.22313,0.80107,-0.90892,-0.74535,0.24744,0.66601,0.88361,-1.29873,-0.26553,0.9362,0.53964,0.2455,2.17795,-0.15649,0.10113,-0.67871,0.09041,0.33004,1.70633,1.27975,-0.51144,0.98388,0.38468,-0.62462,-0.45486,0.19192,0.49203,1.25751,-1.57605,1.45707,-1.67496,0.29383,0.71052,-1.07512,0.11414,-0.51991,1.18794,2.0743,0.40384,0.19408,-2.21273,1.48145,-0.17522,0.44039,-0.56116,-1.25105,0.24319,0.06477,-0.03694,0.05595,-0.88496,-0.4866,-0.41518,-1.66621,-0.00549,-0.40429,-1.50748,0.28579,0.0989,0.05476,-0.66151,-0.90229,1
0.17088,-2.2973,0.62311,-1.78975,-0.21193,-2.50047,0.39059,-1.53367,-0.24881,1.64262,0.70271,-0.58417,2.03009,1.17972,0.85075,0.32152,-0.37455,0.58543,0.2839,0.41374,-0.2415,-0.35689,-0.36452,0.30101,-1.48833,-2.11298,-0.08454,0.56516,0.21193,0.49401,-0.86731,-0.90956,0.33634,0.34256,0.51871,-1.18428,1.00913,-0.54483,-0.52965,-1.6457,-0.39004,-0.41674,0.45026,-0.92985,-0.14927,-1.87835,-0.80015,0.68361,-0.27807,0.5071,-1.08035,-0.95464,0.46811,0.24575,0.33178,-0.00711,0.03553,-3.38118,0.78112,-2.49867,-0.55601,0.02833,0.10519,-0.57191,1.26499,-0.52477,0.98352,-0.58058,-0.22155,-0.81446,-1.90017,-0.56623,-0.78265,0.15708,1.06574,0.71694,-0.25817,0.21982,-0.32868,-0.20367,-2.90852,0.09485,-1.56945,-1.29581,-0.10216,-2.30284,1.65189,-0.13168,0.79255,-1.03258,1.25645,0.0186,-0.87923,-1.17265,-1.35905,0.09411,-0.42804,0.49723,-0.46668,1.54843,1.13049,0.86073,1.3409,0.71093,-0.44621,-0.8287,1.25267,-1.27075,-1.20953,0.06326,-0.0322,-0.29826,-1.55393,1.48847,0.7151,0.05667,1.2654,0.07506,0.90178,-1.04871,0.24164,-0.33454,0.87699,0.96601,0.27623,-1.30687,0.18283,0.799,-0.24546,0.57499,0.16084,0.81628,-1.62982,-1.57228,0.22581,0.00436,-0.40418,0.39299,2.29968,-0.23603,-0.18282,1.22807,-0.53791,0.59267,2.20774,-0.41642,0.53945,-0.49999,-0.22529,0.3187,0.57952,-0.08839,0.77899,2.36346,0.05263,-0.18766,-0.34539,0.08094,0.25848,-1.93137,-1.57039,0.11894,-0.37072,-0.2303,0.27886,1.17524,-0.40763,0.79035,0.07547,-0.22265,0.28842,-1.42988,0.77747,1.62209,0.54799,-0.91314,1.50134,0.69401,0.1298,-1.86164,1
0.73344,0.60076,2.28793,-0.46808,0.69789,-0.29363,1.2551,0.00649,-0.93632,0.62994,-0.69943,-1.67381,0.50356,1.58334,0.36063,1.53878,0.03695,1.43707,1.08867,-0.80391,-0.39352,1.04864,0.19603,0.15118,1.27801,-0.62492,0.05778,-0.91157,1.90627,-3.90906,3.07648,-1.24221,-0.80631,1.50588,-0.12289,1.5465,-0.32571,1.47689,0.50914,0.92432,-0.2453,0.51064,-0.54863,0.50505,-0.42326,1.43171,-0.37339,-0.54968,-1.40892,0.51157,0.00851,-1.51151,-1.43073,-1.85882,-1.41243,-0.04076,0.61218,-2.00913,-1.93085,0.23713,1.69616,2.22298,2.2531,-1.1364,-0.22183,-0.42688,-0.08642,1.43721,0.18304,-0.02579,-0.03357,1.01798,0.55614,0.1794,-0.70257,-0.75202,2.53686,-0.11751,0.32872,-0.43118,0.62362,-0.37676,-0.96556,1.08092,-0.01121,-1.74414,-0.05786,-1.24562,-1.89538,1.02084,0.12535,0.24573,0.67225,-1.43297,-2.10808,-1.09176,-0.88592,-0.53513,0.01352,-0.49734,2.14758,-0.43097,-0.23138,1.03025,-0.21213,0.33142,-0.04671,1.90711,-0.0673,0.6619,0.91653,0.66807,0.67364,0.49963,-0.25869,-1.89693,-1.11145,0.82272,0.26554,-0.03204,1.15883,0.93183,-0.20259,1.51767,-0.09384,0.78012,1.01326,0.48739,-2.85384,-0.62152,-0.10345,-0.38629,-0.72327,1.37407,-0.01747,0.63498,-1.51921,-0.33555,-0.57567,-0.53285,0.40261,3.37132,-1.72981,0.63562,-0.97191,0.90642,1.64201,0.32256,-0.39008,-2.20227,-0.42874,-0.25968,0.59226,-0.47192,-0.46754,0.65642,-0.05877,0.35584,2.29781,-0.50252,0.42086,-0.03041,-0.03973,1.73461,1.32581,1.63212,0.76407,-0.13436,0.12715,1.32578,0.89818,0.59162,-1.62921,0.12638,0.66781,1.19729,-0.80176,0.32314,-0.76558,-0.26074,1
1.02838,0.82152,-0.08246,-0.72723,0.25483,-0.37373,-0.20358,0.2212,-0.27305,-0.75594,1.33643,1.53071,1.08158,-1.00067,-0.30885,-1.21895,0.56918,0.82975,-0.64443,0.54135,-0.38582,-0.13277,0.41375,0.64531,-0.92639,0.19188,0.42284,0.98145,-0.03181,-1.08061,0.10718,-0.28455,0.04182,0.34241,-0.45047,0.07343,0.11434,0.8292,0.0179,1.64406,-0.44414,-2.22661,-0.6246,0.5441,-0.85829,-0.38607,0.37678,-0.5276,1.13716,0.2041,-0.09243,-0.11848,-0.36832,1.68742,2.4202,0.34978,-1.50927,-1.39152,0.21641,-0.43023,-0.81967,0.72163,1.5669,0.4365,0.07765,0.50735,1.32396,-1.39521,-1.12815,-0.01648,-0.91398,1.01515,1.22853,-0.05175,1.334,-0.01511,-2.24737,-0.61521,0.70961,-0.26137,-0.28662,0.4007,1.12344,0.37091,-0.0161,-0.2224,-0.95104,1.39221,0.76597,-0.80043,0.51631,0.18084,-0.66952,0.08974,2.12015,1.89191,0.34309,0.52473,0.65217,-0.41824,0.1757,-0.60005,-0.7353,-0.97125,-0.06724,0.95905,0.5946,-0.49756,0.06295,-0.91609,0.31759,0.26628,-2.64978,-1.81914,-1.17564,0.60611,0.63837,-1.48526,-0.59943,-1.72969,1.2096,0.27267,-0.64387,0.29484,-0.90418,0.16924,-0.84131,-0.85007,0.36735,0.01486,0.01219,0.90093,0.51292,-0.58464,-0.80845,-0.13475,-0.89901,-0.52207,0.40259,1.03599,-1.13021,0.68309,1.57939,-0.30691,1.54027,1.05935,-0.5441,0.06477,-0.51887,0.97851,-0.34001,0.22804,1.25199,0.50073,-0.03342,-0.99183,1.39719,0.3441,-0.1235,0.03872,-0.25571,0.46706,-1.94355,-1.3165,0.51134,0.19425,0.59948,-0.10023,2.58158,1.10432,1.56142,2.01614,0.42329,-0.16374,0.60215,-0.47478,0.75314,-0.61853,0.39357,-0.74911,1
-0.55147,-1.00356,1.89967,0.9118,0.31796,-0.97984,0.56971,0.64576,0.30973,-1.05843,0.08167,0.98643,0.90636,1.49633,1.09925,0.32977,0.64511,-0.19378,1.05455,0.82263,0.82364,-0.49286,0.89826,0.4823,-0.21487,0.06936,0.20689,-0.64295,-0.4774,-0.18274,-0.33161,-0.77887,-1.19377,-0.36347,-0.77642,-1.28082,0.41917,-0.17654,0.5493,-0.43351,-0.10708,0.41115,-1.52845,0.20324,0.69787,0.08955,-0.6528,-0.55104,0.11288,-0.93538,-0.27084,-0.57475,-0.15946,-0.40843,1.03428,-0.41921,-0.25224,0.42453,1.052,0.06755,0.26298,-1.9451,-0.5166,-0.13665,2.35843,1.10181,0.15524,-0.84615,-1.0628,0.91159,0.44109,1.21281,1.38473,-2.78929,-0.82357,-1.37663,-0.8806,-0.33448,-0.92047,0.10879,1.01161,0.60639,0.08721,-1.4354,-0.26356,-0.18478,0.04741,-1.54782,0.37609,-0.21206,-0.71272,-0.42527,-0.21601,-0.45835,-0.13317,0.37326,0.55734,1.41807,-0.04319,0.83075,0.86944,-1.77328,1.29695,-1.28174,-0.42199,-1.0215,-0.26496,-0.03006,-1.06492,0.53302,-0.30776,0.02928,1.22326,-1.24177,2.1275,-0.61196,-0.27478,0.80284,0.85621,-0.01945,0.53399,-0.28362,0.20902,0.9455,0.28992,0.30528,-0.28762,2.40346,-0.24168,0.82242,-0.25668,0.07384,-1.04381,0.64199,0.1414,0.53489,0.04744,-0.3929,0.4506,0.2688,-0.60562,0.87133,1.91114,-2.10106,-0.83863,0.4815,2.00373,1.05108,-0.30012,-0.21923,-1.20526,-1.75181,-1.22604,0.70525,0.45753,-1.89294,-1.08474,-0.34691,-0.23566,0.27224,2.44146,0.11045,-0.2094,0.68768,0.39475,-2.0496,-1.69005,0.23147,-1.871,-0.20476,-0.46856,-0.79979,1.0564,-0.43963,-1.52828,0.77781,-0.2327,-0.97453,0.7191,-0.00012,0
-0.32959,-1.09,0.02277,-0.3564,-1.44666,1.78873,-0.51937,-0.18972,-1.12429,0.98174,0.52482,0.41803,1.69807,1.17668,-1.18558,0.33068,-0.86048,0.06243,1.42942,0.5433,0.54816,-2.20544,3.44345,-0.31919,-0.21616,0.49549,0.39704,0.90367,-0.18677,0.66488,-1.82233,-0.12421,0.33986,0.33873,0.24741,-1.44024,0.5855,0.51528,-0.8223,-1.83761,1.11364,1.10745,0.04812,-0.08569,-1.29696,1.37444,-0.28183,1.16143,-1.02345,-0.37409,-1.24501,-0.19167,-0.15857,-0.71225,-0.15124,0.07752,-1.42664,1.42313,-0.96361,0.17226,0.13531,0.63937,0.05046,-0.66757,1.78699,-0.05118,0.53553,0.10089,1.47594,2.03016,1.11499,1.77785,-1.69007,-0.59832,-1.83709,0.19765,-0.28738,-0.94503,1.14536,-0.43899,-0.5597,0.13736,-1.4007,0.88816,0.99523,0.24474,-0.05201,-0.42675,2.25015,0.79839,0.34975,1.05753,-0.99513,-0.17316,1.41703,0.71136,0.08682,0.75555,0.1965,0.53497,2.33805,-1.33049,-0.45562,0.86513,-1.20142,0.14466,1.36003,-0.67992,1.08235,-0.56385,0.64145,0.57817,-1.51273,-0.95281,0.64259,0.12254,0.93079,-0.34226,0.49023,-1.56948,1.30397,0.50608,0.8093,0.06554,-1.00905,-2.36731,-1.39552,-1.67594,-0.44669,-0.05189,-2.71469,-0.027,0.07848,0.15016,-1.09717,-0.29741,1.97682,0.19328,2.34552,0.95425,-0.41865,-2.53508,1.16839,0.61567,0.10252,0.78062,-1.56936,-0.8472,-0.43348,1.49069,-0.39078,-1.16392,-0.12057,2.11828,-0.66998,-0.92022,-0.30256,-0.14672,-0.78341,0.42255,0.36815,1.87337,-2.53412,-0.48193,-2.05977,0.38749,-0.59638,0.85606,0.96264,0.65161,1.30726,1.51408,-0.51391,0.67847,-0.56395,0.10012,0.73859,-0.37964,-0.89032,0.30344,0
-0.52864,0.36057,1.20754,-1.86453,0.39663,-0.56636,0.83452,-0.3186,-2.39167,1.14215,-1.4367,1.42926,2.34266,-0.09333,-0.79128,-0.50564,0.94118,0.93829,0.46399,-1.49925,0.90121,-0.17982,0.43139,0.50095,0.48113,-1.16175,0.28593,0.466,-1.95919,0.11981,-0.26324,-0.4694,-0.69289,0.78185,0.06888,0.23266,-0.71929,0.91545,-0.95313,0.52886,-0.86249,-1.56998,0.68052,0.71068,-0.31368,1.46015,1.16882,0.21068,0.02666,-0.48911,0.57863,0.27939,1.58958,-1.42082,0.07327,0.26877,-0.84959,-0.72264,-1.17673,-0.33534,1.30568,-0.01657,-1.12826,0.98792,-1.22824,1.59805,-0.71677,-0.00534,-0.38681,-1.08403,-0.72497,-0.90026,1.2531,1.51688,0.29029,-0.88649,-2.04629,1.18149,0.15599,-0.48992,-0.39413,1.07646,-1.50577,-0.19312,0.11152,1.17565,0.81411,0.36031,0.33092,-1.43061,-2.02759,-0.6185,-0.48707,-0.3066,0.93623,0.80518,-0.82987,-1.37777,-0.86517,-0.15166,-2.00722,1.61678,-0.41898,-0.06827,0.01434,0.6806,0.81996,2.30294,-1.20917,-1.28217,0.36512,-1.10163,-0.28669,-0.09994,-1.97931,2.13271,-0.20582,-1.20707,-1.44617,0.73185,-1.10566,-1.49144,0.86513,-0.59868,0.01872,-0.0403,1.15932,1.04157,0.8185,0.76433,-0.70723,-1.15214,1.48174,-2.46958,-0.27802,-1.41644,-1.78509,-2.00499,-0.0292,-0.88833,1.2574,-1.33708,0.20272,-0.19271,-0.19645,-0.28689,0.4546,-0.3742,-0.35456,1.31999,-0.39786,1.39076,0.62894,-0.6236,-2.15634,-0.73927,0.94885,-0.08417,2.11501,0.50264,1.83777,2.22727,0.64706,2.03458,0.48642,1.30893,0.06372,-0.28708,0.5586,2.07904,0.65659,-0.25883,0.12769,-0.12088,2.699,-0.00366,-0.49148,0.91794,-0.57881,0.58229,0
-0.59159,-0.44404,-0.11902,-0.50396,-0.61968,-0.18935,0.67955,-0.94837,1.48458,-0.71731,0.23167,0.25638,-1.39077,0.77712,-1.38047,-1.36448,-0.14671,-0.9224,-0.51891,-0.79957,1.12311,1.28152,0.79858,-0.12767,-1.05117,-0.67963,-0.2905,-0.31657,-1.04701,-0.00248,-0.65798,-0.26246,0.24283,-1.37992,0.57759,-0.69256,-1.68602,-0.98502,-1.80323,-1.17346,0.40019,-2.12145,0.12517,-1.11339,0.55437,-1.73081,0.399,-0.07088,0.60939,-1.83343,-0.14142,1.09999,-0.50107,-1.72753,0.66198,-0.23537,0.09305,-0.5525,0.49361,0.52731,-1.12662,-1.17107,-0.81163,0.68948,-0.33387,0.32635,-1.22393,-0.21092,0.03286,0.21508,-0.36546,1.13843,1.15419,1.47249,-1.15893,0.06271,2.30354,-0.08654,-1.42743,1.04337,1.32961,-0.78343,-0.61733,0.62726,-1.19961,0.11807,-1.26517,0.67278,-1.3152,-0.66126,-1.17626,-0.81741,-1.05452,-0.61098,0.99857,-0.0604,0.61422,-2.59646,-1.58448,2.41752,0.16371,-0.06722,0.1641,-0.27222,0.94922,0.12287,0.28405,-0.06624,-1.25372,-0.57896,-0.49161,0.79141,-1.13727,0.07323,1.61023,0.18224,-0.91578,-1.07058,-0.42999,-1.06862,-0.17273,0.33496,0.34595,1.52167,0.51143,0.99934,-0.43363,-1.11692,1.40234,0.5743,0.87886,-1.18533,-0.05225,-0.19052,-0.71561,-0.16797,1.37764,0.93916,0.31989,-0.19971,0.36769,1.30841,-0.42204,-1.593,1.09012,2.24026,-1.20267,0.60684,0.07712,1.73479,-0.42287,-0.88298,0.63726,0.28863,0.07713,1.5438,0.77324,0.42385,-0.59413,1.63044,1.11935,0.31232,0.28935,1.24128,0.56289,-0.20721,-1.51276,-1.02166,-0.61165,-0.49521,0.36732,0.6308,0.44309,-0.16511,0.1089,-1.11075,-0.3236,0.81802,-0.17278,-1.74961,1
-2.03652,-0.25311,0.67515,-1.16689,-2.06991,-1.48305,0.16283,-0.52374,-0.52465,-0.29033,-0.67957,1.76009,0.84516,-2.20987,-0.41642,-0.04388,-0.50888,-1.0655,-0.8217,-0.76463,-0.83011,0.43401,0.40759,-1.39701,-0.33836,0.2012,-1.24394,-0.09596,-0.49336,-0.71627,0.58009,0.55184,-0.48817,-0.87816,-0.81376,0.31563,1.10803,-1.63085,0.54441,-0.28809,-0.02038,0.28466,-0.1028,-1.00726,0.44519,-0.91631,-1.48515,1.65841,0.4233,0.34306,-0.21952,-0.22932,-0.41009,-0.06013,-0.52872,1.89686,-0.47383,-2.2013,0.56353,1.2347,-0.8064,-1.20545,1.13212,-0.87362,2.02276,-1.34619,-0.43252,1.68266,0.47961,0.39571,-0.44015,1.52661,1.04589,0.26487,0.19737,0.00226,0.0261,1.14163,-0.36813,0.46034,2.00565,1.73293,0.31825,-0.19848,0.03936,1.2848,-0.55687,0.12506,0.67372,0.38279,-0.1473,0.52765,-0.19526,-0.16226,0.83693,-0.48627,-1.50249,0.80471,0.25222,0.13787,1.04213,-1.56724,0.75859,-0.26945,0.82023,-0.16415,0.75829,0.48463,1.15629,1.35711,0.28639,-2.35334,1.12248,-1.68236,-1.49485,0.93852,-0.33471,-2.04221,-0.17799,1.41097,1.95673,1.27065,1.52172,0.51447,-0.80791,0.51125,-0.23014,0.85745,-0.99968,-0.14971,-0.13518,0.85228,1.44598,-0.43251,-0.99726,2.87815,-0.18308,-1.75582,0.10652,-1.06391,-1.11163,-0.58222,-0.34738,0.80538,0.7291,-2.31453,-1.81357,-0.74507,-0.7691,-1.52935,1.83872,-0.24378,-0.27791,1.30624,0.20298,-1.09931,-0.14656,-0.90764,-1.67058,1.04797,-1.88293,-1.47174,0.40536,-2.28211,-1.12857,-0.77568,0.28874,-1.4124,0.71387,-1.62711,-0.00075,-0.90213,-0.04978,-0.9478,-1.03666,-0.42351,0.7989,-1.22548,0.01846,0.15013,0
-1.29024,0.44455,-1.15788,-0.14064,0.62967,-0.14801,-1.43835,-0.89498,0.44865,0.68912,2.27229,0.50108,0.47306,-0.48365,-0.16385,0.54989,-0.12693,0.12494,-0.21399,-0.18567,-0.24494,-0.89437,-0.95513,0.97134,-0.63274,0.22883,-1.45682,0.14387,-0.73757,-1.6792,1.41636,0.34479,-1.57638,-0.33135,-0.22656,-1.49915,-1.01727,-0.01006,0.46896,0.57952,0.49827,-0.72136,0.71417,0.29176,-2.03981,-1.43076,1.70137,-0.46202,2.28481,-0.13243,1.74989,-1.04037,-1.867,0.31673,1.43751,-0.25915,0.38263,1.31308,0.92149,-0.10005,1.09951,-0.19128,0.20142,-0.38961,1.25213,-0.73253,0.01512,-0.18343,0.88918,1.56791,-0.71698,0.40334,0.12375,1.04312,-0.54172,1.72831,-1.43707,0.44997,-1.57829,0.02961,1.60085,-0.1296,-1.11241,-0.05744,-0.33349,0.23954,-0.80878,0.60278,-1.78047,-0.00516,0.40859,0.21008,-0.82791,0.49323,-0.27888,0.94832,1.00835,1.6594,1.46485,1.28249,-0.13728,-2.18402,-1.23719,0.60359,-0.83131,-1.13731,0.47856,-0.45135,0.62808,1.36879,0.20079,1.84437,-0.51005,0.19903,0.5527,1.71318,-0.2404,-0.07047,-0.04112,0.38338,1.55669,0.54588,0.09334,-0.64885,1.91303,-0.59844,-0.93061,0.41115,-1.1169,0.85993,-2.38041,-0.37224,0.8529,-1.44574,0.83088,0.85998,-1.02765,0.24093,-0.95199,-0.33135,-0.57222,-1.12996,-0.28326,-0.19965,0.49243,0.78842,-0.57334,1.456,-0.57456,1.20778,-0.78584,0.44222,-0.69949,0.67736,0.40285,-1.1259,0.25501,-0.00408,-0.45279,0.62717,0.50052,-3.29433,1.1484,1.17108,1.42614,-0.00069,0.20559,1.28039,0.61102,-0.37084,-1.56557,1.07828,0.10147,0.25888,-1.39673,-1.71362,0.23712,-0.10038,-0.23046,0.63259,1
-1.54,0.17962,-0.11214,-0.6739,-0.78649,-0.40101,0.2068,-0.66058,0.88374,0.65453,-0.26382,-1.12342,1.5129,1.13686,-1.5016,0.33405,0.03091,-1.12735,1.78641,1.39785,0.41111,0.83363,-0.56824,-0.58366,-0.01976,-1.18249,-0.79798,-2.2375,1.24393,1.15978,1.78953,0.78695,0.74518,-0.6079,0.16291,-0.94058,-0.33406,-0.36267,0.8713,-0.09829,1.34368,-1.66891,-0.53207,-1.36564,-0.69508,-0.71799,0.74596,1.47826,1.06324,-0.96524,-1.29514,-0.01516,-0.09766,0.21114,-0.1119,0.06121,-0.7717,0.78208,0.30265,0.60786,-0.36404,0.09462,-0.09003,-1.15675,-0.52276,-1.15617,0.26845,-0.54998,-0.12009,0.07651,0.0422,-0.09645,-0.22058,0.40141,-0.66681,0.26929,-1.3061,0.6035,1.69234,1.11246,-0.2001,0.22598,0.73884,-1.47622,0.47963,-0.47375,0.87466,0.69688,1.49414,0.57939,0.96937,0.91113,0.50038,1.07381,0.42852,0.02368,0.13534,2.3529,0.61883,-0.51351,-0.27958,-0.22482,-0.00423,0.35334,0.68562,0.62558,-1.78994,-0.5908,1.48324,0.96239,0.7207,0.01685,0.37108,1.67275,-0.96361,-1.89711,1.29447,0.47078,-0.10372,0.48683,-2.40609,0.19272,-1.34706,0.99476,-0.13506,-1.03186,0.34481,-0.41618,-1.25359,1.51794,0.60245,0.1309,0.14689,-0.72909,0.43717,1.51418,1.5438,0.02096,-0.45876,-0.70068,1.10577,1.12846,-0.35369,-0.75783,-0.09769,0.206,-0.56637,-1.03028,-0.61715,0.70315,0.71647,1.24434,-1.01687,0.93853,0.4887,-0.88831,-0.47265,0.1206,1.99111,-0.59729,0.16773,1.16522,-0.3349,-0.26707,-0.23947,-0.48951,-1.53854,-0.98399,-1.28169,-1.2454,-1.44999,0.54441,1.07273,0.80794,0.06696,-0.57536,0.54751,-1.87284,-1.60159,-0.80866,1
-0.04595,-1.34263,0.98766,0.03583,-1.176,-0.87857,1.36481,1.06535,-0.06075,-0.09849,0.96373,-2.11242,-1.83862,1.46616,0.35083,0.88147,-2.18392,-1.65666,-1.93754,1.78029,-0.7743,0.31521,-0.25554,-0.86018,1.15086,0.27379,0.95279,-2.01004,0.48434,0.11456,-1.15758,1.3649,1.01242,-0.02988,0.27367,0.0515,-0.0112,0.81515,0.71267,1.31309,0.54406,-0.54902,-1.4612,1.19579,-0.32744,-0.04795,-1.06229,0.3339,0.49005,0.16462,1.62454,-1.60743,2.19114,-1.13577,0.0696,0.39592,1.03134,0.30448,-1.98849,-1.35084,0.59658,-1.80176,1.60567,0.72934,0.81974,-0.79226,-0.52058,-0.36386,-0.30252,1.24754,2.05453,0.20016,0.97066,-1.27561,-0.13264,-0.12905,0.23603,0.66168,-0.17756,-2.26512,0.10227,-0.02212,0.94603,-2.55478,1.84036,-1.4337,-0.5531,1.48048,-1.63033,-0.96856,-1.8879,-0.57616,-2.09312,0.95933,2.00971,0.56423,-0.13688,-0.02114,0.08977,0.55076,0.64154,-0.56964,-1.5576,-2.32285,0.58926,-3.94414,1.96196,0.12416,0.3808,-0.27674,0.2551,-0.9275,-1.02699,-0.5874,-0.62369,-0.60513,1.78421,0.68414,-0.2834,1.81891,0.59782,-0.5306,-0.82672,0.35732,1.2731,-0.76614,-0.16447,-0.50873,0.0307,0.44265,0.205,0.64508,0.80327,-0.59595,0.97996,0.65865,2.07768,0.5907,0.76973,1.37604,1.63502,-1.92813,0.51881,0.6947,-0.13515,0.08356,0.42109,0.03191,-0.82982,-2.22568,2.04954,-0.56385,-0.80699,1.38896,-2.56599,-0.68825,2.05616,2.4128,0.97845,-0.66633,0.03356,-0.33225,0.59574,0.11848,-0.37855,0.25794,-0.88388,-0.36306,0.45241,0.63641,1.00125,2.41247,-0.42168,0.32722,-1.37035,-0.80708,0.62154,-0.1059,-0.48927,-1.69411,1
-1.08927,1.34556,-0.78255,-0.56341,0.84853,0.56046,-0.30462,-0.84374,1.7811,0.77798,0.6371,0.36216,-0.56624,-1.06619,-0.64433,1.27785,-0.91266,-1.99228,-1.51326,-0.38917,1.0647,0.28013,0.58194,-1.57021,2.14814,0.11755,-0.02333,-0.71765,0.40175,0.97195,0.33922,0.83198,-0.71241,-2.05092,0.38167,-0.21226,-0.48699,0.5317,0.82436,1.32577,-0.61436,-0.04986,0.03151,1.25762,0.30484,1.65537,-0.73378,0.36572,-0.9875,-0.92078,-0.93416,-0.21885,-0.83517,-3.49372,0.60967,0.80138,-1.18214,-0.1918,1.36077,1.0288,1.63362,0.02443,-0.91714,-0.96359,0.52665,-0.76025,-0.11,0.68011,1.70884,0.01011,1.46289,0.09369,-0.60579,-0.28045,-1.03457,0.40907,-0.27454,0.85288,1.21923,-2.07638,0.8326,0.63949,0.70069,1.66382,0.10565,-0.43988,-0.05607,0.12343,1.98629,-0.39244,0.19838,-0.30077,-0.13063,-1.33284,0.37383,-0.00094,0.10561,0.00104,-0.60527,-0.30489,1.1238,0.46062,-0.59502,-0.56243,-0.11612,0.24306,0.05771,-1.10702,-0.6919,1.80132,-2.29873,-0.34579,-1.69678,0.05485,-1.27423,0.30659,-0.101,-0.75888,-0.9391,0.42819,-1.32028,1.03227,0.45114,-0.74189,1.58264,0.74552,-0.15587,0.17717,2.44461,0.63473,0.5799,-0.44107,-0.24041,0.43638,-1.02145,-0.33837,-0.85199,-0.09947,-0.78834,0.49489,-0.38714,-0.3424,1.21242,0.35591,-1.08716,-1.43827,1.31712,0.695,0.38822,0.79878,-0.23557,0.25522,0.04943,-0.41722,-0.21048,0.15465,0.42642,1.28723,-1.75532,0.2112,0.84521,0.58416,0.94706,1.05467,-0.51853,0.09968,-0.38126,-0.18423,1.13663,1.08051,-0.72025,0.44498,0.57047,-1.21921,0.90507,1.15517,0.51461,0.71465,-0.27184,1.29255,0
-2.2693,0.40288,0.89329,1.42951,0.79693,0.16972,-0.68528,-0.59053,0.74522,-0.27509,-1.13515,0.77784,-0.98702,-1.82405,0.22676,-0.60647,-0.1028,-1.94429,-2.51261,-0.17352,-0.8763,-0.36265,-0.66554,-0.27513,1.27555,1.72577,0.52746,0.48667,-0.24968,0.96809,-0.36139,0.64606,-0.65877,-0.31626,0.52752,0.26726,-0.75469,-1.28107,0.59559,1.63096,0.73939,-1.75874,-0.13446,0.63075,0.8706,0.41416,-0.37388,1.53563,-0.01358,-0.12093,-0.14423,0.81318,-1.31421,-0.27205,0.28468,-0.35584,0.61632,-0.63532,0.56564,-0.67711,0.83674,-1.69309,0.69733,1.14968,0.63623,-2.401,0.40815,0.89998,-0.12827,-1.25477,0.17146,0.60557,-0.10987,0.86374,0.67191,-0.44631,1.85232,-0.0619,1.82552,1.65205,-1.43726,0.44915,0.8021,-0.10758,0.38472,1.19416,-1.16701,0.35831,-1.82851,-0.02286,-0.54098,0.6359,0.62998,-0.28742,0.99694,0.41166,-0.19829,1.95582,-0.35165,-1.38089,1.18089,0.6115,1.36883,0.12257,0.57988,1.12634,1.23075,1.18004,1.73666,0.04563,-0.82294,-2.02078,1.57091,1.89962,-0.41927,-0.97484,-0.92087,-1.75735,-2.53147,-0.92243,0.73022,-0.18611,0.32422,-0.00216,-1.25187,-0.30823,-0.27086,1.03426,-0.39137,0.04715,-0.0183,0.4356,0.30459,-0.94817,-0.5481,-0.13263,0.85378,-0.92054,1.0219,-0.43645,-0.0477,-0.04058,0.12624,0.37934,0.12639,-0.79343,0.03111,-0.67584,-0.87169,-0.40748,-0.5493,1.88293,0.72606,1.41819,-1.05025,-1.14238,1.09972,0.52417,1.06821,0.10431,0.35364,0.7536,0.16092,0.09701,1.50718,2.40936,-0.00272,0.30063,-0.34643,-0.76032,-0.28108,1.85132,0.02148,0.07274,-0.16026,0.64685,0.62021,0.35042,-0.63049,-0.82064,0
-0.72626,1.47948,-0.57817,-2.03699,0.91361,-1.23861,-0.23464,-0.06544,0.58213,-0.38412,0.45453,1.59083,-0.0479,0.4719,-0.39581,0.84795,-0.13576,-1.37534,-0.5942,1.36482,-0.01812,0.14768,-1.127,-0.04514,1.09098,-1.31728,-0.6605,-0.66613,0.97785,0.36634,1.00668,0.40383,-0.4683,-0.21001,-1.37937,-0.26745,-0.28707,-0.14945,1.19254,1.63678,-0.75692,0.94296,0.22372,-0.23815,-0.12563,0.59962,-0.32651,-1.37975,0.30727,-0.04094,-0.42577,-1.40719,1.64935,0.98926,0.52001,-0.46695,1.22589,2.24808,-0.44681,0.38226,-0.81621,0.54255,0.4058,-1.40919,0.05722,0.52767,-1.32907,-3.00129,0.78752,-0.94284,-1.25432,1.69721,0.51454,1.48611,1.52996,-0.88702,0.26008,-0.76374,-0.78428,0.42017,-0.7269,0.33021,-0.65024,1.03848,0.8609,-0.06484,-0.17631,-1.25046,0.42129,1.33108,-0.18924,-1.21551,-1.15188,0.84428,-1.54593,-1.37079,1.20981,0.45654,0.61926,0.18907,-1.61549,0.56267,-0.65228,0.62563,1.16603,-0.64434,-0.21095,-0.45718,-0.2536,0.79625,-0.73779,0.57551,-0.68782,0.37542,0.47088,-1.13826,-0.37085,0.3831,-0.06296,0.77426,-0.84829,1.00623,-0.31822,0.83915,-0.43257,-0.98243,0.53748,-0.00886,0.28223,-0.79674,-1.31463,0.17703,0.95553,0.33004,-0.96046,-1.11369,-0.31409,1.5374,-1.16795,0.1478,-0.19077,1.39111,0.95116,-0.77178,1.29004,-1.22989,0.24124,-0.19192,0.25631,-0.21136,-1.08049,0.24878,0.87657,-0.64668,1.70554,0.65771,-1.06979,0.14251,-0.13356,-0.64237,-0.33935,-0.99428,0.66141,0.19975,1.09999,0.08913,0.67307,-2.00544,0.68888,0.762,-0.27143,-0.47618,-0.97344,0.32579,0.63915,-1.22025,-0.43136,1.46059,0.70886,0.67015,1
-0.20355,1.03144,-0.23277,-2.1751,0.49772,-1.17437,-1.7316,0.05441,0.28631,0.35325,1.35798,0.5784,-1.26652,1.09759,0.28249,0.78179,1.06587,-0.07932,-0.51231,1.44176,-0.84375,0.95768,-0.12735,0.6318,-1.25816,-1.34099,0.88548,0.46488,-1.3157,-0.29127,0.0157,-1.14457,-1.2538,-0.75582,1.30412,0.62255,0.72137,1.82418,-0.07096,-1.65382,-0.12276,-0.32508,-2.05402,0.21178,-0.5669,-0.06525,-0.51097,0.96319,-1.09119,-0.57798,1.08838,-0.15663,0.27322,1.96147,0.78747,0.36145,0.38449,1.08762,0.71578,0.39919,-0.95352,-1.46755,-0.58976,-1.18474,1.43282,-0.26765,1.1573,0.78269,0.32817,0.24206,-0.06595,-0.91836,-1.17416,-0.3732,-0.21025,-1.27023,1.13014,-0.15522,-0.38735,1.18623,2.50958,0.86157,-0.51839,-0.34914,-0.97829,-0.23181,2.38787,-1.26424,1.22966,-1.18634,0.6698,-1.23185,-1.6414,0.64844,1.94598,0.37748,1.89738,-1.26904,0.47591,0.17747,-0.02084,-0.50542,1.01225,-0.74437,-0.23113,0.53012,1.49014,0.28679,-0.81363,0.2727,-0.48916,1.08446,-0.12364,-1.12362,-1.81428,-0.26125,0.55294,0.58531,-0.71584,-0.34257,0.07734,1.70822,-0.23494,1.43871,-0.59781,-0.15556,0.0758,0.32658,1.82478,-1.90923,0.17831,-0.49887,-1.50827,1.19167,0.92773,-0.57093,-0.36964,1.35359,-1.82443,-2.14527,-1.48775,0.69099,0.67936,0.72647,-0.21654,-0.70592,-2.62492,0.86016,-0.14673,-2.42635,-0.79645,0.6669,0.0689,0.04385,1.13935,0.37042,0.55168,1.34188,-1.23434,-0.73742,1.7089,-0.66183,0.81778,-0.3475,1.26961,0.68842,-0.85172,-0.95017,0.35652,1.57196,0.50559,0.4778,1.59936,-0.25423,0.46362,-1.59742,1.44618,0.00081,-0.00103,1.39167,0
0.35324,0.91842,1.79784,-0.9275,-0.53428,-1.52734,-0.2285,-1.30421,1.1306,-1.83581,-0.84925,-0.52992,0.59951,-0.17506,-0.33671,1.22295,0.44015,-1.5328,0.63081,-0.61367,0.44994,0.16231,-1.20687,0.3874,1.60451,-0.5559,-1.67955,1.58874,-1.26293,0.29647,0.06531,0.5373,0.1233,0.29312,1.35322,-1.12297,-0.52533,-1.15134,1.56248,1.234,0.26626,-0.43005,-0.32101,-0.35385,-0.88356,-0.98785,-1.81764,1.00515,0.05239,-0.95924,0.23929,0.15965,-0.0718,0.30159,2.55076,0.52653,0.07807,-0.81939,-0.27276,1.706,-0.62184,1.16256,1.50543,-1.1671,-0.86929,-1.74776,-0.09004,-0.88065,-1.26221,-0.93904,2.32089,0.0466,-0.12328,-2.48879,-1.62006,-0.99078,1.41975,0.02296,0.18932,-0.39624,-0.55917,1.83972,-0.01645,-0.38188,-0.00074,1.59135,-1.66416,-0.48943,0.93462,-0.62797,-1.15511,-0.00028,-0.99372,0.48022,-0.38651,2.68195,0.36023,0.47268,-0.19395,1.13038,0.13827,1.41243,1.12968,0.11342,1.57915,-1.24018,-0.69138,0.24229,-0.24548,-0.64811,0.57493,0.11391,1.84754,0.35847,1.2148,-0.6733,-0.36906,0.5172,-1.73745,-1.49541,0.44482,-1.5582,-1.3305,-0.58794,1.10764,1.40195,-0.27983,-0.88829,0.63132,-0.7804,0.43429,0.94584,-0.28382,0.57427,0.6414,-1.75451,-1.00855,-1.10888,-3.02795,-0.16218,-1.59916,1.41427,0.66162,-0.66949,0.36001,1.48669,0.2781,-0.26159,0.86618,-0.00912,0.69392,-0.81993,1.01954,0.34878,-1.96028,-0.81598,-2.36169,1.33086,0.74314,-0.74684,-0.30723,1.32645,-1.86399,-1.03615,-1.58937,-0.27746,-0.75031,-0.26032,-0.66823,-0.70992,0.21752,0.03839,0.78004,1.5701,-0.88967,-0.23942,2.43978,0.03693,0.84548,0.56605,0
-0.30871,0.28184,-1.21051,1.03279,0.64661,0.21311,-1.97625,-0.26385,-0.94193,-0.74469,-0.402,-1.6298,0.34471,1.85377,0.30989,0.50057,1.54581,-0.52066,1.72385,-0.95379,-2.10512,1.2584,0.64575,-1.18551,0.27988,1.15903,-0.47119,0.71425,0.23881,-0.01233,-0.64463,-0.97822,-0.97553,1.14114,1.26216,1.55797,0.42205,-0.68183,-2.00518,-1.05762,-0.10507,0.28732,-0.27701,0.50291,-3.05044,-3.11713,0.3117,0.38055,-0.01025,0.39692,-0.42566,-0.10775,-0.50257,-1.60298,-1.54939,0.1447,0.19813,0.78886,1.6876,-0.10956,1.01525,-0.94113,0.64319,-0.81373,0.52783,-0.15336,-0.3949,1.22087,-1.29844,0.06073,1.04519,1.75116,0.60074,0.80725,-0.1724,0.73392,0.03595,0.80006,0.11811,1.05099,-0.87896,0.17545,0.98259,-1.03164,0.04334,-0.71619,-0.51362,0.5806,-1.46152,-0.63382,-0.14164,0.09964,-1.02963,0.04859,2.20126,0.24517,0.70746,0.26989,-0.10513,0.19423,-1.15528,0.58107,-0.34361,-0.38557,-0.02029,2.30539,0.16898,0.14005,0.43895,0.73932,0.51928,-0.79903,-0.75613,1.94234,0.7506,-0.72197,-1.39723,-0.76663,1.78015,-0.37622,0.45242,-1.12389,0.07879,-0.3668,0.79606,-0.72468,-0.01947,2.51601,-0.62337,1.16541,-0.48798,0.80213,0.98937,-0.2527,-0.57435,-0.59691,1.02062,-0.81103,1.21132,-0.79631,-2.16913,-0.22038,-0.69704,-0.16365,-0.24754,0.54796,-0.97242,-1.35814,1.83454,-0.80337,-0.76247,-0.99795,0.18142,-1.63545,-0.26059,0.20537,0.88485,-1.34869,-1.60737,-1.47726,0.61933,-0.64066,-0.43005,1.52009,1.06494,1.77674,0.20053,0.33291,-2.043,1.42134,-0.88099,-0.12109,0.38108,0.653,-0.49283,-0.57035,0.49539,-0.46901,1.84345,-1.38833,1
-0.30297,-1.59266,1.46174,-0.24435,-0.083,-1.17833,-1.30216,0.61333,1.4693,1.06381,-0.80376,0.88358,1.30275,1.59792,0.30849,-1.1804,2.12393,1.34752,0.54768,-2.33188,-1.03592,-1.22155,-0.21003,-0.67174,0.24615,0.30573,-0.07611,-2.49579,1.31085,0.629,-0.13204,0.52344,-1.15624,-0.68692,0.65916,0.88953,1.82694,0.44814,-0.48302,-1.19835,-0.52703,0.11288,1.39269,-0.02182,0.35572,-0.69988,0.24066,1.70024,-0.58175,2.60023,-1.75517,-0.34422,-0.0198,-0.55603,0.01987,0.40969,-0.6716,-1.1861,-2.65064,-1.50538,0.84436,-1.48339,0.85413,-0.72055,0.52297,0.10251,-0.2512,0.2062,-0.7729,0.38957,-1.11773,-1.48972,0.1962,0.54377,1.33079,-1.46988,0.26875,0.48248,-1.86507,-0.02101,-0.01198,-2.18603,-2.43378,-0.8601,0.43222,-0.26431,1.39566,-0.98108,1.81324,0.29138,-0.36166,-0.31494,1.58745,0.40816,-2.5178,0.61601,-1.51132,0.18396,0.53765,-2.17695,-1.13922,-0.486,0.76238,0.66377,0.39692,-0.14191,0.855,0.93394,-0.76764,0.09139,0.58054,-0.05768,0.14162,0.32631,0.16599,-2.45389,-0.71958,-0.18336,-1.23103,-0.64205,0.82388,-1.09694,2.83558,0.96835,-0.16292,-0.32212,-0.21004,-0.18313,1.97022,-1.02198,0.15041,0.1237,-2.44871,-0.1016,-0.03643,1.7855,-0.2943,0.05387,1.18338,-1.02354,0.5918,0.33344,-1.39812,1.74325,1.13502,-0.72444,-0.47112,-0.83659,-2.06429,0.86181,-0.94272,1.61741,0.69379,-2.21696,-2.90254,0.40937,2.26252,-0.78022,0.18582,0.44026,-0.70604,0.17138,-0.2166,0.56569,0.82056,0.1125,-0.3151,-1.56239,-1.10009,0.01028,-0.42547,1.6643,-0.27389,-0.81412,-0.99251,1.58621,0.32604,1.089,-1.07949,-0.53257,1
1.25814,-0.21956,1.36533,-0.24583,1.39496,-0.18867,-0.21995,-0.13319,0.67232,1.6924,-0.81411,-0.48203,-1.75803,0.37258,2.03405,1.03781,-1.44898,1.46279,0.8566,0.06652,0.06359,0.97152,0.80569,0.67765,0.35926,-0.20916,-1.6054,1.56117,2.09013,1.01965,0.80106,-0.30093,1.87979,-1.71739,-1.24409,-1.11762,1.02321,-1.34844,1.48749,1.47628,1.78166,-2.10224,1.57289,-0.9345,-1.05534,0.60056,-1.75264,-0.37335,-0.3414,0.64798,0.88862,-2.0648,-0.98976,1.74749,-0.22624,-2.55848,-0.45917,-2.08745,1.37643,1.79746,-0.01067,-0.84769,-0.3166,-1.46541,0.09883,0.30866,0.18275,-0.48278,-1.42703,1.82844,0.88648,-0.60156,0.96999,-0.4045,-0.68003,0.64537,-0.08512,-0.02112,0.84071,0.97158,0.40632,0.60009,0.5907,-1.77603,-0.26615,1.20464,1.09998,1.06743,-0.47075,-0.84038,-0.80929,0.48321,-0.79197,0.8757,-0.51827,1.42509,-0.34093,1.07231,1.08398,3.00501,1.32112,0.6533,-0.04961,-0.1626,2.18875,1.09473,1.07526,-0.07673,-1.27453,0.64927,0.65192,-0.22315,-0.47308,-1.5821,-1.26895,-1.00674,-0.03001,0.18855,0.9067,1.00262,-0.47293,-0.99447,-1.33613,0.58843,0.29753,0.59703,-0.74689,-0.4072,1.12894,0.07648,-0.33473,-1.11474,0.43894,0.12844,-1.26993,2.04759,1.13591,-0.51466,-1.0781,-0.86435,-0.06361,1.12453,1.0351,0.37284,1.25281,-0.59973,0.66346,-0.06954,0.26192,-0.97069,-0.85285,0.21308,-0.01006,0.02413,1.66918,1.24282,-0.56846,-0.74875,0.23289,0.60788,-0.50064,0.2211,0.48536,0.15069,0.25438,-0.54161,1.46332,-0.09963,-0.50483,-0.0456,0.69259,1.0658,-1.00662,-0.59072,-0.52006,1.13776,-0.7619,0.75876,1.51519,0.63014,1
1.94647,0.69301,-0.24049,0.68386,0.07398,0.04658,0.4525,0.22359,0.89609,-0.68419,0.4402,1.44121,-0.01381,0.81928,-0.58936,0.51308,-1.98402,1.62687,-0.94695,-1.24687,1.36299,-0.38982,-1.42919,1.28927,-0.35218,-1.3383,-1.4748,1.3077,0.32641,-1.65345,-0.38303,-0.84085,0.00983,0.17316,-0.25249,-0.23568,-0.623,0.68646,1.78629,0.66735,-0.19168,-0.17723,-0.26422,0.58749,0.62596,0.42721,0.32354,0.13686,-0.01291,-1.65865,-0.2271,-0.58877,-1.83779,-0.57097,-1.01572,-1.04669,-0.22206,-1.42174,0.45571,0.62079,1.07256,0.11272,-0.60799,0.31738,-0.52104,-0.85401,-0.02613,1.03573,0.68349,-0.27598,-1.67475,-1.4608,2.48494,1.2727,-0.51925,-0.7485,0.76315,-0.82724,0.61537,1.52605,-0.54809,-0.50662,0.72984,1.41767,-0.38222,0.54177,-1.17867,-0.38989,-0.42489,-0.1915,-0.00025,-1.59514,-0.00128,-0.13622,0.64278,-0.21381,-0.76691,0.5567,0.80239,1.8836,-1.78895,-0.16928,-0.55204,-1.64559,-1.14842,-1.14092,0.22741,0.7012,-0.19046,0.47878,0.26655,-1.85987,-0.75803,0.72593,1.42169,0.5417,0.65788,-0.93509,1.64109,-0.53866,-1.0711,-1.60449,-0.34464,-0.67033,0.15605,-0.80682,-0.18203,0.14277,1.17769,-0.42985,0.88442,-0.65964,0.29141,0.25855,0.29546,-0.45921,0.37163,1.21429,0.02496,-0.61358,0.02103,-1.24912,0.28023,0.19293,-0.62928,0.06052,-0.54125,-0.90963,0.5197,0.39918,-0.76093,-1.2375,-0.00464,0.41883,1.00625,0.09242,0.42741,-0.67799,-0.82013,-0.59967,-1.19093,0.79468,0.56751,0.0367,1.46943,-0.27027,-1.86628,-0.19781,-0.29742,0.00182,-0.85586,1.89298,-1.27217,-0.25984,-0.01894,1.54863,0.31654,-1.80178,0.44163,1.0071,0
1.01923,-1.6172,-0.3005,-0.12971,0.27069,0.47048,1.63051,0.85554,-0.5595,-1.74424,1.52725,1.17266,1.04793,-0.22734,1.17194,1.20878,0.66538,-0.19894,1.29321,0.47649,-0.47884,-0.04706,1.5205,0.91536,-1.34044,0.08933,-0.73858,0.16201,-0.27201,-0.02195,-0.06082,-1.07925,1.8272,-0.63508,0.56506,1.49214,-0.29213,0.47961,-0.53322,1.43981,-0.76798,-1.36154,0.09823,-0.93587,-0.17019,-0.70123,-0.33458,2.0401,-2.54985,0.36886,-1.7066,0.39469,-0.41202,-0.92296,-1.1521,-0.3149,-0.12399,1.25315,-0.03446,-0.29073,-1.3693,0.36799,1.08561,1.1996,0.02035,-1.45571,-1.26052,0.92021,0.6161,-1.08763,-1.06515,0.86235,0.07001,1.50313,1.19628,-0.71138,-0.99066,-0.31411,-1.18684,0.32137,0.31618,-0.75616,-0.6552,-1.53801,0.28407,0.80245,-0.68795,-1.23691,1.35169,0.96382,-0.48147,-2.0615,-0.00352,-0.31938,-0.54121,0.04642,-1.32217,0.78197,1.97594,-0.467,0.18414,1.1442,-1.5324,1.10969,0.45829,-0.57587,0.24489,0.48012,-1.32235,0.79966,-0.98311,-0.39949,-3.05709,-0.12352,1.46761,1.34365,0.46532,0.69144,0.68105,-1.10589,-0.30402,-2.12136,0.00486,2.37981,0.06607,-0.61711,-1.09643,0.88147,-0.83018,-0.77704,-0.9191,3.03638,0.04654,-0.12882,1.00484,-0.25638,-1.51859,1.23485,0.70091,-1.1153,0.11378,-0.31448,-0.723,-1.87196,-0.22578,-0.91296,1.46085,-0.85265,-0.91444,-0.75909,-0.006,0.30363,1.50796,1.34373,-0.64442,-1.69386,-2.08284,-1.24313,1.52101,-0.8337,0.1062,0.30137,0.13739,-0.79543,0.3747,-0.18008,1.01269,-0.09165,1.50803,0.73257,-1.23787,-0.3558,-1.12459,-0.78242,0.06847,-1.03946,-0.73968,0.45284,0.56901,-0.65405,0
-0.11529,-0.85949,1.66745,0.1887,-0.91925,-0.49963,0.01025,-1.18017,-0.46064,-0.8002,1.03845,-1.55365,0.00114,-1.07898,0.39031,-1.47352,0.50028,0.14397,-3.14928,1.5785,-0.01582,-0.88759,-0.0054,0.18107,-1.64914,0.65387,-0.23777,-1.17069,-0.04615,-0.30107,-0.93511,-0.32218,-1.24343,-0.34821,1.50482,1.11349,-0.71991,-1.68371,0.20154,-0.66571,0.01309,-0.30004,-0.16009,-0.82176,-0.28685,-0.59668,-0.86866,0.75026,0.09401,-0.48963,0.72587,0.13981,0.22286,-0.67342,-0.81974,-0.05989,-0.08085,0.08825,0.72567,0.41984,-0.4443,-0.28626,-1.02498,-0.45437,0.56214,-0.4217,-0.30647,-0.37247,0.48032,-1.93277,-1.6362,0.08392,-0.59128,0.70618,-0.1803,-2.15886,0.35446,-2.16825,-1.35231,0.13471,0.12567,0.41422,2.61476,-0.00043,1.03945,-0.58293,-1.28701,-0.25853,0.22403,1.20119,0.70306,-1.50791,-0.46717,1.0571,-0.19932,0.6526,-0.8267,-1.97522,1.79869,-0.98918,-2.00645,-0.46444,0.06534,0.10472,0.23304,0.24975,1.09289,-1.0334,0.80432,0.48105,0.17176,-0.59291,0.79428,-0.00163,-1.25125,2.0027,-1.16642,-1.59941,-2.24401,0.72252,0.7926,-0.34898,-1.14435,0.2711,-0.12837,-0.751,0.51413,0.28906,-2.09959,-0.90213,0.39808,-0.34813,-1.95435,0.02642,-1.55468,-0.31856,0.94234,-0.71077,-0.68364,0.79868,-0.24363,-0.40729,0.18989,-0.04118,0.13682,-0.92789,-0.49111,0.81877,-0.13059,-2.5568,-1.29856,-0.98792,-0.64012,0.38939,-0.17448,-0.60014,1.55244,-0.76338,-0.97071,-0.30629,-1.90244,-0.23439,1.25814,-0.65039,0.0942,-0.49022,0.69782,-0.39137,0.72279,1.44367,0.15707,-0.52503,1.11386,0.80391,0.58168,-2.23522,1.17539,1.8105,0.48029,1.08279,1
0.08535,0.89672,-1.38457,-1.41292,-0.16956,-1.00588,-0.85375,0.81225,-0.90776,-0.41053,1.46099,-0.4682,-2.41926,-1.15693,0.05065,0.14222,-0.29251,-0.09063,0.75795,-0.18895,0.84656,-0.81737,1.57771,-0.07457,0.30296,-0.6875,-1.80198,0.13943,0.84195,-1.86299,1.60193,-0.35034,-1.29621,-0.98971,-0.32728,0.91765,0.50622,1.385,0.54013,0.78028,0.33472,-1.08176,1.06186,0.81758,0.30171,-1.15328,0.09633,1.38983,0.28056,-0.6526,1.10569,0.59198,1.01507,0.26229,0.0515,-1.42257,0.58474,0.2535,-0.58007,1.18019,-0.10944,1.82511,0.11808,-0.23099,-1.9742,-0.46945,0.74783,0.74632,0.82982,1.09558,-0.95428,-1.94662,0.09714,-0.89004,0.80131,0.31602,-0.17647,-1.73614,-1.06392,1.75681,-0.90937,-0.36491,1.26416,-0.60972,-0.14772,-0.60183,-0.18171,-0.41562,-0.22935,1.39484,1.14091,1.56779,0.40092,-0.90562,1.2879,0.52703,-0.17312,1.99661,0.50359,-0.45579,0.28359,0.03301,-0.29821,1.4089,-0.03314,1.0155,-0.07525,-1.19323,2.43884,-1.56884,0.29875,-1.68324,0.38097,-1.03552,-1.12981,1.53616,-1.82993,0.88547,0.78435,0.3118,1.85468,0.23989,-0.76902,-0.7539,-1.35915,0.26109,-1.57472,-2.09648,0.2391,-0.22698,-0.93601,-0.66576,-1.62655,-0.31614,-0.11296,-0.39072,-1.3277,0.71342,-0.77835,-0.86159,0.13413,-2.28003,-2.66342,-0.30471,0.09944,-0.71734,0.38073,-1.06426,-1.38178,-0.02215,-0.06488,0.30333,-1.31818,-0.16121,-0.01404,-0.12396,0.01414,1.29635,-1.61482,-0.69636,-1.51178,-0.91219,-0.71104,-0.68853,2.84656,0.49692,-0.76537,1.69516,-0.43748,0.49545,0.32023,1.19332,0.24382,-0.29131,0.07271,1.3012,1.72721,0.69033,-0.12398,0.85434,0
0.24405,0.15341,-0.02793,0.32334,-0.73216,0.16033,-0.17401,0.10058,-1.67723,-1.1472,-0.30593,0.9253,1.97558,-2.04329,-0.04203,0.09306,0.84406,-0.48438,1.56015,0.23551,0.68005,0.1292,2.17607,-0.79497,-0.61168,-0.87826,-0.28466,-0.31354,-0.0486,0.32542,1.03405,-1.47615,-1.38665,-1.58528,-0.12489,-0.248,0.08426,0.77923,1.75931,0.67633,2.13757,1.06886,0.8764,0.42384,-0.797,-0.38645,0.8111,-0.69339,-0.26267,-0.09614,0.93388,-1.59157,0.578,1.12821,-0.56952,0.83573,0.09538,0.50682,0.59909,1.42431,0.47401,-0.15512,-0.07487,-0.74032,-0.26523,0.14248,-0.33881,-1.42954,-0.09052,-1.72142,-0.12148,0.13103,-0.5855,1.24682,-0.43977,1.56198,-0.25373,1.62315,-0.7148,-0.59244,0.39582,0.09714,1.77893,0.21821,1.07073,-0.66744,-0.02612,0.30524,3.23456,-1.5192,-0.2043,-0.55391,0.21894,1.58014,0.49805,0.12086,-0.58551,-0.80333,0.74356,-0.56332,1.18127,0.3954,0.6003,-0.84761,0.767,0.89088,-0.11614,1.17317,0.2192,0.62858,0.89496,-1.32276,-0.54035,2.00798,0.13376,-0.25912,-0.61251,-1.70594,-2.42023,-0.46054,-0.40388,-1.47435,0.08247,0.31158,-1.48038,-0.36952,-0.58289,0.0738,0.64064,-0.92182,0.80823,-1.60379,-0.07367,-0.86319,-0.42722,-0.63959,0.63583,-1.10172,0.44636,1.01144,-1.34162,0.91877,1.25821,0.23136,0.27747,0.50833,-0.3009,1.38235,-3.31367,-0.61327,-1.13612,-0.9501,-0.77224,-0.8516,-0.34429,1.33759,-2.16033,1.07102,-0.63829,1.11998,-0.14478,-1.67216,-0.44521,-0.0447,0.74679,0.53186,-0.49535,-0.8996,-0.53412,0.13494,0.6329,-0.29795,-0.26456,-0.59295,0.50135,0.46606,-0.91142,0.50541,0.31866,-0.37879,1
-0.30114,1.59973,2.02833,0.13337,0.40275,-1.40983,0.13627,0.70043,1.17911,0.96274,-0.08362,-0.80908,1.92822,0.3015,-0.44836,0.33345,-1.85365,-0.02352,-0.48448,-0.88691,-0.61281,-0.20398,-0.50333,0.12631,-0.06926,0.57297,-0.83246,0.13292,1.42872,-0.52963,-0.0511,-1.14712,1.01156,-1.0915,0.29394,0.26261,-0.83388,-1.62991,-0.66772,-0.42182,-0.54816,-1.11084,-0.7056,-1.87644,-0.60463,0.25739,0.20214,1.44659,0.16418,1.20748,0.48992,-1.42628,-0.4896,-0.91678,1.33426,0.58752,-0.88297,-0.9561,0.72962,1.00276,0.61268,-0.15526,-0.63393,-0.49585,-1.1166,1.38539,-0.25013,0.38473,0.36602,-0.68967,-0.89252,0.06217,-0.07249,-1.53534,-2.58883,-0.05658,2.21382,0.87423,1.26868,0.57877,-0.08016,0.20674,-0.58078,0.82123,0.49805,0.26028,-1.30386,0.59129,0.18075,1.55158,0.92214,2.87046,-0.43513,0.15834,0.42816,-0.41895,1.16781,1.24573,-0.14904,0.37474,-0.03683,0.13668,0.1285,-0.08967,-1.95146,-0.07067,-0.98896,-0.44029,-0.098,-0.28789,0.06671,0.53591,0.67985,1.00546,-0.32557,-0.6943,-1.44608,1.66772,0.44836,-0.10721,1.96037,-0.70892,-0.08708,-0.02046,-0.21195,-1.29315,-1.81117,0.44132,1.10655,0.41094,-0.87514,0.64397,0.65639,1.09354,-0.20987,0.40314,1.52556,-0.90256,-0.47443,0.13651,-0.19844,1.85992,0.23252,0.94106,0.64419,-0.34852,2.16534,0.05361,0.68748,0.06126,0.77463,0.52181,1.84231,1.03137,-0.33948,0.92371,-1.00774,0.77096,-2.02295,1.42483,0.42936,-1.39228,-1.26236,0.0466,-2.59089,-0.94516,2.93878,0.55003,-0.25732,-0.16719,-0.16724,-0.24742,-0.07048,0.73232,-1.67753,-0.97112,1.00815,2.18046,1.11836,-1.81977,1
-0.35039,0.60737,-0.1268,-0.19543,0.26988,0.76765,-0.18742,0.10865,-0.65438,0.92735,-0.07305,0.02127,1.84794,1.55243,0.22603,0.99365,0.73555,0.92526,0.20926,-0.25104,0.52927,-1.36832,0.28324,1.40434,-0.86997,0.73746,1.99235,-1.27332,0.85265,0.93702,-0.83672,0.60996,0.51597,-3.06279,0.26499,-0.12495,-1.18151,-0.30104,-1.37821,-0.36169,-0.89989,-0.98976,-0.86594,-0.259,-1.98644,-0.01982,-1.09163,-1.80924,0.30966,-0.90497,1.08276,0.34027,0.42674,-1.40547,1.26049,-2.06062,-0.62438,0.61566,0.70034,-0.34843,-0.34361,-0.8084,-0.875,-0.82165,-0.24805,0.96142,1.80234,-0.35083,1.19115,2.06535,1.27821,0.56207,1.32599,0.46229,0.3819,-1.2547,1.56828,1.10221,1.20355,-1.29219,-1.56223,0.93854,-1.28619,0.35037,-0.99923,1.40181,-0.69418,0.10999,0.15773,-0.51635,0.32738,-0.76234,-2.10716,-1.2015,2.36545,-0.99618,1.06648,0.19357,0.37898,1.62431,-0.32843,-1.29,0.28316,0.42262,0.05279,-0.50029,0.85164,0.15794,-0.54766,-0.45495,1.41533,0.20854,0.02276,2.76463,-0.72148,-0.39238,-1.06388,-1.38058,0.44452,-2.2538,1.84589,-0.45704,-0.73923,0.16368,-1.52855,1.98222,1.50551,-0.22727,1.10882,-0.4801,0.98377,-0.04888,1.11555,-1.3367,0.65973,1.07875,-1.10945,-0.21116,-0.87659,0.29518,0.08237,-1.159,0.3286,-1.03654,-1.33309,0.72308,-0.7177,-0.83445,-1.21421,-0.81706,1.46782,1.99898,0.42472,0.20209,0.48813,0.1362,-0.21032,-0.58275,0.58421,-0.58816,3.08499,1.12035,-0.49443,-0.22866,-0.97797,0.60974,2.06352,-2.25519,-1.34224,1.65103,-0.63708,-0.40155,0.51405,0.47855,-0.78319,0.10992,0.63148,-0.57711,-1.38455,1.18903,0
1.24461,-0.18432,-1.10999,-0.72518,-2.62558,-0.25431,-0.74109,-0.52713,0.03788,0.1961,-0.14867,-0.80467,3.11774,-0.52784,0.69028,0.97787,2.10082,-0.4738,-0.76518,-0.6268,-0.28258,0.97323,1.2136,-0.14987,-1.53582,0.63343,-0.21344,-0.83941,0.12044,1.70723,0.31397,1.96316,-0.38326,0.00923,1.42867,0.81954,0.18138,-0.34909,1.39355,-1.06607,-0.2435,-1.06863,-0.69292,-0.49235,1.91163,1.61671,-0.09421,-0.81292,0.39143,2.10541,-2.00984,0.75701,-0.2514,-1.20871,0.28157,-0.6872,-0.48785,-0.59941,-1.5123,-0.32635,0.40276,-0.05461,-1.50532,0.35461,0.51447,0.92733,3.0745,1.44329,0.01375,-0.22768,-0.18413,0.18977,1.2617,-2.27421,0.04971,0.48134,1.72223,-0.11224,-0.38587,-0.01839,1.29797,1.16063,0.33856,-0.18248,-1.58215,-2.08351,1.13516,-0.17235,-0.53733,1.02983,0.45719,-1.02195,1.18125,0.87479,-0.74662,2.03631,-0.37401,1.8491,-0.00813,-0.81046,0.0582,1.27274,-1.14143,-0.88439,1.77402,2.17418,-0.14795,-1.27326,0.53866,-0.98312,-0.97045,-0.30718,-0.0997,-0.06634,1.83377,0.99014,0.0841,-0.29835,-0.17548,-0.30066,-0.37207,-0.50453,-1.12726,0.16704,0.16757,1.75809,0.45357,-1.12003,-0.363,-1.43858,-0.37332,-2.2806,2.08464,-1.80193,2.27563,-1.86996,1.21357,1.28166,1.01908,-0.13914,0.83324,-0.25975,1.159,-0.03967,-0.85997,-0.87992,-0.17763,0.2261,1.23134,1.85429,1.19387,0.82183,-0.63849,0.66222,-0.13962,0.089,-1.09571,0.90842,0.16583,2.11246,0.57083,-0.72022,-0.67232,-0.06367,0.41049,0.08131,-0.17792,0.42485,0.22213,0.1411,-0.12061,1.55253,1.43908,-0.1742,1.29945,-0.14103,0.66289,2.51737,1.05899,0.48094,1
-0.8323,0.2819,-0.28035,1.03655,0.17215,0.87932,0.94597,-1.02932,-2.19332,-0.09787,0.50235,0.63196,0.33197,-2.10192,0.60724,1.15444,-0.05037,-1.07868,-1.28658,0.80776,-1.59632,-2.06819,1.49589,0.46361,0.15759,-2.45614,0.46076,-0.292,0.27842,0.63648,-0.28165,-0.9472,-0.54365,1.8836,0.2915,0.80314,-0.57605,0.83907,0.50989,0.29598,1.0912,-0.37109,-1.34469,0.40015,2.30522,1.24626,2.60594,-1.63087,-0.32691,-0.26632,-1.06065,0.61314,0.58982,-2.42204,-2.40851,-1.2931,-1.9755,-0.64342,-0.54388,-0.67388,0.38918,2.24913,-1.39209,0.96039,0.75364,-0.09082,1.60295,-0.55245,0.30006,1.35169,-0.91613,-0.34941,-0.6794,0.17968,0.36692,-1.76001,-1.99752,-0.51997,-0.01775,0.78165,0.53121,0.37212,-0.15859,0.25495,0.88838,0.40465,-2.09828,0.06341,-2.28066,-0.44713,1.2286,1.45195,-0.6484,-0.92225,1.70604,2.02073,-0.09526,0.65998,-2.26959,0.88917,0.12822,-0.00904,1.00658,-0.35605,-1.72538,-1.13142,-0.10068,-0.06073,-1.46656,1.10307,-0.43723,0.59189,1.47082,1.00361,-0.95209,-1.5895,-2.66217,1.53897,2.08071,-0.94692,-0.91011,2.14798,0.62159,-0.08032,-0.70172,-0.57742,0.53281,0.90612,1.86882,1.11959,0.63162,1.52798,-0.71379,-1.01491,-0.18203,-0.58109,-1.27004,-0.71536,-0.97643,-1.19986,-0.65734,0.27256,-1.71034,-0.08935,-0.08148,0.93219,0.71715,-0.46941,0.73838,-1.08067,1.32746,0.4067,-1.69069,-0.00388,-1.04495,-0.69394,-0.11265,0.31316,-1.48261,1.14201,-1.29408,1.76103,0.5779,0.40888,-1.12344,-0.05403,-1.15925,0.89451,-1.50814,0.36001,-0.30136,1.14772,0.26598,-0.56372,-0.13809,-0.35814,1.42084,-0.18872,0.14276,-0.21715,1
-1.13887,1.60847,1.40605,1.04739,0.25102,0.12891,-0.73542,-0.426,0.27774,0.46976,-0.49952,2.15511,0.64294,-0.91888,-1.39079,0.76306,-1.65753,-0.26277,0.31747,-2.14406,-0.42133,-0.61001,-1.76076,0.0915,-1.03238,-0.26668,-0.13462,0.89102,2.55097,-0.5902,-1.80603,0.38058,-0.86028,-1.42281,0.19616,0.38954,-0.74464,0.19551,0.55977,-0.90032,-1.44036,1.0334,0.83474,0.42048,-0.44789,-0.21311,-0.60699,0.47191,0.03227,-0.92781,-0.43071,-0.28343,-0.21149,-0.30255,1.04466,0.96708,1.02291,-1.2781,-0.09796,1.98339,-1.02614,-0.65748,1.311,0.34465,-0.82403,-1.77699,-0.21555,0.55676,-1.27924,3.35361,-0.43738,1.91833,-1.98055,0.97533,-0.78261,0.97441,-0.50533,1.32709,0.7991,-0.84926,-0.24881,0.02182,-1.23521,-0.1449,0.50241,-0.13268,-0.49364,-0.42126,-0.46566,0.67196,-0.12224,-0.75071,0.79466,1.5106,-0.20664,1.68174,1.32234,1.8199,2.43037,0.91707,-0.8525,-0.03814,1.17368,-1.29456,0.09631,-0.13209,0.11875,0.18275,0.1504,-1.18801,-0.73571,0.39027,-0.26725,-0.58148,1.1506,-0.50114,0.83542,1.42,-0.24222,0.21092,0.9693,1.63088,0.10647,0.68796,0.90526,-0.68682,-0.7659,0.23005,0.1947,-0.59856,1.15539,-1.15084,-1.48385,0.11425,1.54858,-0.40805,0.00336,0.16935,0.73887,0.63609,-2.22505,-0.72377,-0.04697,0.58113,0.51462,-0.195,0.74633,-0.02948,-0.01409,0.81872,-0.64942,-0.03912,0.9737,0.68409,-0.18307,-0.31159,-0.33573,0.48924,0.87496,-1.35373,-0.83616,-0.48538,1.79385,-0.44004,-0.76111,1.33481,0.681,-0.48399,1.73046,0.12452,-0.78646,1.51154,1.46531,2.12611,-0.55242,2.28279,0.10746,-1.18503,0.27517,1.16694,0
0.37282,-0.14076,1.35614,-0.6628,0.8593,1.16048,-0.33561,-2.07904,-0.13172,1.1989,2.8239,-0.20535,-2.76925,0.56484,0.63967,1.64342,0.73867,0.27996,-0.69051,-0.4544,0.81257,1.55604,-1.43443,-0.70067,-0.0851,1.25304,1.05857,0.13743,-1.0121,-1.23894,-0.27906,-0.82984,-0.00011,-0.81391,0.09698,-0.56857,0.80002,-0.13545,-0.78419,0.41041,-0.42875,-0.05568,1.99031,1.07973,0.91644,1.14136,1.04313,1.15647,1.04672,0.73085,-0.67983,0.04767,0.00642,-0.26997,0.40521,0.17614,0.11014,0.36096,1.57241,0.17893,-1.61627,-0.98698,-0.5958,0.19356,-0.40846,-0.34856,1.23593,-1.35503,0.38882,0.31736,-0.98817,-1.44362,-0.35915,-1.01123,0.91941,-0.8366,0.13436,0.31113,2.14096,-0.34288,0.00233,1.25292,-0.39012,-0.29532,2.35678,-0.16849,-1.04467,0.49962,-0.18633,0.01738,0.97537,0.35874,-0.43847,-0.20643,-0.57937,-1.33898,-0.12221,0.05736,2.01481,0.19127,-1.4163,0.15059,-2.1112,-0.95694,-0.1046,-0.39564,1.42124,0.1362,-0.64744,-1.56046,-0.69256,-0.72779,0.51066,-0.87848,-0.7607,-0.46122,0.02863,1.35658,-2.09327,-1.28976,-1.06252,-0.05081,-0.83957,-0.01413,1.82839,-0.70379,0.76869,0.6502,-0.61255,0.41386,-1.14569,-0.08628,-0.55935,-1.02352,0.91072,1.0716,0.00612,-0.82881,-0.03807,-1.32622,-0.39744,0.84019,-1.14446,2.31431,-0.63381,-0.20718,0.25502,0.98251,-1.61952,-0.72314,-0.28446,0.6092,-1.66943,-0.74677,-1.89352,-0.16071,-0.81557,-0.92577,2.33397,-0.14321,0.72808,-0.07729,2.43011,-0.19105,0.67433,-0.36132,-0.47111,-0.08748,0.84714,-1.08826,-0.70654,0.49676,1.34198,1.76328,0.06844,0.30009,0.55773,-0.82918,0.24884,-1.54951,0
